<?xml version="1.0" encoding="UTF-8"?>
<osm version="0.6" generator="openstreetmap-cgimap 2.1.0 (1332 spike-07.openstreetmap.org)" copyright="OpenStreetMap and contributors" attribution="http://www.openstreetmap.org/copyright" license="http://opendatacommons.org/licenses/odbl/1-0/">
 <node id="245751898" visible="true" version="3" changeset="94952077" timestamp="2020-11-28T16:42:45Z" user="mottiger" uid="7504544" lat="26.7294461" lon="82.3579681">
  <tag k="source" v="AND"/>
 </node>
 <node id="245751924" visible="true" version="3" changeset="64434115" timestamp="2018-11-13T08:59:58Z" user="Tauntaun" uid="8076764" lat="26.7380507" lon="82.3628282">
  <tag k="source" v="AND"/>
 </node>
 <node id="794259316" visible="true" version="2" changeset="64434115" timestamp="2018-11-13T08:59:58Z" user="Tauntaun" uid="8076764" lat="26.7773622" lon="82.0621955"/>
 <node id="794259321" visible="true" version="4" changeset="95066436" timestamp="2020-11-30T20:05:10Z" user="mottiger" uid="7504544" lat="26.7829606" lon="82.0131218"/>
 <node id="794259325" visible="true" version="3" changeset="64434115" timestamp="2018-11-13T08:59:58Z" user="Tauntaun" uid="8076764" lat="26.8064047" lon="82.1963167"/>
 <node id="794259326" visible="true" version="4" changeset="65145213" timestamp="2018-12-04T03:27:31Z" user="Tauntaun" uid="8076764" lat="26.8148694" lon="82.1213007"/>
 <node id="794259329" visible="true" version="2" changeset="64434115" timestamp="2018-11-13T08:59:58Z" user="Tauntaun" uid="8076764" lat="26.8058589" lon="82.1258175"/>
 <node id="794259331" visible="true" version="4" changeset="64434115" timestamp="2018-11-13T08:59:58Z" user="Tauntaun" uid="8076764" lat="26.8168323" lon="82.2136009"/>
 <node id="794259332" visible="true" version="4" changeset="64434115" timestamp="2018-11-13T08:59:58Z" user="Tauntaun" uid="8076764" lat="26.8260048" lon="82.2396398"/>
 <node id="794259337" visible="true" version="2" changeset="64434115" timestamp="2018-11-13T08:59:58Z" user="Tauntaun" uid="8076764" lat="26.7842344" lon="82.0885858"/>
 <node id="794259340" visible="true" version="2" changeset="64434115" timestamp="2018-11-13T08:59:58Z" user="Tauntaun" uid="8076764" lat="26.8041112" lon="82.1366697"/>
 <node id="794259344" visible="true" version="2" changeset="64434115" timestamp="2018-11-13T08:59:58Z" user="Tauntaun" uid="8076764" lat="26.8031824" lon="82.1204102"/>
 <node id="794259347" visible="true" version="4" changeset="64434115" timestamp="2018-11-13T08:59:58Z" user="Tauntaun" uid="8076764" lat="26.8202410" lon="82.2225165"/>
 <node id="794259361" visible="true" version="2" changeset="64434115" timestamp="2018-11-13T08:59:58Z" user="Tauntaun" uid="8076764" lat="26.7762511" lon="82.0723450"/>
 <node id="794259362" visible="true" version="2" changeset="64434115" timestamp="2018-11-13T08:59:58Z" user="Tauntaun" uid="8076764" lat="26.8041543" lon="82.1835387"/>
 <node id="794259370" visible="true" version="3" changeset="64462415" timestamp="2018-11-14T01:11:28Z" user="Tauntaun" uid="8076764" lat="26.8043554" lon="82.1775466"/>
 <node id="794259390" visible="true" version="5" changeset="64434115" timestamp="2018-11-13T08:59:58Z" user="Tauntaun" uid="8076764" lat="26.7955547" lon="82.2816324"/>
 <node id="794259574" visible="true" version="3" changeset="64434115" timestamp="2018-11-13T08:59:58Z" user="Tauntaun" uid="8076764" lat="26.7787079" lon="82.0487416"/>
 <node id="794259577" visible="true" version="3" changeset="64434115" timestamp="2018-11-13T08:59:58Z" user="Tauntaun" uid="8076764" lat="26.8056003" lon="82.1940046"/>
 <node id="794259591" visible="true" version="2" changeset="64434115" timestamp="2018-11-13T08:59:58Z" user="Tauntaun" uid="8076764" lat="26.7987342" lon="82.1165639"/>
 <node id="794259596" visible="true" version="5" changeset="64434115" timestamp="2018-11-13T08:59:58Z" user="Tauntaun" uid="8076764" lat="26.8303658" lon="82.2573155"/>
 <node id="794259604" visible="true" version="2" changeset="64434115" timestamp="2018-11-13T08:59:58Z" user="Tauntaun" uid="8076764" lat="26.8068356" lon="82.1556437"/>
 <node id="794259609" visible="true" version="2" changeset="64434115" timestamp="2018-11-13T08:59:58Z" user="Tauntaun" uid="8076764" lat="26.8012671" lon="82.1177065"/>
 <node id="794259611" visible="true" version="4" changeset="64434115" timestamp="2018-11-13T08:59:58Z" user="Tauntaun" uid="8076764" lat="26.8254208" lon="82.2378158"/>
 <node id="794259616" visible="true" version="4" changeset="64434115" timestamp="2018-11-13T08:59:58Z" user="Tauntaun" uid="8076764" lat="26.8220697" lon="82.2752273"/>
 <node id="794259618" visible="true" version="3" changeset="64434115" timestamp="2018-11-13T08:59:58Z" user="Tauntaun" uid="8076764" lat="26.8056290" lon="82.2218835"/>
 <node id="794259620" visible="true" version="2" changeset="64434115" timestamp="2018-11-13T08:59:59Z" user="Tauntaun" uid="8076764" lat="26.7759781" lon="82.0674688"/>
 <node id="794259624" visible="true" version="2" changeset="64434115" timestamp="2018-11-13T08:59:59Z" user="Tauntaun" uid="8076764" lat="26.8047002" lon="82.1726060"/>
 <node id="794259637" visible="true" version="3" changeset="65144948" timestamp="2018-12-04T03:05:48Z" user="Tauntaun" uid="8076764" lat="26.8024498" lon="82.0206749"/>
 <node id="794259643" visible="true" version="3" changeset="64462415" timestamp="2018-11-14T01:11:28Z" user="Tauntaun" uid="8076764" lat="26.8055524" lon="82.1682340"/>
 <node id="794259655" visible="true" version="5" changeset="110184941" timestamp="2021-08-24T16:48:22Z" user="vineet@spad" uid="13969904" lat="26.8236016" lon="82.1767044"/>
 <node id="794259661" visible="true" version="6" changeset="65146545" timestamp="2018-12-04T04:44:05Z" user="Tauntaun" uid="8076764" lat="26.7903736" lon="82.2783923"/>
 <node id="794259675" visible="true" version="5" changeset="110184941" timestamp="2021-08-24T16:48:22Z" user="vineet@spad" uid="13969904" lat="26.8112488" lon="82.2061574"/>
 <node id="794259694" visible="true" version="2" changeset="64434115" timestamp="2018-11-13T08:59:59Z" user="Tauntaun" uid="8076764" lat="26.8065771" lon="82.1466637"/>
 <node id="794259704" visible="true" version="2" changeset="64434115" timestamp="2018-11-13T08:59:59Z" user="Tauntaun" uid="8076764" lat="26.8070846" lon="82.1291220"/>
 <node id="794259712" visible="true" version="5" changeset="64434115" timestamp="2018-11-13T08:59:59Z" user="Tauntaun" uid="8076764" lat="26.8166121" lon="82.2802377"/>
 <node id="794259715" visible="true" version="3" changeset="95053688" timestamp="2020-11-30T15:28:22Z" user="mottiger" uid="7504544" lat="26.7852880" lon="82.0920968"/>
 <node id="794259719" visible="true" version="2" changeset="64434115" timestamp="2018-11-13T08:59:59Z" user="Tauntaun" uid="8076764" lat="26.8063185" lon="82.1445072"/>
 <node id="794259727" visible="true" version="4" changeset="145804399" timestamp="2024-01-02T15:56:16Z" user="vineet@spad" uid="13969904" lat="26.8108360" lon="82.2104285"/>
 <node id="794259728" visible="true" version="4" changeset="65144948" timestamp="2018-12-04T03:05:48Z" user="Tauntaun" uid="8076764" lat="26.8042884" lon="82.0225954"/>
 <node id="794259730" visible="true" version="3" changeset="64434115" timestamp="2018-11-13T08:59:59Z" user="Tauntaun" uid="8076764" lat="26.8026269" lon="82.1906841"/>
 <node id="794259733" visible="true" version="3" changeset="64462415" timestamp="2018-11-14T01:11:28Z" user="Tauntaun" uid="8076764" lat="26.8067494" lon="82.1632934"/>
 <node id="794259734" visible="true" version="5" changeset="110184941" timestamp="2021-08-24T16:48:22Z" user="vineet@spad" uid="13969904" lat="26.8220027" lon="82.1799445"/>
 <node id="794259746" visible="true" version="3" changeset="110184941" timestamp="2021-08-24T16:48:22Z" user="vineet@spad" uid="13969904" lat="26.8097651" lon="82.2012415"/>
 <node id="964256446" visible="true" version="3" changeset="64434115" timestamp="2018-11-13T08:59:59Z" user="Tauntaun" uid="8076764" lat="26.7521157" lon="82.2971249"/>
 <node id="2663526252" visible="true" version="3" changeset="64434115" timestamp="2018-11-13T08:59:59Z" user="Tauntaun" uid="8076764" lat="26.8000941" lon="82.2833919"/>
 <node id="2663526309" visible="true" version="2" changeset="64434115" timestamp="2018-11-13T08:59:59Z" user="Tauntaun" uid="8076764" lat="26.8089997" lon="82.2000503"/>
 <node id="2663526336" visible="true" version="4" changeset="110184941" timestamp="2021-08-24T16:48:22Z" user="vineet@spad" uid="13969904" lat="26.8109514" lon="82.2051261"/>
 <node id="2663526340" visible="true" version="2" changeset="64434115" timestamp="2018-11-13T08:59:59Z" user="Tauntaun" uid="8076764" lat="26.8175888" lon="82.2162080"/>
 <node id="2663526342" visible="true" version="2" changeset="64434115" timestamp="2018-11-13T08:59:59Z" user="Tauntaun" uid="8076764" lat="26.8165738" lon="82.2123027"/>
 <node id="2663526348" visible="true" version="2" changeset="64434115" timestamp="2018-11-13T08:59:59Z" user="Tauntaun" uid="8076764" lat="26.8217442" lon="82.2266149"/>
 <node id="2663526363" visible="true" version="3" changeset="64434115" timestamp="2018-11-13T08:59:59Z" user="Tauntaun" uid="8076764" lat="26.8294419" lon="82.2483837"/>
 <node id="4855898408" visible="true" version="2" changeset="64434115" timestamp="2018-11-13T08:59:59Z" user="Tauntaun" uid="8076764" lat="26.8189675" lon="82.2780490"/>
 <node id="6056688492" visible="true" version="1" changeset="64431342" timestamp="2018-11-13T07:07:17Z" user="Tauntaun" uid="8076764" lat="26.7968380" lon="82.0199561"/>
 <node id="6056947867" visible="true" version="1" changeset="64434115" timestamp="2018-11-13T08:59:56Z" user="Tauntaun" uid="8076764" lat="26.7995242" lon="82.1166176"/>
 <node id="6056947868" visible="true" version="1" changeset="64434115" timestamp="2018-11-13T08:59:56Z" user="Tauntaun" uid="8076764" lat="26.7991172" lon="82.1166122"/>
 <node id="6056947869" visible="true" version="1" changeset="64434115" timestamp="2018-11-13T08:59:56Z" user="Tauntaun" uid="8076764" lat="26.7985378" lon="82.1163762"/>
 <node id="6056947870" visible="true" version="3" changeset="176607661" timestamp="2025-12-30T03:30:54Z" user="Ketanlaxmansurwase" uid="23614258" lat="26.7981980" lon="82.1164302"/>
 <node id="6056948605" visible="true" version="2" changeset="65146545" timestamp="2018-12-04T04:44:05Z" user="Tauntaun" uid="8076764" lat="26.7894637" lon="82.2787142"/>
 <node id="6056948606" visible="true" version="2" changeset="65146545" timestamp="2018-12-04T04:44:05Z" user="Tauntaun" uid="8076764" lat="26.7864564" lon="82.2799158"/>
 <node id="6056948607" visible="true" version="2" changeset="65146545" timestamp="2018-12-04T04:44:05Z" user="Tauntaun" uid="8076764" lat="26.7845600" lon="82.2806668"/>
 <node id="6056948608" visible="true" version="1" changeset="64434115" timestamp="2018-11-13T08:59:46Z" user="Tauntaun" uid="8076764" lat="26.7688707" lon="82.2857308"/>
 <node id="6056948628" visible="true" version="2" changeset="65145213" timestamp="2018-12-04T03:27:31Z" user="Tauntaun" uid="8076764" lat="26.7499984" lon="82.3367786"/>
 <node id="6056948629" visible="true" version="2" changeset="65145213" timestamp="2018-12-04T03:27:31Z" user="Tauntaun" uid="8076764" lat="26.7499409" lon="82.3381948"/>
 <node id="6056948630" visible="true" version="1" changeset="64434115" timestamp="2018-11-13T08:59:46Z" user="Tauntaun" uid="8076764" lat="26.7501134" lon="82.3395896"/>
 <node id="6056948631" visible="true" version="1" changeset="64434115" timestamp="2018-11-13T08:59:46Z" user="Tauntaun" uid="8076764" lat="26.8085688" lon="82.2831344"/>
 <node id="6056948632" visible="true" version="1" changeset="64434115" timestamp="2018-11-13T08:59:47Z" user="Tauntaun" uid="8076764" lat="26.8072378" lon="82.2834134"/>
 <node id="6056948633" visible="true" version="1" changeset="64434115" timestamp="2018-11-13T08:59:47Z" user="Tauntaun" uid="8076764" lat="26.8061749" lon="82.2836065"/>
 <node id="6056948634" visible="true" version="1" changeset="64434115" timestamp="2018-11-13T08:59:47Z" user="Tauntaun" uid="8076764" lat="26.8049875" lon="82.2836709"/>
 <node id="6056948635" visible="true" version="1" changeset="64434115" timestamp="2018-11-13T08:59:47Z" user="Tauntaun" uid="8076764" lat="26.8044799" lon="82.2835958"/>
 <node id="6056948636" visible="true" version="1" changeset="64434115" timestamp="2018-11-13T08:59:47Z" user="Tauntaun" uid="8076764" lat="26.8038096" lon="82.2835100"/>
 <node id="6056948637" visible="true" version="1" changeset="64434115" timestamp="2018-11-13T08:59:47Z" user="Tauntaun" uid="8076764" lat="26.8025647" lon="82.2837460"/>
 <node id="6056948638" visible="true" version="1" changeset="64434115" timestamp="2018-11-13T08:59:47Z" user="Tauntaun" uid="8076764" lat="26.8017412" lon="82.2837889"/>
 <node id="6056948639" visible="true" version="1" changeset="64434115" timestamp="2018-11-13T08:59:47Z" user="Tauntaun" uid="8076764" lat="26.8007452" lon="82.2836709"/>
 <node id="6056948640" visible="true" version="1" changeset="64434115" timestamp="2018-11-13T08:59:47Z" user="Tauntaun" uid="8076764" lat="26.7992896" lon="82.2832310"/>
 <node id="6056948641" visible="true" version="1" changeset="64434115" timestamp="2018-11-13T08:59:47Z" user="Tauntaun" uid="8076764" lat="26.7982458" lon="82.2829735"/>
 <node id="6056948642" visible="true" version="1" changeset="64434115" timestamp="2018-11-13T08:59:47Z" user="Tauntaun" uid="8076764" lat="26.7970966" lon="82.2825014"/>
 <node id="6056948643" visible="true" version="1" changeset="64434115" timestamp="2018-11-13T08:59:47Z" user="Tauntaun" uid="8076764" lat="26.7962921" lon="82.2821474"/>
 <node id="6056948644" visible="true" version="1" changeset="64434115" timestamp="2018-11-13T08:59:47Z" user="Tauntaun" uid="8076764" lat="26.8095360" lon="82.2829199"/>
 <node id="6056948645" visible="true" version="1" changeset="64434115" timestamp="2018-11-13T08:59:47Z" user="Tauntaun" uid="8076764" lat="26.8100099" lon="82.2827429"/>
 <node id="6056948646" visible="true" version="1" changeset="64434115" timestamp="2018-11-13T08:59:47Z" user="Tauntaun" uid="8076764" lat="26.8108095" lon="82.2825175"/>
 <node id="6056948647" visible="true" version="1" changeset="64434115" timestamp="2018-11-13T08:59:47Z" user="Tauntaun" uid="8076764" lat="26.8114894" lon="82.2822654"/>
 <node id="6056948648" visible="true" version="1" changeset="64434115" timestamp="2018-11-13T08:59:47Z" user="Tauntaun" uid="8076764" lat="26.8122362" lon="82.2821474"/>
 <node id="6056948649" visible="true" version="1" changeset="64434115" timestamp="2018-11-13T08:59:47Z" user="Tauntaun" uid="8076764" lat="26.8134044" lon="82.2820079"/>
 <node id="6056948650" visible="true" version="1" changeset="64434115" timestamp="2018-11-13T08:59:47Z" user="Tauntaun" uid="8076764" lat="26.8138353" lon="82.2818684"/>
 <node id="6056948651" visible="true" version="1" changeset="64434115" timestamp="2018-11-13T08:59:47Z" user="Tauntaun" uid="8076764" lat="26.8142949" lon="82.2817397"/>
 <node id="6056948652" visible="true" version="1" changeset="64434115" timestamp="2018-11-13T08:59:47Z" user="Tauntaun" uid="8076764" lat="26.8147545" lon="82.2815359"/>
 <node id="6056948653" visible="true" version="1" changeset="64434115" timestamp="2018-11-13T08:59:47Z" user="Tauntaun" uid="8076764" lat="26.8153961" lon="82.2811174"/>
 <node id="6056948654" visible="true" version="1" changeset="64434115" timestamp="2018-11-13T08:59:47Z" user="Tauntaun" uid="8076764" lat="26.8181058" lon="82.2789502"/>
 <node id="6056948655" visible="true" version="1" changeset="64434115" timestamp="2018-11-13T08:59:47Z" user="Tauntaun" uid="8076764" lat="26.8199154" lon="82.2770512"/>
 <node id="6056948656" visible="true" version="1" changeset="64434115" timestamp="2018-11-13T08:59:47Z" user="Tauntaun" uid="8076764" lat="26.8208250" lon="82.2765148"/>
 <node id="6056948657" visible="true" version="1" changeset="64434115" timestamp="2018-11-13T08:59:47Z" user="Tauntaun" uid="8076764" lat="26.8231325" lon="82.2734034"/>
 <node id="6056948658" visible="true" version="1" changeset="64434115" timestamp="2018-11-13T08:59:47Z" user="Tauntaun" uid="8076764" lat="26.8241570" lon="82.2714507"/>
 <node id="6056948659" visible="true" version="1" changeset="64434115" timestamp="2018-11-13T08:59:47Z" user="Tauntaun" uid="8076764" lat="26.8245543" lon="82.2705388"/>
 <node id="6056948660" visible="true" version="1" changeset="64434115" timestamp="2018-11-13T08:59:47Z" user="Tauntaun" uid="8076764" lat="26.8248798" lon="82.2696429"/>
 <node id="6056948661" visible="true" version="1" changeset="64434115" timestamp="2018-11-13T08:59:47Z" user="Tauntaun" uid="8076764" lat="26.8250905" lon="82.2692406"/>
 <node id="6056948662" visible="true" version="1" changeset="64434115" timestamp="2018-11-13T08:59:47Z" user="Tauntaun" uid="8076764" lat="26.8255548" lon="82.2684681"/>
 <node id="6056948663" visible="true" version="1" changeset="64434115" timestamp="2018-11-13T08:59:47Z" user="Tauntaun" uid="8076764" lat="26.8261580" lon="82.2675294"/>
 <node id="6056948664" visible="true" version="1" changeset="64434115" timestamp="2018-11-13T08:59:47Z" user="Tauntaun" uid="8076764" lat="26.8263207" lon="82.2672611"/>
 <node id="6056948665" visible="true" version="1" changeset="64434115" timestamp="2018-11-13T08:59:47Z" user="Tauntaun" uid="8076764" lat="26.8266798" lon="82.2670251"/>
 <node id="6056948666" visible="true" version="1" changeset="64434115" timestamp="2018-11-13T08:59:47Z" user="Tauntaun" uid="8076764" lat="26.8269335" lon="82.2667676"/>
 <node id="6056948667" visible="true" version="1" changeset="64434115" timestamp="2018-11-13T08:59:47Z" user="Tauntaun" uid="8076764" lat="26.8275702" lon="82.2657913"/>
 <node id="6056948668" visible="true" version="1" changeset="64434115" timestamp="2018-11-13T08:59:47Z" user="Tauntaun" uid="8076764" lat="26.8277904" lon="82.2653085"/>
 <node id="6056948669" visible="true" version="1" changeset="64434115" timestamp="2018-11-13T08:59:47Z" user="Tauntaun" uid="8076764" lat="26.8280632" lon="82.2647399"/>
 <node id="6056948670" visible="true" version="1" changeset="64434115" timestamp="2018-11-13T08:59:47Z" user="Tauntaun" uid="8076764" lat="26.8284079" lon="82.2639728"/>
 <node id="6056948671" visible="true" version="1" changeset="64434115" timestamp="2018-11-13T08:59:47Z" user="Tauntaun" uid="8076764" lat="26.8285898" lon="82.2636884"/>
 <node id="6056948672" visible="true" version="1" changeset="64434115" timestamp="2018-11-13T08:59:47Z" user="Tauntaun" uid="8076764" lat="26.8289440" lon="82.2632968"/>
 <node id="6056948673" visible="true" version="1" changeset="64434115" timestamp="2018-11-13T08:59:47Z" user="Tauntaun" uid="8076764" lat="26.8291403" lon="82.2628677"/>
 <node id="6056948674" visible="true" version="1" changeset="64434115" timestamp="2018-11-13T08:59:47Z" user="Tauntaun" uid="8076764" lat="26.8293414" lon="82.2623688"/>
 <node id="6056948675" visible="true" version="1" changeset="64434115" timestamp="2018-11-13T08:59:47Z" user="Tauntaun" uid="8076764" lat="26.8294323" lon="82.2618967"/>
 <node id="6056948676" visible="true" version="1" changeset="64434115" timestamp="2018-11-13T08:59:47Z" user="Tauntaun" uid="8076764" lat="26.8297243" lon="82.2611779"/>
 <node id="6056948677" visible="true" version="1" changeset="64434115" timestamp="2018-11-13T08:59:47Z" user="Tauntaun" uid="8076764" lat="26.8299876" lon="82.2607058"/>
 <node id="6056948678" visible="true" version="1" changeset="64434115" timestamp="2018-11-13T08:59:47Z" user="Tauntaun" uid="8076764" lat="26.8301599" lon="82.2602016"/>
 <node id="6056948679" visible="true" version="1" changeset="64434115" timestamp="2018-11-13T08:59:47Z" user="Tauntaun" uid="8076764" lat="26.8302461" lon="82.2591931"/>
 <node id="6056948680" visible="true" version="1" changeset="64434115" timestamp="2018-11-13T08:59:47Z" user="Tauntaun" uid="8076764" lat="26.8302461" lon="82.2585922"/>
 <node id="6056948681" visible="true" version="1" changeset="64434115" timestamp="2018-11-13T08:59:47Z" user="Tauntaun" uid="8076764" lat="26.8302748" lon="82.2579807"/>
 <node id="6056948682" visible="true" version="1" changeset="64434115" timestamp="2018-11-13T08:59:47Z" user="Tauntaun" uid="8076764" lat="26.8304902" lon="82.2563821"/>
 <node id="6056948683" visible="true" version="1" changeset="64434115" timestamp="2018-11-13T08:59:47Z" user="Tauntaun" uid="8076764" lat="26.8304663" lon="82.2554862"/>
 <node id="6056948684" visible="true" version="1" changeset="64434115" timestamp="2018-11-13T08:59:47Z" user="Tauntaun" uid="8076764" lat="26.8303706" lon="82.2545957"/>
 <node id="6056948799" visible="true" version="3" changeset="145804399" timestamp="2024-01-02T15:56:16Z" user="vineet@spad" uid="13969904" lat="26.8104613" lon="82.2146887"/>
 <node id="6056948802" visible="true" version="1" changeset="64434115" timestamp="2018-11-13T08:59:42Z" user="Tauntaun" uid="8076764" lat="26.8081773" lon="82.1133564"/>
 <node id="6056948811" visible="true" version="2" changeset="102684201" timestamp="2021-04-10T07:30:27Z" user="EarlOMeath" uid="11187534" lat="26.7359140" lon="82.3614549"/>
 <node id="6056948874" visible="true" version="1" changeset="64434115" timestamp="2018-11-13T08:59:43Z" user="Tauntaun" uid="8076764" lat="26.8304528" lon="82.2566628"/>
 <node id="6056948899" visible="true" version="1" changeset="64434115" timestamp="2018-11-13T08:59:43Z" user="Tauntaun" uid="8076764" lat="26.8024977" lon="82.1902227"/>
 <node id="6056948900" visible="true" version="1" changeset="64434115" timestamp="2018-11-13T08:59:43Z" user="Tauntaun" uid="8076764" lat="26.8037234" lon="82.1919823"/>
 <node id="6056948901" visible="true" version="1" changeset="64434115" timestamp="2018-11-13T08:59:43Z" user="Tauntaun" uid="8076764" lat="26.8036205" lon="82.1918938"/>
 <node id="6056948902" visible="true" version="1" changeset="64434115" timestamp="2018-11-13T08:59:43Z" user="Tauntaun" uid="8076764" lat="26.8031860" lon="82.1917275"/>
 <node id="6056949100" visible="true" version="2" changeset="65145213" timestamp="2018-12-04T03:27:31Z" user="Tauntaun" uid="8076764" lat="26.7507601" lon="82.2981441"/>
 <node id="6056949101" visible="true" version="2" changeset="65145213" timestamp="2018-12-04T03:27:31Z" user="Tauntaun" uid="8076764" lat="26.7513540" lon="82.2975916"/>
 <node id="6056949102" visible="true" version="1" changeset="64434115" timestamp="2018-11-13T08:59:45Z" user="Tauntaun" uid="8076764" lat="26.7540222" lon="82.2961807"/>
 <node id="6056949103" visible="true" version="1" changeset="64434115" timestamp="2018-11-13T08:59:45Z" user="Tauntaun" uid="8076764" lat="26.7546737" lon="82.2958374"/>
 <node id="6056949104" visible="true" version="1" changeset="64434115" timestamp="2018-11-13T08:59:45Z" user="Tauntaun" uid="8076764" lat="26.7553826" lon="82.2954726"/>
 <node id="6056949105" visible="true" version="1" changeset="64434115" timestamp="2018-11-13T08:59:45Z" user="Tauntaun" uid="8076764" lat="26.7561490" lon="82.2947967"/>
 <node id="6056949106" visible="true" version="1" changeset="64434115" timestamp="2018-11-13T08:59:45Z" user="Tauntaun" uid="8076764" lat="26.7569729" lon="82.2941852"/>
 <node id="6056949107" visible="true" version="1" changeset="64434115" timestamp="2018-11-13T08:59:45Z" user="Tauntaun" uid="8076764" lat="26.7581800" lon="82.2933376"/>
 <node id="6056949108" visible="true" version="1" changeset="64434115" timestamp="2018-11-13T08:59:45Z" user="Tauntaun" uid="8076764" lat="26.7590901" lon="82.2926187"/>
 <node id="6056949109" visible="true" version="1" changeset="64434115" timestamp="2018-11-13T08:59:45Z" user="Tauntaun" uid="8076764" lat="26.7622226" lon="82.2897434"/>
 <node id="6056949110" visible="true" version="1" changeset="64434115" timestamp="2018-11-13T08:59:45Z" user="Tauntaun" uid="8076764" lat="26.7605270" lon="82.2913206"/>
 <node id="6056949111" visible="true" version="1" changeset="64434115" timestamp="2018-11-13T08:59:45Z" user="Tauntaun" uid="8076764" lat="26.7635829" lon="82.2887563"/>
 <node id="6056949112" visible="true" version="2" changeset="64464021" timestamp="2018-11-14T03:13:00Z" user="Tauntaun" uid="8076764" lat="26.7659346" lon="82.2870344"/>
 <node id="6056949113" visible="true" version="2" changeset="64464021" timestamp="2018-11-14T03:13:00Z" user="Tauntaun" uid="8076764" lat="26.7666244" lon="82.2867340"/>
 <node id="6056949114" visible="true" version="1" changeset="64434115" timestamp="2018-11-13T08:59:45Z" user="Tauntaun" uid="8076764" lat="26.7680660" lon="82.2862243"/>
 <node id="6056949115" visible="true" version="2" changeset="65146545" timestamp="2018-12-04T04:44:05Z" user="Tauntaun" uid="8076764" lat="26.7701543" lon="82.2854304"/>
 <node id="6056949327" visible="true" version="1" changeset="64434115" timestamp="2018-11-13T08:59:51Z" user="Tauntaun" uid="8076764" lat="26.7443361" lon="82.3549479"/>
 <node id="6056949328" visible="true" version="1" changeset="64434115" timestamp="2018-11-13T08:59:51Z" user="Tauntaun" uid="8076764" lat="26.7440247" lon="82.3556614"/>
 <node id="6056949329" visible="true" version="1" changeset="64434115" timestamp="2018-11-13T08:59:51Z" user="Tauntaun" uid="8076764" lat="26.7436750" lon="82.3562461"/>
 <node id="6056949330" visible="true" version="1" changeset="64434115" timestamp="2018-11-13T08:59:51Z" user="Tauntaun" uid="8076764" lat="26.7432151" lon="82.3571098"/>
 <node id="6056949331" visible="true" version="1" changeset="64434115" timestamp="2018-11-13T08:59:51Z" user="Tauntaun" uid="8076764" lat="26.7428415" lon="82.3576999"/>
 <node id="6056949332" visible="true" version="1" changeset="64434115" timestamp="2018-11-13T08:59:51Z" user="Tauntaun" uid="8076764" lat="26.7423049" lon="82.3584509"/>
 <node id="6056949333" visible="true" version="1" changeset="64434115" timestamp="2018-11-13T08:59:51Z" user="Tauntaun" uid="8076764" lat="26.7413180" lon="82.3592126"/>
 <node id="6056949334" visible="true" version="1" changeset="64434115" timestamp="2018-11-13T08:59:51Z" user="Tauntaun" uid="8076764" lat="26.7405467" lon="82.3598134"/>
 <node id="6056949335" visible="true" version="1" changeset="64434115" timestamp="2018-11-13T08:59:51Z" user="Tauntaun" uid="8076764" lat="26.7401683" lon="82.3601031"/>
 <node id="6056949336" visible="true" version="1" changeset="64434115" timestamp="2018-11-13T08:59:51Z" user="Tauntaun" uid="8076764" lat="26.7393730" lon="82.3611170"/>
 <node id="6056949337" visible="true" version="1" changeset="64434115" timestamp="2018-11-13T08:59:51Z" user="Tauntaun" uid="8076764" lat="26.7389466" lon="82.3615569"/>
 <node id="6056949338" visible="true" version="1" changeset="64434115" timestamp="2018-11-13T08:59:51Z" user="Tauntaun" uid="8076764" lat="26.7386017" lon="82.3620236"/>
 <node id="6056949385" visible="true" version="1" changeset="64434115" timestamp="2018-11-13T08:59:48Z" user="Tauntaun" uid="8076764" lat="26.8302940" lon="82.2535550"/>
 <node id="6056949386" visible="true" version="1" changeset="64434115" timestamp="2018-11-13T08:59:48Z" user="Tauntaun" uid="8076764" lat="26.8300546" lon="82.2515809"/>
 <node id="6056949387" visible="true" version="1" changeset="64434115" timestamp="2018-11-13T08:59:48Z" user="Tauntaun" uid="8076764" lat="26.8299206" lon="82.2504866"/>
 <node id="6056949388" visible="true" version="1" changeset="64434115" timestamp="2018-11-13T08:59:48Z" user="Tauntaun" uid="8076764" lat="26.8297291" lon="82.2495747"/>
 <node id="6056949389" visible="true" version="1" changeset="64434115" timestamp="2018-11-13T08:59:48Z" user="Tauntaun" uid="8076764" lat="26.8288770" lon="82.2467315"/>
 <node id="6056949390" visible="true" version="1" changeset="64434115" timestamp="2018-11-13T08:59:48Z" user="Tauntaun" uid="8076764" lat="26.8283983" lon="82.2452724"/>
 <node id="6056949391" visible="true" version="1" changeset="64434115" timestamp="2018-11-13T08:59:48Z" user="Tauntaun" uid="8076764" lat="26.8274122" lon="82.2431374"/>
 <node id="6056949392" visible="true" version="1" changeset="64434115" timestamp="2018-11-13T08:59:48Z" user="Tauntaun" uid="8076764" lat="26.8269239" lon="82.2418070"/>
 <node id="6056949393" visible="true" version="1" changeset="64434115" timestamp="2018-11-13T08:59:48Z" user="Tauntaun" uid="8076764" lat="26.8248272" lon="82.2361743"/>
 <node id="6056949394" visible="true" version="1" changeset="64434115" timestamp="2018-11-13T08:59:48Z" user="Tauntaun" uid="8076764" lat="26.8243963" lon="82.2346079"/>
 <node id="6056949395" visible="true" version="1" changeset="64434115" timestamp="2018-11-13T08:59:48Z" user="Tauntaun" uid="8076764" lat="26.8240899" lon="82.2333097"/>
 <node id="6056949396" visible="true" version="1" changeset="64434115" timestamp="2018-11-13T08:59:48Z" user="Tauntaun" uid="8076764" lat="26.8235059" lon="82.2316575"/>
 <node id="6056949397" visible="true" version="1" changeset="64434115" timestamp="2018-11-13T08:59:48Z" user="Tauntaun" uid="8076764" lat="26.8229985" lon="82.2304344"/>
 <node id="6056949398" visible="true" version="1" changeset="64434115" timestamp="2018-11-13T08:59:48Z" user="Tauntaun" uid="8076764" lat="26.8220314" lon="82.2280311"/>
 <node id="6056949399" visible="true" version="1" changeset="64434115" timestamp="2018-11-13T08:59:48Z" user="Tauntaun" uid="8076764" lat="26.8212750" lon="82.2250914"/>
 <node id="6056949400" visible="true" version="1" changeset="64434115" timestamp="2018-11-13T08:59:48Z" user="Tauntaun" uid="8076764" lat="26.8208059" lon="82.2241580"/>
 <node id="6056949401" visible="true" version="1" changeset="64434115" timestamp="2018-11-13T08:59:48Z" user="Tauntaun" uid="8076764" lat="26.8194750" lon="82.2210896"/>
 <node id="6056949402" visible="true" version="1" changeset="64434115" timestamp="2018-11-13T08:59:48Z" user="Tauntaun" uid="8076764" lat="26.8187760" lon="82.2196090"/>
 <node id="6056949403" visible="true" version="1" changeset="64434115" timestamp="2018-11-13T08:59:48Z" user="Tauntaun" uid="8076764" lat="26.8179813" lon="82.2176885"/>
 <node id="6056949404" visible="true" version="1" changeset="64434115" timestamp="2018-11-13T08:59:48Z" user="Tauntaun" uid="8076764" lat="26.8164206" lon="82.2116375"/>
 <node id="6056949405" visible="true" version="2" changeset="110184941" timestamp="2021-08-24T16:48:22Z" user="vineet@spad" uid="13969904" lat="26.8161334" lon="82.2076356"/>
 <node id="6056949406" visible="true" version="2" changeset="110184941" timestamp="2021-08-24T16:48:22Z" user="vineet@spad" uid="13969904" lat="26.8154823" lon="82.2043848"/>
 <node id="6056949407" visible="true" version="2" changeset="110184941" timestamp="2021-08-24T16:48:22Z" user="vineet@spad" uid="13969904" lat="26.8153482" lon="82.2040522"/>
 <node id="6056949408" visible="true" version="2" changeset="110184941" timestamp="2021-08-24T16:48:22Z" user="vineet@spad" uid="13969904" lat="26.8151567" lon="82.2024858"/>
 <node id="6056949409" visible="true" version="2" changeset="110184941" timestamp="2021-08-24T16:48:22Z" user="vineet@spad" uid="13969904" lat="26.8152524" lon="82.1982801"/>
 <node id="6056949410" visible="true" version="2" changeset="110184941" timestamp="2021-08-24T16:48:22Z" user="vineet@spad" uid="13969904" lat="26.8152142" lon="82.1981084"/>
 <node id="6056949411" visible="true" version="2" changeset="110184941" timestamp="2021-08-24T16:48:22Z" user="vineet@spad" uid="13969904" lat="26.8154726" lon="82.1961129"/>
 <node id="6056949412" visible="true" version="2" changeset="110184941" timestamp="2021-08-24T16:48:22Z" user="vineet@spad" uid="13969904" lat="26.8168273" lon="82.1935464"/>
 <node id="6056949413" visible="true" version="2" changeset="110184941" timestamp="2021-08-24T16:48:22Z" user="vineet@spad" uid="13969904" lat="26.8184900" lon="82.1925000"/>
 <node id="6056949414" visible="true" version="2" changeset="110184941" timestamp="2021-08-24T16:48:22Z" user="vineet@spad" uid="13969904" lat="26.8204206" lon="82.1928438"/>
 <node id="6056949415" visible="true" version="2" changeset="110184941" timestamp="2021-08-24T16:48:22Z" user="vineet@spad" uid="13969904" lat="26.8195459" lon="82.1901672"/>
 <node id="6056949416" visible="true" version="2" changeset="110184941" timestamp="2021-08-24T16:48:22Z" user="vineet@spad" uid="13969904" lat="26.8185885" lon="82.1909315"/>
 <node id="6056949417" visible="true" version="2" changeset="110184941" timestamp="2021-08-24T16:48:22Z" user="vineet@spad" uid="13969904" lat="26.8163033" lon="82.1913887"/>
 <node id="6056949418" visible="true" version="2" changeset="110184941" timestamp="2021-08-24T16:48:22Z" user="vineet@spad" uid="13969904" lat="26.8168531" lon="82.1896001"/>
 <node id="6056949419" visible="true" version="2" changeset="110184941" timestamp="2021-08-24T16:48:22Z" user="vineet@spad" uid="13969904" lat="26.8178008" lon="82.1876444"/>
 <node id="6056949420" visible="true" version="3" changeset="110184941" timestamp="2021-08-24T16:48:22Z" user="vineet@spad" uid="13969904" lat="26.8208142" lon="82.1826996"/>
 <node id="6056949421" visible="true" version="2" changeset="110184941" timestamp="2021-08-24T16:48:22Z" user="vineet@spad" uid="13969904" lat="26.8192405" lon="82.1850205"/>
 <node id="6056949422" visible="true" version="3" changeset="110184941" timestamp="2021-08-24T16:48:22Z" user="vineet@spad" uid="13969904" lat="26.8203982" lon="82.1836690"/>
 <node id="6056949423" visible="true" version="2" changeset="110184941" timestamp="2021-08-24T16:48:22Z" user="vineet@spad" uid="13969904" lat="26.8213804" lon="82.1814680"/>
 <node id="6056949424" visible="true" version="2" changeset="110184941" timestamp="2021-08-24T16:48:22Z" user="vineet@spad" uid="13969904" lat="26.8216484" lon="82.1807062"/>
 <node id="6056949425" visible="true" version="2" changeset="110184941" timestamp="2021-08-24T16:48:22Z" user="vineet@spad" uid="13969904" lat="26.8230272" lon="82.1776485"/>
 <node id="6056949426" visible="true" version="2" changeset="110184941" timestamp="2021-08-24T16:48:22Z" user="vineet@spad" uid="13969904" lat="26.8224049" lon="82.1788716"/>
 <node id="6056949427" visible="true" version="2" changeset="110184941" timestamp="2021-08-24T16:48:22Z" user="vineet@spad" uid="13969904" lat="26.8244729" lon="82.1754599"/>
 <node id="6056949428" visible="true" version="2" changeset="110184941" timestamp="2021-08-24T16:48:22Z" user="vineet@spad" uid="13969904" lat="26.8251144" lon="82.1747410"/>
 <node id="6056949473" visible="true" version="2" changeset="65145213" timestamp="2018-12-04T03:27:31Z" user="Tauntaun" uid="8076764" lat="26.8139502" lon="82.1205175"/>
 <node id="6056949474" visible="true" version="2" changeset="65145213" timestamp="2018-12-04T03:27:31Z" user="Tauntaun" uid="8076764" lat="26.8132129" lon="82.1198630"/>
 <node id="6056949475" visible="true" version="1" changeset="64434115" timestamp="2018-11-13T08:59:49Z" user="Tauntaun" uid="8076764" lat="26.8122075" lon="82.1188652"/>
 <node id="6056949476" visible="true" version="1" changeset="64434115" timestamp="2018-11-13T08:59:49Z" user="Tauntaun" uid="8076764" lat="26.8111542" lon="82.1173739"/>
 <node id="6056949477" visible="true" version="1" changeset="64434115" timestamp="2018-11-13T08:59:49Z" user="Tauntaun" uid="8076764" lat="26.8104361" lon="82.1164512"/>
 <node id="6056949478" visible="true" version="1" changeset="64434115" timestamp="2018-11-13T08:59:49Z" user="Tauntaun" uid="8076764" lat="26.8074197" lon="82.1125138"/>
 <node id="6056949479" visible="true" version="1" changeset="64434115" timestamp="2018-11-13T08:59:49Z" user="Tauntaun" uid="8076764" lat="26.8070080" lon="82.1116984"/>
 <node id="6056949480" visible="true" version="1" changeset="64434115" timestamp="2018-11-13T08:59:49Z" user="Tauntaun" uid="8076764" lat="26.8084443" lon="82.1136832"/>
 <node id="6056949481" visible="true" version="1" changeset="64434115" timestamp="2018-11-13T08:59:49Z" user="Tauntaun" uid="8076764" lat="26.8078219" lon="82.1129215"/>
 <node id="6056949482" visible="true" version="1" changeset="64434115" timestamp="2018-11-13T08:59:49Z" user="Tauntaun" uid="8076764" lat="26.8066824" lon="82.1109795"/>
 <node id="6056949483" visible="true" version="1" changeset="64434115" timestamp="2018-11-13T08:59:49Z" user="Tauntaun" uid="8076764" lat="26.8062228" lon="82.1105075"/>
 <node id="6056949484" visible="true" version="1" changeset="64434115" timestamp="2018-11-13T08:59:49Z" user="Tauntaun" uid="8076764" lat="26.8052460" lon="82.1093166"/>
 <node id="6056949685" visible="true" version="1" changeset="64434115" timestamp="2018-11-13T08:59:49Z" user="Tauntaun" uid="8076764" lat="26.8048821" lon="82.1086299"/>
 <node id="6056949686" visible="true" version="1" changeset="64434115" timestamp="2018-11-13T08:59:49Z" user="Tauntaun" uid="8076764" lat="26.8047385" lon="82.1080828"/>
 <node id="6056949687" visible="true" version="1" changeset="64434115" timestamp="2018-11-13T08:59:49Z" user="Tauntaun" uid="8076764" lat="26.8045278" lon="82.1075141"/>
 <node id="6056949688" visible="true" version="1" changeset="64434115" timestamp="2018-11-13T08:59:49Z" user="Tauntaun" uid="8076764" lat="26.8041639" lon="82.1066344"/>
 <node id="6056949689" visible="true" version="2" changeset="65144948" timestamp="2018-12-04T03:05:48Z" user="Tauntaun" uid="8076764" lat="26.8033260" lon="82.1051377"/>
 <node id="6056949722" visible="true" version="2" changeset="65145213" timestamp="2018-12-04T03:27:31Z" user="Tauntaun" uid="8076764" lat="26.7489445" lon="82.3450184"/>
 <node id="6056949723" visible="true" version="2" changeset="65145213" timestamp="2018-12-04T03:27:31Z" user="Tauntaun" uid="8076764" lat="26.7493182" lon="82.3444766"/>
 <node id="6056949724" visible="true" version="2" changeset="65145213" timestamp="2018-12-04T03:27:31Z" user="Tauntaun" uid="8076764" lat="26.7495002" lon="82.3440635"/>
 <node id="6056949725" visible="true" version="2" changeset="65145213" timestamp="2018-12-04T03:27:31Z" user="Tauntaun" uid="8076764" lat="26.7497373" lon="82.3437095"/>
 <node id="6056949726" visible="true" version="2" changeset="65145213" timestamp="2018-12-04T03:27:31Z" user="Tauntaun" uid="8076764" lat="26.7498188" lon="82.3435459"/>
 <node id="6056949727" visible="true" version="1" changeset="64434115" timestamp="2018-11-13T08:59:50Z" user="Tauntaun" uid="8076764" lat="26.7497277" lon="82.3433286"/>
 <node id="6056949728" visible="true" version="1" changeset="64434115" timestamp="2018-11-13T08:59:50Z" user="Tauntaun" uid="8076764" lat="26.7497445" lon="82.3431382"/>
 <node id="6056949729" visible="true" version="2" changeset="65145213" timestamp="2018-12-04T03:27:31Z" user="Tauntaun" uid="8076764" lat="26.7498235" lon="82.3428860"/>
 <node id="6056949730" visible="true" version="1" changeset="64434115" timestamp="2018-11-13T08:59:50Z" user="Tauntaun" uid="8076764" lat="26.7498523" lon="82.3425534"/>
 <node id="6056949731" visible="true" version="2" changeset="65145213" timestamp="2018-12-04T03:27:31Z" user="Tauntaun" uid="8076764" lat="26.7498451" lon="82.3423147"/>
 <node id="6056949732" visible="true" version="1" changeset="64434115" timestamp="2018-11-13T08:59:50Z" user="Tauntaun" uid="8076764" lat="26.7499026" lon="82.3418963"/>
 <node id="6056949733" visible="true" version="1" changeset="64434115" timestamp="2018-11-13T08:59:50Z" user="Tauntaun" uid="8076764" lat="26.7474643" lon="82.3472124"/>
 <node id="6056949734" visible="true" version="1" changeset="64434115" timestamp="2018-11-13T08:59:50Z" user="Tauntaun" uid="8076764" lat="26.7468224" lon="82.3487198"/>
 <node id="6056949735" visible="true" version="1" changeset="64434115" timestamp="2018-11-13T08:59:50Z" user="Tauntaun" uid="8076764" lat="26.7465206" lon="82.3492831"/>
 <node id="6056949736" visible="true" version="1" changeset="64434115" timestamp="2018-11-13T08:59:50Z" user="Tauntaun" uid="8076764" lat="26.7461805" lon="82.3499751"/>
 <node id="6056949737" visible="true" version="1" changeset="64434115" timestamp="2018-11-13T08:59:50Z" user="Tauntaun" uid="8076764" lat="26.7452942" lon="82.3519599"/>
 <node id="6056949738" visible="true" version="1" changeset="64434115" timestamp="2018-11-13T08:59:50Z" user="Tauntaun" uid="8076764" lat="26.7448966" lon="82.3529953"/>
 <node id="6056949739" visible="true" version="1" changeset="64434115" timestamp="2018-11-13T08:59:50Z" user="Tauntaun" uid="8076764" lat="26.7444271" lon="82.3544517"/>
 <node id="6056949740" visible="true" version="1" changeset="64434115" timestamp="2018-11-13T08:59:50Z" user="Tauntaun" uid="8076764" lat="26.7443720" lon="82.3542961"/>
 <node id="6056949741" visible="true" version="1" changeset="64434115" timestamp="2018-11-13T08:59:50Z" user="Tauntaun" uid="8076764" lat="26.7443936" lon="82.3547333"/>
 <node id="6056949742" visible="true" version="1" changeset="64434115" timestamp="2018-11-13T08:59:50Z" user="Tauntaun" uid="8076764" lat="26.7446379" lon="82.3535210"/>
 <node id="6056949743" visible="true" version="1" changeset="64434115" timestamp="2018-11-13T08:59:50Z" user="Tauntaun" uid="8076764" lat="26.7444702" lon="82.3538911"/>
 <node id="6056949744" visible="true" version="1" changeset="64434115" timestamp="2018-11-13T08:59:50Z" user="Tauntaun" uid="8076764" lat="26.7443648" lon="82.3541325"/>
 <node id="6056949968" visible="true" version="1" changeset="64434115" timestamp="2018-11-13T08:59:53Z" user="Tauntaun" uid="8076764" lat="26.8040203" lon="82.2228169"/>
 <node id="6056949970" visible="true" version="1" changeset="64434115" timestamp="2018-11-13T08:59:53Z" user="Tauntaun" uid="8076764" lat="26.8045948" lon="82.2224629"/>
 <node id="6056949971" visible="true" version="3" changeset="145804399" timestamp="2024-01-02T15:56:16Z" user="vineet@spad" uid="13969904" lat="26.8105052" lon="82.2145153"/>
 <node id="6056949978" visible="true" version="3" changeset="145804399" timestamp="2024-01-02T15:56:16Z" user="vineet@spad" uid="13969904" lat="26.8105251" lon="82.2142193"/>
 <node id="6056949979" visible="true" version="3" changeset="145804399" timestamp="2024-01-02T15:56:16Z" user="vineet@spad" uid="13969904" lat="26.8106865" lon="82.2116429"/>
 <node id="6056949980" visible="true" version="2" changeset="110184941" timestamp="2021-08-24T16:48:22Z" user="vineet@spad" uid="13969904" lat="26.8098959" lon="82.2016907"/>
 <node id="6056949981" visible="true" version="2" changeset="110184941" timestamp="2021-08-24T16:48:22Z" user="vineet@spad" uid="13969904" lat="26.8097246" lon="82.2011080"/>
 <node id="6056949982" visible="true" version="1" changeset="64434115" timestamp="2018-11-13T08:59:53Z" user="Tauntaun" uid="8076764" lat="26.8084108" lon="82.1993369"/>
 <node id="6056949983" visible="true" version="1" changeset="64434115" timestamp="2018-11-13T08:59:53Z" user="Tauntaun" uid="8076764" lat="26.8075107" lon="82.1981835"/>
 <node id="6056949984" visible="true" version="1" changeset="64434115" timestamp="2018-11-13T08:59:53Z" user="Tauntaun" uid="8076764" lat="26.8067925" lon="82.1970946"/>
 <node id="6056950085" visible="true" version="1" changeset="64434115" timestamp="2018-11-13T08:59:53Z" user="Tauntaun" uid="8076764" lat="26.8060001" lon="82.1951553"/>
 <node id="6056950086" visible="true" version="1" changeset="64434115" timestamp="2018-11-13T08:59:53Z" user="Tauntaun" uid="8076764" lat="26.8059594" lon="82.1945170"/>
 <node id="6056950088" visible="true" version="1" changeset="64434115" timestamp="2018-11-13T08:59:53Z" user="Tauntaun" uid="8076764" lat="26.8061174" lon="82.1955308"/>
 <node id="6056950089" visible="true" version="1" changeset="64434115" timestamp="2018-11-13T08:59:53Z" user="Tauntaun" uid="8076764" lat="26.8059666" lon="82.1948737"/>
 <node id="6056950090" visible="true" version="1" changeset="64434115" timestamp="2018-11-13T08:59:53Z" user="Tauntaun" uid="8076764" lat="26.8058589" lon="82.1942782"/>
 <node id="6056950091" visible="true" version="1" changeset="64434115" timestamp="2018-11-13T08:59:53Z" user="Tauntaun" uid="8076764" lat="26.8050497" lon="82.1934736"/>
 <node id="6056950092" visible="true" version="1" changeset="64434115" timestamp="2018-11-13T08:59:53Z" user="Tauntaun" uid="8076764" lat="26.8043985" lon="82.1926689"/>
 <node id="6056950093" visible="true" version="1" changeset="64434115" timestamp="2018-11-13T08:59:53Z" user="Tauntaun" uid="8076764" lat="26.8039101" lon="82.1921003"/>
 <node id="6056950094" visible="true" version="1" changeset="64434115" timestamp="2018-11-13T08:59:53Z" user="Tauntaun" uid="8076764" lat="26.8034361" lon="82.1918267"/>
 <node id="6056950095" visible="true" version="1" changeset="64434115" timestamp="2018-11-13T08:59:53Z" user="Tauntaun" uid="8076764" lat="26.8029443" lon="82.1913592"/>
 <node id="6056950096" visible="true" version="1" changeset="64434115" timestamp="2018-11-13T08:59:53Z" user="Tauntaun" uid="8076764" lat="26.8030615" lon="82.1915652"/>
 <node id="6056950097" visible="true" version="1" changeset="64434115" timestamp="2018-11-13T08:59:54Z" user="Tauntaun" uid="8076764" lat="26.8023971" lon="82.1892303"/>
 <node id="6056950098" visible="true" version="1" changeset="64434115" timestamp="2018-11-13T08:59:54Z" user="Tauntaun" uid="8076764" lat="26.8024354" lon="82.1897185"/>
 <node id="6056950099" visible="true" version="1" changeset="64434115" timestamp="2018-11-13T08:59:54Z" user="Tauntaun" uid="8076764" lat="26.8024354" lon="82.1885759"/>
 <node id="6056950100" visible="true" version="1" changeset="64434115" timestamp="2018-11-13T08:59:54Z" user="Tauntaun" uid="8076764" lat="26.8024594" lon="82.1879321"/>
 <node id="6056950101" visible="true" version="1" changeset="64434115" timestamp="2018-11-13T08:59:54Z" user="Tauntaun" uid="8076764" lat="26.8027323" lon="82.1872723"/>
 <node id="6056950102" visible="true" version="1" changeset="64434115" timestamp="2018-11-13T08:59:54Z" user="Tauntaun" uid="8076764" lat="26.8032350" lon="82.1866554"/>
 <node id="6056950103" visible="true" version="1" changeset="64434115" timestamp="2018-11-13T08:59:54Z" user="Tauntaun" uid="8076764" lat="26.8038766" lon="82.1857273"/>
 <node id="6056950104" visible="true" version="1" changeset="64434115" timestamp="2018-11-13T08:59:54Z" user="Tauntaun" uid="8076764" lat="26.8040490" lon="82.1846867"/>
 <node id="6056950105" visible="true" version="1" changeset="64434115" timestamp="2018-11-13T08:59:54Z" user="Tauntaun" uid="8076764" lat="26.8039724" lon="82.1825087"/>
 <node id="6056950106" visible="true" version="1" changeset="64434115" timestamp="2018-11-13T08:59:54Z" user="Tauntaun" uid="8076764" lat="26.8040011" lon="82.1816933"/>
 <node id="6056950107" visible="true" version="1" changeset="64434115" timestamp="2018-11-13T08:59:54Z" user="Tauntaun" uid="8076764" lat="26.8039149" lon="82.1807277"/>
 <node id="6056950108" visible="true" version="1" changeset="64434115" timestamp="2018-11-13T08:59:54Z" user="Tauntaun" uid="8076764" lat="26.8038671" lon="82.1799981"/>
 <node id="6056950109" visible="true" version="2" changeset="64462415" timestamp="2018-11-14T01:11:28Z" user="Tauntaun" uid="8076764" lat="26.8040801" lon="82.1788448"/>
 <node id="6056950110" visible="true" version="2" changeset="64462415" timestamp="2018-11-14T01:11:28Z" user="Tauntaun" uid="8076764" lat="26.8045757" lon="82.1752131"/>
 <node id="6056950111" visible="true" version="1" changeset="64434115" timestamp="2018-11-13T08:59:54Z" user="Tauntaun" uid="8076764" lat="26.8045757" lon="82.1737969"/>
 <node id="6056950112" visible="true" version="2" changeset="64462415" timestamp="2018-11-14T01:11:28Z" user="Tauntaun" uid="8076764" lat="26.8047385" lon="82.1716940"/>
 <node id="6056950113" visible="true" version="2" changeset="64462415" timestamp="2018-11-14T01:11:28Z" user="Tauntaun" uid="8076764" lat="26.8049731" lon="82.1705246"/>
 <node id="6056950114" visible="true" version="2" changeset="64462415" timestamp="2018-11-14T01:11:28Z" user="Tauntaun" uid="8076764" lat="26.8051981" lon="82.1693283"/>
 <node id="6056950115" visible="true" version="1" changeset="64434115" timestamp="2018-11-13T08:59:54Z" user="Tauntaun" uid="8076764" lat="26.8060121" lon="82.1663618"/>
 <node id="6056950116" visible="true" version="2" changeset="64462415" timestamp="2018-11-14T01:11:28Z" user="Tauntaun" uid="8076764" lat="26.8064143" lon="82.1647471"/>
 <node id="6056950117" visible="true" version="1" changeset="64434115" timestamp="2018-11-13T08:59:54Z" user="Tauntaun" uid="8076764" lat="26.8071325" lon="82.1618771"/>
 <node id="6056950118" visible="true" version="1" changeset="64434115" timestamp="2018-11-13T08:59:54Z" user="Tauntaun" uid="8076764" lat="26.8072857" lon="82.1611261"/>
 <node id="6056950119" visible="true" version="1" changeset="64434115" timestamp="2018-11-13T08:59:54Z" user="Tauntaun" uid="8076764" lat="26.8073144" lon="82.1603429"/>
 <node id="6056950120" visible="true" version="1" changeset="64434115" timestamp="2018-11-13T08:59:54Z" user="Tauntaun" uid="8076764" lat="26.8072378" lon="82.1597850"/>
 <node id="6056950121" visible="true" version="1" changeset="64434115" timestamp="2018-11-13T08:59:54Z" user="Tauntaun" uid="8076764" lat="26.8070559" lon="82.1590769"/>
 <node id="6056950122" visible="true" version="1" changeset="64434115" timestamp="2018-11-13T08:59:54Z" user="Tauntaun" uid="8076764" lat="26.8067590" lon="82.1577895"/>
 <node id="6056950123" visible="true" version="1" changeset="64434115" timestamp="2018-11-13T08:59:54Z" user="Tauntaun" uid="8076764" lat="26.8066249" lon="82.1570814"/>
 <node id="6056950124" visible="true" version="1" changeset="64434115" timestamp="2018-11-13T08:59:54Z" user="Tauntaun" uid="8076764" lat="26.8066249" lon="82.1565127"/>
 <node id="6056950125" visible="true" version="1" changeset="64434115" timestamp="2018-11-13T08:59:54Z" user="Tauntaun" uid="8076764" lat="26.8069122" lon="82.1547639"/>
 <node id="6056950126" visible="true" version="1" changeset="64434115" timestamp="2018-11-13T08:59:54Z" user="Tauntaun" uid="8076764" lat="26.8067877" lon="82.1538091"/>
 <node id="6056950127" visible="true" version="1" changeset="64434115" timestamp="2018-11-13T08:59:54Z" user="Tauntaun" uid="8076764" lat="26.8065292" lon="82.1531439"/>
 <node id="6056950128" visible="true" version="1" changeset="64434115" timestamp="2018-11-13T08:59:54Z" user="Tauntaun" uid="8076764" lat="26.8056386" lon="82.1521568"/>
 <node id="6056950129" visible="true" version="1" changeset="64434115" timestamp="2018-11-13T08:59:54Z" user="Tauntaun" uid="8076764" lat="26.8054854" lon="82.1515667"/>
 <node id="6056950130" visible="true" version="1" changeset="64434115" timestamp="2018-11-13T08:59:54Z" user="Tauntaun" uid="8076764" lat="26.8054280" lon="82.1508050"/>
 <node id="6056950131" visible="true" version="1" changeset="64434115" timestamp="2018-11-13T08:59:54Z" user="Tauntaun" uid="8076764" lat="26.8055907" lon="82.1500218"/>
 <node id="6056950132" visible="true" version="1" changeset="64434115" timestamp="2018-11-13T08:59:54Z" user="Tauntaun" uid="8076764" lat="26.8057631" lon="82.1492386"/>
 <node id="6056950133" visible="true" version="1" changeset="64434115" timestamp="2018-11-13T08:59:54Z" user="Tauntaun" uid="8076764" lat="26.8060408" lon="82.1485197"/>
 <node id="6056950134" visible="true" version="1" changeset="64434115" timestamp="2018-11-13T08:59:54Z" user="Tauntaun" uid="8076764" lat="26.8064238" lon="82.1475971"/>
 <node id="6056950135" visible="true" version="1" changeset="64434115" timestamp="2018-11-13T08:59:54Z" user="Tauntaun" uid="8076764" lat="26.8065292" lon="82.1455800"/>
 <node id="6056950136" visible="true" version="1" changeset="64434115" timestamp="2018-11-13T08:59:54Z" user="Tauntaun" uid="8076764" lat="26.8059546" lon="82.1438581"/>
 <node id="6056950137" visible="true" version="1" changeset="64434115" timestamp="2018-11-13T08:59:54Z" user="Tauntaun" uid="8076764" lat="26.8057056" lon="82.1437132"/>
 <node id="6056950138" visible="true" version="1" changeset="64434115" timestamp="2018-11-13T08:59:54Z" user="Tauntaun" uid="8076764" lat="26.8052795" lon="82.1435255"/>
 <node id="6056950139" visible="true" version="1" changeset="64434115" timestamp="2018-11-13T08:59:54Z" user="Tauntaun" uid="8076764" lat="26.8046906" lon="82.1433270"/>
 <node id="6056950140" visible="true" version="1" changeset="64434115" timestamp="2018-11-13T08:59:54Z" user="Tauntaun" uid="8076764" lat="26.8042453" lon="82.1430427"/>
 <node id="6056950141" visible="true" version="1" changeset="64434115" timestamp="2018-11-13T08:59:54Z" user="Tauntaun" uid="8076764" lat="26.8038096" lon="82.1427208"/>
 <node id="6056950142" visible="true" version="1" changeset="64434115" timestamp="2018-11-13T08:59:54Z" user="Tauntaun" uid="8076764" lat="26.8033787" lon="82.1421039"/>
 <node id="6056950143" visible="true" version="1" changeset="64434115" timestamp="2018-11-13T08:59:54Z" user="Tauntaun" uid="8076764" lat="26.8032255" lon="82.1415245"/>
 <node id="6056950144" visible="true" version="1" changeset="64434115" timestamp="2018-11-13T08:59:54Z" user="Tauntaun" uid="8076764" lat="26.8031632" lon="82.1410203"/>
 <node id="6056950145" visible="true" version="1" changeset="64434115" timestamp="2018-11-13T08:59:54Z" user="Tauntaun" uid="8076764" lat="26.8031680" lon="82.1406019"/>
 <node id="6056950146" visible="true" version="1" changeset="64434115" timestamp="2018-11-13T08:59:54Z" user="Tauntaun" uid="8076764" lat="26.8032255" lon="82.1400869"/>
 <node id="6056950147" visible="true" version="1" changeset="64434115" timestamp="2018-11-13T08:59:54Z" user="Tauntaun" uid="8076764" lat="26.8033595" lon="82.1391374"/>
 <node id="6056950148" visible="true" version="1" changeset="64434115" timestamp="2018-11-13T08:59:54Z" user="Tauntaun" uid="8076764" lat="26.8034026" lon="82.1383810"/>
 <node id="6056950149" visible="true" version="1" changeset="64434115" timestamp="2018-11-13T08:59:54Z" user="Tauntaun" uid="8076764" lat="26.8036707" lon="82.1378124"/>
 <node id="6056950150" visible="true" version="1" changeset="64434115" timestamp="2018-11-13T08:59:54Z" user="Tauntaun" uid="8076764" lat="26.8042214" lon="82.1355754"/>
 <node id="6056950151" visible="true" version="1" changeset="64434115" timestamp="2018-11-13T08:59:54Z" user="Tauntaun" uid="8076764" lat="26.8043219" lon="82.1349478"/>
 <node id="6056950152" visible="true" version="1" changeset="64434115" timestamp="2018-11-13T08:59:54Z" user="Tauntaun" uid="8076764" lat="26.8044560" lon="82.1344274"/>
 <node id="6056950153" visible="true" version="1" changeset="64434115" timestamp="2018-11-13T08:59:54Z" user="Tauntaun" uid="8076764" lat="26.8048007" lon="82.1339393"/>
 <node id="6056950154" visible="true" version="1" changeset="64434115" timestamp="2018-11-13T08:59:54Z" user="Tauntaun" uid="8076764" lat="26.8051263" lon="82.1336657"/>
 <node id="6056950155" visible="true" version="1" changeset="64434115" timestamp="2018-11-13T08:59:54Z" user="Tauntaun" uid="8076764" lat="26.8055333" lon="82.1330702"/>
 <node id="6056950156" visible="true" version="1" changeset="64434115" timestamp="2018-11-13T08:59:54Z" user="Tauntaun" uid="8076764" lat="26.8058924" lon="82.1326035"/>
 <node id="6056950157" visible="true" version="1" changeset="64434115" timestamp="2018-11-13T08:59:54Z" user="Tauntaun" uid="8076764" lat="26.8064909" lon="82.1320188"/>
 <node id="6056950158" visible="true" version="1" changeset="64434115" timestamp="2018-11-13T08:59:54Z" user="Tauntaun" uid="8076764" lat="26.8072809" lon="82.1310478"/>
 <node id="6056950159" visible="true" version="1" changeset="64434115" timestamp="2018-11-13T08:59:54Z" user="Tauntaun" uid="8076764" lat="26.8070223" lon="82.1314877"/>
 <node id="6056950160" visible="true" version="1" changeset="64434115" timestamp="2018-11-13T08:59:54Z" user="Tauntaun" uid="8076764" lat="26.8074724" lon="82.1305436"/>
 <node id="6056950161" visible="true" version="1" changeset="64434115" timestamp="2018-11-13T08:59:54Z" user="Tauntaun" uid="8076764" lat="26.8073814" lon="82.1297765"/>
 <node id="6056950162" visible="true" version="1" changeset="64434115" timestamp="2018-11-13T08:59:54Z" user="Tauntaun" uid="8076764" lat="26.8065579" lon="82.1279204"/>
 <node id="6056950163" visible="true" version="1" changeset="64434115" timestamp="2018-11-13T08:59:55Z" user="Tauntaun" uid="8076764" lat="26.8062611" lon="82.1269548"/>
 <node id="6056950164" visible="true" version="1" changeset="64434115" timestamp="2018-11-13T08:59:55Z" user="Tauntaun" uid="8076764" lat="26.8054663" lon="82.1246213"/>
 <node id="6056950165" visible="true" version="1" changeset="64434115" timestamp="2018-11-13T08:59:55Z" user="Tauntaun" uid="8076764" lat="26.8052843" lon="82.1239614"/>
 <node id="6056950166" visible="true" version="1" changeset="64434115" timestamp="2018-11-13T08:59:55Z" user="Tauntaun" uid="8076764" lat="26.8048821" lon="82.1232212"/>
 <node id="6056950167" visible="true" version="1" changeset="64434115" timestamp="2018-11-13T08:59:55Z" user="Tauntaun" uid="8076764" lat="26.8046667" lon="82.1226847"/>
 <node id="6056950168" visible="true" version="1" changeset="64434115" timestamp="2018-11-13T08:59:55Z" user="Tauntaun" uid="8076764" lat="26.8044512" lon="82.1223682"/>
 <node id="6056950169" visible="true" version="1" changeset="64434115" timestamp="2018-11-13T08:59:55Z" user="Tauntaun" uid="8076764" lat="26.8041112" lon="82.1219283"/>
 <node id="6056950170" visible="true" version="1" changeset="64434115" timestamp="2018-11-13T08:59:55Z" user="Tauntaun" uid="8076764" lat="26.8036803" lon="82.1212739"/>
 <node id="6056950171" visible="true" version="1" changeset="64434115" timestamp="2018-11-13T08:59:55Z" user="Tauntaun" uid="8076764" lat="26.8027131" lon="82.1197826"/>
 <node id="6056950172" visible="true" version="1" changeset="64434115" timestamp="2018-11-13T08:59:55Z" user="Tauntaun" uid="8076764" lat="26.8021769" lon="82.1190154"/>
 <node id="6056950173" visible="true" version="1" changeset="64434115" timestamp="2018-11-13T08:59:55Z" user="Tauntaun" uid="8076764" lat="26.8017316" lon="82.1183717"/>
 <node id="6056950174" visible="true" version="1" changeset="64434115" timestamp="2018-11-13T08:59:55Z" user="Tauntaun" uid="8076764" lat="26.8008984" lon="82.1174276"/>
 <node id="6056950175" visible="true" version="1" changeset="64434115" timestamp="2018-11-13T08:59:55Z" user="Tauntaun" uid="8076764" lat="26.8003382" lon="82.1169501"/>
 <node id="6056950176" visible="true" version="1" changeset="64434115" timestamp="2018-11-13T08:59:55Z" user="Tauntaun" uid="8076764" lat="26.7997349" lon="82.1166658"/>
 <node id="6056950190" visible="true" version="2" changeset="95053688" timestamp="2020-11-30T15:28:22Z" user="mottiger" uid="7504544" lat="26.7847899" lon="82.0908308"/>
 <node id="6056950191" visible="true" version="2" changeset="95053688" timestamp="2020-11-30T15:28:22Z" user="mottiger" uid="7504544" lat="26.7844834" lon="82.0896721"/>
 <node id="6056950192" visible="true" version="1" changeset="64434115" timestamp="2018-11-13T08:59:56Z" user="Tauntaun" uid="8076764" lat="26.7838656" lon="82.0879716"/>
 <node id="6056950193" visible="true" version="1" changeset="64434115" timestamp="2018-11-13T08:59:56Z" user="Tauntaun" uid="8076764" lat="26.7834346" lon="82.0872581"/>
 <node id="6056950194" visible="true" version="1" changeset="64434115" timestamp="2018-11-13T08:59:56Z" user="Tauntaun" uid="8076764" lat="26.7831569" lon="82.0865875"/>
 <node id="6056950195" visible="true" version="1" changeset="64434115" timestamp="2018-11-13T08:59:56Z" user="Tauntaun" uid="8076764" lat="26.7823763" lon="82.0854986"/>
 <node id="6056950196" visible="true" version="2" changeset="95065897" timestamp="2020-11-30T19:48:46Z" user="mottiger" uid="7504544" lat="26.7812892" lon="82.0846456"/>
 <node id="6056950197" visible="true" version="2" changeset="95065897" timestamp="2020-11-30T19:48:46Z" user="mottiger" uid="7504544" lat="26.7804224" lon="82.0842647"/>
 <node id="6056950198" visible="true" version="2" changeset="95065897" timestamp="2020-11-30T19:48:46Z" user="mottiger" uid="7504544" lat="26.7797807" lon="82.0838678"/>
 <node id="6056950199" visible="true" version="2" changeset="95065897" timestamp="2020-11-30T19:48:46Z" user="mottiger" uid="7504544" lat="26.7794550" lon="82.0837015"/>
 <node id="6056950200" visible="true" version="2" changeset="95065897" timestamp="2020-11-30T19:48:46Z" user="mottiger" uid="7504544" lat="26.7788276" lon="82.0835406"/>
 <node id="6056950215" visible="true" version="1" changeset="64434115" timestamp="2018-11-13T08:59:57Z" user="Tauntaun" uid="8076764" lat="26.7762942" lon="82.0744586"/>
 <node id="6056950216" visible="true" version="1" changeset="64434115" timestamp="2018-11-13T08:59:57Z" user="Tauntaun" uid="8076764" lat="26.7762942" lon="82.0738900"/>
 <node id="6056950217" visible="true" version="1" changeset="64434115" timestamp="2018-11-13T08:59:57Z" user="Tauntaun" uid="8076764" lat="26.7762846" lon="82.0732892"/>
 <node id="6056950218" visible="true" version="1" changeset="64434115" timestamp="2018-11-13T08:59:57Z" user="Tauntaun" uid="8076764" lat="26.7761792" lon="82.0717415"/>
 <node id="6056950219" visible="true" version="1" changeset="64434115" timestamp="2018-11-13T08:59:57Z" user="Tauntaun" uid="8076764" lat="26.7761673" lon="82.0712990"/>
 <node id="6056950220" visible="true" version="1" changeset="64434115" timestamp="2018-11-13T08:59:57Z" user="Tauntaun" uid="8076764" lat="26.7761265" lon="82.0710629"/>
 <node id="6056950221" visible="true" version="1" changeset="64434115" timestamp="2018-11-13T08:59:57Z" user="Tauntaun" uid="8076764" lat="26.7760834" lon="82.0709234"/>
 <node id="6056950222" visible="true" version="1" changeset="64434115" timestamp="2018-11-13T08:59:57Z" user="Tauntaun" uid="8076764" lat="26.7760332" lon="82.0707062"/>
 <node id="6056950223" visible="true" version="1" changeset="64434115" timestamp="2018-11-13T08:59:57Z" user="Tauntaun" uid="8076764" lat="26.7760092" lon="82.0704728"/>
 <node id="6056950224" visible="true" version="1" changeset="64434115" timestamp="2018-11-13T08:59:57Z" user="Tauntaun" uid="8076764" lat="26.7759374" lon="82.0701805"/>
 <node id="6056950225" visible="true" version="1" changeset="64434115" timestamp="2018-11-13T08:59:57Z" user="Tauntaun" uid="8076764" lat="26.7758703" lon="82.0696521"/>
 <node id="6056950226" visible="true" version="1" changeset="64434115" timestamp="2018-11-13T08:59:57Z" user="Tauntaun" uid="8076764" lat="26.7758919" lon="82.0692202"/>
 <node id="6056950227" visible="true" version="1" changeset="64434115" timestamp="2018-11-13T08:59:57Z" user="Tauntaun" uid="8076764" lat="26.7759206" lon="82.0688313"/>
 <node id="6056950228" visible="true" version="1" changeset="64434115" timestamp="2018-11-13T08:59:57Z" user="Tauntaun" uid="8076764" lat="26.7761218" lon="82.0668840"/>
 <node id="6056950229" visible="true" version="1" changeset="64434115" timestamp="2018-11-13T08:59:57Z" user="Tauntaun" uid="8076764" lat="26.7762702" lon="82.0661867"/>
 <node id="6056950230" visible="true" version="1" changeset="64434115" timestamp="2018-11-13T08:59:57Z" user="Tauntaun" uid="8076764" lat="26.7764283" lon="82.0655805"/>
 <node id="6056950231" visible="true" version="1" changeset="64434115" timestamp="2018-11-13T08:59:57Z" user="Tauntaun" uid="8076764" lat="26.7767300" lon="82.0646793"/>
 <node id="6056950232" visible="true" version="1" changeset="64434115" timestamp="2018-11-13T08:59:57Z" user="Tauntaun" uid="8076764" lat="26.7770461" lon="82.0635903"/>
 <node id="6056950233" visible="true" version="1" changeset="64434115" timestamp="2018-11-13T08:59:57Z" user="Tauntaun" uid="8076764" lat="26.7772616" lon="82.0627481"/>
 <node id="6056950234" visible="true" version="1" changeset="64434115" timestamp="2018-11-13T08:59:57Z" user="Tauntaun" uid="8076764" lat="26.7774005" lon="82.0613050"/>
 <node id="6056950235" visible="true" version="1" changeset="64434115" timestamp="2018-11-13T08:59:57Z" user="Tauntaun" uid="8076764" lat="26.7773095" lon="82.0607364"/>
 <node id="6056950236" visible="true" version="1" changeset="64434115" timestamp="2018-11-13T08:59:57Z" user="Tauntaun" uid="8076764" lat="26.7772233" lon="82.0601302"/>
 <node id="6056950237" visible="true" version="1" changeset="64434115" timestamp="2018-11-13T08:59:57Z" user="Tauntaun" uid="8076764" lat="26.7770796" lon="82.0596904"/>
 <node id="6056950238" visible="true" version="1" changeset="64434115" timestamp="2018-11-13T08:59:57Z" user="Tauntaun" uid="8076764" lat="26.7769263" lon="82.0591968"/>
 <node id="6056950239" visible="true" version="1" changeset="64434115" timestamp="2018-11-13T08:59:57Z" user="Tauntaun" uid="8076764" lat="26.7769072" lon="82.0587623"/>
 <node id="6056950240" visible="true" version="1" changeset="64434115" timestamp="2018-11-13T08:59:57Z" user="Tauntaun" uid="8076764" lat="26.7770078" lon="82.0577109"/>
 <node id="6056950241" visible="true" version="1" changeset="64434115" timestamp="2018-11-13T08:59:57Z" user="Tauntaun" uid="8076764" lat="26.7770892" lon="82.0564073"/>
 <node id="6056950242" visible="true" version="1" changeset="64434115" timestamp="2018-11-13T08:59:57Z" user="Tauntaun" uid="8076764" lat="26.7772616" lon="82.0553666"/>
 <node id="6056950243" visible="true" version="1" changeset="64434115" timestamp="2018-11-13T08:59:57Z" user="Tauntaun" uid="8076764" lat="26.7774819" lon="82.0547604"/>
 <node id="6056950244" visible="true" version="1" changeset="64434115" timestamp="2018-11-13T08:59:57Z" user="Tauntaun" uid="8076764" lat="26.7779512" lon="82.0532799"/>
 <node id="6056950245" visible="true" version="1" changeset="64434115" timestamp="2018-11-13T08:59:57Z" user="Tauntaun" uid="8076764" lat="26.7782003" lon="82.0523465"/>
 <node id="6056950246" visible="true" version="1" changeset="64434115" timestamp="2018-11-13T08:59:57Z" user="Tauntaun" uid="8076764" lat="26.7782960" lon="82.0514130"/>
 <node id="6056950247" visible="true" version="1" changeset="64434115" timestamp="2018-11-13T08:59:57Z" user="Tauntaun" uid="8076764" lat="26.7783248" lon="82.0502651"/>
 <node id="6056950248" visible="true" version="1" changeset="64434115" timestamp="2018-11-13T08:59:57Z" user="Tauntaun" uid="8076764" lat="26.7784397" lon="82.0494926"/>
 <node id="6056950249" visible="true" version="1" changeset="64434115" timestamp="2018-11-13T08:59:57Z" user="Tauntaun" uid="8076764" lat="26.7789521" lon="82.0480281"/>
 <node id="6056950250" visible="true" version="1" changeset="64434115" timestamp="2018-11-13T08:59:57Z" user="Tauntaun" uid="8076764" lat="26.7793640" lon="82.0470464"/>
 <node id="6056968037" visible="true" version="1" changeset="64434320" timestamp="2018-11-13T09:07:25Z" user="Tauntaun" uid="8076764" lat="26.8123224" lon="82.1532726"/>
 <node id="6056968038" visible="true" version="1" changeset="64434320" timestamp="2018-11-13T09:07:25Z" user="Tauntaun" uid="8076764" lat="26.8120735" lon="82.1540505"/>
 <node id="6056968039" visible="true" version="1" changeset="64434320" timestamp="2018-11-13T09:07:25Z" user="Tauntaun" uid="8076764" lat="26.8117623" lon="82.1551394"/>
 <node id="6056968040" visible="true" version="1" changeset="64434320" timestamp="2018-11-13T09:07:25Z" user="Tauntaun" uid="8076764" lat="26.8116761" lon="82.1562338"/>
 <node id="6056968041" visible="true" version="1" changeset="64434320" timestamp="2018-11-13T09:07:25Z" user="Tauntaun" uid="8076764" lat="26.8120543" lon="82.1575266"/>
 <node id="6056968042" visible="true" version="1" changeset="64434320" timestamp="2018-11-13T09:07:25Z" user="Tauntaun" uid="8076764" lat="26.8127629" lon="82.1600586"/>
 <node id="6056968043" visible="true" version="1" changeset="64434320" timestamp="2018-11-13T09:07:25Z" user="Tauntaun" uid="8076764" lat="26.8128299" lon="82.1593720"/>
 <node id="6056968044" visible="true" version="1" changeset="64434320" timestamp="2018-11-13T09:07:25Z" user="Tauntaun" uid="8076764" lat="26.8127677" lon="82.1589535"/>
 <node id="6056968045" visible="true" version="1" changeset="64434320" timestamp="2018-11-13T09:07:25Z" user="Tauntaun" uid="8076764" lat="26.8126145" lon="82.1608794"/>
 <node id="6056968046" visible="true" version="1" changeset="64434320" timestamp="2018-11-13T09:07:25Z" user="Tauntaun" uid="8076764" lat="26.8124230" lon="82.1618771"/>
 <node id="6056968047" visible="true" version="1" changeset="64434320" timestamp="2018-11-13T09:07:25Z" user="Tauntaun" uid="8076764" lat="26.8121596" lon="82.1627945"/>
 <node id="6056968048" visible="true" version="1" changeset="64434320" timestamp="2018-11-13T09:07:25Z" user="Tauntaun" uid="8076764" lat="26.8119298" lon="82.1638781"/>
 <node id="6056968049" visible="true" version="1" changeset="64434320" timestamp="2018-11-13T09:07:25Z" user="Tauntaun" uid="8076764" lat="26.8111399" lon="82.1656537"/>
 <node id="6056968050" visible="true" version="1" changeset="64434320" timestamp="2018-11-13T09:07:25Z" user="Tauntaun" uid="8076764" lat="26.8109531" lon="82.1666568"/>
 <node id="6056968051" visible="true" version="1" changeset="64434320" timestamp="2018-11-13T09:07:25Z" user="Tauntaun" uid="8076764" lat="26.8107185" lon="82.1677458"/>
 <node id="6056968052" visible="true" version="1" changeset="64434320" timestamp="2018-11-13T09:07:25Z" user="Tauntaun" uid="8076764" lat="26.8105653" lon="82.1688294"/>
 <node id="6056968053" visible="true" version="1" changeset="64434320" timestamp="2018-11-13T09:07:25Z" user="Tauntaun" uid="8076764" lat="26.8108095" lon="82.1707231"/>
 <node id="6056968054" visible="true" version="1" changeset="64434320" timestamp="2018-11-13T09:07:25Z" user="Tauntaun" uid="8076764" lat="26.8109866" lon="82.1718335"/>
 <node id="6056968055" visible="true" version="1" changeset="64434320" timestamp="2018-11-13T09:07:25Z" user="Tauntaun" uid="8076764" lat="26.8110968" lon="82.1729386"/>
 <node id="6056968056" visible="true" version="1" changeset="64434320" timestamp="2018-11-13T09:07:25Z" user="Tauntaun" uid="8076764" lat="26.8114367" lon="82.1745264"/>
 <node id="6056968057" visible="true" version="1" changeset="64434320" timestamp="2018-11-13T09:07:25Z" user="Tauntaun" uid="8076764" lat="26.8115899" lon="82.1747678"/>
 <node id="6056968058" visible="true" version="1" changeset="64434320" timestamp="2018-11-13T09:07:25Z" user="Tauntaun" uid="8076764" lat="26.8117240" lon="82.1748269"/>
 <node id="6056968059" visible="true" version="1" changeset="64434320" timestamp="2018-11-13T09:07:25Z" user="Tauntaun" uid="8076764" lat="26.8118341" lon="82.1747518"/>
 <node id="6056968060" visible="true" version="1" changeset="64434320" timestamp="2018-11-13T09:07:25Z" user="Tauntaun" uid="8076764" lat="26.8121453" lon="82.1739739"/>
 <node id="6056968061" visible="true" version="1" changeset="64434320" timestamp="2018-11-13T09:07:25Z" user="Tauntaun" uid="8076764" lat="26.8124421" lon="82.1726865"/>
 <node id="6056968062" visible="true" version="1" changeset="64434320" timestamp="2018-11-13T09:07:25Z" user="Tauntaun" uid="8076764" lat="26.8126815" lon="82.1719140"/>
 <node id="6056968063" visible="true" version="1" changeset="64434320" timestamp="2018-11-13T09:07:25Z" user="Tauntaun" uid="8076764" lat="26.8128299" lon="82.1715224"/>
 <node id="6056968064" visible="true" version="1" changeset="64434320" timestamp="2018-11-13T09:07:25Z" user="Tauntaun" uid="8076764" lat="26.8129496" lon="82.1703744"/>
 <node id="6056968065" visible="true" version="1" changeset="64434320" timestamp="2018-11-13T09:07:25Z" user="Tauntaun" uid="8076764" lat="26.8131459" lon="82.1696716"/>
 <node id="6056968066" visible="true" version="1" changeset="64434320" timestamp="2018-11-13T09:07:25Z" user="Tauntaun" uid="8076764" lat="26.8134427" lon="82.1688294"/>
 <node id="6056968067" visible="true" version="1" changeset="64434320" timestamp="2018-11-13T09:07:25Z" user="Tauntaun" uid="8076764" lat="26.8135768" lon="82.1677995"/>
 <node id="6056968068" visible="true" version="1" changeset="64434320" timestamp="2018-11-13T09:07:25Z" user="Tauntaun" uid="8076764" lat="26.8137396" lon="82.1669412"/>
 <node id="6056968069" visible="true" version="1" changeset="64434320" timestamp="2018-11-13T09:07:25Z" user="Tauntaun" uid="8076764" lat="26.8137874" lon="82.1655840"/>
 <node id="6056968070" visible="true" version="1" changeset="64434320" timestamp="2018-11-13T09:07:25Z" user="Tauntaun" uid="8076764" lat="26.8140986" lon="82.1633685"/>
 <node id="6056968071" visible="true" version="1" changeset="64434320" timestamp="2018-11-13T09:07:25Z" user="Tauntaun" uid="8076764" lat="26.8141034" lon="82.1626389"/>
 <node id="6056968072" visible="true" version="1" changeset="64434320" timestamp="2018-11-13T09:07:26Z" user="Tauntaun" uid="8076764" lat="26.8140268" lon="82.1622017"/>
 <node id="6056968073" visible="true" version="1" changeset="64434320" timestamp="2018-11-13T09:07:26Z" user="Tauntaun" uid="8076764" lat="26.8139598" lon="82.1616787"/>
 <node id="6056968074" visible="true" version="1" changeset="64434320" timestamp="2018-11-13T09:07:26Z" user="Tauntaun" uid="8076764" lat="26.8139789" lon="82.1611020"/>
 <node id="6056968075" visible="true" version="1" changeset="64434320" timestamp="2018-11-13T09:07:26Z" user="Tauntaun" uid="8076764" lat="26.8140938" lon="82.1604368"/>
 <node id="6056968076" visible="true" version="1" changeset="64434320" timestamp="2018-11-13T09:07:26Z" user="Tauntaun" uid="8076764" lat="26.8142327" lon="82.1597931"/>
 <node id="6056968077" visible="true" version="1" changeset="64434320" timestamp="2018-11-13T09:07:26Z" user="Tauntaun" uid="8076764" lat="26.8143667" lon="82.1587712"/>
 <node id="6056968078" visible="true" version="1" changeset="64434320" timestamp="2018-11-13T09:07:26Z" user="Tauntaun" uid="8076764" lat="26.8144314" lon="82.1580604"/>
 <node id="6056968079" visible="true" version="1" changeset="64434320" timestamp="2018-11-13T09:07:26Z" user="Tauntaun" uid="8076764" lat="26.8144242" lon="82.1576473"/>
 <node id="6056968080" visible="true" version="1" changeset="64434320" timestamp="2018-11-13T09:07:26Z" user="Tauntaun" uid="8076764" lat="26.8144146" lon="82.1572530"/>
 <node id="6056968081" visible="true" version="1" changeset="64434320" timestamp="2018-11-13T09:07:26Z" user="Tauntaun" uid="8076764" lat="26.8143452" lon="82.1567729"/>
 <node id="6056968082" visible="true" version="1" changeset="64434320" timestamp="2018-11-13T09:07:26Z" user="Tauntaun" uid="8076764" lat="26.8143117" lon="82.1556115"/>
 <node id="6056968083" visible="true" version="1" changeset="64434320" timestamp="2018-11-13T09:07:26Z" user="Tauntaun" uid="8076764" lat="26.8142662" lon="82.1543938"/>
 <node id="6056968084" visible="true" version="1" changeset="64434320" timestamp="2018-11-13T09:07:26Z" user="Tauntaun" uid="8076764" lat="26.8141178" lon="82.1540236"/>
 <node id="6056968085" visible="true" version="1" changeset="64434320" timestamp="2018-11-13T09:07:26Z" user="Tauntaun" uid="8076764" lat="26.8138521" lon="82.1536911"/>
 <node id="6056968086" visible="true" version="1" changeset="64434320" timestamp="2018-11-13T09:07:26Z" user="Tauntaun" uid="8076764" lat="26.8137252" lon="82.1535650"/>
 <node id="6056968087" visible="true" version="1" changeset="64434320" timestamp="2018-11-13T09:07:26Z" user="Tauntaun" uid="8076764" lat="26.8132416" lon="82.1528193"/>
 <node id="6056968088" visible="true" version="1" changeset="64434320" timestamp="2018-11-13T09:07:26Z" user="Tauntaun" uid="8076764" lat="26.8131100" lon="82.1525618"/>
 <node id="6056968089" visible="true" version="1" changeset="64434320" timestamp="2018-11-13T09:07:26Z" user="Tauntaun" uid="8076764" lat="26.8130406" lon="82.1524063"/>
 <node id="6056968090" visible="true" version="1" changeset="64434320" timestamp="2018-11-13T09:07:26Z" user="Tauntaun" uid="8076764" lat="26.8129544" lon="82.1524116"/>
 <node id="6056968091" visible="true" version="1" changeset="64434320" timestamp="2018-11-13T09:07:26Z" user="Tauntaun" uid="8076764" lat="26.8126791" lon="82.1526530"/>
 <node id="6056968092" visible="true" version="1" changeset="64434320" timestamp="2018-11-13T09:07:26Z" user="Tauntaun" uid="8076764" lat="26.8117958" lon="82.1567327"/>
 <node id="6056968093" visible="true" version="1" changeset="64434320" timestamp="2018-11-13T09:07:26Z" user="Tauntaun" uid="8076764" lat="26.8124996" lon="82.1583581"/>
 <node id="6056968094" visible="true" version="1" changeset="64434320" timestamp="2018-11-13T09:07:26Z" user="Tauntaun" uid="8076764" lat="26.8116857" lon="82.1644038"/>
 <node id="6056968095" visible="true" version="1" changeset="64434320" timestamp="2018-11-13T09:07:26Z" user="Tauntaun" uid="8076764" lat="26.8105558" lon="82.1694678"/>
 <node id="6056968096" visible="true" version="1" changeset="64434320" timestamp="2018-11-13T09:07:26Z" user="Tauntaun" uid="8076764" lat="26.8112548" lon="82.1742153"/>
 <node id="6056968097" visible="true" version="1" changeset="64434320" timestamp="2018-11-13T09:07:26Z" user="Tauntaun" uid="8076764" lat="26.8119729" lon="82.1746230"/>
 <node id="6056968098" visible="true" version="1" changeset="64434320" timestamp="2018-11-13T09:07:26Z" user="Tauntaun" uid="8076764" lat="26.8128634" lon="82.1709806"/>
 <node id="6056968099" visible="true" version="1" changeset="64434320" timestamp="2018-11-13T09:07:26Z" user="Tauntaun" uid="8076764" lat="26.8139694" lon="82.1643823"/>
 <node id="6056968100" visible="true" version="1" changeset="64434320" timestamp="2018-11-13T09:07:26Z" user="Tauntaun" uid="8076764" lat="26.8142854" lon="82.1592700"/>
 <node id="6056968101" visible="true" version="1" changeset="64434320" timestamp="2018-11-13T09:07:26Z" user="Tauntaun" uid="8076764" lat="26.8142949" lon="82.1547076"/>
 <node id="6056968102" visible="true" version="1" changeset="64434320" timestamp="2018-11-13T09:07:26Z" user="Tauntaun" uid="8076764" lat="26.8135002" lon="82.1531895"/>
 <node id="6056968103" visible="true" version="1" changeset="64434320" timestamp="2018-11-13T09:07:26Z" user="Tauntaun" uid="8076764" lat="26.8128060" lon="82.1524948"/>
 <node id="6056968104" visible="true" version="1" changeset="64434320" timestamp="2018-11-13T09:07:26Z" user="Tauntaun" uid="8076764" lat="26.8042597" lon="82.1858078"/>
 <node id="6056968105" visible="true" version="1" changeset="64434320" timestamp="2018-11-13T09:07:26Z" user="Tauntaun" uid="8076764" lat="26.8035510" lon="82.1913278"/>
 <node id="6056968106" visible="true" version="1" changeset="64434320" timestamp="2018-11-13T09:07:26Z" user="Tauntaun" uid="8076764" lat="26.8028520" lon="82.1896648"/>
 <node id="6056968107" visible="true" version="1" changeset="64434320" timestamp="2018-11-13T09:07:26Z" user="Tauntaun" uid="8076764" lat="26.8027658" lon="82.1888709"/>
 <node id="6056968108" visible="true" version="1" changeset="64434320" timestamp="2018-11-13T09:07:26Z" user="Tauntaun" uid="8076764" lat="26.8027467" lon="82.1881843"/>
 <node id="6056968109" visible="true" version="1" changeset="64434320" timestamp="2018-11-13T09:07:26Z" user="Tauntaun" uid="8076764" lat="26.8030148" lon="82.1875620"/>
 <node id="6056968110" visible="true" version="1" changeset="64434320" timestamp="2018-11-13T09:07:26Z" user="Tauntaun" uid="8076764" lat="26.8039628" lon="82.1864355"/>
 <node id="6056968111" visible="true" version="1" changeset="64434320" timestamp="2018-11-13T09:07:26Z" user="Tauntaun" uid="8076764" lat="26.8045661" lon="82.1836030"/>
 <node id="6056968112" visible="true" version="1" changeset="64434320" timestamp="2018-11-13T09:07:26Z" user="Tauntaun" uid="8076764" lat="26.8047002" lon="82.1814787"/>
 <node id="6056968113" visible="true" version="1" changeset="64434320" timestamp="2018-11-13T09:07:26Z" user="Tauntaun" uid="8076764" lat="26.8046140" lon="82.1809316"/>
 <node id="6056968114" visible="true" version="1" changeset="64434320" timestamp="2018-11-13T09:07:26Z" user="Tauntaun" uid="8076764" lat="26.8044608" lon="82.1805239"/>
 <node id="6056968115" visible="true" version="1" changeset="64434320" timestamp="2018-11-13T09:07:26Z" user="Tauntaun" uid="8076764" lat="26.8043842" lon="82.1801376"/>
 <node id="6056968116" visible="true" version="1" changeset="64434320" timestamp="2018-11-13T09:07:26Z" user="Tauntaun" uid="8076764" lat="26.8044799" lon="82.1796548"/>
 <node id="6056968117" visible="true" version="1" changeset="64434320" timestamp="2018-11-13T09:07:26Z" user="Tauntaun" uid="8076764" lat="26.8049156" lon="82.1772194"/>
 <node id="6056968118" visible="true" version="1" changeset="64434320" timestamp="2018-11-13T09:07:26Z" user="Tauntaun" uid="8076764" lat="26.8050784" lon="82.1762538"/>
 <node id="6056968119" visible="true" version="1" changeset="64434320" timestamp="2018-11-13T09:07:26Z" user="Tauntaun" uid="8076764" lat="26.8051359" lon="82.1756208"/>
 <node id="6056968120" visible="true" version="1" changeset="64434320" timestamp="2018-11-13T09:07:26Z" user="Tauntaun" uid="8076764" lat="26.8051933" lon="82.1749502"/>
 <node id="6056968121" visible="true" version="1" changeset="64434320" timestamp="2018-11-13T09:07:26Z" user="Tauntaun" uid="8076764" lat="26.8051694" lon="82.1740007"/>
 <node id="6056968122" visible="true" version="1" changeset="64434320" timestamp="2018-11-13T09:07:26Z" user="Tauntaun" uid="8076764" lat="26.8051550" lon="82.1730620"/>
 <node id="6056968123" visible="true" version="1" changeset="64434320" timestamp="2018-11-13T09:07:26Z" user="Tauntaun" uid="8076764" lat="26.8051646" lon="82.1722251"/>
 <node id="6056968124" visible="true" version="1" changeset="64434320" timestamp="2018-11-13T09:07:26Z" user="Tauntaun" uid="8076764" lat="26.8056626" lon="82.1706158"/>
 <node id="6056968125" visible="true" version="1" changeset="64434320" timestamp="2018-11-13T09:07:26Z" user="Tauntaun" uid="8076764" lat="26.8058780" lon="82.1699238"/>
 <node id="6056968126" visible="true" version="1" changeset="64434320" timestamp="2018-11-13T09:07:26Z" user="Tauntaun" uid="8076764" lat="26.8060600" lon="82.1693605"/>
 <node id="6056968127" visible="true" version="1" changeset="64434320" timestamp="2018-11-13T09:07:26Z" user="Tauntaun" uid="8076764" lat="26.8062754" lon="82.1682769"/>
 <node id="6056968128" visible="true" version="1" changeset="64434320" timestamp="2018-11-13T09:07:26Z" user="Tauntaun" uid="8076764" lat="26.8064095" lon="82.1676815"/>
 <node id="6056968129" visible="true" version="1" changeset="64434320" timestamp="2018-11-13T09:07:26Z" user="Tauntaun" uid="8076764" lat="26.8068117" lon="82.1660668"/>
 <node id="6056968130" visible="true" version="1" changeset="64434320" timestamp="2018-11-13T09:07:26Z" user="Tauntaun" uid="8076764" lat="26.8073096" lon="82.1634167"/>
 <node id="6056968131" visible="true" version="1" changeset="64434320" timestamp="2018-11-13T09:07:26Z" user="Tauntaun" uid="8076764" lat="26.8078075" lon="82.1616626"/>
 <node id="6056968132" visible="true" version="1" changeset="64434320" timestamp="2018-11-13T09:07:26Z" user="Tauntaun" uid="8076764" lat="26.8078602" lon="82.1609062"/>
 <node id="6056968133" visible="true" version="1" changeset="64434320" timestamp="2018-11-13T09:07:26Z" user="Tauntaun" uid="8076764" lat="26.8078315" lon="82.1598118"/>
 <node id="6056968134" visible="true" version="1" changeset="64434320" timestamp="2018-11-13T09:07:26Z" user="Tauntaun" uid="8076764" lat="26.8077836" lon="82.1593666"/>
 <node id="6056968135" visible="true" version="1" changeset="64434320" timestamp="2018-11-13T09:07:26Z" user="Tauntaun" uid="8076764" lat="26.8075969" lon="82.1586531"/>
 <node id="6056968136" visible="true" version="1" changeset="64434320" timestamp="2018-11-13T09:07:26Z" user="Tauntaun" uid="8076764" lat="26.8072474" lon="82.1577787"/>
 <node id="6056968137" visible="true" version="1" changeset="64434320" timestamp="2018-11-13T09:07:26Z" user="Tauntaun" uid="8076764" lat="26.8071851" lon="82.1573228"/>
 <node id="6056968138" visible="true" version="1" changeset="64434320" timestamp="2018-11-13T09:07:26Z" user="Tauntaun" uid="8076764" lat="26.8071851" lon="82.1570009"/>
 <node id="6056968139" visible="true" version="1" changeset="64434320" timestamp="2018-11-13T09:07:26Z" user="Tauntaun" uid="8076764" lat="26.8072857" lon="82.1564108"/>
 <node id="6056968140" visible="true" version="1" changeset="64434320" timestamp="2018-11-13T09:07:26Z" user="Tauntaun" uid="8076764" lat="26.8075538" lon="82.1551448"/>
 <node id="6056968141" visible="true" version="1" changeset="64434320" timestamp="2018-11-13T09:07:26Z" user="Tauntaun" uid="8076764" lat="26.8075729" lon="82.1548068"/>
 <node id="6056968142" visible="true" version="1" changeset="64434320" timestamp="2018-11-13T09:07:26Z" user="Tauntaun" uid="8076764" lat="26.8075298" lon="82.1540183"/>
 <node id="6056968143" visible="true" version="1" changeset="64434320" timestamp="2018-11-13T09:07:26Z" user="Tauntaun" uid="8076764" lat="26.8073000" lon="82.1530849"/>
 <node id="6056968144" visible="true" version="1" changeset="64434320" timestamp="2018-11-13T09:07:26Z" user="Tauntaun" uid="8076764" lat="26.8070750" lon="82.1526611"/>
 <node id="6056968145" visible="true" version="1" changeset="64434320" timestamp="2018-11-13T09:07:26Z" user="Tauntaun" uid="8076764" lat="26.8066920" lon="82.1519530"/>
 <node id="6056968146" visible="true" version="1" changeset="64434320" timestamp="2018-11-13T09:07:26Z" user="Tauntaun" uid="8076764" lat="26.8062371" lon="82.1511215"/>
 <node id="6056968147" visible="true" version="1" changeset="64434320" timestamp="2018-11-13T09:07:27Z" user="Tauntaun" uid="8076764" lat="26.8060935" lon="82.1506548"/>
 <node id="6056968148" visible="true" version="1" changeset="64434320" timestamp="2018-11-13T09:07:27Z" user="Tauntaun" uid="8076764" lat="26.8063233" lon="82.1494585"/>
 <node id="6056968149" visible="true" version="1" changeset="64434320" timestamp="2018-11-13T09:07:27Z" user="Tauntaun" uid="8076764" lat="26.8066345" lon="82.1490186"/>
 <node id="6056968150" visible="true" version="1" changeset="64434320" timestamp="2018-11-13T09:07:27Z" user="Tauntaun" uid="8076764" lat="26.8068978" lon="82.1484500"/>
 <node id="6056968151" visible="true" version="1" changeset="64434320" timestamp="2018-11-13T09:07:27Z" user="Tauntaun" uid="8076764" lat="26.8070702" lon="82.1474415"/>
 <node id="6056968152" visible="true" version="1" changeset="64434320" timestamp="2018-11-13T09:07:27Z" user="Tauntaun" uid="8076764" lat="26.8070558" lon="82.1466368"/>
 <node id="6056968153" visible="true" version="1" changeset="64434320" timestamp="2018-11-13T09:07:27Z" user="Tauntaun" uid="8076764" lat="26.8072282" lon="82.1458536"/>
 <node id="6056968154" visible="true" version="1" changeset="64434320" timestamp="2018-11-13T09:07:27Z" user="Tauntaun" uid="8076764" lat="26.8073527" lon="82.1455264"/>
 <node id="6056968155" visible="true" version="1" changeset="64434320" timestamp="2018-11-13T09:07:27Z" user="Tauntaun" uid="8076764" lat="26.8072952" lon="82.1445662"/>
 <node id="6056968156" visible="true" version="1" changeset="64434320" timestamp="2018-11-13T09:07:27Z" user="Tauntaun" uid="8076764" lat="26.8067877" lon="82.1438312"/>
 <node id="6056968157" visible="true" version="1" changeset="64434320" timestamp="2018-11-13T09:07:27Z" user="Tauntaun" uid="8076764" lat="26.8062563" lon="82.1431768"/>
 <node id="6056968158" visible="true" version="1" changeset="64434320" timestamp="2018-11-13T09:07:27Z" user="Tauntaun" uid="8076764" lat="26.8056721" lon="82.1426779"/>
 <node id="6056968159" visible="true" version="1" changeset="64434320" timestamp="2018-11-13T09:07:27Z" user="Tauntaun" uid="8076764" lat="26.8049204" lon="82.1420449"/>
 <node id="6056968160" visible="true" version="1" changeset="64434320" timestamp="2018-11-13T09:07:27Z" user="Tauntaun" uid="8076764" lat="26.8039389" lon="82.1406716"/>
 <node id="6056968161" visible="true" version="2" changeset="110184941" timestamp="2021-08-24T16:48:22Z" user="vineet@spad" uid="13969904" lat="26.8040251" lon="82.1404088"/>
 <node id="6056968162" visible="true" version="2" changeset="110184941" timestamp="2021-08-24T16:48:22Z" user="vineet@spad" uid="13969904" lat="26.8041112" lon="82.1401727"/>
 <node id="6056968163" visible="true" version="2" changeset="110184941" timestamp="2021-08-24T16:48:22Z" user="vineet@spad" uid="13969904" lat="26.8043315" lon="82.1396202"/>
 <node id="6056968164" visible="true" version="2" changeset="110184941" timestamp="2021-08-24T16:48:22Z" user="vineet@spad" uid="13969904" lat="26.8045469" lon="82.1391535"/>
 <node id="6056968165" visible="true" version="2" changeset="110184941" timestamp="2021-08-24T16:48:22Z" user="vineet@spad" uid="13969904" lat="26.8047433" lon="82.1386063"/>
 <node id="6056968166" visible="true" version="2" changeset="110184941" timestamp="2021-08-24T16:48:22Z" user="vineet@spad" uid="13969904" lat="26.8052268" lon="82.1376246"/>
 <node id="6056968168" visible="true" version="2" changeset="110184941" timestamp="2021-08-24T16:48:22Z" user="vineet@spad" uid="13969904" lat="26.8059451" lon="82.1367234"/>
 <node id="6056968169" visible="true" version="2" changeset="110184941" timestamp="2021-08-24T16:48:22Z" user="vineet@spad" uid="13969904" lat="26.8070750" lon="82.1354950"/>
 <node id="6056968170" visible="true" version="2" changeset="110184941" timestamp="2021-08-24T16:48:22Z" user="vineet@spad" uid="13969904" lat="26.8080709" lon="82.1347171"/>
 <node id="6056968171" visible="true" version="2" changeset="110184941" timestamp="2021-08-24T16:48:22Z" user="vineet@spad" uid="13969904" lat="26.8082972" lon="82.1350851"/>
 <node id="6056968172" visible="true" version="2" changeset="110184941" timestamp="2021-08-24T16:48:22Z" user="vineet@spad" uid="13969904" lat="26.8086667" lon="82.1354694"/>
 <node id="6056968173" visible="true" version="1" changeset="64434320" timestamp="2018-11-13T09:07:27Z" user="Tauntaun" uid="8076764" lat="26.8043339" lon="82.1918133"/>
 <node id="6056968174" visible="true" version="1" changeset="64434320" timestamp="2018-11-13T09:07:27Z" user="Tauntaun" uid="8076764" lat="26.8051814" lon="82.1924409"/>
 <node id="6056968175" visible="true" version="1" changeset="64434320" timestamp="2018-11-13T09:07:27Z" user="Tauntaun" uid="8076764" lat="26.8055548" lon="82.1929076"/>
 <node id="6056968176" visible="true" version="1" changeset="64434320" timestamp="2018-11-13T09:07:27Z" user="Tauntaun" uid="8076764" lat="26.8056482" lon="82.1929774"/>
 <node id="6056968177" visible="true" version="1" changeset="64434320" timestamp="2018-11-13T09:07:27Z" user="Tauntaun" uid="8076764" lat="26.8057248" lon="82.1929720"/>
 <node id="6056968178" visible="true" version="1" changeset="64434320" timestamp="2018-11-13T09:07:27Z" user="Tauntaun" uid="8076764" lat="26.8064334" lon="82.1923953"/>
 <node id="6056968179" visible="true" version="1" changeset="64434320" timestamp="2018-11-13T09:07:27Z" user="Tauntaun" uid="8076764" lat="26.8057511" lon="82.1929210"/>
 <node id="6056968180" visible="true" version="1" changeset="64434320" timestamp="2018-11-13T09:07:27Z" user="Tauntaun" uid="8076764" lat="26.8058014" lon="82.1922183"/>
 <node id="6056968181" visible="true" version="1" changeset="64434320" timestamp="2018-11-13T09:07:27Z" user="Tauntaun" uid="8076764" lat="26.8057296" lon="82.1912634"/>
 <node id="6056968182" visible="true" version="1" changeset="64434320" timestamp="2018-11-13T09:07:27Z" user="Tauntaun" uid="8076764" lat="26.8047289" lon="82.1920493"/>
 <node id="6056968183" visible="true" version="1" changeset="64434320" timestamp="2018-11-13T09:07:27Z" user="Tauntaun" uid="8076764" lat="26.8057535" lon="82.1902335"/>
 <node id="6056968184" visible="true" version="1" changeset="64434320" timestamp="2018-11-13T09:07:27Z" user="Tauntaun" uid="8076764" lat="26.8057440" lon="82.1898580"/>
 <node id="6056968185" visible="true" version="1" changeset="64434320" timestamp="2018-11-13T09:07:27Z" user="Tauntaun" uid="8076764" lat="26.8058301" lon="82.1897399"/>
 <node id="6056968186" visible="true" version="1" changeset="64434320" timestamp="2018-11-13T09:07:27Z" user="Tauntaun" uid="8076764" lat="26.8059881" lon="82.1897399"/>
 <node id="6056968187" visible="true" version="1" changeset="64434320" timestamp="2018-11-13T09:07:27Z" user="Tauntaun" uid="8076764" lat="26.8060695" lon="82.1899223"/>
 <node id="6056968188" visible="true" version="1" changeset="64434320" timestamp="2018-11-13T09:07:27Z" user="Tauntaun" uid="8076764" lat="26.8060695" lon="82.1904051"/>
 <node id="6056968189" visible="true" version="1" changeset="64434320" timestamp="2018-11-13T09:07:27Z" user="Tauntaun" uid="8076764" lat="26.8061461" lon="82.1912098"/>
 <node id="6056968190" visible="true" version="1" changeset="64434320" timestamp="2018-11-13T09:07:27Z" user="Tauntaun" uid="8076764" lat="26.8062228" lon="82.1917140"/>
 <node id="6056968191" visible="true" version="1" changeset="64434320" timestamp="2018-11-13T09:07:27Z" user="Tauntaun" uid="8076764" lat="26.8063281" lon="82.1923095"/>
 <node id="6056968192" visible="true" version="1" changeset="64434320" timestamp="2018-11-13T09:07:27Z" user="Tauntaun" uid="8076764" lat="26.8071420" lon="82.1916389"/>
 <node id="6056968193" visible="true" version="1" changeset="64434320" timestamp="2018-11-13T09:07:27Z" user="Tauntaun" uid="8076764" lat="26.8075921" lon="82.1906733"/>
 <node id="6056968194" visible="true" version="1" changeset="64434320" timestamp="2018-11-13T09:07:27Z" user="Tauntaun" uid="8076764" lat="26.8077740" lon="82.1901798"/>
 <node id="6056968195" visible="true" version="1" changeset="64434320" timestamp="2018-11-13T09:07:27Z" user="Tauntaun" uid="8076764" lat="26.8078794" lon="82.1892786"/>
 <node id="6056968196" visible="true" version="1" changeset="64434320" timestamp="2018-11-13T09:07:27Z" user="Tauntaun" uid="8076764" lat="26.8078123" lon="82.1883988"/>
 <node id="6056968197" visible="true" version="1" changeset="64434320" timestamp="2018-11-13T09:07:27Z" user="Tauntaun" uid="8076764" lat="26.8079655" lon="82.1873045"/>
 <node id="6056968198" visible="true" version="1" changeset="64434320" timestamp="2018-11-13T09:07:27Z" user="Tauntaun" uid="8076764" lat="26.8089806" lon="82.1838927"/>
 <node id="6056968199" visible="true" version="1" changeset="64434320" timestamp="2018-11-13T09:07:27Z" user="Tauntaun" uid="8076764" lat="26.8096413" lon="82.1814573"/>
 <node id="6056968200" visible="true" version="1" changeset="64434320" timestamp="2018-11-13T09:07:27Z" user="Tauntaun" uid="8076764" lat="26.8109531" lon="82.1785390"/>
 <node id="6056968201" visible="true" version="1" changeset="64434320" timestamp="2018-11-13T09:07:27Z" user="Tauntaun" uid="8076764" lat="26.8117288" lon="82.1766615"/>
 <node id="6056968202" visible="true" version="1" changeset="64434320" timestamp="2018-11-13T09:07:27Z" user="Tauntaun" uid="8076764" lat="26.8118724" lon="82.1759105"/>
 <node id="6056968203" visible="true" version="1" changeset="64434320" timestamp="2018-11-13T09:07:27Z" user="Tauntaun" uid="8076764" lat="26.8118245" lon="82.1753204"/>
 <node id="6056968204" visible="true" version="1" changeset="64434320" timestamp="2018-11-13T09:07:27Z" user="Tauntaun" uid="8076764" lat="26.8115564" lon="82.1751165"/>
 <node id="6056968205" visible="true" version="1" changeset="64434320" timestamp="2018-11-13T09:07:27Z" user="Tauntaun" uid="8076764" lat="26.8112979" lon="82.1749878"/>
 <node id="6056968206" visible="true" version="1" changeset="64434320" timestamp="2018-11-13T09:07:27Z" user="Tauntaun" uid="8076764" lat="26.8111159" lon="82.1745694"/>
 <node id="6056968207" visible="true" version="1" changeset="64434320" timestamp="2018-11-13T09:07:27Z" user="Tauntaun" uid="8076764" lat="26.8109531" lon="82.1739364"/>
 <node id="6056968208" visible="true" version="1" changeset="64434320" timestamp="2018-11-13T09:07:27Z" user="Tauntaun" uid="8076764" lat="26.8108239" lon="82.1733624"/>
 <node id="6056968209" visible="true" version="1" changeset="64434320" timestamp="2018-11-13T09:07:27Z" user="Tauntaun" uid="8076764" lat="26.8105797" lon="82.1721071"/>
 <node id="6056968210" visible="true" version="1" changeset="64434320" timestamp="2018-11-13T09:07:27Z" user="Tauntaun" uid="8076764" lat="26.8103690" lon="82.1715760"/>
 <node id="6056968211" visible="true" version="1" changeset="64434320" timestamp="2018-11-13T09:07:27Z" user="Tauntaun" uid="8076764" lat="26.8103212" lon="82.1711683"/>
 <node id="6056968212" visible="true" version="1" changeset="64434320" timestamp="2018-11-13T09:07:27Z" user="Tauntaun" uid="8076764" lat="26.8102733" lon="82.1694946"/>
 <node id="6056968213" visible="true" version="1" changeset="64434320" timestamp="2018-11-13T09:07:27Z" user="Tauntaun" uid="8076764" lat="26.8103212" lon="82.1687382"/>
 <node id="6056968214" visible="true" version="1" changeset="64434320" timestamp="2018-11-13T09:07:27Z" user="Tauntaun" uid="8076764" lat="26.8104839" lon="82.1673596"/>
 <node id="6056968215" visible="true" version="1" changeset="64434320" timestamp="2018-11-13T09:07:27Z" user="Tauntaun" uid="8076764" lat="26.8106611" lon="82.1665388"/>
 <node id="6056968216" visible="true" version="1" changeset="64434320" timestamp="2018-11-13T09:07:27Z" user="Tauntaun" uid="8076764" lat="26.8108909" lon="82.1654767"/>
 <node id="6056968217" visible="true" version="1" changeset="64434320" timestamp="2018-11-13T09:07:27Z" user="Tauntaun" uid="8076764" lat="26.8122315" lon="82.1614104"/>
 <node id="6056968218" visible="true" version="1" changeset="64434320" timestamp="2018-11-13T09:07:27Z" user="Tauntaun" uid="8076764" lat="26.8124421" lon="82.1604663"/>
 <node id="6056968219" visible="true" version="1" changeset="64434320" timestamp="2018-11-13T09:07:27Z" user="Tauntaun" uid="8076764" lat="26.8124325" lon="82.1599030"/>
 <node id="6056968220" visible="true" version="1" changeset="64434320" timestamp="2018-11-13T09:07:27Z" user="Tauntaun" uid="8076764" lat="26.8122698" lon="82.1593827"/>
 <node id="6056968221" visible="true" version="1" changeset="64434320" timestamp="2018-11-13T09:07:27Z" user="Tauntaun" uid="8076764" lat="26.8121357" lon="82.1589482"/>
 <node id="6056968222" visible="true" version="1" changeset="64434320" timestamp="2018-11-13T09:07:27Z" user="Tauntaun" uid="8076764" lat="26.8120016" lon="82.1585941"/>
 <node id="6056968223" visible="true" version="1" changeset="64434320" timestamp="2018-11-13T09:07:28Z" user="Tauntaun" uid="8076764" lat="26.8116138" lon="82.1571726"/>
 <node id="6056968224" visible="true" version="1" changeset="64434320" timestamp="2018-11-13T09:07:28Z" user="Tauntaun" uid="8076764" lat="26.8117862" lon="82.1577626"/>
 <node id="6056968225" visible="true" version="1" changeset="64434320" timestamp="2018-11-13T09:07:28Z" user="Tauntaun" uid="8076764" lat="26.8115660" lon="82.1566147"/>
 <node id="6056968226" visible="true" version="1" changeset="64434320" timestamp="2018-11-13T09:07:28Z" user="Tauntaun" uid="8076764" lat="26.8114223" lon="82.1558583"/>
 <node id="6056968227" visible="true" version="1" changeset="64434320" timestamp="2018-11-13T09:07:28Z" user="Tauntaun" uid="8076764" lat="26.8112883" lon="82.1550321"/>
 <node id="6056968228" visible="true" version="1" changeset="64434320" timestamp="2018-11-13T09:07:28Z" user="Tauntaun" uid="8076764" lat="26.8112883" lon="82.1543133"/>
 <node id="6056968229" visible="true" version="1" changeset="64434320" timestamp="2018-11-13T09:07:28Z" user="Tauntaun" uid="8076764" lat="26.8115181" lon="82.1536159"/>
 <node id="6056968230" visible="true" version="1" changeset="64434320" timestamp="2018-11-13T09:07:28Z" user="Tauntaun" uid="8076764" lat="26.8122937" lon="82.1522641"/>
 <node id="6056968231" visible="true" version="1" changeset="64434320" timestamp="2018-11-13T09:07:28Z" user="Tauntaun" uid="8076764" lat="26.8129209" lon="82.1513092"/>
 <node id="6056968232" visible="true" version="1" changeset="64434320" timestamp="2018-11-13T09:07:28Z" user="Tauntaun" uid="8076764" lat="26.8133805" lon="82.1503651"/>
 <node id="6056968233" visible="true" version="1" changeset="64434320" timestamp="2018-11-13T09:07:28Z" user="Tauntaun" uid="8076764" lat="26.8135481" lon="82.1499252"/>
 <node id="6056968234" visible="true" version="1" changeset="64434320" timestamp="2018-11-13T09:07:28Z" user="Tauntaun" uid="8076764" lat="26.8138928" lon="82.1486431"/>
 <node id="6056968235" visible="true" version="1" changeset="64434320" timestamp="2018-11-13T09:07:28Z" user="Tauntaun" uid="8076764" lat="26.8142997" lon="82.1475756"/>
 <node id="6056968236" visible="true" version="1" changeset="64434320" timestamp="2018-11-13T09:07:28Z" user="Tauntaun" uid="8076764" lat="26.8147641" lon="82.1470123"/>
 <node id="6056968237" visible="true" version="1" changeset="64434320" timestamp="2018-11-13T09:07:28Z" user="Tauntaun" uid="8076764" lat="26.8148838" lon="82.1468246"/>
 <node id="6056968238" visible="true" version="1" changeset="64434320" timestamp="2018-11-13T09:07:28Z" user="Tauntaun" uid="8076764" lat="26.8147641" lon="82.1463740"/>
 <node id="6056968239" visible="true" version="1" changeset="64434320" timestamp="2018-11-13T09:07:28Z" user="Tauntaun" uid="8076764" lat="26.8146109" lon="82.1456873"/>
 <node id="6056968240" visible="true" version="1" changeset="64434320" timestamp="2018-11-13T09:07:28Z" user="Tauntaun" uid="8076764" lat="26.8144577" lon="82.1447056"/>
 <node id="6056968241" visible="true" version="1" changeset="64434320" timestamp="2018-11-13T09:07:28Z" user="Tauntaun" uid="8076764" lat="26.8140029" lon="82.1424526"/>
 <node id="6056968242" visible="true" version="2" changeset="110184941" timestamp="2021-08-24T16:48:22Z" user="vineet@spad" uid="13969904" lat="26.8136645" lon="82.1417352"/>
 <node id="6056968243" visible="true" version="2" changeset="110184941" timestamp="2021-08-24T16:48:22Z" user="vineet@spad" uid="13969904" lat="26.8132590" lon="82.1410374"/>
 <node id="6056968244" visible="true" version="2" changeset="110184941" timestamp="2021-08-24T16:48:22Z" user="vineet@spad" uid="13969904" lat="26.8129814" lon="82.1407767"/>
 <node id="6056968245" visible="true" version="2" changeset="110184941" timestamp="2021-08-24T16:48:22Z" user="vineet@spad" uid="13969904" lat="26.8124812" lon="82.1400046"/>
 <node id="6056968248" visible="true" version="2" changeset="110184941" timestamp="2021-08-24T16:48:22Z" user="vineet@spad" uid="13969904" lat="26.8112304" lon="82.1382828"/>
 <node id="6056968252" visible="true" version="2" changeset="110184941" timestamp="2021-08-24T16:48:22Z" user="vineet@spad" uid="13969904" lat="26.8094815" lon="82.1364188"/>
 <node id="6056968253" visible="true" version="2" changeset="110184941" timestamp="2021-08-24T16:48:22Z" user="vineet@spad" uid="13969904" lat="26.8101050" lon="82.1370172"/>
 <node id="6056968254" visible="true" version="1" changeset="64434320" timestamp="2018-11-13T09:07:28Z" user="Tauntaun" uid="8076764" lat="26.8135959" lon="82.1492708"/>
 <node id="6056968255" visible="true" version="1" changeset="64434320" timestamp="2018-11-13T09:07:28Z" user="Tauntaun" uid="8076764" lat="26.8116904" lon="82.1630949"/>
 <node id="6056968256" visible="true" version="1" changeset="64434320" timestamp="2018-11-13T09:07:28Z" user="Tauntaun" uid="8076764" lat="26.8112691" lon="82.1643555"/>
 <node id="6056968257" visible="true" version="1" changeset="64434320" timestamp="2018-11-13T09:07:28Z" user="Tauntaun" uid="8076764" lat="26.8107712" lon="82.1727347"/>
 <node id="6056968258" visible="true" version="1" changeset="64434320" timestamp="2018-11-13T09:07:28Z" user="Tauntaun" uid="8076764" lat="26.8082432" lon="82.1857166"/>
 <node id="6056968259" visible="true" version="1" changeset="64434320" timestamp="2018-11-13T09:07:28Z" user="Tauntaun" uid="8076764" lat="26.8065483" lon="82.1923953"/>
 <node id="6056968260" visible="true" version="1" changeset="64434320" timestamp="2018-11-13T09:07:28Z" user="Tauntaun" uid="8076764" lat="26.8030244" lon="82.1906304"/>
 <node id="6056968261" visible="true" version="1" changeset="64434320" timestamp="2018-11-13T09:07:28Z" user="Tauntaun" uid="8076764" lat="26.8044608" lon="82.1851694"/>
 <node id="6056968262" visible="true" version="1" changeset="64434320" timestamp="2018-11-13T09:07:28Z" user="Tauntaun" uid="8076764" lat="26.8046331" lon="82.1787429"/>
 <node id="6056968263" visible="true" version="1" changeset="64434320" timestamp="2018-11-13T09:07:28Z" user="Tauntaun" uid="8076764" lat="26.8053896" lon="82.1713883"/>
 <node id="6056968264" visible="true" version="1" changeset="64434320" timestamp="2018-11-13T09:07:28Z" user="Tauntaun" uid="8076764" lat="26.8070223" lon="82.1646184"/>
 <node id="6056968265" visible="true" version="1" changeset="64434320" timestamp="2018-11-13T09:07:28Z" user="Tauntaun" uid="8076764" lat="26.8074963" lon="82.1555901"/>
 <node id="6056968266" visible="true" version="1" changeset="64434320" timestamp="2018-11-13T09:07:28Z" user="Tauntaun" uid="8076764" lat="26.8060983" lon="82.1500593"/>
 <node id="6056968267" visible="true" version="1" changeset="64434320" timestamp="2018-11-13T09:07:28Z" user="Tauntaun" uid="8076764" lat="26.8074341" lon="82.1450597"/>
 <node id="6056968268" visible="true" version="1" changeset="64434320" timestamp="2018-11-13T09:07:28Z" user="Tauntaun" uid="8076764" lat="26.8044656" lon="82.1416211"/>
 <node id="6056968269" visible="true" version="2" changeset="110184941" timestamp="2021-08-24T16:48:22Z" user="vineet@spad" uid="13969904" lat="26.8066920" lon="82.1359080"/>
 <node id="6056968270" visible="true" version="2" changeset="110184941" timestamp="2021-08-24T16:48:22Z" user="vineet@spad" uid="13969904" lat="26.8089208" lon="82.1357068"/>
 <node id="6059030696" visible="true" version="1" changeset="64462415" timestamp="2018-11-14T01:11:28Z" user="Tauntaun" uid="8076764" lat="26.8045182" lon="82.1765059"/>
 <node id="6059134973" visible="true" version="3" changeset="110184941" timestamp="2021-08-24T16:48:22Z" user="vineet@spad" uid="13969904" lat="26.8260614" lon="82.1737927"/>
 <node id="6059134977" visible="true" version="3" changeset="110184941" timestamp="2021-08-24T16:48:22Z" user="vineet@spad" uid="13969904" lat="26.8271261" lon="82.1732413"/>
 <node id="6059134978" visible="true" version="2" changeset="65145213" timestamp="2018-12-04T03:27:31Z" user="Tauntaun" uid="8076764" lat="26.8280920" lon="82.1724987"/>
 <node id="6059185961" visible="true" version="1" changeset="64463927" timestamp="2018-11-14T03:09:07Z" user="Tauntaun" uid="8076764" lat="26.7908045" lon="82.2785425"/>
 <node id="6059185962" visible="true" version="1" changeset="64463927" timestamp="2018-11-14T03:09:07Z" user="Tauntaun" uid="8076764" lat="26.7947311" lon="82.2810745"/>
 <node id="6059185963" visible="true" version="1" changeset="64463927" timestamp="2018-11-14T03:09:07Z" user="Tauntaun" uid="8076764" lat="26.7936633" lon="82.2806400"/>
 <node id="6059185964" visible="true" version="1" changeset="64463927" timestamp="2018-11-14T03:09:07Z" user="Tauntaun" uid="8076764" lat="26.7929450" lon="82.2802377"/>
 <node id="6059185965" visible="true" version="1" changeset="64463927" timestamp="2018-11-14T03:09:07Z" user="Tauntaun" uid="8076764" lat="26.7917431" lon="82.2793364"/>
 <node id="6059185977" visible="true" version="1" changeset="64463927" timestamp="2018-11-14T03:09:07Z" user="Tauntaun" uid="8076764" lat="26.8165020" lon="82.2656465"/>
 <node id="6059185978" visible="true" version="1" changeset="64463927" timestamp="2018-11-14T03:09:07Z" user="Tauntaun" uid="8076764" lat="26.8168898" lon="82.2646970"/>
 <node id="6059185979" visible="true" version="1" changeset="64463927" timestamp="2018-11-14T03:09:07Z" user="Tauntaun" uid="8076764" lat="26.8171100" lon="82.2640854"/>
 <node id="6059185980" visible="true" version="1" changeset="64463927" timestamp="2018-11-14T03:09:07Z" user="Tauntaun" uid="8076764" lat="26.8172488" lon="82.2631037"/>
 <node id="6059185981" visible="true" version="1" changeset="64463927" timestamp="2018-11-14T03:09:07Z" user="Tauntaun" uid="8076764" lat="26.8173685" lon="82.2622883"/>
 <node id="6059185982" visible="true" version="1" changeset="64463927" timestamp="2018-11-14T03:09:07Z" user="Tauntaun" uid="8076764" lat="26.8174834" lon="82.2614676"/>
 <node id="6059185983" visible="true" version="1" changeset="64463927" timestamp="2018-11-14T03:09:07Z" user="Tauntaun" uid="8076764" lat="26.8162435" lon="82.2663224"/>
 <node id="6059185984" visible="true" version="1" changeset="64463927" timestamp="2018-11-14T03:09:07Z" user="Tauntaun" uid="8076764" lat="26.8158988" lon="82.2668159"/>
 <node id="6059186999" visible="true" version="1" changeset="64463927" timestamp="2018-11-14T03:09:12Z" user="Tauntaun" uid="8076764" lat="26.7273428" lon="82.3139423"/>
 <node id="6059187000" visible="true" version="1" changeset="64463927" timestamp="2018-11-14T03:09:12Z" user="Tauntaun" uid="8076764" lat="26.7317961" lon="82.3018911"/>
 <node id="6059187001" visible="true" version="1" changeset="64463927" timestamp="2018-11-14T03:09:12Z" user="Tauntaun" uid="8076764" lat="26.7281668" lon="82.2975755"/>
 <node id="6059187002" visible="true" version="1" changeset="64463927" timestamp="2018-11-14T03:09:12Z" user="Tauntaun" uid="8076764" lat="26.7259102" lon="82.2937882"/>
 <node id="6059187003" visible="true" version="1" changeset="64463927" timestamp="2018-11-14T03:09:12Z" user="Tauntaun" uid="8076764" lat="26.7261401" lon="82.2895074"/>
 <node id="6059187004" visible="true" version="1" changeset="64463927" timestamp="2018-11-14T03:09:12Z" user="Tauntaun" uid="8076764" lat="26.7273523" lon="82.2833866"/>
 <node id="6059187005" visible="true" version="1" changeset="64463927" timestamp="2018-11-14T03:09:12Z" user="Tauntaun" uid="8076764" lat="26.7288280" lon="82.2769386"/>
 <node id="6059187006" visible="true" version="1" changeset="64463927" timestamp="2018-11-14T03:09:12Z" user="Tauntaun" uid="8076764" lat="26.7299971" lon="82.2726417"/>
 <node id="6059187007" visible="true" version="1" changeset="64463927" timestamp="2018-11-14T03:09:12Z" user="Tauntaun" uid="8076764" lat="26.7263701" lon="82.2736931"/>
 <node id="6059187008" visible="true" version="1" changeset="64463927" timestamp="2018-11-14T03:09:12Z" user="Tauntaun" uid="8076764" lat="26.7321675" lon="82.2999358"/>
 <node id="6059187009" visible="true" version="1" changeset="64463927" timestamp="2018-11-14T03:09:12Z" user="Tauntaun" uid="8076764" lat="26.7316309" lon="82.2993135"/>
 <node id="6059187010" visible="true" version="1" changeset="64463927" timestamp="2018-11-14T03:09:12Z" user="Tauntaun" uid="8076764" lat="26.7311134" lon="82.2989058"/>
 <node id="6059187011" visible="true" version="1" changeset="64463927" timestamp="2018-11-14T03:09:12Z" user="Tauntaun" uid="8076764" lat="26.7305816" lon="82.2986644"/>
 <node id="6059187012" visible="true" version="1" changeset="64463927" timestamp="2018-11-14T03:09:12Z" user="Tauntaun" uid="8076764" lat="26.7300737" lon="82.2983050"/>
 <node id="6059187013" visible="true" version="1" changeset="64463927" timestamp="2018-11-14T03:09:12Z" user="Tauntaun" uid="8076764" lat="26.7296952" lon="82.2978008"/>
 <node id="6059187014" visible="true" version="1" changeset="64463927" timestamp="2018-11-14T03:09:12Z" user="Tauntaun" uid="8076764" lat="26.7292784" lon="82.2970605"/>
 <node id="6059187015" visible="true" version="1" changeset="64463927" timestamp="2018-11-14T03:09:12Z" user="Tauntaun" uid="8076764" lat="26.7290341" lon="82.2966796"/>
 <node id="6059187016" visible="true" version="1" changeset="64463927" timestamp="2018-11-14T03:09:12Z" user="Tauntaun" uid="8076764" lat="26.7286076" lon="82.2963417"/>
 <node id="6059187017" visible="true" version="1" changeset="64463927" timestamp="2018-11-14T03:09:12Z" user="Tauntaun" uid="8076764" lat="26.7280471" lon="82.2959822"/>
 <node id="6059187018" visible="true" version="1" changeset="64463927" timestamp="2018-11-14T03:09:12Z" user="Tauntaun" uid="8076764" lat="26.7274290" lon="82.2955370"/>
 <node id="6059187019" visible="true" version="1" changeset="64463927" timestamp="2018-11-14T03:09:12Z" user="Tauntaun" uid="8076764" lat="26.7269499" lon="82.2948396"/>
 <node id="6059187020" visible="true" version="1" changeset="64463927" timestamp="2018-11-14T03:09:12Z" user="Tauntaun" uid="8076764" lat="26.7265378" lon="82.2939062"/>
 <node id="6059187021" visible="true" version="1" changeset="64463927" timestamp="2018-11-14T03:09:12Z" user="Tauntaun" uid="8076764" lat="26.7263222" lon="82.2927421"/>
 <node id="6059187022" visible="true" version="1" changeset="64463927" timestamp="2018-11-14T03:09:12Z" user="Tauntaun" uid="8076764" lat="26.7262599" lon="82.2917712"/>
 <node id="6059187023" visible="true" version="1" changeset="64463927" timestamp="2018-11-14T03:09:12Z" user="Tauntaun" uid="8076764" lat="26.7263749" lon="82.2906446"/>
 <node id="6059187024" visible="true" version="1" changeset="64463927" timestamp="2018-11-14T03:09:12Z" user="Tauntaun" uid="8076764" lat="26.7269355" lon="82.2892499"/>
 <node id="6059187025" visible="true" version="1" changeset="64463927" timestamp="2018-11-14T03:09:12Z" user="Tauntaun" uid="8076764" lat="26.7272757" lon="82.2887886"/>
 <node id="6059187026" visible="true" version="1" changeset="64463927" timestamp="2018-11-14T03:09:12Z" user="Tauntaun" uid="8076764" lat="26.7276063" lon="82.2882253"/>
 <node id="6059187027" visible="true" version="1" changeset="64463927" timestamp="2018-11-14T03:09:12Z" user="Tauntaun" uid="8076764" lat="26.7277835" lon="82.2877157"/>
 <node id="6059187028" visible="true" version="1" changeset="64463927" timestamp="2018-11-14T03:09:12Z" user="Tauntaun" uid="8076764" lat="26.7278506" lon="82.2873294"/>
 <node id="6059187029" visible="true" version="1" changeset="64463927" timestamp="2018-11-14T03:09:12Z" user="Tauntaun" uid="8076764" lat="26.7279273" lon="82.2867984"/>
 <node id="6059187030" visible="true" version="1" changeset="64463927" timestamp="2018-11-14T03:09:12Z" user="Tauntaun" uid="8076764" lat="26.7279369" lon="82.2862029"/>
 <node id="6059187031" visible="true" version="1" changeset="64463927" timestamp="2018-11-14T03:09:12Z" user="Tauntaun" uid="8076764" lat="26.7277883" lon="82.2858220"/>
 <node id="6059187032" visible="true" version="1" changeset="64463927" timestamp="2018-11-14T03:09:12Z" user="Tauntaun" uid="8076764" lat="26.7276494" lon="82.2848564"/>
 <node id="6059187033" visible="true" version="1" changeset="64463927" timestamp="2018-11-14T03:09:12Z" user="Tauntaun" uid="8076764" lat="26.7276686" lon="82.2835582"/>
 <node id="6059187034" visible="true" version="1" changeset="64463927" timestamp="2018-11-14T03:09:12Z" user="Tauntaun" uid="8076764" lat="26.7277500" lon="82.2831237"/>
 <node id="6059187035" visible="true" version="1" changeset="64463927" timestamp="2018-11-14T03:09:12Z" user="Tauntaun" uid="8076764" lat="26.7279033" lon="82.2827858"/>
 <node id="6059187036" visible="true" version="1" changeset="64463927" timestamp="2018-11-14T03:09:12Z" user="Tauntaun" uid="8076764" lat="26.7280758" lon="82.2822010"/>
 <node id="6059187037" visible="true" version="1" changeset="64463927" timestamp="2018-11-14T03:09:12Z" user="Tauntaun" uid="8076764" lat="26.7282962" lon="82.2807526"/>
 <node id="6059187038" visible="true" version="1" changeset="64463927" timestamp="2018-11-14T03:09:12Z" user="Tauntaun" uid="8076764" lat="26.7285166" lon="82.2798729"/>
 <node id="6059187039" visible="true" version="1" changeset="64463927" timestamp="2018-11-14T03:09:12Z" user="Tauntaun" uid="8076764" lat="26.7287562" lon="82.2791755"/>
 <node id="6059187040" visible="true" version="1" changeset="64463927" timestamp="2018-11-14T03:09:12Z" user="Tauntaun" uid="8076764" lat="26.7290053" lon="82.2788322"/>
 <node id="6059187041" visible="true" version="1" changeset="64463927" timestamp="2018-11-14T03:09:12Z" user="Tauntaun" uid="8076764" lat="26.7296234" lon="82.2775501"/>
 <node id="6059187042" visible="true" version="1" changeset="64463927" timestamp="2018-11-14T03:09:12Z" user="Tauntaun" uid="8076764" lat="26.7301073" lon="82.2761339"/>
 <node id="6059187043" visible="true" version="1" changeset="64463927" timestamp="2018-11-14T03:09:12Z" user="Tauntaun" uid="8076764" lat="26.7304379" lon="82.2749591"/>
 <node id="6059187044" visible="true" version="1" changeset="64463927" timestamp="2018-11-14T03:09:12Z" user="Tauntaun" uid="8076764" lat="26.7308739" lon="82.2738057"/>
 <node id="6059187045" visible="true" version="1" changeset="64463927" timestamp="2018-11-14T03:09:12Z" user="Tauntaun" uid="8076764" lat="26.7330969" lon="82.2739291"/>
 <node id="6059187046" visible="true" version="1" changeset="64463927" timestamp="2018-11-14T03:09:12Z" user="Tauntaun" uid="8076764" lat="26.7332167" lon="82.2739693"/>
 <node id="6059187047" visible="true" version="1" changeset="64463927" timestamp="2018-11-14T03:09:12Z" user="Tauntaun" uid="8076764" lat="26.7334538" lon="82.2737923"/>
 <node id="6059187048" visible="true" version="1" changeset="64463927" timestamp="2018-11-14T03:09:12Z" user="Tauntaun" uid="8076764" lat="26.7331688" lon="82.2734570"/>
 <node id="6059187049" visible="true" version="1" changeset="64463927" timestamp="2018-11-14T03:09:12Z" user="Tauntaun" uid="8076764" lat="26.7331305" lon="82.2724003"/>
 <node id="6059187050" visible="true" version="1" changeset="64463927" timestamp="2018-11-14T03:09:12Z" user="Tauntaun" uid="8076764" lat="26.7330586" lon="82.2723171"/>
 <node id="6059187051" visible="true" version="1" changeset="64463927" timestamp="2018-11-14T03:09:12Z" user="Tauntaun" uid="8076764" lat="26.7311134" lon="82.2730172"/>
 <node id="6059187052" visible="true" version="1" changeset="64463927" timestamp="2018-11-14T03:09:12Z" user="Tauntaun" uid="8076764" lat="26.7316836" lon="82.2726363"/>
 <node id="6059187053" visible="true" version="1" changeset="64463927" timestamp="2018-11-14T03:09:12Z" user="Tauntaun" uid="8076764" lat="26.7323974" lon="82.2723842"/>
 <node id="6059187054" visible="true" version="1" changeset="64463927" timestamp="2018-11-14T03:09:12Z" user="Tauntaun" uid="8076764" lat="26.7328430" lon="82.2723037"/>
 <node id="6059187055" visible="true" version="1" changeset="64463927" timestamp="2018-11-14T03:09:12Z" user="Tauntaun" uid="8076764" lat="26.7331568" lon="82.2726470"/>
 <node id="6059187056" visible="true" version="1" changeset="64463927" timestamp="2018-11-14T03:09:12Z" user="Tauntaun" uid="8076764" lat="26.7331927" lon="82.2729743"/>
 <node id="6059187057" visible="true" version="1" changeset="64463927" timestamp="2018-11-14T03:09:12Z" user="Tauntaun" uid="8076764" lat="26.7330945" lon="82.2737628"/>
 <node id="6059187058" visible="true" version="1" changeset="64463927" timestamp="2018-11-14T03:09:12Z" user="Tauntaun" uid="8076764" lat="26.7336838" lon="82.2735885"/>
 <node id="6059187059" visible="true" version="1" changeset="64463927" timestamp="2018-11-14T03:09:12Z" user="Tauntaun" uid="8076764" lat="26.7341461" lon="82.2731781"/>
 <node id="6059187060" visible="true" version="1" changeset="64463927" timestamp="2018-11-14T03:09:12Z" user="Tauntaun" uid="8076764" lat="26.7354349" lon="82.2723412"/>
 <node id="6059187061" visible="true" version="1" changeset="64463927" timestamp="2018-11-14T03:09:12Z" user="Tauntaun" uid="8076764" lat="26.7364506" lon="82.2719979"/>
 <node id="6059187062" visible="true" version="1" changeset="64463927" timestamp="2018-11-14T03:09:12Z" user="Tauntaun" uid="8076764" lat="26.7376100" lon="82.2719765"/>
 <node id="6059187063" visible="true" version="1" changeset="64463927" timestamp="2018-11-14T03:09:13Z" user="Tauntaun" uid="8076764" lat="26.7429277" lon="82.2714293"/>
 <node id="6059187064" visible="true" version="1" changeset="64463927" timestamp="2018-11-14T03:09:13Z" user="Tauntaun" uid="8076764" lat="26.7458691" lon="82.2711289"/>
 <node id="6059187065" visible="true" version="1" changeset="64463927" timestamp="2018-11-14T03:09:13Z" user="Tauntaun" uid="8076764" lat="26.7326466" lon="82.3005259"/>
 <node id="6059187066" visible="true" version="2" changeset="65146651" timestamp="2018-12-04T04:50:25Z" user="Tauntaun" uid="8076764" lat="26.7328813" lon="82.3008102"/>
 <node id="6059187067" visible="true" version="1" changeset="64463927" timestamp="2018-11-14T03:09:13Z" user="Tauntaun" uid="8076764" lat="26.7330682" lon="82.3008048"/>
 <node id="6059187068" visible="true" version="1" changeset="64463927" timestamp="2018-11-14T03:09:13Z" user="Tauntaun" uid="8076764" lat="26.7345726" lon="82.2991097"/>
 <node id="6059187069" visible="true" version="1" changeset="64463927" timestamp="2018-11-14T03:09:13Z" user="Tauntaun" uid="8076764" lat="26.7361631" lon="82.2970283"/>
 <node id="6059187070" visible="true" version="1" changeset="64463927" timestamp="2018-11-14T03:09:13Z" user="Tauntaun" uid="8076764" lat="26.7373034" lon="82.2959447"/>
 <node id="6059187071" visible="true" version="1" changeset="64463927" timestamp="2018-11-14T03:09:13Z" user="Tauntaun" uid="8076764" lat="26.7386065" lon="82.2950864"/>
 <node id="6059187072" visible="true" version="1" changeset="64463927" timestamp="2018-11-14T03:09:13Z" user="Tauntaun" uid="8076764" lat="26.7397658" lon="82.2943568"/>
 <node id="6059187073" visible="true" version="1" changeset="64463927" timestamp="2018-11-14T03:09:13Z" user="Tauntaun" uid="8076764" lat="26.7418163" lon="82.2927797"/>
 <node id="6059187074" visible="true" version="1" changeset="64463927" timestamp="2018-11-14T03:09:13Z" user="Tauntaun" uid="8076764" lat="26.7425157" lon="82.2923398"/>
 <node id="6059187075" visible="true" version="1" changeset="64463927" timestamp="2018-11-14T03:09:13Z" user="Tauntaun" uid="8076764" lat="26.7433684" lon="82.2919643"/>
 <node id="6059187076" visible="true" version="1" changeset="64463927" timestamp="2018-11-14T03:09:13Z" user="Tauntaun" uid="8076764" lat="26.7444223" lon="82.2913527"/>
 <node id="6059187077" visible="true" version="1" changeset="64463927" timestamp="2018-11-14T03:09:13Z" user="Tauntaun" uid="8076764" lat="26.7459936" lon="82.2903764"/>
 <node id="6059187078" visible="true" version="1" changeset="64463927" timestamp="2018-11-14T03:09:13Z" user="Tauntaun" uid="8076764" lat="26.7479385" lon="82.2894430"/>
 <node id="6059187079" visible="true" version="1" changeset="64463927" timestamp="2018-11-14T03:09:13Z" user="Tauntaun" uid="8076764" lat="26.7492032" lon="82.2886813"/>
 <node id="6059187080" visible="true" version="1" changeset="64463927" timestamp="2018-11-14T03:09:13Z" user="Tauntaun" uid="8076764" lat="26.7501230" lon="82.2882306"/>
 <node id="6059187081" visible="true" version="1" changeset="64463927" timestamp="2018-11-14T03:09:13Z" user="Tauntaun" uid="8076764" lat="26.7509756" lon="82.2878444"/>
 <node id="6059187082" visible="true" version="1" changeset="64463927" timestamp="2018-11-14T03:09:13Z" user="Tauntaun" uid="8076764" lat="26.7520965" lon="82.2873080"/>
 <node id="6059187083" visible="true" version="1" changeset="64463927" timestamp="2018-11-14T03:09:13Z" user="Tauntaun" uid="8076764" lat="26.7542234" lon="82.2862244"/>
 <node id="6059187084" visible="true" version="1" changeset="64463927" timestamp="2018-11-14T03:09:13Z" user="Tauntaun" uid="8076764" lat="26.7551958" lon="82.2856557"/>
 <node id="6059187085" visible="true" version="1" changeset="64463927" timestamp="2018-11-14T03:09:07Z" user="Tauntaun" uid="8076764" lat="26.8156163" lon="82.2673416"/>
 <node id="6059187086" visible="true" version="1" changeset="64463927" timestamp="2018-11-14T03:09:07Z" user="Tauntaun" uid="8076764" lat="26.8153673" lon="82.2676849"/>
 <node id="6059187087" visible="true" version="1" changeset="64463927" timestamp="2018-11-14T03:09:07Z" user="Tauntaun" uid="8076764" lat="26.8150705" lon="82.2684950"/>
 <node id="6059187088" visible="true" version="1" changeset="64463927" timestamp="2018-11-14T03:09:07Z" user="Tauntaun" uid="8076764" lat="26.8149269" lon="82.2688115"/>
 <node id="6059187089" visible="true" version="1" changeset="64463927" timestamp="2018-11-14T03:09:07Z" user="Tauntaun" uid="8076764" lat="26.8145535" lon="82.2693747"/>
 <node id="6059187090" visible="true" version="1" changeset="64463927" timestamp="2018-11-14T03:09:07Z" user="Tauntaun" uid="8076764" lat="26.8140508" lon="82.2700024"/>
 <node id="6059187091" visible="true" version="1" changeset="64463927" timestamp="2018-11-14T03:09:07Z" user="Tauntaun" uid="8076764" lat="26.8136103" lon="82.2704154"/>
 <node id="6059187092" visible="true" version="1" changeset="64463927" timestamp="2018-11-14T03:09:07Z" user="Tauntaun" uid="8076764" lat="26.8131746" lon="82.2708017"/>
 <node id="6059187093" visible="true" version="1" changeset="64463927" timestamp="2018-11-14T03:09:07Z" user="Tauntaun" uid="8076764" lat="26.8118532" lon="82.2712737"/>
 <node id="6059187094" visible="true" version="1" changeset="64463927" timestamp="2018-11-14T03:09:07Z" user="Tauntaun" uid="8076764" lat="26.8113122" lon="82.2714508"/>
 <node id="6059187095" visible="true" version="1" changeset="64463927" timestamp="2018-11-14T03:09:07Z" user="Tauntaun" uid="8076764" lat="26.8104456" lon="82.2717029"/>
 <node id="6059187096" visible="true" version="1" changeset="64463927" timestamp="2018-11-14T03:09:07Z" user="Tauntaun" uid="8076764" lat="26.8101248" lon="82.2726095"/>
 <node id="6059187097" visible="true" version="1" changeset="64463927" timestamp="2018-11-14T03:09:07Z" user="Tauntaun" uid="8076764" lat="26.8097897" lon="82.2723949"/>
 <node id="6059187098" visible="true" version="1" changeset="64463927" timestamp="2018-11-14T03:09:08Z" user="Tauntaun" uid="8076764" lat="26.8093827" lon="82.2720328"/>
 <node id="6059187099" visible="true" version="1" changeset="64463927" timestamp="2018-11-14T03:09:08Z" user="Tauntaun" uid="8076764" lat="26.8094139" lon="82.2719845"/>
 <node id="6059187100" visible="true" version="1" changeset="64463927" timestamp="2018-11-14T03:09:08Z" user="Tauntaun" uid="8076764" lat="26.8095168" lon="82.2719765"/>
 <node id="6059187101" visible="true" version="1" changeset="64463927" timestamp="2018-11-14T03:09:08Z" user="Tauntaun" uid="8076764" lat="26.8126671" lon="82.2745836"/>
 <node id="6059187102" visible="true" version="1" changeset="64463927" timestamp="2018-11-14T03:09:08Z" user="Tauntaun" uid="8076764" lat="26.8116234" lon="82.2739077"/>
 <node id="6059187103" visible="true" version="1" changeset="64463927" timestamp="2018-11-14T03:09:08Z" user="Tauntaun" uid="8076764" lat="26.8112404" lon="82.2732854"/>
 <node id="6059187104" visible="true" version="1" changeset="64463927" timestamp="2018-11-14T03:09:08Z" user="Tauntaun" uid="8076764" lat="26.8107042" lon="82.2729313"/>
 <node id="6059187105" visible="true" version="1" changeset="64463927" timestamp="2018-11-14T03:09:08Z" user="Tauntaun" uid="8076764" lat="26.8151854" lon="82.2743261"/>
 <node id="6059187106" visible="true" version="1" changeset="64463927" timestamp="2018-11-14T03:09:08Z" user="Tauntaun" uid="8076764" lat="26.8167557" lon="82.2731566"/>
 <node id="6059187107" visible="true" version="1" changeset="64463927" timestamp="2018-11-14T03:09:08Z" user="Tauntaun" uid="8076764" lat="26.8190441" lon="82.2703886"/>
 <node id="6059187108" visible="true" version="1" changeset="64463927" timestamp="2018-11-14T03:09:08Z" user="Tauntaun" uid="8076764" lat="26.8194367" lon="82.2691548"/>
 <node id="6059187109" visible="true" version="1" changeset="64463927" timestamp="2018-11-14T03:09:08Z" user="Tauntaun" uid="8076764" lat="26.8197048" lon="82.2679317"/>
 <node id="6059187110" visible="true" version="1" changeset="64463927" timestamp="2018-11-14T03:09:08Z" user="Tauntaun" uid="8076764" lat="26.8208059" lon="82.2657967"/>
 <node id="6059187111" visible="true" version="1" changeset="64463927" timestamp="2018-11-14T03:09:08Z" user="Tauntaun" uid="8076764" lat="26.8221942" lon="82.2628462"/>
 <node id="6059187112" visible="true" version="1" changeset="64463927" timestamp="2018-11-14T03:09:08Z" user="Tauntaun" uid="8076764" lat="26.8222899" lon="82.2613978"/>
 <node id="6059187113" visible="true" version="1" changeset="64463927" timestamp="2018-11-14T03:09:08Z" user="Tauntaun" uid="8076764" lat="26.8223474" lon="82.2584045"/>
 <node id="6059187114" visible="true" version="1" changeset="64463927" timestamp="2018-11-14T03:09:08Z" user="Tauntaun" uid="8076764" lat="26.8222133" lon="82.2579217"/>
 <node id="6059187115" visible="true" version="1" changeset="64463927" timestamp="2018-11-14T03:09:08Z" user="Tauntaun" uid="8076764" lat="26.8219261" lon="82.2576320"/>
 <node id="6059187116" visible="true" version="1" changeset="64463927" timestamp="2018-11-14T03:09:08Z" user="Tauntaun" uid="8076764" lat="26.8213421" lon="82.2575140"/>
 <node id="6059187117" visible="true" version="1" changeset="64463927" timestamp="2018-11-14T03:09:08Z" user="Tauntaun" uid="8076764" lat="26.8207006" lon="82.2576320"/>
 <node id="6059187118" visible="true" version="1" changeset="64463927" timestamp="2018-11-14T03:09:08Z" user="Tauntaun" uid="8076764" lat="26.8203463" lon="82.2578251"/>
 <node id="6059187119" visible="true" version="1" changeset="64463927" timestamp="2018-11-14T03:09:08Z" user="Tauntaun" uid="8076764" lat="26.8201357" lon="82.2580612"/>
 <node id="6059187120" visible="true" version="1" changeset="64463927" timestamp="2018-11-14T03:09:08Z" user="Tauntaun" uid="8076764" lat="26.8192165" lon="82.2587693"/>
 <node id="6059187121" visible="true" version="1" changeset="64463927" timestamp="2018-11-14T03:09:08Z" user="Tauntaun" uid="8076764" lat="26.8185750" lon="82.2592628"/>
 <node id="6059187122" visible="true" version="1" changeset="64463927" timestamp="2018-11-14T03:09:08Z" user="Tauntaun" uid="8076764" lat="26.8181106" lon="82.2595847"/>
 <node id="6059187123" visible="true" version="1" changeset="64463927" timestamp="2018-11-14T03:09:08Z" user="Tauntaun" uid="8076764" lat="26.8101009" lon="82.2646809"/>
 <node id="6059187124" visible="true" version="1" changeset="64463927" timestamp="2018-11-14T03:09:08Z" user="Tauntaun" uid="8076764" lat="26.8091625" lon="82.2647881"/>
 <node id="6059187125" visible="true" version="1" changeset="64463927" timestamp="2018-11-14T03:09:08Z" user="Tauntaun" uid="8076764" lat="26.8069026" lon="82.2650027"/>
 <node id="6059187126" visible="true" version="1" changeset="64463927" timestamp="2018-11-14T03:09:08Z" user="Tauntaun" uid="8076764" lat="26.8061174" lon="82.2651851"/>
 <node id="6059187127" visible="true" version="1" changeset="64463927" timestamp="2018-11-14T03:09:08Z" user="Tauntaun" uid="8076764" lat="26.8089662" lon="82.2712362"/>
 <node id="6059187128" visible="true" version="1" changeset="64463927" timestamp="2018-11-14T03:09:08Z" user="Tauntaun" uid="8076764" lat="26.8096556" lon="82.2712576"/>
 <node id="6059187129" visible="true" version="1" changeset="64463927" timestamp="2018-11-14T03:09:08Z" user="Tauntaun" uid="8076764" lat="26.8111973" lon="82.2708821"/>
 <node id="6059187130" visible="true" version="1" changeset="64463927" timestamp="2018-11-14T03:09:08Z" user="Tauntaun" uid="8076764" lat="26.8139382" lon="82.2677118"/>
 <node id="6059187131" visible="true" version="1" changeset="64463927" timestamp="2018-11-14T03:09:08Z" user="Tauntaun" uid="8076764" lat="26.8141345" lon="82.2690019"/>
 <node id="6059187132" visible="true" version="1" changeset="64463927" timestamp="2018-11-14T03:09:08Z" user="Tauntaun" uid="8076764" lat="26.8140579" lon="82.2688249"/>
 <node id="6059187133" visible="true" version="1" changeset="64463927" timestamp="2018-11-14T03:09:08Z" user="Tauntaun" uid="8076764" lat="26.8138593" lon="82.2687364"/>
 <node id="6059187134" visible="true" version="1" changeset="64463927" timestamp="2018-11-14T03:09:08Z" user="Tauntaun" uid="8076764" lat="26.8138880" lon="82.2679049"/>
 <node id="6059187135" visible="true" version="1" changeset="64463927" timestamp="2018-11-14T03:09:08Z" user="Tauntaun" uid="8076764" lat="26.8140292" lon="82.2675750"/>
 <node id="6059187136" visible="true" version="1" changeset="64463927" timestamp="2018-11-14T03:09:08Z" user="Tauntaun" uid="8076764" lat="26.8142327" lon="82.2673899"/>
 <node id="6059187137" visible="true" version="1" changeset="64463927" timestamp="2018-11-14T03:09:08Z" user="Tauntaun" uid="8076764" lat="26.8138257" lon="82.2693640"/>
 <node id="6059187138" visible="true" version="1" changeset="64463927" timestamp="2018-11-14T03:09:08Z" user="Tauntaun" uid="8076764" lat="26.8140603" lon="82.2691333"/>
 <node id="6059187139" visible="true" version="1" changeset="64463927" timestamp="2018-11-14T03:09:08Z" user="Tauntaun" uid="8076764" lat="26.8141286" lon="82.2689228"/>
 <node id="6059187140" visible="true" version="1" changeset="64463927" timestamp="2018-11-14T03:09:08Z" user="Tauntaun" uid="8076764" lat="26.8138018" lon="82.2683474"/>
 <node id="6059187141" visible="true" version="1" changeset="64463927" timestamp="2018-11-14T03:09:08Z" user="Tauntaun" uid="8076764" lat="26.8143093" lon="82.2672236"/>
 <node id="6059187142" visible="true" version="1" changeset="64463927" timestamp="2018-11-14T03:09:08Z" user="Tauntaun" uid="8076764" lat="26.8143189" lon="82.2668159"/>
 <node id="6059187143" visible="true" version="1" changeset="64463927" timestamp="2018-11-14T03:09:08Z" user="Tauntaun" uid="8076764" lat="26.8143045" lon="82.2664297"/>
 <node id="6059187144" visible="true" version="1" changeset="64463927" timestamp="2018-11-14T03:09:08Z" user="Tauntaun" uid="8076764" lat="26.8142566" lon="82.2656518"/>
 <node id="6059187145" visible="true" version="1" changeset="64463927" timestamp="2018-11-14T03:09:08Z" user="Tauntaun" uid="8076764" lat="26.8142375" lon="82.2652495"/>
 <node id="6059187146" visible="true" version="1" changeset="64463927" timestamp="2018-11-14T03:09:08Z" user="Tauntaun" uid="8076764" lat="26.8142088" lon="82.2650510"/>
 <node id="6059187147" visible="true" version="1" changeset="64463927" timestamp="2018-11-14T03:09:08Z" user="Tauntaun" uid="8076764" lat="26.8141465" lon="82.2647667"/>
 <node id="6059187148" visible="true" version="1" changeset="64463927" timestamp="2018-11-14T03:09:08Z" user="Tauntaun" uid="8076764" lat="26.8140699" lon="82.2645521"/>
 <node id="6059187149" visible="true" version="1" changeset="64463927" timestamp="2018-11-14T03:09:08Z" user="Tauntaun" uid="8076764" lat="26.8139502" lon="82.2645628"/>
 <node id="6059187150" visible="true" version="1" changeset="64463927" timestamp="2018-11-14T03:09:08Z" user="Tauntaun" uid="8076764" lat="26.8137922" lon="82.2647774"/>
 <node id="6059187151" visible="true" version="1" changeset="64463927" timestamp="2018-11-14T03:09:08Z" user="Tauntaun" uid="8076764" lat="26.8133757" lon="82.2660541"/>
 <node id="6059187152" visible="true" version="1" changeset="64463927" timestamp="2018-11-14T03:09:08Z" user="Tauntaun" uid="8076764" lat="26.8131363" lon="82.2671378"/>
 <node id="6059187153" visible="true" version="1" changeset="64463927" timestamp="2018-11-14T03:09:08Z" user="Tauntaun" uid="8076764" lat="26.8127916" lon="82.2680712"/>
 <node id="6059187154" visible="true" version="1" changeset="64463927" timestamp="2018-11-14T03:09:08Z" user="Tauntaun" uid="8076764" lat="26.8124565" lon="82.2685432"/>
 <node id="6059187155" visible="true" version="1" changeset="64463927" timestamp="2018-11-14T03:09:08Z" user="Tauntaun" uid="8076764" lat="26.8131651" lon="82.2698200"/>
 <node id="6059187156" visible="true" version="1" changeset="64463927" timestamp="2018-11-14T03:09:08Z" user="Tauntaun" uid="8076764" lat="26.8113745" lon="82.2687149"/>
 <node id="6059187157" visible="true" version="1" changeset="64463927" timestamp="2018-11-14T03:09:08Z" user="Tauntaun" uid="8076764" lat="26.8108861" lon="82.2684467"/>
 <node id="6059187158" visible="true" version="1" changeset="64463927" timestamp="2018-11-14T03:09:08Z" user="Tauntaun" uid="8076764" lat="26.8106754" lon="82.2677708"/>
 <node id="6059187159" visible="true" version="1" changeset="64463927" timestamp="2018-11-14T03:09:08Z" user="Tauntaun" uid="8076764" lat="26.8107521" lon="82.2671592"/>
 <node id="6059187160" visible="true" version="1" changeset="64463927" timestamp="2018-11-14T03:09:08Z" user="Tauntaun" uid="8076764" lat="26.8112021" lon="82.2665155"/>
 <node id="6059187161" visible="true" version="1" changeset="64463927" timestamp="2018-11-14T03:09:08Z" user="Tauntaun" uid="8076764" lat="26.8116043" lon="82.2657859"/>
 <node id="6059187162" visible="true" version="1" changeset="64463927" timestamp="2018-11-14T03:09:08Z" user="Tauntaun" uid="8076764" lat="26.8115947" lon="82.2655392"/>
 <node id="6059187163" visible="true" version="1" changeset="64463927" timestamp="2018-11-14T03:09:08Z" user="Tauntaun" uid="8076764" lat="26.8076783" lon="82.2708017"/>
 <node id="6059187164" visible="true" version="1" changeset="64463927" timestamp="2018-11-14T03:09:08Z" user="Tauntaun" uid="8076764" lat="26.8073575" lon="82.2707212"/>
 <node id="6059187165" visible="true" version="1" changeset="64463927" timestamp="2018-11-14T03:09:08Z" user="Tauntaun" uid="8076764" lat="26.8070223" lon="82.2706783"/>
 <node id="6059187166" visible="true" version="1" changeset="64463927" timestamp="2018-11-14T03:09:08Z" user="Tauntaun" uid="8076764" lat="26.8065483" lon="82.2705281"/>
 <node id="6059187167" visible="true" version="1" changeset="64463927" timestamp="2018-11-14T03:09:08Z" user="Tauntaun" uid="8076764" lat="26.8058349" lon="82.2702491"/>
 <node id="6059187168" visible="true" version="1" changeset="64463927" timestamp="2018-11-14T03:09:08Z" user="Tauntaun" uid="8076764" lat="26.8042262" lon="82.2700024"/>
 <node id="6059187169" visible="true" version="1" changeset="64463927" timestamp="2018-11-14T03:09:08Z" user="Tauntaun" uid="8076764" lat="26.8035223" lon="82.2699380"/>
 <node id="6059187170" visible="true" version="1" changeset="64463927" timestamp="2018-11-14T03:09:08Z" user="Tauntaun" uid="8076764" lat="26.8030627" lon="82.2697073"/>
 <node id="6059187171" visible="true" version="1" changeset="64463927" timestamp="2018-11-14T03:09:09Z" user="Tauntaun" uid="8076764" lat="26.8015975" lon="82.2688222"/>
 <node id="6059187172" visible="true" version="1" changeset="64463927" timestamp="2018-11-14T03:09:09Z" user="Tauntaun" uid="8076764" lat="26.8012001" lon="82.2685969"/>
 <node id="6059187173" visible="true" version="1" changeset="64463927" timestamp="2018-11-14T03:09:09Z" user="Tauntaun" uid="8076764" lat="26.8009726" lon="82.2684950"/>
 <node id="6059187174" visible="true" version="1" changeset="64463927" timestamp="2018-11-14T03:09:09Z" user="Tauntaun" uid="8076764" lat="26.8010804" lon="82.2680283"/>
 <node id="6059187175" visible="true" version="1" changeset="64463927" timestamp="2018-11-14T03:09:09Z" user="Tauntaun" uid="8076764" lat="26.8008697" lon="82.2682482"/>
 <node id="6059187176" visible="true" version="1" changeset="64463927" timestamp="2018-11-14T03:09:09Z" user="Tauntaun" uid="8076764" lat="26.8019782" lon="82.2690797"/>
 <node id="6059187177" visible="true" version="1" changeset="64463927" timestamp="2018-11-14T03:09:09Z" user="Tauntaun" uid="8076764" lat="26.8025791" lon="82.2694713"/>
 <node id="6059187178" visible="true" version="1" changeset="64463927" timestamp="2018-11-14T03:09:09Z" user="Tauntaun" uid="8076764" lat="26.8049204" lon="82.2700399"/>
 <node id="6059187179" visible="true" version="1" changeset="64463927" timestamp="2018-11-14T03:09:09Z" user="Tauntaun" uid="8076764" lat="26.8081954" lon="82.2710001"/>
 <node id="6059187180" visible="true" version="1" changeset="64463927" timestamp="2018-11-14T03:09:09Z" user="Tauntaun" uid="8076764" lat="26.8124421" lon="82.2702330"/>
 <node id="6059187181" visible="true" version="1" changeset="64463927" timestamp="2018-11-14T03:09:09Z" user="Tauntaun" uid="8076764" lat="26.8112883" lon="82.2652280"/>
 <node id="6059187182" visible="true" version="1" changeset="64463927" timestamp="2018-11-14T03:09:09Z" user="Tauntaun" uid="8076764" lat="26.8106946" lon="82.2647130"/>
 <node id="6059187183" visible="true" version="1" changeset="64463927" timestamp="2018-11-14T03:09:09Z" user="Tauntaun" uid="8076764" lat="26.8082049" lon="82.2649705"/>
 <node id="6059187184" visible="true" version="1" changeset="64463927" timestamp="2018-11-14T03:09:09Z" user="Tauntaun" uid="8076764" lat="26.8054088" lon="82.2654748"/>
 <node id="6059187185" visible="true" version="1" changeset="64463927" timestamp="2018-11-14T03:09:09Z" user="Tauntaun" uid="8076764" lat="26.8008841" lon="82.2683904"/>
 <node id="6059187186" visible="true" version="1" changeset="64463927" timestamp="2018-11-14T03:09:09Z" user="Tauntaun" uid="8076764" lat="26.8124900" lon="82.2710645"/>
 <node id="6059187187" visible="true" version="1" changeset="64463927" timestamp="2018-11-14T03:09:09Z" user="Tauntaun" uid="8076764" lat="26.8151806" lon="82.2680604"/>
 <node id="6059187188" visible="true" version="1" changeset="64463927" timestamp="2018-11-14T03:09:09Z" user="Tauntaun" uid="8076764" lat="26.8178664" lon="82.2601265"/>
 <node id="6059187189" visible="true" version="1" changeset="64463927" timestamp="2018-11-14T03:09:09Z" user="Tauntaun" uid="8076764" lat="26.8199537" lon="82.2584796"/>
 <node id="6059187190" visible="true" version="1" changeset="64463927" timestamp="2018-11-14T03:09:09Z" user="Tauntaun" uid="8076764" lat="26.8222612" lon="82.2600353"/>
 <node id="6059187191" visible="true" version="1" changeset="64463927" timestamp="2018-11-14T03:09:09Z" user="Tauntaun" uid="8076764" lat="26.8219165" lon="82.2639620"/>
 <node id="6059187192" visible="true" version="1" changeset="64463927" timestamp="2018-11-14T03:09:09Z" user="Tauntaun" uid="8076764" lat="26.8184505" lon="82.2712362"/>
 <node id="6059187193" visible="true" version="1" changeset="64463927" timestamp="2018-11-14T03:09:09Z" user="Tauntaun" uid="8076764" lat="26.8141034" lon="82.2745943"/>
 <node id="6059187194" visible="true" version="1" changeset="64463927" timestamp="2018-11-14T03:09:09Z" user="Tauntaun" uid="8076764" lat="26.8119873" lon="82.2743153"/>
 <node id="6059187195" visible="true" version="1" changeset="64463927" timestamp="2018-11-14T03:09:09Z" user="Tauntaun" uid="8076764" lat="26.8103451" lon="82.2727677"/>
 <node id="6059187196" visible="true" version="1" changeset="64463927" timestamp="2018-11-14T03:09:09Z" user="Tauntaun" uid="8076764" lat="26.8094258" lon="82.2721320"/>
 <node id="6059187197" visible="true" version="1" changeset="64463927" timestamp="2018-11-14T03:09:09Z" user="Tauntaun" uid="8076764" lat="26.7256898" lon="82.3132610"/>
 <node id="6059187198" visible="true" version="1" changeset="64463927" timestamp="2018-11-14T03:09:09Z" user="Tauntaun" uid="8076764" lat="26.7252394" lon="82.3128694"/>
 <node id="6059187199" visible="true" version="1" changeset="64463927" timestamp="2018-11-14T03:09:09Z" user="Tauntaun" uid="8076764" lat="26.7248752" lon="82.3124510"/>
 <node id="6059187200" visible="true" version="1" changeset="64463927" timestamp="2018-11-14T03:09:09Z" user="Tauntaun" uid="8076764" lat="26.7242715" lon="82.3116195"/>
 <node id="6059187201" visible="true" version="1" changeset="64463927" timestamp="2018-11-14T03:09:09Z" user="Tauntaun" uid="8076764" lat="26.7239361" lon="82.3110509"/>
 <node id="6059187202" visible="true" version="1" changeset="64463927" timestamp="2018-11-14T03:09:09Z" user="Tauntaun" uid="8076764" lat="26.7235097" lon="82.3100638"/>
 <node id="6059187203" visible="true" version="1" changeset="64463927" timestamp="2018-11-14T03:09:09Z" user="Tauntaun" uid="8076764" lat="26.7232030" lon="82.3073816"/>
 <node id="6059187204" visible="true" version="1" changeset="64463927" timestamp="2018-11-14T03:09:09Z" user="Tauntaun" uid="8076764" lat="26.7233947" lon="82.3054129"/>
 <node id="6059187205" visible="true" version="1" changeset="64463927" timestamp="2018-11-14T03:09:09Z" user="Tauntaun" uid="8076764" lat="26.7235049" lon="82.3048013"/>
 <node id="6059187206" visible="true" version="1" changeset="64463927" timestamp="2018-11-14T03:09:09Z" user="Tauntaun" uid="8076764" lat="26.7235480" lon="82.3044312"/>
 <node id="6059187207" visible="true" version="1" changeset="64463927" timestamp="2018-11-14T03:09:09Z" user="Tauntaun" uid="8076764" lat="26.7238547" lon="82.3039377"/>
 <node id="6059187208" visible="true" version="1" changeset="64463927" timestamp="2018-11-14T03:09:09Z" user="Tauntaun" uid="8076764" lat="26.7240799" lon="82.3032457"/>
 <node id="6059187209" visible="true" version="1" changeset="64463927" timestamp="2018-11-14T03:09:09Z" user="Tauntaun" uid="8076764" lat="26.7240655" lon="82.3025376"/>
 <node id="6059187210" visible="true" version="1" changeset="64463927" timestamp="2018-11-14T03:09:09Z" user="Tauntaun" uid="8076764" lat="26.7236582" lon="82.3010570"/>
 <node id="6059187211" visible="true" version="1" changeset="64463927" timestamp="2018-11-14T03:09:09Z" user="Tauntaun" uid="8076764" lat="26.7232126" lon="82.3002201"/>
 <node id="6059187212" visible="true" version="1" changeset="64463927" timestamp="2018-11-14T03:09:09Z" user="Tauntaun" uid="8076764" lat="26.7229060" lon="82.2995442"/>
 <node id="6059187213" visible="true" version="1" changeset="64463927" timestamp="2018-11-14T03:09:09Z" user="Tauntaun" uid="8076764" lat="26.7223070" lon="82.2989005"/>
 <node id="6059187214" visible="true" version="1" changeset="64463927" timestamp="2018-11-14T03:09:09Z" user="Tauntaun" uid="8076764" lat="26.7216889" lon="82.2982407"/>
 <node id="6059187215" visible="true" version="1" changeset="64463927" timestamp="2018-11-14T03:09:09Z" user="Tauntaun" uid="8076764" lat="26.7208792" lon="82.2977364"/>
 <node id="6059187216" visible="true" version="1" changeset="64463927" timestamp="2018-11-14T03:09:09Z" user="Tauntaun" uid="8076764" lat="26.7200358" lon="82.2972000"/>
 <node id="6059187217" visible="true" version="1" changeset="64463927" timestamp="2018-11-14T03:09:09Z" user="Tauntaun" uid="8076764" lat="26.7195663" lon="82.2969961"/>
 <node id="6059187218" visible="true" version="1" changeset="64463927" timestamp="2018-11-14T03:09:09Z" user="Tauntaun" uid="8076764" lat="26.7190919" lon="82.2966635"/>
 <node id="6059187219" visible="true" version="1" changeset="64463927" timestamp="2018-11-14T03:09:09Z" user="Tauntaun" uid="8076764" lat="26.7187373" lon="82.2964060"/>
 <node id="6059187220" visible="true" version="1" changeset="64463927" timestamp="2018-11-14T03:09:09Z" user="Tauntaun" uid="8076764" lat="26.7182725" lon="82.2957838"/>
 <node id="6059187221" visible="true" version="1" changeset="64463927" timestamp="2018-11-14T03:09:09Z" user="Tauntaun" uid="8076764" lat="26.7173429" lon="82.2936112"/>
 <node id="6059187222" visible="true" version="1" changeset="64463927" timestamp="2018-11-14T03:09:09Z" user="Tauntaun" uid="8076764" lat="26.7172088" lon="82.2928655"/>
 <node id="6059187223" visible="true" version="1" changeset="64463927" timestamp="2018-11-14T03:09:09Z" user="Tauntaun" uid="8076764" lat="26.7170411" lon="82.2919857"/>
 <node id="6059187224" visible="true" version="1" changeset="64463927" timestamp="2018-11-14T03:09:09Z" user="Tauntaun" uid="8076764" lat="26.7170506" lon="82.2913581"/>
 <node id="6059187225" visible="true" version="1" changeset="64463927" timestamp="2018-11-14T03:09:09Z" user="Tauntaun" uid="8076764" lat="26.7174627" lon="82.2899848"/>
 <node id="6059187226" visible="true" version="1" changeset="64463927" timestamp="2018-11-14T03:09:09Z" user="Tauntaun" uid="8076764" lat="26.7177934" lon="82.2892070"/>
 <node id="6059187227" visible="true" version="1" changeset="64463927" timestamp="2018-11-14T03:09:09Z" user="Tauntaun" uid="8076764" lat="26.7180856" lon="82.2885740"/>
 <node id="6059187228" visible="true" version="1" changeset="64463927" timestamp="2018-11-14T03:09:09Z" user="Tauntaun" uid="8076764" lat="26.7189961" lon="82.2872221"/>
 <node id="6059187229" visible="true" version="1" changeset="64463927" timestamp="2018-11-14T03:09:09Z" user="Tauntaun" uid="8076764" lat="26.7195136" lon="82.2864926"/>
 <node id="6059187230" visible="true" version="1" changeset="64463927" timestamp="2018-11-14T03:09:09Z" user="Tauntaun" uid="8076764" lat="26.7200406" lon="82.2855377"/>
 <node id="6059187231" visible="true" version="1" changeset="64463927" timestamp="2018-11-14T03:09:09Z" user="Tauntaun" uid="8076764" lat="26.7204527" lon="82.2845399"/>
 <node id="6059187232" visible="true" version="1" changeset="64463927" timestamp="2018-11-14T03:09:09Z" user="Tauntaun" uid="8076764" lat="26.7217368" lon="82.2819328"/>
 <node id="6059187233" visible="true" version="1" changeset="64463927" timestamp="2018-11-14T03:09:09Z" user="Tauntaun" uid="8076764" lat="26.7221537" lon="82.2813320"/>
 <node id="6059187234" visible="true" version="1" changeset="64463927" timestamp="2018-11-14T03:09:09Z" user="Tauntaun" uid="8076764" lat="26.7226664" lon="82.2800982"/>
 <node id="6059187235" visible="true" version="1" changeset="64463927" timestamp="2018-11-14T03:09:09Z" user="Tauntaun" uid="8076764" lat="26.7232414" lon="82.2783601"/>
 <node id="6059187236" visible="true" version="1" changeset="64463927" timestamp="2018-11-14T03:09:09Z" user="Tauntaun" uid="8076764" lat="26.7234043" lon="82.2778881"/>
 <node id="6059187237" visible="true" version="1" changeset="64463927" timestamp="2018-11-14T03:09:09Z" user="Tauntaun" uid="8076764" lat="26.7235145" lon="82.2774482"/>
 <node id="6059187238" visible="true" version="1" changeset="64463927" timestamp="2018-11-14T03:09:09Z" user="Tauntaun" uid="8076764" lat="26.7236678" lon="82.2767132"/>
 <node id="6059187239" visible="true" version="1" changeset="64463927" timestamp="2018-11-14T03:09:09Z" user="Tauntaun" uid="8076764" lat="26.7237253" lon="82.2757101"/>
 <node id="6059187240" visible="true" version="1" changeset="64463927" timestamp="2018-11-14T03:09:10Z" user="Tauntaun" uid="8076764" lat="26.7238642" lon="82.2755116"/>
 <node id="6059187241" visible="true" version="1" changeset="64463927" timestamp="2018-11-14T03:09:10Z" user="Tauntaun" uid="8076764" lat="26.7240799" lon="82.2752327"/>
 <node id="6059187242" visible="true" version="1" changeset="64463927" timestamp="2018-11-14T03:09:10Z" user="Tauntaun" uid="8076764" lat="26.7242571" lon="82.2750503"/>
 <node id="6059187243" visible="true" version="1" changeset="64463927" timestamp="2018-11-14T03:09:10Z" user="Tauntaun" uid="8076764" lat="26.7246692" lon="82.2748142"/>
 <node id="6059187244" visible="true" version="1" changeset="64463927" timestamp="2018-11-14T03:09:10Z" user="Tauntaun" uid="8076764" lat="26.7249327" lon="82.2747230"/>
 <node id="6059187245" visible="true" version="1" changeset="64463927" timestamp="2018-11-14T03:09:10Z" user="Tauntaun" uid="8076764" lat="26.7254550" lon="82.2743529"/>
 <node id="6059187246" visible="true" version="1" changeset="64463927" timestamp="2018-11-14T03:09:10Z" user="Tauntaun" uid="8076764" lat="26.7264707" lon="82.3138457"/>
 <node id="6059187247" visible="true" version="1" changeset="64463927" timestamp="2018-11-14T03:09:10Z" user="Tauntaun" uid="8076764" lat="26.7269163" lon="82.3141730"/>
 <node id="6059187248" visible="true" version="1" changeset="64463927" timestamp="2018-11-14T03:09:10Z" user="Tauntaun" uid="8076764" lat="26.7271080" lon="82.3142266"/>
 <node id="6059187249" visible="true" version="1" changeset="64463927" timestamp="2018-11-14T03:09:10Z" user="Tauntaun" uid="8076764" lat="26.7272565" lon="82.3141569"/>
 <node id="6059187250" visible="true" version="1" changeset="64463927" timestamp="2018-11-14T03:09:10Z" user="Tauntaun" uid="8076764" lat="26.7281094" lon="82.3111957"/>
 <node id="6059187251" visible="true" version="1" changeset="64463927" timestamp="2018-11-14T03:09:10Z" user="Tauntaun" uid="8076764" lat="26.7285549" lon="82.3096615"/>
 <node id="6059187252" visible="true" version="1" changeset="64463927" timestamp="2018-11-14T03:09:10Z" user="Tauntaun" uid="8076764" lat="26.7289382" lon="82.3082399"/>
 <node id="6059187253" visible="true" version="1" changeset="64463927" timestamp="2018-11-14T03:09:10Z" user="Tauntaun" uid="8076764" lat="26.7291251" lon="82.3074406"/>
 <node id="6059187254" visible="true" version="1" changeset="64463927" timestamp="2018-11-14T03:09:10Z" user="Tauntaun" uid="8076764" lat="26.7294221" lon="82.3067003"/>
 <node id="6059187255" visible="true" version="1" changeset="64463927" timestamp="2018-11-14T03:09:10Z" user="Tauntaun" uid="8076764" lat="26.7301456" lon="82.3056650"/>
 <node id="6059187256" visible="true" version="1" changeset="64463927" timestamp="2018-11-14T03:09:10Z" user="Tauntaun" uid="8076764" lat="26.7306199" lon="82.3050803"/>
 <node id="6059187257" visible="true" version="1" changeset="64463927" timestamp="2018-11-14T03:09:10Z" user="Tauntaun" uid="8076764" lat="26.7312428" lon="82.3038143"/>
 <node id="6059187258" visible="true" version="1" changeset="64463927" timestamp="2018-11-14T03:09:10Z" user="Tauntaun" uid="8076764" lat="26.7309505" lon="82.3044848"/>
 <node id="6059187259" visible="true" version="1" changeset="64463927" timestamp="2018-11-14T03:09:10Z" user="Tauntaun" uid="8076764" lat="26.7315805" lon="82.3030767"/>
 <node id="6059187260" visible="true" version="1" changeset="64463927" timestamp="2018-11-14T03:09:10Z" user="Tauntaun" uid="8076764" lat="26.7318153" lon="82.3024330"/>
 <node id="6059187261" visible="true" version="1" changeset="64463927" timestamp="2018-11-14T03:09:10Z" user="Tauntaun" uid="8076764" lat="26.7318129" lon="82.3020789"/>
 <node id="6059187262" visible="true" version="1" changeset="64463927" timestamp="2018-11-14T03:09:10Z" user="Tauntaun" uid="8076764" lat="26.7316452" lon="82.3016363"/>
 <node id="6059187263" visible="true" version="1" changeset="64463927" timestamp="2018-11-14T03:09:10Z" user="Tauntaun" uid="8076764" lat="26.7312476" lon="82.3011428"/>
 <node id="6059187264" visible="true" version="1" changeset="64463927" timestamp="2018-11-14T03:09:10Z" user="Tauntaun" uid="8076764" lat="26.7306918" lon="82.3003542"/>
 <node id="6059187265" visible="true" version="1" changeset="64463927" timestamp="2018-11-14T03:09:10Z" user="Tauntaun" uid="8076764" lat="26.7301935" lon="82.2997642"/>
 <node id="6059187266" visible="true" version="1" changeset="64463927" timestamp="2018-11-14T03:09:10Z" user="Tauntaun" uid="8076764" lat="26.7290868" lon="82.2986537"/>
 <node id="6059187267" visible="true" version="1" changeset="64463927" timestamp="2018-11-14T03:09:10Z" user="Tauntaun" uid="8076764" lat="26.7274098" lon="82.2968084"/>
 <node id="6059187268" visible="true" version="1" changeset="64463927" timestamp="2018-11-14T03:09:10Z" user="Tauntaun" uid="8076764" lat="26.7268972" lon="82.2962075"/>
 <node id="6059187269" visible="true" version="1" changeset="64463927" timestamp="2018-11-14T03:09:10Z" user="Tauntaun" uid="8076764" lat="26.7262791" lon="82.2950435"/>
 <node id="6059187270" visible="true" version="1" changeset="64463927" timestamp="2018-11-14T03:09:10Z" user="Tauntaun" uid="8076764" lat="26.7257281" lon="82.2931337"/>
 <node id="6059187271" visible="true" version="1" changeset="64463927" timestamp="2018-11-14T03:09:10Z" user="Tauntaun" uid="8076764" lat="26.7254789" lon="82.2920448"/>
 <node id="6059187272" visible="true" version="1" changeset="64463927" timestamp="2018-11-14T03:09:10Z" user="Tauntaun" uid="8076764" lat="26.7254694" lon="82.2915244"/>
 <node id="6059187273" visible="true" version="1" changeset="64463927" timestamp="2018-11-14T03:09:10Z" user="Tauntaun" uid="8076764" lat="26.7256514" lon="82.2904193"/>
 <node id="6059187274" visible="true" version="1" changeset="64463927" timestamp="2018-11-14T03:09:10Z" user="Tauntaun" uid="8076764" lat="26.7267726" lon="82.2883540"/>
 <node id="6059187275" visible="true" version="1" changeset="64463927" timestamp="2018-11-14T03:09:10Z" user="Tauntaun" uid="8076764" lat="26.7270265" lon="82.2876084"/>
 <node id="6059187276" visible="true" version="1" changeset="64463927" timestamp="2018-11-14T03:09:10Z" user="Tauntaun" uid="8076764" lat="26.7271176" lon="82.2863424"/>
 <node id="6059187277" visible="true" version="1" changeset="64463927" timestamp="2018-11-14T03:09:10Z" user="Tauntaun" uid="8076764" lat="26.7271176" lon="82.2855753"/>
 <node id="6059187278" visible="true" version="1" changeset="64463927" timestamp="2018-11-14T03:09:10Z" user="Tauntaun" uid="8076764" lat="26.7270361" lon="82.2847384"/>
 <node id="6059187279" visible="true" version="1" changeset="64463927" timestamp="2018-11-14T03:09:10Z" user="Tauntaun" uid="8076764" lat="26.7270553" lon="82.2842985"/>
 <node id="6059187280" visible="true" version="1" changeset="64463927" timestamp="2018-11-14T03:09:10Z" user="Tauntaun" uid="8076764" lat="26.7271319" lon="82.2839338"/>
 <node id="6059187281" visible="true" version="1" changeset="64463927" timestamp="2018-11-14T03:09:10Z" user="Tauntaun" uid="8076764" lat="26.7278506" lon="82.2824398"/>
 <node id="6059187282" visible="true" version="1" changeset="64463927" timestamp="2018-11-14T03:09:10Z" user="Tauntaun" uid="8076764" lat="26.7276015" lon="82.2819838"/>
 <node id="6059187283" visible="true" version="1" changeset="64463927" timestamp="2018-11-14T03:09:10Z" user="Tauntaun" uid="8076764" lat="26.7276590" lon="82.2829091"/>
 <node id="6059187284" visible="true" version="1" changeset="64463927" timestamp="2018-11-14T03:09:10Z" user="Tauntaun" uid="8076764" lat="26.7278123" lon="82.2825444"/>
 <node id="6059187285" visible="true" version="1" changeset="64463927" timestamp="2018-11-14T03:09:10Z" user="Tauntaun" uid="8076764" lat="26.7278135" lon="82.2822534"/>
 <node id="6059187286" visible="true" version="1" changeset="64463927" timestamp="2018-11-14T03:09:10Z" user="Tauntaun" uid="8076764" lat="26.7277213" lon="82.2821662"/>
 <node id="6059187287" visible="true" version="1" changeset="64463927" timestamp="2018-11-14T03:09:10Z" user="Tauntaun" uid="8076764" lat="26.7276039" lon="82.2817960"/>
 <node id="6059187288" visible="true" version="1" changeset="64463927" timestamp="2018-11-14T03:09:10Z" user="Tauntaun" uid="8076764" lat="26.7277356" lon="82.2813508"/>
 <node id="6059187289" visible="true" version="1" changeset="64463927" timestamp="2018-11-14T03:09:10Z" user="Tauntaun" uid="8076764" lat="26.7280710" lon="82.2804522"/>
 <node id="6059187290" visible="true" version="1" changeset="64463927" timestamp="2018-11-14T03:09:10Z" user="Tauntaun" uid="8076764" lat="26.7283202" lon="82.2791916"/>
 <node id="6059187291" visible="true" version="1" changeset="64463927" timestamp="2018-11-14T03:09:10Z" user="Tauntaun" uid="8076764" lat="26.7283298" lon="82.2795993"/>
 <node id="6059187292" visible="true" version="1" changeset="64463927" timestamp="2018-11-14T03:09:10Z" user="Tauntaun" uid="8076764" lat="26.7282675" lon="82.2788161"/>
 <node id="6059187293" visible="true" version="1" changeset="64463927" timestamp="2018-11-14T03:09:10Z" user="Tauntaun" uid="8076764" lat="26.7283345" lon="82.2785264"/>
 <node id="6059187294" visible="true" version="1" changeset="64463927" timestamp="2018-11-14T03:09:10Z" user="Tauntaun" uid="8076764" lat="26.7284447" lon="82.2778827"/>
 <node id="6059187295" visible="true" version="1" changeset="64463927" timestamp="2018-11-14T03:09:10Z" user="Tauntaun" uid="8076764" lat="26.7294940" lon="82.2758710"/>
 <node id="6059187296" visible="true" version="1" changeset="64463927" timestamp="2018-11-14T03:09:10Z" user="Tauntaun" uid="8076764" lat="26.7299252" lon="82.2748464"/>
 <node id="6059187297" visible="true" version="1" changeset="64463927" timestamp="2018-11-14T03:09:10Z" user="Tauntaun" uid="8076764" lat="26.7304091" lon="82.2735107"/>
 <node id="6059187298" visible="true" version="1" changeset="64463927" timestamp="2018-11-14T03:09:10Z" user="Tauntaun" uid="8076764" lat="26.7305768" lon="82.2729957"/>
 <node id="6059187299" visible="true" version="1" changeset="64463927" timestamp="2018-11-14T03:09:10Z" user="Tauntaun" uid="8076764" lat="26.7306008" lon="82.2727865"/>
 <node id="6059187300" visible="true" version="1" changeset="64463927" timestamp="2018-11-14T03:09:10Z" user="Tauntaun" uid="8076764" lat="26.7305624" lon="82.2726470"/>
 <node id="6059187301" visible="true" version="1" changeset="64463927" timestamp="2018-11-14T03:09:10Z" user="Tauntaun" uid="8076764" lat="26.7304187" lon="82.2725987"/>
 <node id="6059187302" visible="true" version="1" changeset="64463927" timestamp="2018-11-14T03:09:10Z" user="Tauntaun" uid="8076764" lat="26.7294365" lon="82.2726953"/>
 <node id="6059187303" visible="true" version="1" changeset="64463927" timestamp="2018-11-14T03:09:10Z" user="Tauntaun" uid="8076764" lat="26.7285741" lon="82.2727489"/>
 <node id="6059187304" visible="true" version="1" changeset="64463927" timestamp="2018-11-14T03:09:10Z" user="Tauntaun" uid="8076764" lat="26.7273859" lon="82.2731781"/>
 <node id="6059187305" visible="true" version="1" changeset="64463927" timestamp="2018-11-14T03:09:10Z" user="Tauntaun" uid="8076764" lat="26.7236630" lon="82.2758979"/>
 <node id="6059187306" visible="true" version="1" changeset="64463927" timestamp="2018-11-14T03:09:10Z" user="Tauntaun" uid="8076764" lat="26.7211331" lon="82.2831881"/>
 <node id="6059187307" visible="true" version="1" changeset="64463927" timestamp="2018-11-14T03:09:10Z" user="Tauntaun" uid="8076764" lat="26.7175202" lon="82.2941744"/>
 <node id="6059187308" visible="true" version="1" changeset="64463927" timestamp="2018-11-14T03:09:11Z" user="Tauntaun" uid="8076764" lat="26.7238930" lon="82.3017704"/>
 <node id="6059187309" visible="true" version="1" changeset="64463927" timestamp="2018-11-14T03:09:11Z" user="Tauntaun" uid="8076764" lat="26.7231216" lon="82.3085725"/>
 <node id="6059187310" visible="true" version="1" changeset="64463927" timestamp="2018-11-14T03:09:16Z" user="Tauntaun" uid="8076764" lat="26.7566280" lon="82.2679102"/>
 <node id="6059187311" visible="true" version="1" changeset="64463927" timestamp="2018-11-14T03:09:16Z" user="Tauntaun" uid="8076764" lat="26.7632189" lon="82.2662258"/>
 <node id="6059187312" visible="true" version="1" changeset="64463927" timestamp="2018-11-14T03:09:16Z" user="Tauntaun" uid="8076764" lat="26.7678744" lon="82.2635007"/>
 <node id="6059187313" visible="true" version="1" changeset="64463927" timestamp="2018-11-14T03:09:17Z" user="Tauntaun" uid="8076764" lat="26.7744743" lon="82.2589624"/>
 <node id="6059187314" visible="true" version="1" changeset="64463927" timestamp="2018-11-14T03:09:17Z" user="Tauntaun" uid="8076764" lat="26.7818399" lon="82.2643804"/>
 <node id="6059187315" visible="true" version="1" changeset="64463927" timestamp="2018-11-14T03:09:17Z" user="Tauntaun" uid="8076764" lat="26.7722616" lon="82.2686237"/>
 <node id="6059187316" visible="true" version="1" changeset="64463927" timestamp="2018-11-14T03:09:17Z" user="Tauntaun" uid="8076764" lat="26.7657814" lon="82.2710538"/>
 <node id="6059187317" visible="true" version="1" changeset="64463927" timestamp="2018-11-14T03:09:17Z" user="Tauntaun" uid="8076764" lat="26.7615760" lon="82.2727382"/>
 <node id="6059187318" visible="true" version="1" changeset="64463927" timestamp="2018-11-14T03:09:17Z" user="Tauntaun" uid="8076764" lat="26.7547072" lon="82.2691387"/>
 <node id="6059187319" visible="true" version="1" changeset="64463927" timestamp="2018-11-14T03:09:17Z" user="Tauntaun" uid="8076764" lat="26.7544246" lon="82.2690153"/>
 <node id="6059187320" visible="true" version="1" changeset="64463927" timestamp="2018-11-14T03:09:17Z" user="Tauntaun" uid="8076764" lat="26.7540461" lon="82.2689295"/>
 <node id="6059187321" visible="true" version="1" changeset="64463927" timestamp="2018-11-14T03:09:17Z" user="Tauntaun" uid="8076764" lat="26.7537923" lon="82.2689134"/>
 <node id="6059187322" visible="true" version="1" changeset="64463927" timestamp="2018-11-14T03:09:17Z" user="Tauntaun" uid="8076764" lat="26.7537492" lon="82.2687685"/>
 <node id="6059187323" visible="true" version="1" changeset="64463927" timestamp="2018-11-14T03:09:17Z" user="Tauntaun" uid="8076764" lat="26.7538689" lon="82.2686183"/>
 <node id="6059187324" visible="true" version="1" changeset="64463927" timestamp="2018-11-14T03:09:17Z" user="Tauntaun" uid="8076764" lat="26.7544102" lon="82.2685325"/>
 <node id="6059187325" visible="true" version="1" changeset="64463927" timestamp="2018-11-14T03:09:17Z" user="Tauntaun" uid="8076764" lat="26.7774723" lon="82.2707319"/>
 <node id="6059187326" visible="true" version="1" changeset="64463927" timestamp="2018-11-14T03:09:17Z" user="Tauntaun" uid="8076764" lat="26.7767922" lon="82.2708499"/>
 <node id="6059187327" visible="true" version="1" changeset="64463927" timestamp="2018-11-14T03:09:17Z" user="Tauntaun" uid="8076764" lat="26.8080469" lon="82.2466993"/>
 <node id="6059187328" visible="true" version="1" changeset="64463927" timestamp="2018-11-14T03:09:17Z" user="Tauntaun" uid="8076764" lat="26.8082001" lon="82.2457874"/>
 <node id="6059187329" visible="true" version="1" changeset="64463927" timestamp="2018-11-14T03:09:17Z" user="Tauntaun" uid="8076764" lat="26.8085257" lon="82.2441190"/>
 <node id="6059187330" visible="true" version="1" changeset="64463927" timestamp="2018-11-14T03:09:17Z" user="Tauntaun" uid="8076764" lat="26.8086023" lon="82.2431481"/>
 <node id="6059187331" visible="true" version="1" changeset="64463927" timestamp="2018-11-14T03:09:17Z" user="Tauntaun" uid="8076764" lat="26.8087986" lon="82.2416621"/>
 <node id="6059187332" visible="true" version="1" changeset="64463927" timestamp="2018-11-14T03:09:17Z" user="Tauntaun" uid="8076764" lat="26.8088992" lon="82.2406322"/>
 <node id="6059187333" visible="true" version="1" changeset="64463927" timestamp="2018-11-14T03:09:17Z" user="Tauntaun" uid="8076764" lat="26.8087843" lon="82.2411418"/>
 <node id="6059187334" visible="true" version="1" changeset="64463927" timestamp="2018-11-14T03:09:17Z" user="Tauntaun" uid="8076764" lat="26.8090907" lon="82.2402620"/>
 <node id="6059187335" visible="true" version="1" changeset="64463927" timestamp="2018-11-14T03:09:17Z" user="Tauntaun" uid="8076764" lat="26.8094498" lon="82.2399831"/>
 <node id="6059187336" visible="true" version="1" changeset="64463927" timestamp="2018-11-14T03:09:17Z" user="Tauntaun" uid="8076764" lat="26.8098472" lon="82.2397256"/>
 <node id="6059187337" visible="true" version="1" changeset="64463927" timestamp="2018-11-14T03:09:17Z" user="Tauntaun" uid="8076764" lat="26.8101919" lon="82.2394895"/>
 <node id="6059187338" visible="true" version="1" changeset="64463927" timestamp="2018-11-14T03:09:17Z" user="Tauntaun" uid="8076764" lat="26.8056434" lon="82.2510606"/>
 <node id="6059187339" visible="true" version="1" changeset="64463927" timestamp="2018-11-14T03:09:17Z" user="Tauntaun" uid="8076764" lat="26.8076639" lon="82.2484910"/>
 <node id="6059187340" visible="true" version="1" changeset="64463927" timestamp="2018-11-14T03:09:17Z" user="Tauntaun" uid="8076764" lat="26.8070032" lon="82.2499287"/>
 <node id="6059187341" visible="true" version="1" changeset="64463927" timestamp="2018-11-14T03:09:17Z" user="Tauntaun" uid="8076764" lat="26.8065531" lon="82.2503149"/>
 <node id="6059187342" visible="true" version="1" changeset="64463927" timestamp="2018-11-14T03:09:17Z" user="Tauntaun" uid="8076764" lat="26.8061174" lon="82.2506905"/>
 <node id="6059187343" visible="true" version="1" changeset="64463927" timestamp="2018-11-14T03:09:17Z" user="Tauntaun" uid="8076764" lat="26.8044416" lon="82.2533727"/>
 <node id="6059187344" visible="true" version="1" changeset="64463927" timestamp="2018-11-14T03:09:17Z" user="Tauntaun" uid="8076764" lat="26.8001467" lon="82.2597563"/>
 <node id="6059187345" visible="true" version="1" changeset="64463927" timestamp="2018-11-14T03:09:17Z" user="Tauntaun" uid="8076764" lat="26.7995194" lon="82.2606093"/>
 <node id="6059187346" visible="true" version="1" changeset="64463927" timestamp="2018-11-14T03:09:17Z" user="Tauntaun" uid="8076764" lat="26.7984876" lon="82.2614756"/>
 <node id="6059187347" visible="true" version="1" changeset="64463927" timestamp="2018-11-14T03:09:17Z" user="Tauntaun" uid="8076764" lat="26.7982458" lon="82.2615159"/>
 <node id="6059187348" visible="true" version="1" changeset="64463927" timestamp="2018-11-14T03:09:17Z" user="Tauntaun" uid="8076764" lat="26.7980710" lon="82.2615024"/>
 <node id="6059187349" visible="true" version="1" changeset="64463927" timestamp="2018-11-14T03:09:17Z" user="Tauntaun" uid="8076764" lat="26.7978795" lon="82.2614944"/>
 <node id="6059187350" visible="true" version="1" changeset="64463927" timestamp="2018-11-14T03:09:17Z" user="Tauntaun" uid="8076764" lat="26.8015496" lon="82.2578573"/>
 <node id="6059187351" visible="true" version="1" changeset="64463927" timestamp="2018-11-14T03:09:17Z" user="Tauntaun" uid="8076764" lat="26.7991364" lon="82.2610921"/>
 <node id="6059187352" visible="true" version="1" changeset="64463927" timestamp="2018-11-14T03:09:17Z" user="Tauntaun" uid="8076764" lat="26.7987533" lon="82.2613817"/>
 <node id="6059187353" visible="true" version="1" changeset="64463927" timestamp="2018-11-14T03:09:17Z" user="Tauntaun" uid="8076764" lat="26.7976616" lon="82.2615319"/>
 <node id="6059187354" visible="true" version="1" changeset="64463927" timestamp="2018-11-14T03:09:17Z" user="Tauntaun" uid="8076764" lat="26.7974389" lon="82.2616205"/>
 <node id="6059187355" visible="true" version="1" changeset="64463927" timestamp="2018-11-14T03:09:17Z" user="Tauntaun" uid="8076764" lat="26.7969697" lon="82.2616419"/>
 <node id="6059187356" visible="true" version="1" changeset="64463927" timestamp="2018-11-14T03:09:17Z" user="Tauntaun" uid="8076764" lat="26.7963304" lon="82.2615641"/>
 <node id="6059187357" visible="true" version="1" changeset="64463927" timestamp="2018-11-14T03:09:17Z" user="Tauntaun" uid="8076764" lat="26.7959426" lon="82.2615588"/>
 <node id="6059187358" visible="true" version="1" changeset="64463927" timestamp="2018-11-14T03:09:17Z" user="Tauntaun" uid="8076764" lat="26.7954302" lon="82.2616768"/>
 <node id="6059187359" visible="true" version="1" changeset="64463927" timestamp="2018-11-14T03:09:17Z" user="Tauntaun" uid="8076764" lat="26.7948700" lon="82.2617733"/>
 <node id="6059187360" visible="true" version="1" changeset="64463927" timestamp="2018-11-14T03:09:17Z" user="Tauntaun" uid="8076764" lat="26.7943480" lon="82.2616929"/>
 <node id="6059187361" visible="true" version="1" changeset="64463927" timestamp="2018-11-14T03:09:17Z" user="Tauntaun" uid="8076764" lat="26.7939937" lon="82.2617197"/>
 <node id="6059187362" visible="true" version="1" changeset="64463927" timestamp="2018-11-14T03:09:17Z" user="Tauntaun" uid="8076764" lat="26.7933664" lon="82.2620094"/>
 <node id="6059187363" visible="true" version="1" changeset="64463927" timestamp="2018-11-14T03:09:17Z" user="Tauntaun" uid="8076764" lat="26.7929163" lon="82.2624385"/>
 <node id="6059187364" visible="true" version="1" changeset="64463927" timestamp="2018-11-14T03:09:17Z" user="Tauntaun" uid="8076764" lat="26.7921980" lon="82.2627175"/>
 <node id="6059187365" visible="true" version="1" changeset="64463927" timestamp="2018-11-14T03:09:17Z" user="Tauntaun" uid="8076764" lat="26.7916713" lon="82.2627819"/>
 <node id="6059187366" visible="true" version="1" changeset="64463927" timestamp="2018-11-14T03:09:17Z" user="Tauntaun" uid="8076764" lat="26.7912211" lon="82.2628248"/>
 <node id="6059187367" visible="true" version="1" changeset="64463927" timestamp="2018-11-14T03:09:17Z" user="Tauntaun" uid="8076764" lat="26.7898755" lon="82.2629213"/>
 <node id="6059187368" visible="true" version="1" changeset="64463927" timestamp="2018-11-14T03:09:17Z" user="Tauntaun" uid="8076764" lat="26.7891094" lon="82.2630179"/>
 <node id="6059187369" visible="true" version="1" changeset="64463927" timestamp="2018-11-14T03:09:17Z" user="Tauntaun" uid="8076764" lat="26.7881995" lon="82.2631359"/>
 <node id="6059187370" visible="true" version="1" changeset="64463927" timestamp="2018-11-14T03:09:17Z" user="Tauntaun" uid="8076764" lat="26.7863511" lon="82.2633290"/>
 <node id="6059187371" visible="true" version="1" changeset="64463927" timestamp="2018-11-14T03:09:17Z" user="Tauntaun" uid="8076764" lat="26.7855849" lon="82.2635436"/>
 <node id="6059187372" visible="true" version="1" changeset="64463927" timestamp="2018-11-14T03:09:17Z" user="Tauntaun" uid="8076764" lat="26.7844068" lon="82.2639298"/>
 <node id="6059187373" visible="true" version="1" changeset="64463927" timestamp="2018-11-14T03:09:17Z" user="Tauntaun" uid="8076764" lat="26.7826636" lon="82.2651422"/>
 <node id="6059187374" visible="true" version="1" changeset="64463927" timestamp="2018-11-14T03:09:17Z" user="Tauntaun" uid="8076764" lat="26.7836214" lon="82.2644663"/>
 <node id="6059187375" visible="true" version="1" changeset="64463927" timestamp="2018-11-14T03:09:18Z" user="Tauntaun" uid="8076764" lat="26.7809396" lon="82.2657698"/>
 <node id="6059187376" visible="true" version="1" changeset="64463927" timestamp="2018-11-14T03:09:18Z" user="Tauntaun" uid="8076764" lat="26.7796226" lon="82.2662473"/>
 <node id="6059187377" visible="true" version="1" changeset="64463927" timestamp="2018-11-14T03:09:18Z" user="Tauntaun" uid="8076764" lat="26.7784110" lon="82.2668320"/>
 <node id="6059187378" visible="true" version="1" changeset="64463927" timestamp="2018-11-14T03:09:18Z" user="Tauntaun" uid="8076764" lat="26.7772424" lon="82.2675723"/>
 <node id="6059187379" visible="true" version="1" changeset="64463927" timestamp="2018-11-14T03:09:18Z" user="Tauntaun" uid="8076764" lat="26.7766150" lon="82.2680980"/>
 <node id="6059187380" visible="true" version="1" changeset="64463927" timestamp="2018-11-14T03:09:18Z" user="Tauntaun" uid="8076764" lat="26.7759924" lon="82.2686344"/>
 <node id="6059187381" visible="true" version="1" changeset="64463927" timestamp="2018-11-14T03:09:18Z" user="Tauntaun" uid="8076764" lat="26.7747425" lon="82.2696590"/>
 <node id="6059187382" visible="true" version="1" changeset="64463927" timestamp="2018-11-14T03:09:18Z" user="Tauntaun" uid="8076764" lat="26.7741103" lon="82.2699112"/>
 <node id="6059187383" visible="true" version="1" changeset="64463927" timestamp="2018-11-14T03:09:18Z" user="Tauntaun" uid="8076764" lat="26.7732530" lon="82.2702277"/>
 <node id="6059187384" visible="true" version="1" changeset="64463927" timestamp="2018-11-14T03:09:18Z" user="Tauntaun" uid="8076764" lat="26.7724723" lon="82.2704369"/>
 <node id="6059187385" visible="true" version="1" changeset="64463927" timestamp="2018-11-14T03:09:13Z" user="Tauntaun" uid="8076764" lat="26.7557897" lon="82.2851515"/>
 <node id="6059187386" visible="true" version="1" changeset="64463927" timestamp="2018-11-14T03:09:13Z" user="Tauntaun" uid="8076764" lat="26.7562927" lon="82.2849315"/>
 <node id="6059187387" visible="true" version="1" changeset="64463927" timestamp="2018-11-14T03:09:13Z" user="Tauntaun" uid="8076764" lat="26.7578015" lon="82.2842342"/>
 <node id="6059187388" visible="true" version="1" changeset="64463927" timestamp="2018-11-14T03:09:13Z" user="Tauntaun" uid="8076764" lat="26.7584290" lon="82.2837889"/>
 <node id="6059187389" visible="true" version="1" changeset="64463927" timestamp="2018-11-14T03:09:13Z" user="Tauntaun" uid="8076764" lat="26.7592960" lon="82.2831935"/>
 <node id="6059187390" visible="true" version="1" changeset="64463927" timestamp="2018-11-14T03:09:13Z" user="Tauntaun" uid="8076764" lat="26.7596505" lon="82.2829252"/>
 <node id="6059187391" visible="true" version="1" changeset="64463927" timestamp="2018-11-14T03:09:13Z" user="Tauntaun" uid="8076764" lat="26.7602684" lon="82.2825819"/>
 <node id="6059187392" visible="true" version="1" changeset="64463927" timestamp="2018-11-14T03:09:13Z" user="Tauntaun" uid="8076764" lat="26.7625531" lon="82.2806561"/>
 <node id="6059187393" visible="true" version="1" changeset="64463927" timestamp="2018-11-14T03:09:13Z" user="Tauntaun" uid="8076764" lat="26.7612359" lon="82.2817612"/>
 <node id="6059187394" visible="true" version="1" changeset="64463927" timestamp="2018-11-14T03:09:13Z" user="Tauntaun" uid="8076764" lat="26.7619256" lon="82.2811335"/>
 <node id="6059187395" visible="true" version="1" changeset="64463927" timestamp="2018-11-14T03:09:13Z" user="Tauntaun" uid="8076764" lat="26.7632620" lon="82.2803074"/>
 <node id="6059187396" visible="true" version="1" changeset="64463927" timestamp="2018-11-14T03:09:13Z" user="Tauntaun" uid="8076764" lat="26.7643205" lon="82.2794920"/>
 <node id="6059187397" visible="true" version="1" changeset="64463927" timestamp="2018-11-14T03:09:13Z" user="Tauntaun" uid="8076764" lat="26.7649192" lon="82.2787946"/>
 <node id="6059187398" visible="true" version="1" changeset="64463927" timestamp="2018-11-14T03:09:13Z" user="Tauntaun" uid="8076764" lat="26.7654317" lon="82.2775340"/>
 <node id="6059187399" visible="true" version="1" changeset="64463927" timestamp="2018-11-14T03:09:13Z" user="Tauntaun" uid="8076764" lat="26.7655658" lon="82.2768688"/>
 <node id="6059187400" visible="true" version="1" changeset="64463927" timestamp="2018-11-14T03:09:13Z" user="Tauntaun" uid="8076764" lat="26.7658293" lon="82.2763967"/>
 <node id="6059187401" visible="true" version="1" changeset="64463927" timestamp="2018-11-14T03:09:13Z" user="Tauntaun" uid="8076764" lat="26.7661310" lon="82.2760534"/>
 <node id="6059187402" visible="true" version="1" changeset="64463927" timestamp="2018-11-14T03:09:13Z" user="Tauntaun" uid="8076764" lat="26.7667297" lon="82.2756135"/>
 <node id="6059187403" visible="true" version="1" changeset="64463927" timestamp="2018-11-14T03:09:13Z" user="Tauntaun" uid="8076764" lat="26.7674098" lon="82.2749376"/>
 <node id="6059187404" visible="true" version="1" changeset="64463927" timestamp="2018-11-14T03:09:13Z" user="Tauntaun" uid="8076764" lat="26.7686503" lon="82.2742027"/>
 <node id="6059187405" visible="true" version="1" changeset="64463927" timestamp="2018-11-14T03:09:13Z" user="Tauntaun" uid="8076764" lat="26.7691389" lon="82.2739237"/>
 <node id="6059187406" visible="true" version="1" changeset="64463927" timestamp="2018-11-14T03:09:13Z" user="Tauntaun" uid="8076764" lat="26.7693640" lon="82.2737896"/>
 <node id="6059187407" visible="true" version="1" changeset="64463927" timestamp="2018-11-14T03:09:13Z" user="Tauntaun" uid="8076764" lat="26.7700489" lon="82.2735053"/>
 <node id="6059187408" visible="true" version="1" changeset="64463927" timestamp="2018-11-14T03:09:13Z" user="Tauntaun" uid="8076764" lat="26.7703075" lon="82.2734570"/>
 <node id="6059187409" visible="true" version="1" changeset="64463927" timestamp="2018-11-14T03:09:13Z" user="Tauntaun" uid="8076764" lat="26.7706715" lon="82.2733444"/>
 <node id="6059187410" visible="true" version="1" changeset="64463927" timestamp="2018-11-14T03:09:13Z" user="Tauntaun" uid="8076764" lat="26.7712558" lon="82.2729313"/>
 <node id="6059187411" visible="true" version="1" changeset="64463927" timestamp="2018-11-14T03:09:13Z" user="Tauntaun" uid="8076764" lat="26.7714426" lon="82.2728670"/>
 <node id="6059187412" visible="true" version="1" changeset="64463927" timestamp="2018-11-14T03:09:13Z" user="Tauntaun" uid="8076764" lat="26.7715623" lon="82.2727489"/>
 <node id="6059187413" visible="true" version="1" changeset="64463927" timestamp="2018-11-14T03:09:13Z" user="Tauntaun" uid="8076764" lat="26.7715815" lon="82.2726792"/>
 <node id="6059187414" visible="true" version="1" changeset="64463927" timestamp="2018-11-14T03:09:13Z" user="Tauntaun" uid="8076764" lat="26.7715001" lon="82.2725666"/>
 <node id="6059187415" visible="true" version="1" changeset="64463927" timestamp="2018-11-14T03:09:13Z" user="Tauntaun" uid="8076764" lat="26.7712989" lon="82.2724807"/>
 <node id="6059187416" visible="true" version="1" changeset="64463927" timestamp="2018-11-14T03:09:13Z" user="Tauntaun" uid="8076764" lat="26.7705661" lon="82.2721481"/>
 <node id="6059187417" visible="true" version="1" changeset="64463927" timestamp="2018-11-14T03:09:13Z" user="Tauntaun" uid="8076764" lat="26.7701686" lon="82.2719818"/>
 <node id="6059187418" visible="true" version="1" changeset="64463927" timestamp="2018-11-14T03:09:13Z" user="Tauntaun" uid="8076764" lat="26.7697759" lon="82.2719818"/>
 <node id="6059187419" visible="true" version="1" changeset="64463927" timestamp="2018-11-14T03:09:13Z" user="Tauntaun" uid="8076764" lat="26.7678696" lon="82.2718584"/>
 <node id="6059187420" visible="true" version="1" changeset="64463927" timestamp="2018-11-14T03:09:13Z" user="Tauntaun" uid="8076764" lat="26.7678505" lon="82.2717136"/>
 <node id="6059187421" visible="true" version="1" changeset="64463927" timestamp="2018-11-14T03:09:13Z" user="Tauntaun" uid="8076764" lat="26.7677882" lon="82.2715902"/>
 <node id="6059187422" visible="true" version="1" changeset="64463927" timestamp="2018-11-14T03:09:13Z" user="Tauntaun" uid="8076764" lat="26.7676110" lon="82.2715366"/>
 <node id="6059187423" visible="true" version="1" changeset="64463927" timestamp="2018-11-14T03:09:13Z" user="Tauntaun" uid="8076764" lat="26.7686599" lon="82.2722501"/>
 <node id="6059187424" visible="true" version="1" changeset="64463927" timestamp="2018-11-14T03:09:13Z" user="Tauntaun" uid="8076764" lat="26.7695987" lon="82.2720569"/>
 <node id="6059187425" visible="true" version="1" changeset="64463927" timestamp="2018-11-14T03:09:13Z" user="Tauntaun" uid="8076764" lat="26.7692969" lon="82.2722340"/>
 <node id="6059187426" visible="true" version="1" changeset="64463927" timestamp="2018-11-14T03:09:13Z" user="Tauntaun" uid="8076764" lat="26.7682049" lon="82.2721696"/>
 <node id="6059187427" visible="true" version="1" changeset="64463927" timestamp="2018-11-14T03:09:13Z" user="Tauntaun" uid="8076764" lat="26.7679702" lon="82.2720194"/>
 <node id="6059187428" visible="true" version="1" changeset="64463927" timestamp="2018-11-14T03:09:13Z" user="Tauntaun" uid="8076764" lat="26.7668974" lon="82.2716117"/>
 <node id="6059187429" visible="true" version="1" changeset="64463927" timestamp="2018-11-14T03:09:13Z" user="Tauntaun" uid="8076764" lat="26.7658437" lon="82.2717512"/>
 <node id="6059187430" visible="true" version="1" changeset="64463927" timestamp="2018-11-14T03:09:13Z" user="Tauntaun" uid="8076764" lat="26.7643397" lon="82.2723627"/>
 <node id="6059187431" visible="true" version="1" changeset="64463927" timestamp="2018-11-14T03:09:13Z" user="Tauntaun" uid="8076764" lat="26.7628213" lon="82.2730601"/>
 <node id="6059187432" visible="true" version="1" changeset="64463927" timestamp="2018-11-14T03:09:13Z" user="Tauntaun" uid="8076764" lat="26.7621508" lon="82.2734088"/>
 <node id="6059187433" visible="true" version="1" changeset="64463927" timestamp="2018-11-14T03:09:13Z" user="Tauntaun" uid="8076764" lat="26.7611880" lon="82.2735536"/>
 <node id="6059187434" visible="true" version="1" changeset="64463927" timestamp="2018-11-14T03:09:14Z" user="Tauntaun" uid="8076764" lat="26.7606132" lon="82.2734249"/>
 <node id="6059187435" visible="true" version="1" changeset="64463927" timestamp="2018-11-14T03:09:14Z" user="Tauntaun" uid="8076764" lat="26.7565514" lon="82.2710323"/>
 <node id="6059187436" visible="true" version="1" changeset="64463927" timestamp="2018-11-14T03:09:14Z" user="Tauntaun" uid="8076764" lat="26.7534857" lon="82.2692835"/>
 <node id="6059187437" visible="true" version="1" changeset="64463927" timestamp="2018-11-14T03:09:14Z" user="Tauntaun" uid="8076764" lat="26.7525660" lon="82.2694230"/>
 <node id="6059187438" visible="true" version="1" changeset="64463927" timestamp="2018-11-14T03:09:14Z" user="Tauntaun" uid="8076764" lat="26.7515505" lon="82.2697878"/>
 <node id="6059187439" visible="true" version="1" changeset="64463927" timestamp="2018-11-14T03:09:14Z" user="Tauntaun" uid="8076764" lat="26.7498355" lon="82.2701955"/>
 <node id="6059187440" visible="true" version="1" changeset="64463927" timestamp="2018-11-14T03:09:14Z" user="Tauntaun" uid="8076764" lat="26.7394784" lon="82.2721374"/>
 <node id="6059187441" visible="true" version="1" changeset="64463927" timestamp="2018-11-14T03:09:14Z" user="Tauntaun" uid="8076764" lat="26.7292928" lon="82.2784674"/>
 <node id="6059187442" visible="true" version="1" changeset="64463927" timestamp="2018-11-14T03:09:14Z" user="Tauntaun" uid="8076764" lat="26.7265666" lon="82.2899097"/>
 <node id="6059187443" visible="true" version="1" changeset="64463927" timestamp="2018-11-14T03:09:14Z" user="Tauntaun" uid="8076764" lat="26.7333844" lon="82.3004830"/>
 <node id="6059187444" visible="true" version="1" changeset="64463927" timestamp="2018-11-14T03:09:14Z" user="Tauntaun" uid="8076764" lat="26.7532270" lon="82.2868359"/>
 <node id="6059187445" visible="true" version="1" changeset="64463927" timestamp="2018-11-14T03:09:14Z" user="Tauntaun" uid="8076764" lat="26.7653407" lon="82.2779256"/>
 <node id="6059187446" visible="true" version="1" changeset="64463927" timestamp="2018-11-14T03:09:14Z" user="Tauntaun" uid="8076764" lat="26.7709014" lon="82.2731459"/>
 <node id="6059187447" visible="true" version="1" changeset="64463927" timestamp="2018-11-14T03:09:14Z" user="Tauntaun" uid="8076764" lat="26.7673380" lon="82.2715902"/>
 <node id="6059187448" visible="true" version="1" changeset="64463927" timestamp="2018-11-14T03:09:14Z" user="Tauntaun" uid="8076764" lat="26.7589464" lon="82.2725236"/>
 <node id="6059187449" visible="true" version="1" changeset="64463927" timestamp="2018-11-14T03:09:14Z" user="Tauntaun" uid="8076764" lat="26.7545395" lon="82.2695517"/>
 <node id="6059187450" visible="true" version="1" changeset="64463927" timestamp="2018-11-14T03:09:14Z" user="Tauntaun" uid="8076764" lat="26.7485805" lon="82.2705281"/>
 <node id="6059187451" visible="true" version="1" changeset="64463927" timestamp="2018-11-14T03:09:14Z" user="Tauntaun" uid="8076764" lat="26.7625052" lon="82.2724110"/>
 <node id="6059187452" visible="true" version="1" changeset="64463927" timestamp="2018-11-14T03:09:14Z" user="Tauntaun" uid="8076764" lat="26.7607090" lon="82.2727060"/>
 <node id="6059187453" visible="true" version="1" changeset="64463927" timestamp="2018-11-14T03:09:14Z" user="Tauntaun" uid="8076764" lat="26.7596361" lon="82.2722340"/>
 <node id="6059187454" visible="true" version="1" changeset="64463927" timestamp="2018-11-14T03:09:14Z" user="Tauntaun" uid="8076764" lat="26.7584530" lon="82.2714615"/>
 <node id="6059187455" visible="true" version="1" changeset="64463927" timestamp="2018-11-14T03:09:14Z" user="Tauntaun" uid="8076764" lat="26.7579452" lon="82.2711933"/>
 <node id="6059187456" visible="true" version="1" changeset="64463927" timestamp="2018-11-14T03:09:14Z" user="Tauntaun" uid="8076764" lat="26.7571166" lon="82.2707587"/>
 <node id="6059187457" visible="true" version="1" changeset="64463927" timestamp="2018-11-14T03:09:14Z" user="Tauntaun" uid="8076764" lat="26.7563550" lon="82.2702813"/>
 <node id="6059187458" visible="true" version="1" changeset="64463927" timestamp="2018-11-14T03:09:14Z" user="Tauntaun" uid="8076764" lat="26.7556556" lon="82.2699219"/>
 <node id="6059187459" visible="true" version="1" changeset="64463927" timestamp="2018-11-14T03:09:14Z" user="Tauntaun" uid="8076764" lat="26.7552724" lon="82.2696376"/>
 <node id="6059187460" visible="true" version="1" changeset="64463927" timestamp="2018-11-14T03:09:14Z" user="Tauntaun" uid="8076764" lat="26.7632285" lon="82.2721696"/>
 <node id="6059187461" visible="true" version="1" changeset="64463927" timestamp="2018-11-14T03:09:14Z" user="Tauntaun" uid="8076764" lat="26.7642726" lon="82.2717190"/>
 <node id="6059187462" visible="true" version="1" changeset="64463927" timestamp="2018-11-14T03:09:14Z" user="Tauntaun" uid="8076764" lat="26.7668112" lon="82.2707856"/>
 <node id="6059187463" visible="true" version="1" changeset="64463927" timestamp="2018-11-14T03:09:14Z" user="Tauntaun" uid="8076764" lat="26.7680229" lon="82.2702062"/>
 <node id="6059187464" visible="true" version="1" changeset="64463927" timestamp="2018-11-14T03:09:14Z" user="Tauntaun" uid="8076764" lat="26.7688946" lon="82.2697610"/>
 <node id="6059187465" visible="true" version="1" changeset="64463927" timestamp="2018-11-14T03:09:14Z" user="Tauntaun" uid="8076764" lat="26.7692442" lon="82.2693801"/>
 <node id="6059187466" visible="true" version="1" changeset="64463927" timestamp="2018-11-14T03:09:14Z" user="Tauntaun" uid="8076764" lat="26.7694358" lon="82.2692191"/>
 <node id="6059187467" visible="true" version="1" changeset="64463927" timestamp="2018-11-14T03:09:14Z" user="Tauntaun" uid="8076764" lat="26.7699148" lon="82.2690904"/>
 <node id="6059187468" visible="true" version="1" changeset="64463927" timestamp="2018-11-14T03:09:14Z" user="Tauntaun" uid="8076764" lat="26.7703841" lon="82.2691119"/>
 <node id="6059187469" visible="true" version="1" changeset="64463927" timestamp="2018-11-14T03:09:14Z" user="Tauntaun" uid="8076764" lat="26.7714953" lon="82.2688651"/>
 <node id="6059187470" visible="true" version="1" changeset="64463927" timestamp="2018-11-14T03:09:14Z" user="Tauntaun" uid="8076764" lat="26.7730614" lon="82.2681731"/>
 <node id="6059187471" visible="true" version="1" changeset="64463927" timestamp="2018-11-14T03:09:14Z" user="Tauntaun" uid="8076764" lat="26.7735595" lon="82.2678298"/>
 <node id="6059187472" visible="true" version="1" changeset="64463927" timestamp="2018-11-14T03:09:14Z" user="Tauntaun" uid="8076764" lat="26.7737798" lon="82.2675615"/>
 <node id="6059187473" visible="true" version="1" changeset="64463927" timestamp="2018-11-14T03:09:14Z" user="Tauntaun" uid="8076764" lat="26.7740384" lon="82.2672880"/>
 <node id="6059187474" visible="true" version="1" changeset="64463927" timestamp="2018-11-14T03:09:14Z" user="Tauntaun" uid="8076764" lat="26.7748047" lon="82.2667086"/>
 <node id="6059187475" visible="true" version="1" changeset="64463927" timestamp="2018-11-14T03:09:14Z" user="Tauntaun" uid="8076764" lat="26.7743928" lon="82.2670251"/>
 <node id="6059187476" visible="true" version="1" changeset="64463927" timestamp="2018-11-14T03:09:14Z" user="Tauntaun" uid="8076764" lat="26.7752118" lon="82.2665209"/>
 <node id="6059187477" visible="true" version="1" changeset="64463927" timestamp="2018-11-14T03:09:14Z" user="Tauntaun" uid="8076764" lat="26.7756812" lon="82.2664350"/>
 <node id="6059187478" visible="true" version="1" changeset="64463927" timestamp="2018-11-14T03:09:14Z" user="Tauntaun" uid="8076764" lat="26.7764091" lon="82.2663975"/>
 <node id="6059187479" visible="true" version="1" changeset="64463927" timestamp="2018-11-14T03:09:14Z" user="Tauntaun" uid="8076764" lat="26.7769982" lon="82.2663706"/>
 <node id="6059187480" visible="true" version="1" changeset="64463927" timestamp="2018-11-14T03:09:14Z" user="Tauntaun" uid="8076764" lat="26.7776687" lon="82.2661239"/>
 <node id="6059187481" visible="true" version="1" changeset="64463927" timestamp="2018-11-14T03:09:14Z" user="Tauntaun" uid="8076764" lat="26.7791389" lon="82.2657216"/>
 <node id="6059187482" visible="true" version="1" changeset="64463927" timestamp="2018-11-14T03:09:14Z" user="Tauntaun" uid="8076764" lat="26.7802069" lon="82.2654319"/>
 <node id="6059187483" visible="true" version="1" changeset="64463927" timestamp="2018-11-14T03:09:14Z" user="Tauntaun" uid="8076764" lat="26.7807959" lon="82.2651368"/>
 <node id="6059187484" visible="true" version="1" changeset="64463927" timestamp="2018-11-14T03:09:14Z" user="Tauntaun" uid="8076764" lat="26.7813036" lon="82.2647613"/>
 <node id="6059187485" visible="true" version="1" changeset="64463927" timestamp="2018-11-14T03:09:14Z" user="Tauntaun" uid="8076764" lat="26.7823835" lon="82.2637179"/>
 <node id="6059187486" visible="true" version="1" changeset="64463927" timestamp="2018-11-14T03:09:14Z" user="Tauntaun" uid="8076764" lat="26.7820746" lon="82.2640747"/>
 <node id="6059187487" visible="true" version="1" changeset="64463927" timestamp="2018-11-14T03:09:14Z" user="Tauntaun" uid="8076764" lat="26.7822039" lon="82.2639164"/>
 <node id="6059187488" visible="true" version="1" changeset="64463927" timestamp="2018-11-14T03:09:14Z" user="Tauntaun" uid="8076764" lat="26.7823476" lon="82.2637957"/>
 <node id="6059187489" visible="true" version="1" changeset="64463927" timestamp="2018-11-14T03:09:14Z" user="Tauntaun" uid="8076764" lat="26.7823380" lon="82.2636133"/>
 <node id="6059187490" visible="true" version="1" changeset="64463927" timestamp="2018-11-14T03:09:14Z" user="Tauntaun" uid="8076764" lat="26.7821560" lon="82.2635382"/>
 <node id="6059187491" visible="true" version="1" changeset="64463927" timestamp="2018-11-14T03:09:14Z" user="Tauntaun" uid="8076764" lat="26.7818447" lon="82.2634524"/>
 <node id="6059187492" visible="true" version="1" changeset="64463927" timestamp="2018-11-14T03:09:14Z" user="Tauntaun" uid="8076764" lat="26.7812365" lon="82.2631788"/>
 <node id="6059187493" visible="true" version="1" changeset="64463927" timestamp="2018-11-14T03:09:14Z" user="Tauntaun" uid="8076764" lat="26.7797136" lon="82.2625458"/>
 <node id="6059187494" visible="true" version="1" changeset="64463927" timestamp="2018-11-14T03:09:14Z" user="Tauntaun" uid="8076764" lat="26.7787750" lon="82.2621489"/>
 <node id="6059187495" visible="true" version="1" changeset="64463927" timestamp="2018-11-14T03:09:14Z" user="Tauntaun" uid="8076764" lat="26.7783344" lon="82.2620255"/>
 <node id="6059187496" visible="true" version="1" changeset="64463927" timestamp="2018-11-14T03:09:14Z" user="Tauntaun" uid="8076764" lat="26.7777166" lon="82.2619611"/>
 <node id="6059187497" visible="true" version="1" changeset="64463927" timestamp="2018-11-14T03:09:14Z" user="Tauntaun" uid="8076764" lat="26.7771850" lon="82.2619021"/>
 <node id="6059187498" visible="true" version="1" changeset="64463927" timestamp="2018-11-14T03:09:14Z" user="Tauntaun" uid="8076764" lat="26.7766198" lon="82.2616607"/>
 <node id="6059187499" visible="true" version="1" changeset="64463927" timestamp="2018-11-14T03:09:14Z" user="Tauntaun" uid="8076764" lat="26.7764139" lon="82.2614890"/>
 <node id="6059187500" visible="true" version="1" changeset="64463927" timestamp="2018-11-14T03:09:15Z" user="Tauntaun" uid="8076764" lat="26.7761265" lon="82.2612530"/>
 <node id="6059187501" visible="true" version="1" changeset="64463927" timestamp="2018-11-14T03:09:15Z" user="Tauntaun" uid="8076764" lat="26.7758344" lon="82.2608668"/>
 <node id="6059187502" visible="true" version="1" changeset="64463927" timestamp="2018-11-14T03:09:15Z" user="Tauntaun" uid="8076764" lat="26.7753938" lon="82.2598153"/>
 <node id="6059187503" visible="true" version="1" changeset="64463927" timestamp="2018-11-14T03:09:15Z" user="Tauntaun" uid="8076764" lat="26.7751352" lon="82.2592199"/>
 <node id="6059187504" visible="true" version="1" changeset="64463927" timestamp="2018-11-14T03:09:15Z" user="Tauntaun" uid="8076764" lat="26.7749292" lon="82.2589731"/>
 <node id="6059187505" visible="true" version="1" changeset="64463927" timestamp="2018-11-14T03:09:15Z" user="Tauntaun" uid="8076764" lat="26.7734925" lon="82.2590858"/>
 <node id="6059187506" visible="true" version="1" changeset="64463927" timestamp="2018-11-14T03:09:15Z" user="Tauntaun" uid="8076764" lat="26.7730231" lon="82.2590858"/>
 <node id="6059187507" visible="true" version="1" changeset="64463927" timestamp="2018-11-14T03:09:15Z" user="Tauntaun" uid="8076764" lat="26.7723526" lon="82.2591662"/>
 <node id="6059187508" visible="true" version="1" changeset="64463927" timestamp="2018-11-14T03:09:15Z" user="Tauntaun" uid="8076764" lat="26.7710930" lon="82.2597080"/>
 <node id="6059187509" visible="true" version="1" changeset="64463927" timestamp="2018-11-14T03:09:15Z" user="Tauntaun" uid="8076764" lat="26.7703793" lon="82.2600514"/>
 <node id="6059187510" visible="true" version="1" changeset="64463927" timestamp="2018-11-14T03:09:15Z" user="Tauntaun" uid="8076764" lat="26.7694550" lon="82.2606844"/>
 <node id="6059187511" visible="true" version="1" changeset="64463927" timestamp="2018-11-14T03:09:15Z" user="Tauntaun" uid="8076764" lat="26.7690622" lon="82.2611350"/>
 <node id="6059187512" visible="true" version="1" changeset="64463927" timestamp="2018-11-14T03:09:15Z" user="Tauntaun" uid="8076764" lat="26.7686408" lon="82.2616178"/>
 <node id="6059187513" visible="true" version="1" changeset="64463927" timestamp="2018-11-14T03:09:15Z" user="Tauntaun" uid="8076764" lat="26.7684348" lon="82.2620416"/>
 <node id="6059187514" visible="true" version="1" changeset="64463927" timestamp="2018-11-14T03:09:15Z" user="Tauntaun" uid="8076764" lat="26.7683055" lon="82.2623849"/>
 <node id="6059187515" visible="true" version="1" changeset="64463927" timestamp="2018-11-14T03:09:15Z" user="Tauntaun" uid="8076764" lat="26.7682815" lon="82.2626531"/>
 <node id="6059187516" visible="true" version="1" changeset="64463927" timestamp="2018-11-14T03:09:15Z" user="Tauntaun" uid="8076764" lat="26.7682720" lon="82.2631198"/>
 <node id="6059187517" visible="true" version="1" changeset="64463927" timestamp="2018-11-14T03:09:15Z" user="Tauntaun" uid="8076764" lat="26.7669357" lon="82.2644341"/>
 <node id="6059187518" visible="true" version="1" changeset="64463927" timestamp="2018-11-14T03:09:15Z" user="Tauntaun" uid="8076764" lat="26.7673332" lon="82.2639352"/>
 <node id="6059187519" visible="true" version="1" changeset="64463927" timestamp="2018-11-14T03:09:15Z" user="Tauntaun" uid="8076764" lat="26.7665573" lon="82.2648525"/>
 <node id="6059187520" visible="true" version="1" changeset="64463927" timestamp="2018-11-14T03:09:15Z" user="Tauntaun" uid="8076764" lat="26.7662987" lon="82.2652924"/>
 <node id="6059187521" visible="true" version="1" changeset="64463927" timestamp="2018-11-14T03:09:15Z" user="Tauntaun" uid="8076764" lat="26.7661310" lon="82.2657752"/>
 <node id="6059187522" visible="true" version="1" changeset="64463927" timestamp="2018-11-14T03:09:15Z" user="Tauntaun" uid="8076764" lat="26.7659299" lon="82.2659844"/>
 <node id="6059187523" visible="true" version="1" changeset="64463927" timestamp="2018-11-14T03:09:15Z" user="Tauntaun" uid="8076764" lat="26.7656616" lon="82.2660381"/>
 <node id="6059187524" visible="true" version="1" changeset="64463927" timestamp="2018-11-14T03:09:15Z" user="Tauntaun" uid="8076764" lat="26.7645169" lon="82.2657859"/>
 <node id="6059187525" visible="true" version="1" changeset="64463927" timestamp="2018-11-14T03:09:15Z" user="Tauntaun" uid="8076764" lat="26.7651252" lon="82.2659361"/>
 <node id="6059187526" visible="true" version="1" changeset="64463927" timestamp="2018-11-14T03:09:15Z" user="Tauntaun" uid="8076764" lat="26.7649049" lon="82.2657967"/>
 <node id="6059187527" visible="true" version="1" changeset="64463927" timestamp="2018-11-14T03:09:15Z" user="Tauntaun" uid="8076764" lat="26.7640379" lon="82.2660112"/>
 <node id="6059187528" visible="true" version="1" changeset="64463927" timestamp="2018-11-14T03:09:15Z" user="Tauntaun" uid="8076764" lat="26.7636739" lon="82.2661292"/>
 <node id="6059187529" visible="true" version="1" changeset="64463927" timestamp="2018-11-14T03:09:15Z" user="Tauntaun" uid="8076764" lat="26.7624214" lon="82.2663948"/>
 <node id="6059187530" visible="true" version="1" changeset="64463927" timestamp="2018-11-14T03:09:15Z" user="Tauntaun" uid="8076764" lat="26.7600504" lon="82.2662714"/>
 <node id="6059187531" visible="true" version="1" changeset="64463927" timestamp="2018-11-14T03:09:15Z" user="Tauntaun" uid="8076764" lat="26.7614227" lon="82.2663197"/>
 <node id="6059187532" visible="true" version="1" changeset="64463927" timestamp="2018-11-14T03:09:15Z" user="Tauntaun" uid="8076764" lat="26.7618778" lon="82.2664618"/>
 <node id="6059187533" visible="true" version="1" changeset="64463927" timestamp="2018-11-14T03:09:15Z" user="Tauntaun" uid="8076764" lat="26.7616095" lon="82.2664297"/>
 <node id="6059187534" visible="true" version="1" changeset="64463927" timestamp="2018-11-14T03:09:15Z" user="Tauntaun" uid="8076764" lat="26.7611928" lon="82.2661802"/>
 <node id="6059187535" visible="true" version="1" changeset="64463927" timestamp="2018-11-14T03:09:15Z" user="Tauntaun" uid="8076764" lat="26.7608839" lon="82.2661346"/>
 <node id="6059187536" visible="true" version="1" changeset="64463927" timestamp="2018-11-14T03:09:15Z" user="Tauntaun" uid="8076764" lat="26.7606108" lon="82.2661105"/>
 <node id="6059187537" visible="true" version="1" changeset="64463927" timestamp="2018-11-14T03:09:15Z" user="Tauntaun" uid="8076764" lat="26.7603929" lon="82.2661427"/>
 <node id="6059187538" visible="true" version="1" changeset="64463927" timestamp="2018-11-14T03:09:15Z" user="Tauntaun" uid="8076764" lat="26.7597894" lon="82.2663599"/>
 <node id="6059187539" visible="true" version="1" changeset="64463927" timestamp="2018-11-14T03:09:15Z" user="Tauntaun" uid="8076764" lat="26.7589751" lon="82.2665799"/>
 <node id="6059187540" visible="true" version="1" changeset="64463927" timestamp="2018-11-14T03:09:15Z" user="Tauntaun" uid="8076764" lat="26.7586254" lon="82.2667140"/>
 <node id="6059187541" visible="true" version="1" changeset="64463927" timestamp="2018-11-14T03:09:15Z" user="Tauntaun" uid="8076764" lat="26.7583811" lon="82.2668910"/>
 <node id="6059187542" visible="true" version="1" changeset="64463927" timestamp="2018-11-14T03:09:15Z" user="Tauntaun" uid="8076764" lat="26.7580937" lon="82.2671109"/>
 <node id="6059187543" visible="true" version="1" changeset="64463927" timestamp="2018-11-14T03:09:15Z" user="Tauntaun" uid="8076764" lat="26.7576195" lon="82.2672933"/>
 <node id="6059187544" visible="true" version="1" changeset="64463927" timestamp="2018-11-14T03:09:15Z" user="Tauntaun" uid="8076764" lat="26.7570926" lon="82.2675133"/>
 <node id="6059187545" visible="true" version="1" changeset="64463927" timestamp="2018-11-14T03:09:15Z" user="Tauntaun" uid="8076764" lat="26.7562352" lon="82.2682267"/>
 <node id="6059187546" visible="true" version="1" changeset="64463927" timestamp="2018-11-14T03:09:15Z" user="Tauntaun" uid="8076764" lat="26.7558424" lon="82.2684789"/>
 <node id="6059187547" visible="true" version="1" changeset="64463927" timestamp="2018-11-14T03:09:15Z" user="Tauntaun" uid="8076764" lat="26.7553395" lon="82.2686022"/>
 <node id="6059187548" visible="true" version="1" changeset="64463927" timestamp="2018-11-14T03:09:15Z" user="Tauntaun" uid="8076764" lat="26.7548221" lon="82.2685647"/>
 <node id="6059187585" visible="true" version="1" changeset="64463927" timestamp="2018-11-14T03:09:18Z" user="Tauntaun" uid="8076764" lat="26.7721802" lon="82.2704154"/>
 <node id="6059187586" visible="true" version="1" changeset="64463927" timestamp="2018-11-14T03:09:18Z" user="Tauntaun" uid="8076764" lat="26.7718305" lon="82.2703564"/>
 <node id="6059187587" visible="true" version="1" changeset="64463927" timestamp="2018-11-14T03:09:18Z" user="Tauntaun" uid="8076764" lat="26.7714474" lon="82.2704369"/>
 <node id="6059187588" visible="true" version="1" changeset="64463927" timestamp="2018-11-14T03:09:18Z" user="Tauntaun" uid="8076764" lat="26.7708727" lon="82.2705066"/>
 <node id="6059187589" visible="true" version="1" changeset="64463927" timestamp="2018-11-14T03:09:18Z" user="Tauntaun" uid="8076764" lat="26.7694646" lon="82.2707373"/>
 <node id="6059187590" visible="true" version="1" changeset="64463927" timestamp="2018-11-14T03:09:18Z" user="Tauntaun" uid="8076764" lat="26.7691341" lon="82.2709250"/>
 <node id="6059187591" visible="true" version="1" changeset="64463927" timestamp="2018-11-14T03:09:18Z" user="Tauntaun" uid="8076764" lat="26.7689473" lon="82.2711825"/>
 <node id="6059187592" visible="true" version="1" changeset="64463927" timestamp="2018-11-14T03:09:18Z" user="Tauntaun" uid="8076764" lat="26.7689665" lon="82.2713971"/>
 <node id="6059187593" visible="true" version="1" changeset="64463927" timestamp="2018-11-14T03:09:18Z" user="Tauntaun" uid="8076764" lat="26.7690527" lon="82.2715741"/>
 <node id="6059187594" visible="true" version="1" changeset="64463927" timestamp="2018-11-14T03:09:18Z" user="Tauntaun" uid="8076764" lat="26.7694215" lon="82.2715741"/>
 <node id="6059187595" visible="true" version="1" changeset="64463927" timestamp="2018-11-14T03:09:18Z" user="Tauntaun" uid="8076764" lat="26.7702261" lon="82.2715849"/>
 <node id="6059187596" visible="true" version="1" changeset="64463927" timestamp="2018-11-14T03:09:18Z" user="Tauntaun" uid="8076764" lat="26.7730327" lon="82.2728348"/>
 <node id="6059187597" visible="true" version="1" changeset="64463927" timestamp="2018-11-14T03:09:18Z" user="Tauntaun" uid="8076764" lat="26.7732242" lon="82.2728026"/>
 <node id="6059187598" visible="true" version="1" changeset="64463927" timestamp="2018-11-14T03:09:18Z" user="Tauntaun" uid="8076764" lat="26.7735691" lon="82.2725773"/>
 <node id="6059187599" visible="true" version="1" changeset="64463927" timestamp="2018-11-14T03:09:18Z" user="Tauntaun" uid="8076764" lat="26.7726112" lon="82.2726524"/>
 <node id="6059187600" visible="true" version="1" changeset="64463927" timestamp="2018-11-14T03:09:18Z" user="Tauntaun" uid="8076764" lat="26.7743210" lon="82.2720194"/>
 <node id="6059187601" visible="true" version="1" changeset="64463927" timestamp="2018-11-14T03:09:18Z" user="Tauntaun" uid="8076764" lat="26.7783056" lon="82.2706890"/>
 <node id="6059187602" visible="true" version="1" changeset="64463927" timestamp="2018-11-14T03:09:18Z" user="Tauntaun" uid="8076764" lat="26.7795221" lon="82.2703779"/>
 <node id="6059187603" visible="true" version="1" changeset="64463927" timestamp="2018-11-14T03:09:18Z" user="Tauntaun" uid="8076764" lat="26.7815813" lon="82.2706139"/>
 <node id="6059187604" visible="true" version="1" changeset="64463927" timestamp="2018-11-14T03:09:18Z" user="Tauntaun" uid="8076764" lat="26.7821560" lon="82.2706032"/>
 <node id="6059187605" visible="true" version="1" changeset="64463927" timestamp="2018-11-14T03:09:18Z" user="Tauntaun" uid="8076764" lat="26.7832192" lon="82.2703457"/>
 <node id="6059187606" visible="true" version="1" changeset="64463927" timestamp="2018-11-14T03:09:18Z" user="Tauntaun" uid="8076764" lat="26.7841386" lon="82.2701311"/>
 <node id="6059187607" visible="true" version="1" changeset="64463927" timestamp="2018-11-14T03:09:18Z" user="Tauntaun" uid="8076764" lat="26.7847133" lon="82.2700024"/>
 <node id="6059187608" visible="true" version="1" changeset="64463927" timestamp="2018-11-14T03:09:18Z" user="Tauntaun" uid="8076764" lat="26.7851634" lon="82.2696483"/>
 <node id="6059187609" visible="true" version="1" changeset="64463927" timestamp="2018-11-14T03:09:18Z" user="Tauntaun" uid="8076764" lat="26.7856998" lon="82.2695517"/>
 <node id="6059187610" visible="true" version="1" changeset="64463927" timestamp="2018-11-14T03:09:18Z" user="Tauntaun" uid="8076764" lat="26.7886209" lon="82.2693908"/>
 <node id="6059187611" visible="true" version="1" changeset="64463927" timestamp="2018-11-14T03:09:18Z" user="Tauntaun" uid="8076764" lat="26.7906034" lon="82.2689831"/>
 <node id="6059187612" visible="true" version="1" changeset="64463927" timestamp="2018-11-14T03:09:18Z" user="Tauntaun" uid="8076764" lat="26.7928157" lon="82.2684789"/>
 <node id="6059187613" visible="true" version="1" changeset="64463927" timestamp="2018-11-14T03:09:18Z" user="Tauntaun" uid="8076764" lat="26.7954302" lon="82.2678995"/>
 <node id="6059187614" visible="true" version="1" changeset="64463927" timestamp="2018-11-14T03:09:18Z" user="Tauntaun" uid="8076764" lat="26.7984756" lon="82.2665262"/>
 <node id="6059187615" visible="true" version="1" changeset="64463927" timestamp="2018-11-14T03:09:18Z" user="Tauntaun" uid="8076764" lat="26.8015688" lon="82.2645521"/>
 <node id="6059187616" visible="true" version="1" changeset="64463927" timestamp="2018-11-14T03:09:18Z" user="Tauntaun" uid="8076764" lat="26.8026988" lon="82.2641337"/>
 <node id="6059187617" visible="true" version="1" changeset="64463927" timestamp="2018-11-14T03:09:18Z" user="Tauntaun" uid="8076764" lat="26.8061461" lon="82.2630393"/>
 <node id="6059187618" visible="true" version="1" changeset="64463927" timestamp="2018-11-14T03:09:18Z" user="Tauntaun" uid="8076764" lat="26.8090476" lon="82.2617948"/>
 <node id="6059187619" visible="true" version="1" changeset="64463927" timestamp="2018-11-14T03:09:18Z" user="Tauntaun" uid="8076764" lat="26.8104935" lon="82.2609472"/>
 <node id="6059187620" visible="true" version="1" changeset="64463927" timestamp="2018-11-14T03:09:18Z" user="Tauntaun" uid="8076764" lat="26.8123703" lon="82.2594881"/>
 <node id="6059187621" visible="true" version="1" changeset="64463927" timestamp="2018-11-14T03:09:18Z" user="Tauntaun" uid="8076764" lat="26.8129448" lon="82.2584903"/>
 <node id="6059187622" visible="true" version="1" changeset="64463927" timestamp="2018-11-14T03:09:18Z" user="Tauntaun" uid="8076764" lat="26.8129544" lon="82.2567093"/>
 <node id="6059187623" visible="true" version="1" changeset="64463927" timestamp="2018-11-14T03:09:18Z" user="Tauntaun" uid="8076764" lat="26.8130406" lon="82.2559690"/>
 <node id="6059187624" visible="true" version="1" changeset="64463927" timestamp="2018-11-14T03:09:18Z" user="Tauntaun" uid="8076764" lat="26.8132512" lon="82.2554541"/>
 <node id="6059187625" visible="true" version="1" changeset="64463927" timestamp="2018-11-14T03:09:18Z" user="Tauntaun" uid="8076764" lat="26.8137779" lon="82.2547781"/>
 <node id="6059187626" visible="true" version="1" changeset="64463927" timestamp="2018-11-14T03:09:18Z" user="Tauntaun" uid="8076764" lat="26.8144577" lon="82.2539627"/>
 <node id="6059187627" visible="true" version="1" changeset="64463927" timestamp="2018-11-14T03:09:18Z" user="Tauntaun" uid="8076764" lat="26.8150514" lon="82.2530937"/>
 <node id="6059187628" visible="true" version="1" changeset="64463927" timestamp="2018-11-14T03:09:18Z" user="Tauntaun" uid="8076764" lat="26.8151280" lon="82.2513235"/>
 <node id="6059187629" visible="true" version="1" changeset="64463927" timestamp="2018-11-14T03:09:18Z" user="Tauntaun" uid="8076764" lat="26.8148790" lon="82.2505724"/>
 <node id="6059187630" visible="true" version="1" changeset="64463927" timestamp="2018-11-14T03:09:18Z" user="Tauntaun" uid="8076764" lat="26.8145439" lon="82.2497678"/>
 <node id="6059187631" visible="true" version="1" changeset="64463927" timestamp="2018-11-14T03:09:18Z" user="Tauntaun" uid="8076764" lat="26.8141322" lon="82.2491026"/>
 <node id="6059187632" visible="true" version="1" changeset="64463927" timestamp="2018-11-14T03:09:18Z" user="Tauntaun" uid="8076764" lat="26.8139215" lon="82.2480297"/>
 <node id="6059187633" visible="true" version="1" changeset="64463927" timestamp="2018-11-14T03:09:18Z" user="Tauntaun" uid="8076764" lat="26.8137204" lon="82.2471821"/>
 <node id="6059187634" visible="true" version="1" changeset="64463927" timestamp="2018-11-14T03:09:18Z" user="Tauntaun" uid="8076764" lat="26.8138545" lon="82.2464955"/>
 <node id="6059187635" visible="true" version="1" changeset="64463927" timestamp="2018-11-14T03:09:18Z" user="Tauntaun" uid="8076764" lat="26.8138545" lon="82.2452402"/>
 <node id="6059187636" visible="true" version="1" changeset="64463927" timestamp="2018-11-14T03:09:18Z" user="Tauntaun" uid="8076764" lat="26.8138162" lon="82.2444463"/>
 <node id="6059187637" visible="true" version="1" changeset="64463927" timestamp="2018-11-14T03:09:19Z" user="Tauntaun" uid="8076764" lat="26.8135672" lon="82.2435450"/>
 <node id="6059187638" visible="true" version="1" changeset="64463927" timestamp="2018-11-14T03:09:19Z" user="Tauntaun" uid="8076764" lat="26.8134523" lon="82.2424185"/>
 <node id="6059187639" visible="true" version="1" changeset="64463927" timestamp="2018-11-14T03:09:19Z" user="Tauntaun" uid="8076764" lat="26.8135002" lon="82.2415817"/>
 <node id="6059187640" visible="true" version="1" changeset="64463927" timestamp="2018-11-14T03:09:19Z" user="Tauntaun" uid="8076764" lat="26.8133087" lon="82.2400260"/>
 <node id="6059187641" visible="true" version="1" changeset="64463927" timestamp="2018-11-14T03:09:19Z" user="Tauntaun" uid="8076764" lat="26.8131076" lon="82.2387493"/>
 <node id="6059187642" visible="true" version="1" changeset="64463927" timestamp="2018-11-14T03:09:19Z" user="Tauntaun" uid="8076764" lat="26.8128491" lon="82.2382450"/>
 <node id="6059187643" visible="true" version="1" changeset="64463927" timestamp="2018-11-14T03:09:19Z" user="Tauntaun" uid="8076764" lat="26.8124948" lon="82.2382879"/>
 <node id="6059187644" visible="true" version="1" changeset="64463927" timestamp="2018-11-14T03:09:19Z" user="Tauntaun" uid="8076764" lat="26.8120926" lon="82.2384488"/>
 <node id="6059187645" visible="true" version="1" changeset="64463927" timestamp="2018-11-14T03:09:19Z" user="Tauntaun" uid="8076764" lat="26.8134715" lon="82.2409809"/>
 <node id="6059187646" visible="true" version="1" changeset="64463927" timestamp="2018-11-14T03:09:19Z" user="Tauntaun" uid="8076764" lat="26.8151567" lon="82.2523534"/>
 <node id="6059187647" visible="true" version="1" changeset="64463927" timestamp="2018-11-14T03:09:19Z" user="Tauntaun" uid="8076764" lat="26.8130214" lon="82.2577608"/>
 <node id="6059187648" visible="true" version="1" changeset="64463927" timestamp="2018-11-14T03:09:19Z" user="Tauntaun" uid="8076764" lat="26.8098424" lon="82.2614622"/>
 <node id="6059187649" visible="true" version="1" changeset="64463927" timestamp="2018-11-14T03:09:19Z" user="Tauntaun" uid="8076764" lat="26.8035510" lon="82.2638976"/>
 <node id="6059187650" visible="true" version="1" changeset="64463927" timestamp="2018-11-14T03:09:19Z" user="Tauntaun" uid="8076764" lat="26.8003239" lon="82.2655284"/>
 <node id="6059187651" visible="true" version="1" changeset="64463927" timestamp="2018-11-14T03:09:19Z" user="Tauntaun" uid="8076764" lat="26.7971061" lon="82.2673201"/>
 <node id="6059187652" visible="true" version="1" changeset="64463927" timestamp="2018-11-14T03:09:19Z" user="Tauntaun" uid="8076764" lat="26.7861691" lon="82.2696376"/>
 <node id="6059187653" visible="true" version="1" changeset="64463927" timestamp="2018-11-14T03:09:19Z" user="Tauntaun" uid="8076764" lat="26.7804990" lon="82.2704422"/>
 <node id="6059187654" visible="true" version="1" changeset="64463927" timestamp="2018-11-14T03:09:19Z" user="Tauntaun" uid="8076764" lat="26.7760356" lon="82.2710752"/>
 <node id="6059187655" visible="true" version="1" changeset="64463927" timestamp="2018-11-14T03:09:19Z" user="Tauntaun" uid="8076764" lat="26.7721371" lon="82.2724163"/>
 <node id="6059187656" visible="true" version="1" changeset="64463927" timestamp="2018-11-14T03:09:19Z" user="Tauntaun" uid="8076764" lat="26.7713181" lon="82.2721159"/>
 <node id="6059187657" visible="true" version="1" changeset="64463927" timestamp="2018-11-14T03:09:19Z" user="Tauntaun" uid="8076764" lat="26.7699339" lon="82.2714990"/>
 <node id="6059187658" visible="true" version="1" changeset="64463927" timestamp="2018-11-14T03:09:19Z" user="Tauntaun" uid="8076764" lat="26.7700297" lon="82.2706997"/>
 <node id="6059187659" visible="true" version="1" changeset="64463927" timestamp="2018-11-14T03:09:19Z" user="Tauntaun" uid="8076764" lat="26.7751639" lon="82.2693533"/>
 <node id="6059187660" visible="true" version="1" changeset="64463927" timestamp="2018-11-14T03:09:19Z" user="Tauntaun" uid="8076764" lat="26.7816436" lon="82.2656250"/>
 <node id="6059187661" visible="true" version="1" changeset="64463927" timestamp="2018-11-14T03:09:19Z" user="Tauntaun" uid="8076764" lat="26.7870885" lon="82.2631574"/>
 <node id="6059187662" visible="true" version="1" changeset="64463927" timestamp="2018-11-14T03:09:19Z" user="Tauntaun" uid="8076764" lat="26.7905747" lon="82.2629321"/>
 <node id="6059187663" visible="true" version="1" changeset="64463927" timestamp="2018-11-14T03:09:19Z" user="Tauntaun" uid="8076764" lat="26.7937782" lon="82.2618270"/>
 <node id="6059187664" visible="true" version="1" changeset="64463927" timestamp="2018-11-14T03:09:19Z" user="Tauntaun" uid="8076764" lat="26.7998929" lon="82.2600782"/>
 <node id="6059187665" visible="true" version="1" changeset="64463927" timestamp="2018-11-14T03:09:19Z" user="Tauntaun" uid="8076764" lat="26.8028041" lon="82.2559047"/>
 <node id="6059187666" visible="true" version="1" changeset="64463927" timestamp="2018-11-14T03:09:19Z" user="Tauntaun" uid="8076764" lat="26.8052556" lon="82.2515809"/>
 <node id="6059187667" visible="true" version="1" changeset="64463927" timestamp="2018-11-14T03:09:19Z" user="Tauntaun" uid="8076764" lat="26.8073862" lon="82.2493225"/>
 <node id="6059187668" visible="true" version="1" changeset="64463927" timestamp="2018-11-14T03:09:19Z" user="Tauntaun" uid="8076764" lat="26.8108239" lon="82.2391838"/>
 <node id="6059187669" visible="true" version="1" changeset="64463927" timestamp="2018-11-14T03:09:19Z" user="Tauntaun" uid="8076764" lat="26.8114798" lon="82.2388458"/>
 <node id="6059187670" visible="true" version="1" changeset="64463927" timestamp="2018-11-14T03:09:19Z" user="Tauntaun" uid="8076764" lat="26.7949131" lon="82.2604859"/>
 <node id="6059187671" visible="true" version="1" changeset="64463927" timestamp="2018-11-14T03:09:19Z" user="Tauntaun" uid="8076764" lat="26.7952387" lon="82.2595525"/>
 <node id="6059187672" visible="true" version="1" changeset="64463927" timestamp="2018-11-14T03:09:19Z" user="Tauntaun" uid="8076764" lat="26.7954111" lon="82.2584259"/>
 <node id="6059187673" visible="true" version="1" changeset="64463927" timestamp="2018-11-14T03:09:19Z" user="Tauntaun" uid="8076764" lat="26.7956313" lon="82.2566342"/>
 <node id="6059187674" visible="true" version="1" changeset="64463927" timestamp="2018-11-14T03:09:19Z" user="Tauntaun" uid="8076764" lat="26.7956409" lon="82.2556257"/>
 <node id="6059187675" visible="true" version="1" changeset="64463927" timestamp="2018-11-14T03:09:19Z" user="Tauntaun" uid="8076764" lat="26.7954111" lon="82.2535121"/>
 <node id="6059187676" visible="true" version="1" changeset="64463927" timestamp="2018-11-14T03:09:19Z" user="Tauntaun" uid="8076764" lat="26.7950663" lon="82.2515595"/>
 <node id="6059187677" visible="true" version="1" changeset="64463927" timestamp="2018-11-14T03:09:19Z" user="Tauntaun" uid="8076764" lat="26.7950519" lon="82.2491777"/>
 <node id="6059187678" visible="true" version="1" changeset="64463927" timestamp="2018-11-14T03:09:19Z" user="Tauntaun" uid="8076764" lat="26.7951333" lon="82.2459966"/>
 <node id="6059187679" visible="true" version="1" changeset="64463927" timestamp="2018-11-14T03:09:19Z" user="Tauntaun" uid="8076764" lat="26.7952578" lon="82.2449291"/>
 <node id="6059187680" visible="true" version="1" changeset="64463927" timestamp="2018-11-14T03:09:19Z" user="Tauntaun" uid="8076764" lat="26.7955930" lon="82.2433788"/>
 <node id="6059187681" visible="true" version="1" changeset="64463927" timestamp="2018-11-14T03:09:19Z" user="Tauntaun" uid="8076764" lat="26.7960431" lon="82.2410291"/>
 <node id="6059187682" visible="true" version="1" changeset="64463927" timestamp="2018-11-14T03:09:19Z" user="Tauntaun" uid="8076764" lat="26.7963113" lon="82.2400421"/>
 <node id="6059187683" visible="true" version="1" changeset="64463927" timestamp="2018-11-14T03:09:19Z" user="Tauntaun" uid="8076764" lat="26.7965555" lon="82.2396022"/>
 <node id="6059187684" visible="true" version="1" changeset="64463927" timestamp="2018-11-14T03:09:19Z" user="Tauntaun" uid="8076764" lat="26.7973503" lon="82.2387493"/>
 <node id="6059187685" visible="true" version="1" changeset="64463927" timestamp="2018-11-14T03:09:19Z" user="Tauntaun" uid="8076764" lat="26.7983176" lon="82.2378212"/>
 <node id="6059187686" visible="true" version="1" changeset="64463927" timestamp="2018-11-14T03:09:19Z" user="Tauntaun" uid="8076764" lat="26.7988826" lon="82.2370487"/>
 <node id="6059187687" visible="true" version="1" changeset="64463927" timestamp="2018-11-14T03:09:19Z" user="Tauntaun" uid="8076764" lat="26.7998007" lon="82.2354609"/>
 <node id="6059187688" visible="true" version="1" changeset="64463927" timestamp="2018-11-14T03:09:19Z" user="Tauntaun" uid="8076764" lat="26.7995290" lon="82.2360456"/>
 <node id="6059187689" visible="true" version="1" changeset="64463927" timestamp="2018-11-14T03:09:19Z" user="Tauntaun" uid="8076764" lat="26.8016669" lon="82.2319794"/>
 <node id="6059187690" visible="true" version="1" changeset="64463927" timestamp="2018-11-14T03:09:19Z" user="Tauntaun" uid="8076764" lat="26.8015616" lon="82.2322449"/>
 <node id="6059187691" visible="true" version="1" changeset="64463927" timestamp="2018-11-14T03:09:19Z" user="Tauntaun" uid="8076764" lat="26.8002377" lon="82.2343826"/>
 <node id="6059187692" visible="true" version="1" changeset="64463927" timestamp="2018-11-14T03:09:19Z" user="Tauntaun" uid="8076764" lat="26.7999408" lon="82.2350800"/>
 <node id="6059187693" visible="true" version="1" changeset="64463927" timestamp="2018-11-14T03:09:19Z" user="Tauntaun" uid="8076764" lat="26.8015783" lon="82.2306061"/>
 <node id="6059187694" visible="true" version="1" changeset="64463927" timestamp="2018-11-14T03:09:19Z" user="Tauntaun" uid="8076764" lat="26.8013222" lon="82.2326177"/>
 <node id="6059187695" visible="true" version="1" changeset="64463927" timestamp="2018-11-14T03:09:19Z" user="Tauntaun" uid="8076764" lat="26.8016861" lon="82.2317836"/>
 <node id="6059187696" visible="true" version="1" changeset="64463927" timestamp="2018-11-14T03:09:19Z" user="Tauntaun" uid="8076764" lat="26.8016597" lon="82.2309440"/>
 <node id="6059187697" visible="true" version="1" changeset="64463927" timestamp="2018-11-14T03:09:19Z" user="Tauntaun" uid="8076764" lat="26.8016214" lon="82.2302198"/>
 <node id="6059187698" visible="true" version="1" changeset="64463927" timestamp="2018-11-14T03:09:19Z" user="Tauntaun" uid="8076764" lat="26.8021050" lon="82.2288036"/>
 <node id="6059187699" visible="true" version="1" changeset="64463927" timestamp="2018-11-14T03:09:19Z" user="Tauntaun" uid="8076764" lat="26.8023636" lon="82.2283745"/>
 <node id="6059187700" visible="true" version="1" changeset="64463927" timestamp="2018-11-14T03:09:19Z" user="Tauntaun" uid="8076764" lat="26.8025839" lon="82.2282994"/>
 <node id="6059187701" visible="true" version="1" changeset="64463927" timestamp="2018-11-14T03:09:19Z" user="Tauntaun" uid="8076764" lat="26.8042022" lon="82.2283530"/>
 <node id="6059187702" visible="true" version="1" changeset="64463927" timestamp="2018-11-14T03:09:19Z" user="Tauntaun" uid="8076764" lat="26.8045948" lon="82.2283101"/>
 <node id="6059187703" visible="true" version="1" changeset="64463927" timestamp="2018-11-14T03:09:19Z" user="Tauntaun" uid="8076764" lat="26.8047481" lon="82.2280741"/>
 <node id="6059187704" visible="true" version="1" changeset="64463927" timestamp="2018-11-14T03:09:20Z" user="Tauntaun" uid="8076764" lat="26.8049587" lon="82.2273767"/>
 <node id="6059187705" visible="true" version="1" changeset="64463927" timestamp="2018-11-14T03:09:20Z" user="Tauntaun" uid="8076764" lat="26.8052364" lon="82.2264862"/>
 <node id="6059187706" visible="true" version="1" changeset="64463927" timestamp="2018-11-14T03:09:20Z" user="Tauntaun" uid="8076764" lat="26.8057727" lon="82.2257137"/>
 <node id="6059187707" visible="true" version="1" changeset="64463927" timestamp="2018-11-14T03:09:20Z" user="Tauntaun" uid="8076764" lat="26.8065675" lon="82.2250056"/>
 <node id="6059187708" visible="true" version="1" changeset="64463927" timestamp="2018-11-14T03:09:20Z" user="Tauntaun" uid="8076764" lat="26.8082528" lon="82.2238469"/>
 <node id="6059187709" visible="true" version="1" changeset="64463927" timestamp="2018-11-14T03:09:20Z" user="Tauntaun" uid="8076764" lat="26.8113457" lon="82.2240722"/>
 <node id="6059187710" visible="true" version="1" changeset="64463927" timestamp="2018-11-14T03:09:20Z" user="Tauntaun" uid="8076764" lat="26.8109531" lon="82.2232246"/>
 <node id="6059187711" visible="true" version="1" changeset="64463927" timestamp="2018-11-14T03:09:20Z" user="Tauntaun" uid="8076764" lat="26.8103307" lon="82.2228598"/>
 <node id="6059187712" visible="true" version="1" changeset="64463927" timestamp="2018-11-14T03:09:20Z" user="Tauntaun" uid="8076764" lat="26.8117958" lon="82.2263145"/>
 <node id="6059187713" visible="true" version="1" changeset="64463927" timestamp="2018-11-14T03:09:20Z" user="Tauntaun" uid="8076764" lat="26.8122554" lon="82.2285998"/>
 <node id="6059187714" visible="true" version="1" changeset="64463927" timestamp="2018-11-14T03:09:20Z" user="Tauntaun" uid="8076764" lat="26.8125427" lon="82.2327733"/>
 <node id="6059187715" visible="true" version="1" changeset="64463927" timestamp="2018-11-14T03:09:20Z" user="Tauntaun" uid="8076764" lat="26.8123703" lon="82.2362280"/>
 <node id="6059187716" visible="true" version="1" changeset="64463927" timestamp="2018-11-14T03:09:20Z" user="Tauntaun" uid="8076764" lat="26.8123320" lon="82.2366464"/>
 <node id="6059187717" visible="true" version="1" changeset="64463927" timestamp="2018-11-14T03:09:20Z" user="Tauntaun" uid="8076764" lat="26.8117288" lon="82.2371614"/>
 <node id="6059187718" visible="true" version="1" changeset="64463927" timestamp="2018-11-14T03:09:20Z" user="Tauntaun" uid="8076764" lat="26.8109244" lon="82.2375154"/>
 <node id="6059187719" visible="true" version="1" changeset="64463927" timestamp="2018-11-14T03:09:20Z" user="Tauntaun" uid="8076764" lat="26.8098807" lon="82.2386956"/>
 <node id="6059187720" visible="true" version="1" changeset="64463927" timestamp="2018-11-14T03:09:20Z" user="Tauntaun" uid="8076764" lat="26.8087316" lon="82.2403157"/>
 <node id="6059187721" visible="true" version="1" changeset="64463927" timestamp="2018-11-14T03:09:20Z" user="Tauntaun" uid="8076764" lat="26.8085975" lon="82.2410023"/>
 <node id="6059187722" visible="true" version="1" changeset="64463927" timestamp="2018-11-14T03:09:20Z" user="Tauntaun" uid="8076764" lat="26.8085018" lon="82.2419464"/>
 <node id="6059187723" visible="true" version="1" changeset="64463927" timestamp="2018-11-14T03:09:20Z" user="Tauntaun" uid="8076764" lat="26.8077357" lon="82.2452617"/>
 <node id="6059187724" visible="true" version="1" changeset="64463927" timestamp="2018-11-14T03:09:20Z" user="Tauntaun" uid="8076764" lat="26.8056673" lon="82.2498858"/>
 <node id="6059187725" visible="true" version="1" changeset="64463927" timestamp="2018-11-14T03:09:20Z" user="Tauntaun" uid="8076764" lat="26.8048151" lon="82.2517419"/>
 <node id="6059187726" visible="true" version="1" changeset="64463927" timestamp="2018-11-14T03:09:20Z" user="Tauntaun" uid="8076764" lat="26.8020763" lon="82.2555184"/>
 <node id="6059187727" visible="true" version="1" changeset="64463927" timestamp="2018-11-14T03:09:20Z" user="Tauntaun" uid="8076764" lat="26.7977286" lon="82.2603464"/>
 <node id="6059187728" visible="true" version="1" changeset="64463927" timestamp="2018-11-14T03:09:20Z" user="Tauntaun" uid="8076764" lat="26.7965603" lon="82.2610921"/>
 <node id="6059187729" visible="true" version="1" changeset="64463927" timestamp="2018-11-14T03:09:20Z" user="Tauntaun" uid="8076764" lat="26.7961245" lon="82.2611779"/>
 <node id="6059187730" visible="true" version="1" changeset="64463927" timestamp="2018-11-14T03:09:20Z" user="Tauntaun" uid="8076764" lat="26.7954973" lon="82.2612637"/>
 <node id="6059187731" visible="true" version="1" changeset="64463927" timestamp="2018-11-14T03:09:20Z" user="Tauntaun" uid="8076764" lat="26.7947215" lon="82.2614086"/>
 <node id="6059187732" visible="true" version="1" changeset="64463927" timestamp="2018-11-14T03:09:20Z" user="Tauntaun" uid="8076764" lat="26.7944630" lon="82.2614729"/>
 <node id="6059187733" visible="true" version="1" changeset="64463927" timestamp="2018-11-14T03:09:20Z" user="Tauntaun" uid="8076764" lat="26.7943289" lon="82.2614676"/>
 <node id="6059187734" visible="true" version="1" changeset="64463927" timestamp="2018-11-14T03:09:20Z" user="Tauntaun" uid="8076764" lat="26.7942858" lon="82.2614247"/>
 <node id="6059187735" visible="true" version="1" changeset="64463927" timestamp="2018-11-14T03:09:20Z" user="Tauntaun" uid="8076764" lat="26.7943385" lon="82.2613388"/>
 <node id="6059187736" visible="true" version="1" changeset="64463927" timestamp="2018-11-14T03:09:20Z" user="Tauntaun" uid="8076764" lat="26.7944869" lon="82.2611511"/>
 <node id="6059187737" visible="true" version="1" changeset="64463927" timestamp="2018-11-14T03:09:20Z" user="Tauntaun" uid="8076764" lat="26.8093445" lon="82.2233748"/>
 <node id="6059187738" visible="true" version="1" changeset="64463927" timestamp="2018-11-14T03:09:20Z" user="Tauntaun" uid="8076764" lat="26.8031393" lon="82.2282886"/>
 <node id="6059187739" visible="true" version="1" changeset="64463927" timestamp="2018-11-14T03:09:20Z" user="Tauntaun" uid="8076764" lat="26.8007404" lon="82.2335297"/>
 <node id="6059187740" visible="true" version="1" changeset="64463927" timestamp="2018-11-14T03:09:20Z" user="Tauntaun" uid="8076764" lat="26.7951046" lon="82.2464526"/>
 <node id="6059187741" visible="true" version="1" changeset="64463927" timestamp="2018-11-14T03:09:20Z" user="Tauntaun" uid="8076764" lat="26.7955643" lon="82.2548425"/>
 <node id="6059187742" visible="true" version="1" changeset="64463927" timestamp="2018-11-14T03:09:20Z" user="Tauntaun" uid="8076764" lat="26.7946018" lon="82.2609848"/>
 <node id="6059187743" visible="true" version="1" changeset="64463927" timestamp="2018-11-14T03:09:20Z" user="Tauntaun" uid="8076764" lat="26.7999983" lon="82.2581470"/>
 <node id="6059187744" visible="true" version="1" changeset="64463927" timestamp="2018-11-14T03:09:20Z" user="Tauntaun" uid="8076764" lat="26.8034936" lon="82.2536623"/>
 <node id="6059187745" visible="true" version="1" changeset="64463927" timestamp="2018-11-14T03:09:20Z" user="Tauntaun" uid="8076764" lat="26.8067973" lon="82.2474289"/>
 <node id="6059187746" visible="true" version="1" changeset="64463927" timestamp="2018-11-14T03:09:20Z" user="Tauntaun" uid="8076764" lat="26.8090476" lon="82.2397256"/>
 <node id="6059187747" visible="true" version="1" changeset="64463927" timestamp="2018-11-14T03:09:20Z" user="Tauntaun" uid="8076764" lat="26.8122267" lon="82.2345006"/>
 <node id="6059187748" visible="true" version="1" changeset="64463927" timestamp="2018-11-14T03:09:20Z" user="Tauntaun" uid="8076764" lat="26.8125331" lon="82.2304773"/>
 <node id="6059187749" visible="true" version="1" changeset="64463927" timestamp="2018-11-14T03:09:20Z" user="Tauntaun" uid="8076764" lat="26.8098520" lon="82.2230422"/>
 <node id="6059189363" visible="true" version="1" changeset="64464021" timestamp="2018-11-14T03:12:59Z" user="Tauntaun" uid="8076764" lat="26.7642487" lon="82.2883487"/>
 <node id="6059189364" visible="true" version="1" changeset="64464021" timestamp="2018-11-14T03:12:59Z" user="Tauntaun" uid="8076764" lat="26.7650390" lon="82.2877639"/>
 <node id="6059189365" visible="true" version="1" changeset="64464021" timestamp="2018-11-14T03:12:59Z" user="Tauntaun" uid="8076764" lat="26.7675775" lon="82.2864711"/>
 <node id="6059189366" visible="true" version="1" changeset="64464021" timestamp="2018-11-14T03:12:59Z" user="Tauntaun" uid="8076764" lat="26.7672566" lon="82.2865570"/>
 <node id="6059194351" visible="true" version="1" changeset="64464139" timestamp="2018-11-14T03:17:05Z" user="Tauntaun" uid="8076764" lat="26.7455194" lon="82.3434895"/>
 <node id="6059194352" visible="true" version="1" changeset="64464139" timestamp="2018-11-14T03:17:05Z" user="Tauntaun" uid="8076764" lat="26.7454427" lon="82.3418158"/>
 <node id="6059194353" visible="true" version="1" changeset="64464139" timestamp="2018-11-14T03:17:05Z" user="Tauntaun" uid="8076764" lat="26.7449876" lon="82.3396727"/>
 <node id="6059194354" visible="true" version="1" changeset="64464139" timestamp="2018-11-14T03:17:05Z" user="Tauntaun" uid="8076764" lat="26.7448008" lon="82.3390263"/>
 <node id="6059194355" visible="true" version="1" changeset="64464139" timestamp="2018-11-14T03:17:05Z" user="Tauntaun" uid="8076764" lat="26.7444774" lon="82.3382565"/>
 <node id="6059194356" visible="true" version="1" changeset="64464139" timestamp="2018-11-14T03:17:05Z" user="Tauntaun" uid="8076764" lat="26.7439888" lon="82.3374170"/>
 <node id="6059194357" visible="true" version="1" changeset="64464139" timestamp="2018-11-14T03:17:05Z" user="Tauntaun" uid="8076764" lat="26.7435624" lon="82.3368162"/>
 <node id="6059194358" visible="true" version="1" changeset="64464139" timestamp="2018-11-14T03:17:05Z" user="Tauntaun" uid="8076764" lat="26.7431337" lon="82.3363844"/>
 <node id="6059194359" visible="true" version="1" changeset="64464139" timestamp="2018-11-14T03:17:05Z" user="Tauntaun" uid="8076764" lat="26.7429253" lon="82.3362207"/>
 <node id="6059194360" visible="true" version="1" changeset="64464139" timestamp="2018-11-14T03:17:05Z" user="Tauntaun" uid="8076764" lat="26.7418546" lon="82.3357433"/>
 <node id="6059194361" visible="true" version="1" changeset="64464139" timestamp="2018-11-14T03:17:05Z" user="Tauntaun" uid="8076764" lat="26.7415504" lon="82.3356977"/>
 <node id="6059194362" visible="true" version="1" changeset="64464139" timestamp="2018-11-14T03:17:05Z" user="Tauntaun" uid="8076764" lat="26.7413060" lon="82.3357540"/>
 <node id="6059194363" visible="true" version="1" changeset="64464139" timestamp="2018-11-14T03:17:05Z" user="Tauntaun" uid="8076764" lat="26.7410881" lon="82.3358935"/>
 <node id="6059194364" visible="true" version="1" changeset="64464139" timestamp="2018-11-14T03:17:05Z" user="Tauntaun" uid="8076764" lat="26.7406593" lon="82.3361832"/>
 <node id="6059194365" visible="true" version="1" changeset="64464139" timestamp="2018-11-14T03:17:05Z" user="Tauntaun" uid="8076764" lat="26.7401539" lon="82.3365614"/>
 <node id="6059194366" visible="true" version="1" changeset="64464139" timestamp="2018-11-14T03:17:05Z" user="Tauntaun" uid="8076764" lat="26.7393418" lon="82.3369744"/>
 <node id="6059194367" visible="true" version="1" changeset="64464139" timestamp="2018-11-14T03:17:05Z" user="Tauntaun" uid="8076764" lat="26.7388843" lon="82.3370764"/>
 <node id="6059194368" visible="true" version="1" changeset="64464139" timestamp="2018-11-14T03:17:05Z" user="Tauntaun" uid="8076764" lat="26.7385897" lon="82.3371246"/>
 <node id="6059194369" visible="true" version="1" changeset="64464139" timestamp="2018-11-14T03:17:05Z" user="Tauntaun" uid="8076764" lat="26.7383238" lon="82.3370951"/>
 <node id="6059194370" visible="true" version="1" changeset="64464139" timestamp="2018-11-14T03:17:05Z" user="Tauntaun" uid="8076764" lat="26.7437660" lon="82.3502970"/>
 <node id="6059194371" visible="true" version="1" changeset="64464139" timestamp="2018-11-14T03:17:05Z" user="Tauntaun" uid="8076764" lat="26.7449637" lon="82.3483980"/>
 <node id="6059194372" visible="true" version="1" changeset="64464139" timestamp="2018-11-14T03:17:06Z" user="Tauntaun" uid="8076764" lat="26.7452463" lon="82.3479098"/>
 <node id="6059194373" visible="true" version="1" changeset="64464139" timestamp="2018-11-14T03:17:06Z" user="Tauntaun" uid="8076764" lat="26.7454140" lon="82.3471695"/>
 <node id="6059194374" visible="true" version="1" changeset="64464139" timestamp="2018-11-14T03:17:06Z" user="Tauntaun" uid="8076764" lat="26.7454715" lon="82.3462683"/>
 <node id="6059194375" visible="true" version="1" changeset="64464139" timestamp="2018-11-14T03:17:06Z" user="Tauntaun" uid="8076764" lat="26.7417588" lon="82.3531240"/>
 <node id="6059194376" visible="true" version="1" changeset="64464139" timestamp="2018-11-14T03:17:06Z" user="Tauntaun" uid="8076764" lat="26.7400581" lon="82.3557579"/>
 <node id="6059194377" visible="true" version="1" changeset="64464139" timestamp="2018-11-14T03:17:06Z" user="Tauntaun" uid="8076764" lat="26.7392868" lon="82.3567665"/>
 <node id="6059194378" visible="true" version="1" changeset="64464139" timestamp="2018-11-14T03:17:06Z" user="Tauntaun" uid="8076764" lat="26.7389610" lon="82.3571795"/>
 <node id="6059194379" visible="true" version="1" changeset="64464139" timestamp="2018-11-14T03:17:06Z" user="Tauntaun" uid="8076764" lat="26.7385346" lon="82.3573297"/>
 <node id="6059194380" visible="true" version="1" changeset="64464139" timestamp="2018-11-14T03:17:06Z" user="Tauntaun" uid="8076764" lat="26.7374183" lon="82.3585019"/>
 <node id="6059194381" visible="true" version="1" changeset="64464139" timestamp="2018-11-14T03:17:06Z" user="Tauntaun" uid="8076764" lat="26.7373405" lon="82.3584938"/>
 <node id="6059194382" visible="true" version="1" changeset="64464139" timestamp="2018-11-14T03:17:06Z" user="Tauntaun" uid="8076764" lat="26.7370698" lon="82.3577897"/>
 <node id="6059194383" visible="true" version="1" changeset="64464139" timestamp="2018-11-14T03:17:06Z" user="Tauntaun" uid="8076764" lat="26.7378292" lon="82.3579855"/>
 <node id="6059194384" visible="true" version="1" changeset="64464139" timestamp="2018-11-14T03:17:06Z" user="Tauntaun" uid="8076764" lat="26.7376243" lon="82.3582739"/>
 <node id="6059194485" visible="true" version="1" changeset="64464139" timestamp="2018-11-14T03:17:06Z" user="Tauntaun" uid="8076764" lat="26.7374734" lon="82.3584643"/>
 <node id="6059194486" visible="true" version="1" changeset="64464139" timestamp="2018-11-14T03:17:06Z" user="Tauntaun" uid="8076764" lat="26.7372531" lon="82.3584361"/>
 <node id="6059194487" visible="true" version="1" changeset="64464139" timestamp="2018-11-14T03:17:06Z" user="Tauntaun" uid="8076764" lat="26.7371429" lon="82.3582859"/>
 <node id="6059194488" visible="true" version="1" changeset="64464139" timestamp="2018-11-14T03:17:06Z" user="Tauntaun" uid="8076764" lat="26.7370710" lon="82.3581022"/>
 <node id="6059194489" visible="true" version="1" changeset="64464139" timestamp="2018-11-14T03:17:06Z" user="Tauntaun" uid="8076764" lat="26.7371141" lon="82.3574719"/>
 <node id="6059194490" visible="true" version="1" changeset="64464139" timestamp="2018-11-14T03:17:06Z" user="Tauntaun" uid="8076764" lat="26.7373393" lon="82.3555595"/>
 <node id="6059194491" visible="true" version="1" changeset="64464139" timestamp="2018-11-14T03:17:06Z" user="Tauntaun" uid="8076764" lat="26.7373872" lon="82.3552000"/>
 <node id="6059194492" visible="true" version="1" changeset="64464139" timestamp="2018-11-14T03:17:06Z" user="Tauntaun" uid="8076764" lat="26.7374351" lon="82.3547924"/>
 <node id="6059194493" visible="true" version="1" changeset="64464139" timestamp="2018-11-14T03:17:06Z" user="Tauntaun" uid="8076764" lat="26.7375333" lon="82.3545670"/>
 <node id="6059194494" visible="true" version="1" changeset="64464139" timestamp="2018-11-14T03:17:06Z" user="Tauntaun" uid="8076764" lat="26.7376531" lon="82.3538375"/>
 <node id="6059194495" visible="true" version="1" changeset="64464139" timestamp="2018-11-14T03:17:06Z" user="Tauntaun" uid="8076764" lat="26.7378591" lon="82.3522657"/>
 <node id="6059194496" visible="true" version="1" changeset="64464139" timestamp="2018-11-14T03:17:06Z" user="Tauntaun" uid="8076764" lat="26.7380627" lon="82.3508683"/>
 <node id="6059194497" visible="true" version="1" changeset="64464139" timestamp="2018-11-14T03:17:06Z" user="Tauntaun" uid="8076764" lat="26.7381945" lon="82.3497310"/>
 <node id="6059194498" visible="true" version="1" changeset="64464139" timestamp="2018-11-14T03:17:06Z" user="Tauntaun" uid="8076764" lat="26.7382735" lon="82.3478240"/>
 <node id="6059194499" visible="true" version="1" changeset="64464139" timestamp="2018-11-14T03:17:06Z" user="Tauntaun" uid="8076764" lat="26.7382975" lon="82.3467940"/>
 <node id="6059194500" visible="true" version="1" changeset="64464139" timestamp="2018-11-14T03:17:06Z" user="Tauntaun" uid="8076764" lat="26.7382927" lon="82.3466653"/>
 <node id="6059194501" visible="true" version="1" changeset="64464139" timestamp="2018-11-14T03:17:06Z" user="Tauntaun" uid="8076764" lat="26.7382903" lon="82.3458284"/>
 <node id="6059194502" visible="true" version="1" changeset="64464139" timestamp="2018-11-14T03:17:06Z" user="Tauntaun" uid="8076764" lat="26.7382687" lon="82.3454690"/>
 <node id="6059194503" visible="true" version="1" changeset="64464139" timestamp="2018-11-14T03:17:06Z" user="Tauntaun" uid="8076764" lat="26.7382951" lon="82.3451284"/>
 <node id="6059194504" visible="true" version="1" changeset="64464139" timestamp="2018-11-14T03:17:06Z" user="Tauntaun" uid="8076764" lat="26.7382975" lon="82.3447099"/>
 <node id="6059194505" visible="true" version="1" changeset="64464139" timestamp="2018-11-14T03:17:06Z" user="Tauntaun" uid="8076764" lat="26.7382328" lon="82.3445114"/>
 <node id="6059194506" visible="true" version="1" changeset="64464139" timestamp="2018-11-14T03:17:06Z" user="Tauntaun" uid="8076764" lat="26.7381346" lon="82.3444310"/>
 <node id="6059194507" visible="true" version="1" changeset="64464139" timestamp="2018-11-14T03:17:06Z" user="Tauntaun" uid="8076764" lat="26.7381058" lon="82.3442700"/>
 <node id="6059194508" visible="true" version="1" changeset="64464139" timestamp="2018-11-14T03:17:06Z" user="Tauntaun" uid="8076764" lat="26.7381034" lon="82.3440984"/>
 <node id="6059194509" visible="true" version="1" changeset="64464139" timestamp="2018-11-14T03:17:06Z" user="Tauntaun" uid="8076764" lat="26.7381154" lon="82.3436853"/>
 <node id="6059194510" visible="true" version="1" changeset="64464139" timestamp="2018-11-14T03:17:06Z" user="Tauntaun" uid="8076764" lat="26.7380627" lon="82.3430228"/>
 <node id="6059194511" visible="true" version="1" changeset="64464139" timestamp="2018-11-14T03:17:06Z" user="Tauntaun" uid="8076764" lat="26.7380028" lon="82.3425320"/>
 <node id="6059194512" visible="true" version="1" changeset="64464139" timestamp="2018-11-14T03:17:06Z" user="Tauntaun" uid="8076764" lat="26.7379573" lon="82.3422664"/>
 <node id="6059194513" visible="true" version="1" changeset="64464139" timestamp="2018-11-14T03:17:06Z" user="Tauntaun" uid="8076764" lat="26.7379645" lon="82.3420277"/>
 <node id="6059194514" visible="true" version="1" changeset="64464139" timestamp="2018-11-14T03:17:06Z" user="Tauntaun" uid="8076764" lat="26.7379621" lon="82.3418587"/>
 <node id="6059194515" visible="true" version="1" changeset="64464139" timestamp="2018-11-14T03:17:06Z" user="Tauntaun" uid="8076764" lat="26.7379286" lon="82.3416603"/>
 <node id="6059194516" visible="true" version="1" changeset="64464139" timestamp="2018-11-14T03:17:06Z" user="Tauntaun" uid="8076764" lat="26.7378208" lon="82.3413464"/>
 <node id="6059194517" visible="true" version="1" changeset="64464139" timestamp="2018-11-14T03:17:06Z" user="Tauntaun" uid="8076764" lat="26.7376890" lon="82.3407537"/>
 <node id="6059194518" visible="true" version="1" changeset="64464139" timestamp="2018-11-14T03:17:06Z" user="Tauntaun" uid="8076764" lat="26.7374734" lon="82.3400751"/>
 <node id="6059194519" visible="true" version="1" changeset="64464139" timestamp="2018-11-14T03:17:06Z" user="Tauntaun" uid="8076764" lat="26.7373656" lon="82.3397478"/>
 <node id="6059194520" visible="true" version="1" changeset="64464139" timestamp="2018-11-14T03:17:06Z" user="Tauntaun" uid="8076764" lat="26.7371932" lon="82.3388708"/>
 <node id="6059194521" visible="true" version="1" changeset="64464139" timestamp="2018-11-14T03:17:06Z" user="Tauntaun" uid="8076764" lat="26.7371764" lon="82.3382512"/>
 <node id="6059194522" visible="true" version="1" changeset="64464139" timestamp="2018-11-14T03:17:06Z" user="Tauntaun" uid="8076764" lat="26.7371009" lon="82.3379239"/>
 <node id="6059194523" visible="true" version="1" changeset="64464139" timestamp="2018-11-14T03:17:06Z" user="Tauntaun" uid="8076764" lat="26.7370399" lon="82.3375981"/>
 <node id="6059194524" visible="true" version="1" changeset="64464139" timestamp="2018-11-14T03:17:06Z" user="Tauntaun" uid="8076764" lat="26.7370339" lon="82.3374894"/>
 <node id="6059194525" visible="true" version="1" changeset="64464139" timestamp="2018-11-14T03:17:06Z" user="Tauntaun" uid="8076764" lat="26.7370722" lon="82.3373553"/>
 <node id="6059194526" visible="true" version="1" changeset="64464139" timestamp="2018-11-14T03:17:06Z" user="Tauntaun" uid="8076764" lat="26.7371776" lon="82.3372574"/>
 <node id="6059194527" visible="true" version="1" changeset="64464139" timestamp="2018-11-14T03:17:06Z" user="Tauntaun" uid="8076764" lat="26.7397012" lon="82.3368645"/>
 <node id="6059194528" visible="true" version="1" changeset="64464139" timestamp="2018-11-14T03:17:06Z" user="Tauntaun" uid="8076764" lat="26.7423193" lon="82.3358801"/>
 <node id="6059194529" visible="true" version="1" changeset="64464139" timestamp="2018-11-14T03:17:06Z" user="Tauntaun" uid="8076764" lat="26.7452271" lon="82.3408020"/>
 <node id="6059194530" visible="true" version="1" changeset="64464139" timestamp="2018-11-14T03:17:06Z" user="Tauntaun" uid="8076764" lat="26.7454954" lon="82.3452437"/>
 <node id="6059194531" visible="true" version="1" changeset="64464139" timestamp="2018-11-14T03:17:06Z" user="Tauntaun" uid="8076764" lat="26.7381849" lon="82.3575550"/>
 <node id="6059194532" visible="true" version="1" changeset="64464139" timestamp="2018-11-14T03:17:06Z" user="Tauntaun" uid="8076764" lat="26.7372578" lon="82.3561925"/>
 <node id="6059194533" visible="true" version="1" changeset="64464139" timestamp="2018-11-14T03:17:06Z" user="Tauntaun" uid="8076764" lat="26.7382855" lon="82.3461530"/>
 <node id="6059194534" visible="true" version="1" changeset="64464139" timestamp="2018-11-14T03:17:06Z" user="Tauntaun" uid="8076764" lat="26.7372363" lon="82.3392007"/>
 <node id="6059194535" visible="true" version="1" changeset="64464139" timestamp="2018-11-14T03:17:06Z" user="Tauntaun" uid="8076764" lat="26.7373129" lon="82.3372105"/>
 <node id="6059194536" visible="true" version="1" changeset="64464139" timestamp="2018-11-14T03:17:06Z" user="Tauntaun" uid="8076764" lat="26.7379980" lon="82.3370925"/>
 <node id="6114454755" visible="true" version="1" changeset="65144948" timestamp="2018-12-04T03:05:46Z" user="Tauntaun" uid="8076764" lat="26.8058493" lon="82.0931697"/>
 <node id="6114454756" visible="true" version="1" changeset="65144948" timestamp="2018-12-04T03:05:46Z" user="Tauntaun" uid="8076764" lat="26.8085497" lon="82.0921183"/>
 <node id="6114454757" visible="true" version="1" changeset="65144948" timestamp="2018-12-04T03:05:46Z" user="Tauntaun" uid="8076764" lat="26.8102637" lon="82.0915282"/>
 <node id="6114454758" visible="true" version="1" changeset="65144948" timestamp="2018-12-04T03:05:46Z" user="Tauntaun" uid="8076764" lat="26.8120543" lon="82.0906269"/>
 <node id="6114454759" visible="true" version="1" changeset="65144948" timestamp="2018-12-04T03:05:47Z" user="Tauntaun" uid="8076764" lat="26.8029621" lon="82.1045315"/>
 <node id="6114454760" visible="true" version="1" changeset="65144948" timestamp="2018-12-04T03:05:47Z" user="Tauntaun" uid="8076764" lat="26.8022870" lon="82.1034586"/>
 <node id="6114454761" visible="true" version="1" changeset="65144948" timestamp="2018-12-04T03:05:47Z" user="Tauntaun" uid="8076764" lat="26.8012192" lon="82.1013612"/>
 <node id="6114454762" visible="true" version="1" changeset="65144948" timestamp="2018-12-04T03:05:47Z" user="Tauntaun" uid="8076764" lat="26.7997445" lon="82.0981157"/>
 <node id="6114454763" visible="true" version="1" changeset="65144948" timestamp="2018-12-04T03:05:47Z" user="Tauntaun" uid="8076764" lat="26.8003191" lon="82.0996231"/>
 <node id="6114454764" visible="true" version="1" changeset="65144948" timestamp="2018-12-04T03:05:47Z" user="Tauntaun" uid="8076764" lat="26.7998642" lon="82.0987326"/>
 <node id="6114454765" visible="true" version="1" changeset="65144948" timestamp="2018-12-04T03:05:47Z" user="Tauntaun" uid="8076764" lat="26.7997301" lon="82.0984161"/>
 <node id="6114454766" visible="true" version="1" changeset="65144948" timestamp="2018-12-04T03:05:47Z" user="Tauntaun" uid="8076764" lat="26.7999312" lon="82.0979226"/>
 <node id="6114454767" visible="true" version="1" changeset="65144948" timestamp="2018-12-04T03:05:47Z" user="Tauntaun" uid="8076764" lat="26.8003622" lon="82.0975470"/>
 <node id="6114454768" visible="true" version="1" changeset="65144948" timestamp="2018-12-04T03:05:47Z" user="Tauntaun" uid="8076764" lat="26.8052173" lon="82.0938134"/>
 <node id="6114454769" visible="true" version="1" changeset="65144948" timestamp="2018-12-04T03:05:47Z" user="Tauntaun" uid="8076764" lat="26.8018944" lon="82.0962489"/>
 <node id="6114454770" visible="true" version="1" changeset="65144948" timestamp="2018-12-04T03:05:47Z" user="Tauntaun" uid="8076764" lat="26.8035032" lon="82.0952082"/>
 <node id="6114454771" visible="true" version="2" changeset="106568104" timestamp="2021-06-18T06:28:53Z" user="VLD149" uid="10979429" lat="26.8046711" lon="82.0942385"/>
 <node id="6114454772" visible="true" version="1" changeset="65144948" timestamp="2018-12-04T03:05:47Z" user="Tauntaun" uid="8076764" lat="26.8066154" lon="82.0927620"/>
 <node id="6114454773" visible="true" version="1" changeset="65144948" timestamp="2018-12-04T03:05:47Z" user="Tauntaun" uid="8076764" lat="26.8176271" lon="82.0861101"/>
 <node id="6114454774" visible="true" version="1" changeset="65144948" timestamp="2018-12-04T03:05:47Z" user="Tauntaun" uid="8076764" lat="26.8135672" lon="82.0896721"/>
 <node id="6114454775" visible="true" version="1" changeset="65144948" timestamp="2018-12-04T03:05:47Z" user="Tauntaun" uid="8076764" lat="26.8145152" lon="82.0890498"/>
 <node id="6114454776" visible="true" version="1" changeset="65144948" timestamp="2018-12-04T03:05:47Z" user="Tauntaun" uid="8076764" lat="26.8157025" lon="82.0880949"/>
 <node id="6114454777" visible="true" version="1" changeset="65144948" timestamp="2018-12-04T03:05:47Z" user="Tauntaun" uid="8076764" lat="26.8163727" lon="82.0873654"/>
 <node id="6114454778" visible="true" version="1" changeset="65144948" timestamp="2018-12-04T03:05:47Z" user="Tauntaun" uid="8076764" lat="26.8170526" lon="82.0863998"/>
 <node id="6114454779" visible="true" version="1" changeset="65144948" timestamp="2018-12-04T03:05:47Z" user="Tauntaun" uid="8076764" lat="26.8182303" lon="82.0857668"/>
 <node id="6114454780" visible="true" version="2" changeset="106507680" timestamp="2021-06-17T06:48:34Z" user="VLD258" uid="10979442" lat="26.8195661" lon="82.0847567"/>
 <node id="6114454781" visible="true" version="1" changeset="65144948" timestamp="2018-12-04T03:05:47Z" user="Tauntaun" uid="8076764" lat="26.8208250" lon="82.0834815"/>
 <node id="6114454782" visible="true" version="1" changeset="65144948" timestamp="2018-12-04T03:05:47Z" user="Tauntaun" uid="8076764" lat="26.8217250" lon="82.0817113"/>
 <node id="6114454783" visible="true" version="1" changeset="65144948" timestamp="2018-12-04T03:05:47Z" user="Tauntaun" uid="8076764" lat="26.8224383" lon="82.0806491"/>
 <node id="6114454784" visible="true" version="1" changeset="65144948" timestamp="2018-12-04T03:05:47Z" user="Tauntaun" uid="8076764" lat="26.8232761" lon="82.0796406"/>
 <node id="6114455785" visible="true" version="1" changeset="65144948" timestamp="2018-12-04T03:05:47Z" user="Tauntaun" uid="8076764" lat="26.8237165" lon="82.0792973"/>
 <node id="6114455786" visible="true" version="1" changeset="65144948" timestamp="2018-12-04T03:05:47Z" user="Tauntaun" uid="8076764" lat="26.8250186" lon="82.0781493"/>
 <node id="6114455787" visible="true" version="1" changeset="65144948" timestamp="2018-12-04T03:05:47Z" user="Tauntaun" uid="8076764" lat="26.8257080" lon="82.0774358"/>
 <node id="6114455788" visible="true" version="1" changeset="65144948" timestamp="2018-12-04T03:05:47Z" user="Tauntaun" uid="8076764" lat="26.8261819" lon="82.0767009"/>
 <node id="6114455789" visible="true" version="1" changeset="65144948" timestamp="2018-12-04T03:05:47Z" user="Tauntaun" uid="8076764" lat="26.8267707" lon="82.0757246"/>
 <node id="6114455790" visible="true" version="1" changeset="65144948" timestamp="2018-12-04T03:05:47Z" user="Tauntaun" uid="8076764" lat="26.8272686" lon="82.0747054"/>
 <node id="6114455791" visible="true" version="1" changeset="65144948" timestamp="2018-12-04T03:05:47Z" user="Tauntaun" uid="8076764" lat="26.8274984" lon="82.0735896"/>
 <node id="6114455792" visible="true" version="1" changeset="65144948" timestamp="2018-12-04T03:05:47Z" user="Tauntaun" uid="8076764" lat="26.8276037" lon="82.0723128"/>
 <node id="6114455793" visible="true" version="1" changeset="65144948" timestamp="2018-12-04T03:05:47Z" user="Tauntaun" uid="8076764" lat="26.8276611" lon="82.0708537"/>
 <node id="6114455794" visible="true" version="1" changeset="65144948" timestamp="2018-12-04T03:05:47Z" user="Tauntaun" uid="8076764" lat="26.8275558" lon="82.0701778"/>
 <node id="6114455795" visible="true" version="1" changeset="65144948" timestamp="2018-12-04T03:05:47Z" user="Tauntaun" uid="8076764" lat="26.8272590" lon="82.0692605"/>
 <node id="6114455796" visible="true" version="1" changeset="65144948" timestamp="2018-12-04T03:05:47Z" user="Tauntaun" uid="8076764" lat="26.8270005" lon="82.0685255"/>
 <node id="6114455797" visible="true" version="1" changeset="65144948" timestamp="2018-12-04T03:05:47Z" user="Tauntaun" uid="8076764" lat="26.8266606" lon="82.0674902"/>
 <node id="6114455798" visible="true" version="1" changeset="65144948" timestamp="2018-12-04T03:05:47Z" user="Tauntaun" uid="8076764" lat="26.8265170" lon="82.0671415"/>
 <node id="6114455799" visible="true" version="1" changeset="65144948" timestamp="2018-12-04T03:05:47Z" user="Tauntaun" uid="8076764" lat="26.8264500" lon="82.0668170"/>
 <node id="6114455800" visible="true" version="1" changeset="65144948" timestamp="2018-12-04T03:05:47Z" user="Tauntaun" uid="8076764" lat="26.8264596" lon="82.0664737"/>
 <node id="6114455801" visible="true" version="1" changeset="65144948" timestamp="2018-12-04T03:05:47Z" user="Tauntaun" uid="8076764" lat="26.8264261" lon="82.0660686"/>
 <node id="6114455802" visible="true" version="1" changeset="65144948" timestamp="2018-12-04T03:05:47Z" user="Tauntaun" uid="8076764" lat="26.8263542" lon="82.0656958"/>
 <node id="6114455803" visible="true" version="1" changeset="65144948" timestamp="2018-12-04T03:05:47Z" user="Tauntaun" uid="8076764" lat="26.8262154" lon="82.0651674"/>
 <node id="6114455804" visible="true" version="1" changeset="65144948" timestamp="2018-12-04T03:05:47Z" user="Tauntaun" uid="8076764" lat="26.8258277" lon="82.0624423"/>
 <node id="6114455805" visible="true" version="1" changeset="65144948" timestamp="2018-12-04T03:05:47Z" user="Tauntaun" uid="8076764" lat="26.8260431" lon="82.0639390"/>
 <node id="6114455806" visible="true" version="1" changeset="65144948" timestamp="2018-12-04T03:05:47Z" user="Tauntaun" uid="8076764" lat="26.8259713" lon="82.0629680"/>
 <node id="6114455807" visible="true" version="1" changeset="65144948" timestamp="2018-12-04T03:05:47Z" user="Tauntaun" uid="8076764" lat="26.8256697" lon="82.0619327"/>
 <node id="6114455808" visible="true" version="1" changeset="65144948" timestamp="2018-12-04T03:05:47Z" user="Tauntaun" uid="8076764" lat="26.8255404" lon="82.0613640"/>
 <node id="6114455809" visible="true" version="1" changeset="65144948" timestamp="2018-12-04T03:05:47Z" user="Tauntaun" uid="8076764" lat="26.8253537" lon="82.0604199"/>
 <node id="6114455810" visible="true" version="1" changeset="65144948" timestamp="2018-12-04T03:05:47Z" user="Tauntaun" uid="8076764" lat="26.8250857" lon="82.0590413"/>
 <node id="6114455811" visible="true" version="2" changeset="102684201" timestamp="2021-04-10T07:30:27Z" user="EarlOMeath" uid="11187534" lat="26.8249085" lon="82.0581186"/>
 <node id="6114455812" visible="true" version="1" changeset="65144948" timestamp="2018-12-04T03:05:47Z" user="Tauntaun" uid="8076764" lat="26.8246452" lon="82.0568687"/>
 <node id="6114455813" visible="true" version="1" changeset="65144948" timestamp="2018-12-04T03:05:47Z" user="Tauntaun" uid="8076764" lat="26.8243054" lon="82.0556831"/>
 <node id="6114455814" visible="true" version="1" changeset="65144948" timestamp="2018-12-04T03:05:47Z" user="Tauntaun" uid="8076764" lat="26.8240947" lon="82.0548624"/>
 <node id="6114455815" visible="true" version="1" changeset="65144948" timestamp="2018-12-04T03:05:47Z" user="Tauntaun" uid="8076764" lat="26.8239224" lon="82.0542777"/>
 <node id="6114455816" visible="true" version="1" changeset="65144948" timestamp="2018-12-04T03:05:47Z" user="Tauntaun" uid="8076764" lat="26.8237836" lon="82.0534140"/>
 <node id="6114455817" visible="true" version="1" changeset="65144948" timestamp="2018-12-04T03:05:47Z" user="Tauntaun" uid="8076764" lat="26.8235394" lon="82.0526576"/>
 <node id="6114455818" visible="true" version="1" changeset="65144948" timestamp="2018-12-04T03:05:47Z" user="Tauntaun" uid="8076764" lat="26.8230942" lon="82.0511824"/>
 <node id="6114455819" visible="true" version="1" changeset="65144948" timestamp="2018-12-04T03:05:47Z" user="Tauntaun" uid="8076764" lat="26.8227112" lon="82.0497554"/>
 <node id="6114455820" visible="true" version="1" changeset="65144948" timestamp="2018-12-04T03:05:47Z" user="Tauntaun" uid="8076764" lat="26.8205761" lon="82.0480657"/>
 <node id="6114455821" visible="true" version="1" changeset="65144948" timestamp="2018-12-04T03:05:47Z" user="Tauntaun" uid="8076764" lat="26.8225054" lon="82.0491546"/>
 <node id="6114455822" visible="true" version="1" changeset="65144948" timestamp="2018-12-04T03:05:47Z" user="Tauntaun" uid="8076764" lat="26.8223522" lon="82.0488489"/>
 <node id="6114455823" visible="true" version="1" changeset="65144948" timestamp="2018-12-04T03:05:47Z" user="Tauntaun" uid="8076764" lat="26.8219931" lon="82.0485055"/>
 <node id="6114455824" visible="true" version="1" changeset="65144948" timestamp="2018-12-04T03:05:47Z" user="Tauntaun" uid="8076764" lat="26.8215096" lon="82.0483553"/>
 <node id="6114455825" visible="true" version="1" changeset="65144948" timestamp="2018-12-04T03:05:47Z" user="Tauntaun" uid="8076764" lat="26.8210022" lon="82.0483285"/>
 <node id="6114455826" visible="true" version="1" changeset="65144948" timestamp="2018-12-04T03:05:47Z" user="Tauntaun" uid="8076764" lat="26.8207484" lon="82.0482427"/>
 <node id="6114455827" visible="true" version="1" changeset="65144948" timestamp="2018-12-04T03:05:47Z" user="Tauntaun" uid="8076764" lat="26.8205474" lon="82.0476258"/>
 <node id="6114455828" visible="true" version="1" changeset="65144948" timestamp="2018-12-04T03:05:47Z" user="Tauntaun" uid="8076764" lat="26.8204899" lon="82.0471108"/>
 <node id="6114455829" visible="true" version="1" changeset="65144948" timestamp="2018-12-04T03:05:47Z" user="Tauntaun" uid="8076764" lat="26.8204708" lon="82.0456409"/>
 <node id="6114455830" visible="true" version="1" changeset="65144948" timestamp="2018-12-04T03:05:47Z" user="Tauntaun" uid="8076764" lat="26.8204708" lon="82.0442676"/>
 <node id="6114455831" visible="true" version="1" changeset="65144948" timestamp="2018-12-04T03:05:47Z" user="Tauntaun" uid="8076764" lat="26.8207006" lon="82.0430660"/>
 <node id="6114455832" visible="true" version="1" changeset="65144948" timestamp="2018-12-04T03:05:47Z" user="Tauntaun" uid="8076764" lat="26.8207006" lon="82.0414782"/>
 <node id="6114455833" visible="true" version="1" changeset="65144948" timestamp="2018-12-04T03:05:48Z" user="Tauntaun" uid="8076764" lat="26.8187042" lon="82.0356417"/>
 <node id="6114455834" visible="true" version="2" changeset="106432590" timestamp="2021-06-16T04:11:22Z" user="VLD149" uid="10979429" lat="26.8200515" lon="82.0381536"/>
 <node id="6114455835" visible="true" version="1" changeset="65144948" timestamp="2018-12-04T03:05:48Z" user="Tauntaun" uid="8076764" lat="26.8205857" lon="82.0400834"/>
 <node id="6114455836" visible="true" version="2" changeset="106432590" timestamp="2021-06-16T04:11:22Z" user="VLD149" uid="10979429" lat="26.8203200" lon="82.0389676"/>
 <node id="6114455837" visible="true" version="1" changeset="65144948" timestamp="2018-12-04T03:05:48Z" user="Tauntaun" uid="8076764" lat="26.8198149" lon="82.0375675"/>
 <node id="6114455838" visible="true" version="1" changeset="65144948" timestamp="2018-12-04T03:05:48Z" user="Tauntaun" uid="8076764" lat="26.8192260" lon="82.0363820"/>
 <node id="6114455839" visible="true" version="1" changeset="65144948" timestamp="2018-12-04T03:05:48Z" user="Tauntaun" uid="8076764" lat="26.8180436" lon="82.0348209"/>
 <node id="6114455840" visible="true" version="1" changeset="65144948" timestamp="2018-12-04T03:05:48Z" user="Tauntaun" uid="8076764" lat="26.8168228" lon="82.0337427"/>
 <node id="6114455841" visible="true" version="1" changeset="65144948" timestamp="2018-12-04T03:05:48Z" user="Tauntaun" uid="8076764" lat="26.8145918" lon="82.0318866"/>
 <node id="6114455842" visible="true" version="1" changeset="65144948" timestamp="2018-12-04T03:05:48Z" user="Tauntaun" uid="8076764" lat="26.8134427" lon="82.0308781"/>
 <node id="6114455843" visible="true" version="1" changeset="65144948" timestamp="2018-12-04T03:05:48Z" user="Tauntaun" uid="8076764" lat="26.8113936" lon="82.0293760"/>
 <node id="6114455844" visible="true" version="1" changeset="65144948" timestamp="2018-12-04T03:05:48Z" user="Tauntaun" uid="8076764" lat="26.8100339" lon="82.0280671"/>
 <node id="6114455845" visible="true" version="1" changeset="65144948" timestamp="2018-12-04T03:05:48Z" user="Tauntaun" uid="8076764" lat="26.8076400" lon="82.0258999"/>
 <node id="6114462971" visible="true" version="1" changeset="65145101" timestamp="2018-12-04T03:15:22Z" user="Tauntaun" uid="8076764" lat="26.7965986" lon="82.0869148"/>
 <node id="6114462972" visible="true" version="1" changeset="65145101" timestamp="2018-12-04T03:15:22Z" user="Tauntaun" uid="8076764" lat="26.7962921" lon="82.0837176"/>
 <node id="6114462973" visible="true" version="1" changeset="65145101" timestamp="2018-12-04T03:15:22Z" user="Tauntaun" uid="8076764" lat="26.7958516" lon="82.0820331"/>
 <node id="6114462974" visible="true" version="1" changeset="65145101" timestamp="2018-12-04T03:15:22Z" user="Tauntaun" uid="8076764" lat="26.7956313" lon="82.0797908"/>
 <node id="6114462975" visible="true" version="1" changeset="65145101" timestamp="2018-12-04T03:15:22Z" user="Tauntaun" uid="8076764" lat="26.7957941" lon="82.0790934"/>
 <node id="6114462976" visible="true" version="1" changeset="65145101" timestamp="2018-12-04T03:15:22Z" user="Tauntaun" uid="8076764" lat="26.7967327" lon="82.0782030"/>
 <node id="6114462977" visible="true" version="1" changeset="65145101" timestamp="2018-12-04T03:15:22Z" user="Tauntaun" uid="8076764" lat="26.7975084" lon="82.0772910"/>
 <node id="6114462978" visible="true" version="1" changeset="65145101" timestamp="2018-12-04T03:15:22Z" user="Tauntaun" uid="8076764" lat="26.7981308" lon="82.0757139"/>
 <node id="6114462979" visible="true" version="1" changeset="65145101" timestamp="2018-12-04T03:15:22Z" user="Tauntaun" uid="8076764" lat="26.7985043" lon="82.0747805"/>
 <node id="6114462980" visible="true" version="1" changeset="65145101" timestamp="2018-12-04T03:15:22Z" user="Tauntaun" uid="8076764" lat="26.7990885" lon="82.0740938"/>
 <node id="6114462981" visible="true" version="1" changeset="65145101" timestamp="2018-12-04T03:15:22Z" user="Tauntaun" uid="8076764" lat="26.7998546" lon="82.0733642"/>
 <node id="6114462982" visible="true" version="1" changeset="65145101" timestamp="2018-12-04T03:15:22Z" user="Tauntaun" uid="8076764" lat="26.8006590" lon="82.0725381"/>
 <node id="6114462983" visible="true" version="1" changeset="65145101" timestamp="2018-12-04T03:15:22Z" user="Tauntaun" uid="8076764" lat="26.8010900" lon="82.0717978"/>
 <node id="6114462984" visible="true" version="1" changeset="65145101" timestamp="2018-12-04T03:15:22Z" user="Tauntaun" uid="8076764" lat="26.8014443" lon="82.0704996"/>
 <node id="6114463985" visible="true" version="1" changeset="65145101" timestamp="2018-12-04T03:15:22Z" user="Tauntaun" uid="8076764" lat="26.8028520" lon="82.0687079"/>
 <node id="6114463986" visible="true" version="1" changeset="65145101" timestamp="2018-12-04T03:15:22Z" user="Tauntaun" uid="8076764" lat="26.8031967" lon="82.0674419"/>
 <node id="6114463987" visible="true" version="1" changeset="65145101" timestamp="2018-12-04T03:15:22Z" user="Tauntaun" uid="8076764" lat="26.8031393" lon="82.0633864"/>
 <node id="6114463988" visible="true" version="1" changeset="65145101" timestamp="2018-12-04T03:15:22Z" user="Tauntaun" uid="8076764" lat="26.8034074" lon="82.0602751"/>
 <node id="6114463989" visible="true" version="1" changeset="65145101" timestamp="2018-12-04T03:15:22Z" user="Tauntaun" uid="8076764" lat="26.8041160" lon="82.0586014"/>
 <node id="6114463990" visible="true" version="1" changeset="65145101" timestamp="2018-12-04T03:15:22Z" user="Tauntaun" uid="8076764" lat="26.8052077" lon="82.0570135"/>
 <node id="6114463991" visible="true" version="1" changeset="65145101" timestamp="2018-12-04T03:15:22Z" user="Tauntaun" uid="8076764" lat="26.7990215" lon="82.0931053"/>
 <node id="6114463992" visible="true" version="1" changeset="65145101" timestamp="2018-12-04T03:15:22Z" user="Tauntaun" uid="8076764" lat="26.7982745" lon="82.0938992"/>
 <node id="6114463993" visible="true" version="1" changeset="65145101" timestamp="2018-12-04T03:15:22Z" user="Tauntaun" uid="8076764" lat="26.7977574" lon="82.0940709"/>
 <node id="6114463994" visible="true" version="1" changeset="65145101" timestamp="2018-12-04T03:15:22Z" user="Tauntaun" uid="8076764" lat="26.7974701" lon="82.0937276"/>
 <node id="6114463995" visible="true" version="1" changeset="65145101" timestamp="2018-12-04T03:15:22Z" user="Tauntaun" uid="8076764" lat="26.7972211" lon="82.0921612"/>
 <node id="6114463996" visible="true" version="1" changeset="65145101" timestamp="2018-12-04T03:15:22Z" user="Tauntaun" uid="8076764" lat="26.7970487" lon="82.0902300"/>
 <node id="6114463997" visible="true" version="1" changeset="65145101" timestamp="2018-12-04T03:15:22Z" user="Tauntaun" uid="8076764" lat="26.8014730" lon="82.0902729"/>
 <node id="6114463998" visible="true" version="1" changeset="65145101" timestamp="2018-12-04T03:15:22Z" user="Tauntaun" uid="8076764" lat="26.8025456" lon="82.0891356"/>
 <node id="6114463999" visible="true" version="1" changeset="65145101" timestamp="2018-12-04T03:15:22Z" user="Tauntaun" uid="8076764" lat="26.8047672" lon="82.0870757"/>
 <node id="6114464000" visible="true" version="1" changeset="65145101" timestamp="2018-12-04T03:15:22Z" user="Tauntaun" uid="8076764" lat="26.8086646" lon="82.0828485"/>
 <node id="6114464001" visible="true" version="1" changeset="65145101" timestamp="2018-12-04T03:15:22Z" user="Tauntaun" uid="8076764" lat="26.8088561" lon="82.0817971"/>
 <node id="6114464002" visible="true" version="1" changeset="65145101" timestamp="2018-12-04T03:15:22Z" user="Tauntaun" uid="8076764" lat="26.8089135" lon="82.0803916"/>
 <node id="6114464003" visible="true" version="1" changeset="65145101" timestamp="2018-12-04T03:15:22Z" user="Tauntaun" uid="8076764" lat="26.8088848" lon="82.0784390"/>
 <node id="6114464004" visible="true" version="1" changeset="65145101" timestamp="2018-12-04T03:15:22Z" user="Tauntaun" uid="8076764" lat="26.8088465" lon="82.0776451"/>
 <node id="6114464005" visible="true" version="1" changeset="65145101" timestamp="2018-12-04T03:15:22Z" user="Tauntaun" uid="8076764" lat="26.8086071" lon="82.0755529"/>
 <node id="6114464006" visible="true" version="1" changeset="65145101" timestamp="2018-12-04T03:15:22Z" user="Tauntaun" uid="8076764" lat="26.8089327" lon="82.0745551"/>
 <node id="6114464007" visible="true" version="1" changeset="65145101" timestamp="2018-12-04T03:15:22Z" user="Tauntaun" uid="8076764" lat="26.8092391" lon="82.0740402"/>
 <node id="6114464008" visible="true" version="1" changeset="65145101" timestamp="2018-12-04T03:15:22Z" user="Tauntaun" uid="8076764" lat="26.8096126" lon="82.0735681"/>
 <node id="6114464009" visible="true" version="1" changeset="65145101" timestamp="2018-12-04T03:15:22Z" user="Tauntaun" uid="8076764" lat="26.8099764" lon="82.0729673"/>
 <node id="6114464010" visible="true" version="1" changeset="65145101" timestamp="2018-12-04T03:15:22Z" user="Tauntaun" uid="8076764" lat="26.8130501" lon="82.0704138"/>
 <node id="6114464011" visible="true" version="1" changeset="65145101" timestamp="2018-12-04T03:15:22Z" user="Tauntaun" uid="8076764" lat="26.8137108" lon="82.0695448"/>
 <node id="6114464012" visible="true" version="1" changeset="65145101" timestamp="2018-12-04T03:15:22Z" user="Tauntaun" uid="8076764" lat="26.8146779" lon="82.0672166"/>
 <node id="6114464013" visible="true" version="1" changeset="65145101" timestamp="2018-12-04T03:15:22Z" user="Tauntaun" uid="8076764" lat="26.8150705" lon="82.0659614"/>
 <node id="6114464014" visible="true" version="1" changeset="65145101" timestamp="2018-12-04T03:15:22Z" user="Tauntaun" uid="8076764" lat="26.8154823" lon="82.0641804"/>
 <node id="6114464015" visible="true" version="1" changeset="65145101" timestamp="2018-12-04T03:15:23Z" user="Tauntaun" uid="8076764" lat="26.8157121" lon="82.0631826"/>
 <node id="6114464016" visible="true" version="1" changeset="65145101" timestamp="2018-12-04T03:15:23Z" user="Tauntaun" uid="8076764" lat="26.8155780" lon="82.0606935"/>
 <node id="6114464017" visible="true" version="1" changeset="65145101" timestamp="2018-12-04T03:15:23Z" user="Tauntaun" uid="8076764" lat="26.8154248" lon="82.0582151"/>
 <node id="6114464018" visible="true" version="1" changeset="65145101" timestamp="2018-12-04T03:15:23Z" user="Tauntaun" uid="8076764" lat="26.8153482" lon="82.0570242"/>
 <node id="6114464019" visible="true" version="1" changeset="65145101" timestamp="2018-12-04T03:15:23Z" user="Tauntaun" uid="8076764" lat="26.8154344" lon="82.0561445"/>
 <node id="6114464020" visible="true" version="1" changeset="65145101" timestamp="2018-12-04T03:15:23Z" user="Tauntaun" uid="8076764" lat="26.8155972" lon="82.0549321"/>
 <node id="6114464021" visible="true" version="1" changeset="65145101" timestamp="2018-12-04T03:15:23Z" user="Tauntaun" uid="8076764" lat="26.8155493" lon="82.0541596"/>
 <node id="6114464022" visible="true" version="1" changeset="65145101" timestamp="2018-12-04T03:15:23Z" user="Tauntaun" uid="8076764" lat="26.8153578" lon="82.0537090"/>
 <node id="6114464023" visible="true" version="1" changeset="65145101" timestamp="2018-12-04T03:15:23Z" user="Tauntaun" uid="8076764" lat="26.8139215" lon="82.0528400"/>
 <node id="6114464024" visible="true" version="1" changeset="65145101" timestamp="2018-12-04T03:15:23Z" user="Tauntaun" uid="8076764" lat="26.8133374" lon="82.0519602"/>
 <node id="6114464025" visible="true" version="1" changeset="65145101" timestamp="2018-12-04T03:15:23Z" user="Tauntaun" uid="8076764" lat="26.8126384" lon="82.0515203"/>
 <node id="6114464026" visible="true" version="1" changeset="65145101" timestamp="2018-12-04T03:15:23Z" user="Tauntaun" uid="8076764" lat="26.8118437" lon="82.0516705"/>
 <node id="6114464027" visible="true" version="1" changeset="65145101" timestamp="2018-12-04T03:15:23Z" user="Tauntaun" uid="8076764" lat="26.8157599" lon="82.0618200"/>
 <node id="6114464028" visible="true" version="1" changeset="65145101" timestamp="2018-12-04T03:15:23Z" user="Tauntaun" uid="8076764" lat="26.8143811" lon="82.0684934"/>
 <node id="6114464029" visible="true" version="1" changeset="65145101" timestamp="2018-12-04T03:15:23Z" user="Tauntaun" uid="8076764" lat="26.8106180" lon="82.0722270"/>
 <node id="6114464030" visible="true" version="1" changeset="65145101" timestamp="2018-12-04T03:15:23Z" user="Tauntaun" uid="8076764" lat="26.8075346" lon="82.0844901"/>
 <node id="6114464031" visible="true" version="1" changeset="65145101" timestamp="2018-12-04T03:15:23Z" user="Tauntaun" uid="8076764" lat="26.7967997" lon="82.0880735"/>
 <node id="6114464032" visible="true" version="1" changeset="65145101" timestamp="2018-12-04T03:15:23Z" user="Tauntaun" uid="8076764" lat="26.7965315" lon="82.0857453"/>
 <node id="6114464033" visible="true" version="1" changeset="65145101" timestamp="2018-12-04T03:15:23Z" user="Tauntaun" uid="8076764" lat="26.7961485" lon="82.0787179"/>
 <node id="6114464034" visible="true" version="1" changeset="65145101" timestamp="2018-12-04T03:15:23Z" user="Tauntaun" uid="8076764" lat="26.8018944" lon="82.0698023"/>
 <node id="6114464035" visible="true" version="1" changeset="65145101" timestamp="2018-12-04T03:15:23Z" user="Tauntaun" uid="8076764" lat="26.8031967" lon="82.0663690"/>
 <node id="6114464036" visible="true" version="1" changeset="65145101" timestamp="2018-12-04T03:15:23Z" user="Tauntaun" uid="8076764" lat="26.8082145" lon="82.0547604"/>
 <node id="6114464037" visible="true" version="1" changeset="65145101" timestamp="2018-12-04T03:15:23Z" user="Tauntaun" uid="8076764" lat="26.8096509" lon="82.0534086"/>
 <node id="6114464038" visible="true" version="1" changeset="65145101" timestamp="2018-12-04T03:15:23Z" user="Tauntaun" uid="8076764" lat="26.8110585" lon="82.0521748"/>
 <node id="6114464039" visible="true" version="1" changeset="65145101" timestamp="2018-12-04T03:15:23Z" user="Tauntaun" uid="8076764" lat="26.8149077" lon="82.0533979"/>
 <node id="6114464040" visible="true" version="2" changeset="110184941" timestamp="2021-08-24T16:48:22Z" user="vineet@spad" uid="13969904" lat="26.7898840" lon="82.0665334"/>
 <node id="6114464041" visible="true" version="2" changeset="110184941" timestamp="2021-08-24T16:48:22Z" user="vineet@spad" uid="13969904" lat="26.7892168" lon="82.0622584"/>
 <node id="6114464042" visible="true" version="1" changeset="65145101" timestamp="2018-12-04T03:15:23Z" user="Tauntaun" uid="8076764" lat="26.7888316" lon="82.0549750"/>
 <node id="6114464043" visible="true" version="1" changeset="65145101" timestamp="2018-12-04T03:15:23Z" user="Tauntaun" uid="8076764" lat="26.7892147" lon="82.0510268"/>
 <node id="6114464044" visible="true" version="1" changeset="65145101" timestamp="2018-12-04T03:15:23Z" user="Tauntaun" uid="8076764" lat="26.7893105" lon="82.0486021"/>
 <node id="6114464045" visible="true" version="1" changeset="65145101" timestamp="2018-12-04T03:15:23Z" user="Tauntaun" uid="8076764" lat="26.7897894" lon="82.0414352"/>
 <node id="6114464046" visible="true" version="1" changeset="65145101" timestamp="2018-12-04T03:15:23Z" user="Tauntaun" uid="8076764" lat="26.7904598" lon="82.0393753"/>
 <node id="6114464047" visible="true" version="1" changeset="65145101" timestamp="2018-12-04T03:15:23Z" user="Tauntaun" uid="8076764" lat="26.7916856" lon="82.0367789"/>
 <node id="6114464048" visible="true" version="1" changeset="65145101" timestamp="2018-12-04T03:15:23Z" user="Tauntaun" uid="8076764" lat="26.7931222" lon="82.0335603"/>
 <node id="6114464051" visible="true" version="1" changeset="65145101" timestamp="2018-12-04T03:15:23Z" user="Tauntaun" uid="8076764" lat="26.7912642" lon="82.0790934"/>
 <node id="6114464052" visible="true" version="2" changeset="110184941" timestamp="2021-08-24T16:48:22Z" user="vineet@spad" uid="13969904" lat="26.7914643" lon="82.0772365"/>
 <node id="6114464053" visible="true" version="2" changeset="110184941" timestamp="2021-08-24T16:48:22Z" user="vineet@spad" uid="13969904" lat="26.7914795" lon="82.0724765"/>
 <node id="6114464054" visible="true" version="1" changeset="65145101" timestamp="2018-12-04T03:15:23Z" user="Tauntaun" uid="8076764" lat="26.7927295" lon="82.0852625"/>
 <node id="6114464055" visible="true" version="1" changeset="65145101" timestamp="2018-12-04T03:15:23Z" user="Tauntaun" uid="8076764" lat="26.7928157" lon="82.0845330"/>
 <node id="6114464056" visible="true" version="1" changeset="65145101" timestamp="2018-12-04T03:15:23Z" user="Tauntaun" uid="8076764" lat="26.7929498" lon="82.0836210"/>
 <node id="6114464057" visible="true" version="1" changeset="65145101" timestamp="2018-12-04T03:15:23Z" user="Tauntaun" uid="8076764" lat="26.7927870" lon="82.0826125"/>
 <node id="6114464058" visible="true" version="1" changeset="65145101" timestamp="2018-12-04T03:15:23Z" user="Tauntaun" uid="8076764" lat="26.7923273" lon="82.0813250"/>
 <node id="6114464059" visible="true" version="1" changeset="65145101" timestamp="2018-12-04T03:15:23Z" user="Tauntaun" uid="8076764" lat="26.7917622" lon="82.0800483"/>
 <node id="6114464060" visible="true" version="1" changeset="65145101" timestamp="2018-12-04T03:15:23Z" user="Tauntaun" uid="8076764" lat="26.7939458" lon="82.0900690"/>
 <node id="6114464061" visible="true" version="1" changeset="65145101" timestamp="2018-12-04T03:15:23Z" user="Tauntaun" uid="8076764" lat="26.7933042" lon="82.0882773"/>
 <node id="6114464062" visible="true" version="1" changeset="65145101" timestamp="2018-12-04T03:15:23Z" user="Tauntaun" uid="8076764" lat="26.7950280" lon="82.0922148"/>
 <node id="6114464063" visible="true" version="1" changeset="65145101" timestamp="2018-12-04T03:15:23Z" user="Tauntaun" uid="8076764" lat="26.7943959" lon="82.0909381"/>
 <node id="6114464064" visible="true" version="1" changeset="65145101" timestamp="2018-12-04T03:15:23Z" user="Tauntaun" uid="8076764" lat="26.7958133" lon="82.0936525"/>
 <node id="6114464065" visible="true" version="1" changeset="65145101" timestamp="2018-12-04T03:15:23Z" user="Tauntaun" uid="8076764" lat="26.7965507" lon="82.0945966"/>
 <node id="6114464066" visible="true" version="1" changeset="65145101" timestamp="2018-12-04T03:15:23Z" user="Tauntaun" uid="8076764" lat="26.7967662" lon="82.0945537"/>
 <node id="6114464067" visible="true" version="1" changeset="65145101" timestamp="2018-12-04T03:15:23Z" user="Tauntaun" uid="8076764" lat="26.7968524" lon="82.0944035"/>
 <node id="6114464068" visible="true" version="1" changeset="65145101" timestamp="2018-12-04T03:15:23Z" user="Tauntaun" uid="8076764" lat="26.7967614" lon="82.0938832"/>
 <node id="6114464069" visible="true" version="1" changeset="65145101" timestamp="2018-12-04T03:15:23Z" user="Tauntaun" uid="8076764" lat="26.7954829" lon="82.0930409"/>
 <node id="6114464070" visible="true" version="1" changeset="65145101" timestamp="2018-12-04T03:15:23Z" user="Tauntaun" uid="8076764" lat="26.7963400" lon="82.0920002"/>
 <node id="6114464071" visible="true" version="1" changeset="65145101" timestamp="2018-12-04T03:15:23Z" user="Tauntaun" uid="8076764" lat="26.7957941" lon="82.0894146"/>
 <node id="6114464072" visible="true" version="1" changeset="65145101" timestamp="2018-12-04T03:15:23Z" user="Tauntaun" uid="8076764" lat="26.7956218" lon="82.0876336"/>
 <node id="6114464073" visible="true" version="1" changeset="65145101" timestamp="2018-12-04T03:15:23Z" user="Tauntaun" uid="8076764" lat="26.7928445" lon="82.0861745"/>
 <node id="6114464074" visible="true" version="1" changeset="65145101" timestamp="2018-12-04T03:15:23Z" user="Tauntaun" uid="8076764" lat="26.7955164" lon="82.0853698"/>
 <node id="6114464075" visible="true" version="1" changeset="65145101" timestamp="2018-12-04T03:15:23Z" user="Tauntaun" uid="8076764" lat="26.7952291" lon="82.0823336"/>
 <node id="6114464076" visible="true" version="1" changeset="65145101" timestamp="2018-12-04T03:15:23Z" user="Tauntaun" uid="8076764" lat="26.7950663" lon="82.0813143"/>
 <node id="6114464077" visible="true" version="1" changeset="65145101" timestamp="2018-12-04T03:15:23Z" user="Tauntaun" uid="8076764" lat="26.7949226" lon="82.0801449"/>
 <node id="6114464078" visible="true" version="1" changeset="65145101" timestamp="2018-12-04T03:15:23Z" user="Tauntaun" uid="8076764" lat="26.7950663" lon="82.0791042"/>
 <node id="6114464079" visible="true" version="1" changeset="65145101" timestamp="2018-12-04T03:15:23Z" user="Tauntaun" uid="8076764" lat="26.7953345" lon="82.0773554"/>
 <node id="6114464080" visible="true" version="1" changeset="65145101" timestamp="2018-12-04T03:15:23Z" user="Tauntaun" uid="8076764" lat="26.7957750" lon="82.0755422"/>
 <node id="6114464081" visible="true" version="1" changeset="65145101" timestamp="2018-12-04T03:15:23Z" user="Tauntaun" uid="8076764" lat="26.7960910" lon="82.0749092"/>
 <node id="6114464082" visible="true" version="1" changeset="65145101" timestamp="2018-12-04T03:15:23Z" user="Tauntaun" uid="8076764" lat="26.7964549" lon="82.0745551"/>
 <node id="6114464083" visible="true" version="1" changeset="65145101" timestamp="2018-12-04T03:15:24Z" user="Tauntaun" uid="8076764" lat="26.7972498" lon="82.0738470"/>
 <node id="6114464084" visible="true" version="1" changeset="65145101" timestamp="2018-12-04T03:15:24Z" user="Tauntaun" uid="8076764" lat="26.7977191" lon="82.0731711"/>
 <node id="6114464085" visible="true" version="1" changeset="65145101" timestamp="2018-12-04T03:15:24Z" user="Tauntaun" uid="8076764" lat="26.7983320" lon="82.0715618"/>
 <node id="6114464086" visible="true" version="1" changeset="65145101" timestamp="2018-12-04T03:15:24Z" user="Tauntaun" uid="8076764" lat="26.7987054" lon="82.0710146"/>
 <node id="6114464087" visible="true" version="1" changeset="65145101" timestamp="2018-12-04T03:15:24Z" user="Tauntaun" uid="8076764" lat="26.7991747" lon="82.0706284"/>
 <node id="6114464088" visible="true" version="1" changeset="65145101" timestamp="2018-12-04T03:15:24Z" user="Tauntaun" uid="8076764" lat="26.7997397" lon="82.0704353"/>
 <node id="6114464089" visible="true" version="1" changeset="65145101" timestamp="2018-12-04T03:15:24Z" user="Tauntaun" uid="8076764" lat="26.8006686" lon="82.0700598"/>
 <node id="6114464090" visible="true" version="1" changeset="65145101" timestamp="2018-12-04T03:15:24Z" user="Tauntaun" uid="8076764" lat="26.8015017" lon="82.0691264"/>
 <node id="6114464091" visible="true" version="1" changeset="65145101" timestamp="2018-12-04T03:15:24Z" user="Tauntaun" uid="8076764" lat="26.8019997" lon="82.0683646"/>
 <node id="6114464092" visible="true" version="1" changeset="65145101" timestamp="2018-12-04T03:15:24Z" user="Tauntaun" uid="8076764" lat="26.8023732" lon="82.0670879"/>
 <node id="6114464093" visible="true" version="1" changeset="65145101" timestamp="2018-12-04T03:15:24Z" user="Tauntaun" uid="8076764" lat="26.8025551" lon="82.0659935"/>
 <node id="6114464094" visible="true" version="1" changeset="65145101" timestamp="2018-12-04T03:15:24Z" user="Tauntaun" uid="8076764" lat="26.8024977" lon="82.0652962"/>
 <node id="6114464095" visible="true" version="1" changeset="65145101" timestamp="2018-12-04T03:15:24Z" user="Tauntaun" uid="8076764" lat="26.8021912" lon="82.0631504"/>
 <node id="6114464096" visible="true" version="1" changeset="65145101" timestamp="2018-12-04T03:15:24Z" user="Tauntaun" uid="8076764" lat="26.8021721" lon="82.0622921"/>
 <node id="6114464097" visible="true" version="1" changeset="65145101" timestamp="2018-12-04T03:15:24Z" user="Tauntaun" uid="8076764" lat="26.8024498" lon="82.0609724"/>
 <node id="6114464098" visible="true" version="1" changeset="65145101" timestamp="2018-12-04T03:15:24Z" user="Tauntaun" uid="8076764" lat="26.8027179" lon="82.0598191"/>
 <node id="6114464099" visible="true" version="1" changeset="65145101" timestamp="2018-12-04T03:15:24Z" user="Tauntaun" uid="8076764" lat="26.8027562" lon="82.0593095"/>
 <node id="6114464100" visible="true" version="1" changeset="65145101" timestamp="2018-12-04T03:15:24Z" user="Tauntaun" uid="8076764" lat="26.8028424" lon="82.0586228"/>
 <node id="6114464101" visible="true" version="1" changeset="65145101" timestamp="2018-12-04T03:15:24Z" user="Tauntaun" uid="8076764" lat="26.8031105" lon="82.0576572"/>
 <node id="6114464102" visible="true" version="1" changeset="65145101" timestamp="2018-12-04T03:15:24Z" user="Tauntaun" uid="8076764" lat="26.8035127" lon="82.0569438"/>
 <node id="6114464103" visible="true" version="1" changeset="65145101" timestamp="2018-12-04T03:15:24Z" user="Tauntaun" uid="8076764" lat="26.8039293" lon="82.0560265"/>
 <node id="6114464104" visible="true" version="1" changeset="65145101" timestamp="2018-12-04T03:15:24Z" user="Tauntaun" uid="8076764" lat="26.8042309" lon="82.0551842"/>
 <node id="6114464105" visible="true" version="1" changeset="65145101" timestamp="2018-12-04T03:15:24Z" user="Tauntaun" uid="8076764" lat="26.8044895" lon="82.0546424"/>
 <node id="6114464106" visible="true" version="1" changeset="65145101" timestamp="2018-12-04T03:15:24Z" user="Tauntaun" uid="8076764" lat="26.8054232" lon="82.0533228"/>
 <node id="6114464107" visible="true" version="1" changeset="65145101" timestamp="2018-12-04T03:15:24Z" user="Tauntaun" uid="8076764" lat="26.8056626" lon="82.0527166"/>
 <node id="6114464108" visible="true" version="1" changeset="65145101" timestamp="2018-12-04T03:15:24Z" user="Tauntaun" uid="8076764" lat="26.8051981" lon="82.0537466"/>
 <node id="6114464109" visible="true" version="1" changeset="65145101" timestamp="2018-12-04T03:15:24Z" user="Tauntaun" uid="8076764" lat="26.8060695" lon="82.0520836"/>
 <node id="6114464110" visible="true" version="1" changeset="65145101" timestamp="2018-12-04T03:15:24Z" user="Tauntaun" uid="8076764" lat="26.8064574" lon="82.0516062"/>
 <node id="6114464111" visible="true" version="1" changeset="65145101" timestamp="2018-12-04T03:15:24Z" user="Tauntaun" uid="8076764" lat="26.8070175" lon="82.0507747"/>
 <node id="6114464112" visible="true" version="1" changeset="65145101" timestamp="2018-12-04T03:15:24Z" user="Tauntaun" uid="8076764" lat="26.8091577" lon="82.0472717"/>
 <node id="6114464113" visible="true" version="1" changeset="65145101" timestamp="2018-12-04T03:15:24Z" user="Tauntaun" uid="8076764" lat="26.8073383" lon="82.0501524"/>
 <node id="6114464114" visible="true" version="1" changeset="65145101" timestamp="2018-12-04T03:15:24Z" user="Tauntaun" uid="8076764" lat="26.8075059" lon="82.0495731"/>
 <node id="6114464115" visible="true" version="1" changeset="65145101" timestamp="2018-12-04T03:15:24Z" user="Tauntaun" uid="8076764" lat="26.8075538" lon="82.0489025"/>
 <node id="6114464116" visible="true" version="1" changeset="65145101" timestamp="2018-12-04T03:15:24Z" user="Tauntaun" uid="8076764" lat="26.8077836" lon="82.0482588"/>
 <node id="6114464117" visible="true" version="1" changeset="65145101" timestamp="2018-12-04T03:15:24Z" user="Tauntaun" uid="8076764" lat="26.8082720" lon="82.0477760"/>
 <node id="6114464118" visible="true" version="1" changeset="65145101" timestamp="2018-12-04T03:15:24Z" user="Tauntaun" uid="8076764" lat="26.8088178" lon="82.0474863"/>
 <node id="6114464119" visible="true" version="1" changeset="65145101" timestamp="2018-12-04T03:15:24Z" user="Tauntaun" uid="8076764" lat="26.8094546" lon="82.0469552"/>
 <node id="6114464120" visible="true" version="1" changeset="65145101" timestamp="2018-12-04T03:15:24Z" user="Tauntaun" uid="8076764" lat="26.8097658" lon="82.0458662"/>
 <node id="6114464121" visible="true" version="1" changeset="65145101" timestamp="2018-12-04T03:15:24Z" user="Tauntaun" uid="8076764" lat="26.8102062" lon="82.0446861"/>
 <node id="6114464122" visible="true" version="1" changeset="65145101" timestamp="2018-12-04T03:15:24Z" user="Tauntaun" uid="8076764" lat="26.8103978" lon="82.0430016"/>
 <node id="6114464123" visible="true" version="1" changeset="65145101" timestamp="2018-12-04T03:15:24Z" user="Tauntaun" uid="8076764" lat="26.8094785" lon="82.0394611"/>
 <node id="6114464124" visible="true" version="1" changeset="65145101" timestamp="2018-12-04T03:15:24Z" user="Tauntaun" uid="8076764" lat="26.8083103" lon="82.0371651"/>
 <node id="6114464125" visible="true" version="1" changeset="65145101" timestamp="2018-12-04T03:15:24Z" user="Tauntaun" uid="8076764" lat="26.8075442" lon="82.0360279"/>
 <node id="6114464126" visible="true" version="1" changeset="65145101" timestamp="2018-12-04T03:15:24Z" user="Tauntaun" uid="8076764" lat="26.8062228" lon="82.0351481"/>
 <node id="6114464127" visible="true" version="1" changeset="65145101" timestamp="2018-12-04T03:15:24Z" user="Tauntaun" uid="8076764" lat="26.8038096" lon="82.0338821"/>
 <node id="6114464128" visible="true" version="1" changeset="65145101" timestamp="2018-12-04T03:15:24Z" user="Tauntaun" uid="8076764" lat="26.8001802" lon="82.0294082"/>
 <node id="6114464129" visible="true" version="1" changeset="65145101" timestamp="2018-12-04T03:15:24Z" user="Tauntaun" uid="8076764" lat="26.7988587" lon="82.0281851"/>
 <node id="6114464130" visible="true" version="1" changeset="65145101" timestamp="2018-12-04T03:15:24Z" user="Tauntaun" uid="8076764" lat="26.7967231" lon="82.0271766"/>
 <node id="6114464131" visible="true" version="1" changeset="65145101" timestamp="2018-12-04T03:15:24Z" user="Tauntaun" uid="8076764" lat="26.7956888" lon="82.0280564"/>
 <node id="6114464132" visible="true" version="1" changeset="65145101" timestamp="2018-12-04T03:15:24Z" user="Tauntaun" uid="8076764" lat="26.8022583" lon="82.0322728"/>
 <node id="6114464133" visible="true" version="1" changeset="65145101" timestamp="2018-12-04T03:15:24Z" user="Tauntaun" uid="8076764" lat="26.8100722" lon="82.0411777"/>
 <node id="6114464134" visible="true" version="1" changeset="65145101" timestamp="2018-12-04T03:15:24Z" user="Tauntaun" uid="8076764" lat="26.8048965" lon="82.0541006"/>
 <node id="6114464135" visible="true" version="1" changeset="65145101" timestamp="2018-12-04T03:15:24Z" user="Tauntaun" uid="8076764" lat="26.8023828" lon="82.0643842"/>
 <node id="6114464136" visible="true" version="1" changeset="65145101" timestamp="2018-12-04T03:15:24Z" user="Tauntaun" uid="8076764" lat="26.7952866" lon="82.0834064"/>
 <node id="6114464138" visible="true" version="1" changeset="65145101" timestamp="2018-12-04T03:15:24Z" user="Tauntaun" uid="8076764" lat="26.7881804" lon="82.0582151"/>
 <node id="6114464139" visible="true" version="1" changeset="65145101" timestamp="2018-12-04T03:15:24Z" user="Tauntaun" uid="8076764" lat="26.7894637" lon="82.0449114"/>
 <node id="6114464140" visible="true" version="1" changeset="65145101" timestamp="2018-12-04T03:15:24Z" user="Tauntaun" uid="8076764" lat="26.7948556" lon="82.0297837"/>
 <node id="6114464141" visible="true" version="1" changeset="65145101" timestamp="2018-12-04T03:15:24Z" user="Tauntaun" uid="8076764" lat="26.7961772" lon="82.0273161"/>
 <node id="6114464142" visible="true" version="1" changeset="65145101" timestamp="2018-12-04T03:15:24Z" user="Tauntaun" uid="8076764" lat="26.8008218" lon="82.0301056"/>
 <node id="6114470183" visible="true" version="1" changeset="65145213" timestamp="2018-12-04T03:27:29Z" user="Tauntaun" uid="8076764" lat="26.7508271" lon="82.3042595"/>
 <node id="6114470184" visible="true" version="1" changeset="65145213" timestamp="2018-12-04T03:27:29Z" user="Tauntaun" uid="8076764" lat="26.7507648" lon="82.3033422"/>
 <node id="6114472385" visible="true" version="1" changeset="65145213" timestamp="2018-12-04T03:27:29Z" user="Tauntaun" uid="8076764" lat="26.7506116" lon="82.3075426"/>
 <node id="6114472386" visible="true" version="1" changeset="65145213" timestamp="2018-12-04T03:27:29Z" user="Tauntaun" uid="8076764" lat="26.7509852" lon="82.3062819"/>
 <node id="6114472387" visible="true" version="1" changeset="65145213" timestamp="2018-12-04T03:27:29Z" user="Tauntaun" uid="8076764" lat="26.7508127" lon="82.3038143"/>
 <node id="6114472388" visible="true" version="1" changeset="65145213" timestamp="2018-12-04T03:27:29Z" user="Tauntaun" uid="8076764" lat="26.7506116" lon="82.3023874"/>
 <node id="6114472389" visible="true" version="1" changeset="65145213" timestamp="2018-12-04T03:27:29Z" user="Tauntaun" uid="8076764" lat="26.7505253" lon="82.3017114"/>
 <node id="6114472390" visible="true" version="1" changeset="65145213" timestamp="2018-12-04T03:27:29Z" user="Tauntaun" uid="8076764" lat="26.7505158" lon="82.3007727"/>
 <node id="6114472391" visible="true" version="1" changeset="65145213" timestamp="2018-12-04T03:27:29Z" user="Tauntaun" uid="8076764" lat="26.7506116" lon="82.2997749"/>
 <node id="6114472392" visible="true" version="1" changeset="65145213" timestamp="2018-12-04T03:27:29Z" user="Tauntaun" uid="8076764" lat="26.7506116" lon="82.2987771"/>
 <node id="6114472393" visible="true" version="1" changeset="65145213" timestamp="2018-12-04T03:27:29Z" user="Tauntaun" uid="8076764" lat="26.7510044" lon="82.2977793"/>
 <node id="6114472394" visible="true" version="1" changeset="65145213" timestamp="2018-12-04T03:27:29Z" user="Tauntaun" uid="8076764" lat="26.7498020" lon="82.3434493"/>
 <node id="6114472395" visible="true" version="1" changeset="65145213" timestamp="2018-12-04T03:27:29Z" user="Tauntaun" uid="8076764" lat="26.7500463" lon="82.3406947"/>
 <node id="6114472396" visible="true" version="1" changeset="65145213" timestamp="2018-12-04T03:27:29Z" user="Tauntaun" uid="8076764" lat="26.7503625" lon="82.3356628"/>
 <node id="6114472398" visible="true" version="1" changeset="65145213" timestamp="2018-12-04T03:27:29Z" user="Tauntaun" uid="8076764" lat="26.7505732" lon="82.3330879"/>
 <node id="6114472399" visible="true" version="1" changeset="65145213" timestamp="2018-12-04T03:27:29Z" user="Tauntaun" uid="8076764" lat="26.7503242" lon="82.3313498"/>
 <node id="6114472400" visible="true" version="1" changeset="65145213" timestamp="2018-12-04T03:27:29Z" user="Tauntaun" uid="8076764" lat="26.7496152" lon="82.3293757"/>
 <node id="6114472401" visible="true" version="1" changeset="65145213" timestamp="2018-12-04T03:27:29Z" user="Tauntaun" uid="8076764" lat="26.7490978" lon="82.3277664"/>
 <node id="6114472402" visible="true" version="1" changeset="65145213" timestamp="2018-12-04T03:27:29Z" user="Tauntaun" uid="8076764" lat="26.7484463" lon="82.3255563"/>
 <node id="6114472403" visible="true" version="1" changeset="65145213" timestamp="2018-12-04T03:27:29Z" user="Tauntaun" uid="8076764" lat="26.7474691" lon="82.3241186"/>
 <node id="6114472404" visible="true" version="1" changeset="65145213" timestamp="2018-12-04T03:27:29Z" user="Tauntaun" uid="8076764" lat="26.7456870" lon="82.3215651"/>
 <node id="6114472405" visible="true" version="1" changeset="65145213" timestamp="2018-12-04T03:27:29Z" user="Tauntaun" uid="8076764" lat="26.7444990" lon="82.3195696"/>
 <node id="6114472406" visible="true" version="1" changeset="65145213" timestamp="2018-12-04T03:27:29Z" user="Tauntaun" uid="8076764" lat="26.7435792" lon="82.3173809"/>
 <node id="6114472407" visible="true" version="1" changeset="65145213" timestamp="2018-12-04T03:27:29Z" user="Tauntaun" uid="8076764" lat="26.7438187" lon="82.3180675"/>
 <node id="6114472408" visible="true" version="1" changeset="65145213" timestamp="2018-12-04T03:27:29Z" user="Tauntaun" uid="8076764" lat="26.7433972" lon="82.3160827"/>
 <node id="6114472409" visible="true" version="1" changeset="65145213" timestamp="2018-12-04T03:27:29Z" user="Tauntaun" uid="8076764" lat="26.7434930" lon="82.3149669"/>
 <node id="6114472410" visible="true" version="1" changeset="65145213" timestamp="2018-12-04T03:27:29Z" user="Tauntaun" uid="8076764" lat="26.7439241" lon="82.3133254"/>
 <node id="6114472411" visible="true" version="2" changeset="65146545" timestamp="2018-12-04T04:44:06Z" user="Tauntaun" uid="8076764" lat="26.7443936" lon="82.3121023"/>
 <node id="6114472412" visible="true" version="1" changeset="65145213" timestamp="2018-12-04T03:27:29Z" user="Tauntaun" uid="8076764" lat="26.7448918" lon="82.3115873"/>
 <node id="6114472413" visible="true" version="1" changeset="65145213" timestamp="2018-12-04T03:27:29Z" user="Tauntaun" uid="8076764" lat="26.7458116" lon="82.3109114"/>
 <node id="6114472414" visible="true" version="1" changeset="65145213" timestamp="2018-12-04T03:27:29Z" user="Tauntaun" uid="8076764" lat="26.7468847" lon="82.3103320"/>
 <node id="6114472415" visible="true" version="1" changeset="65145213" timestamp="2018-12-04T03:27:29Z" user="Tauntaun" uid="8076764" lat="26.7483361" lon="82.3099136"/>
 <node id="6114472416" visible="true" version="1" changeset="65145213" timestamp="2018-12-04T03:27:29Z" user="Tauntaun" uid="8076764" lat="26.7489637" lon="82.3097420"/>
 <node id="6114472417" visible="true" version="1" changeset="65145213" timestamp="2018-12-04T03:27:29Z" user="Tauntaun" uid="8076764" lat="26.7495050" lon="82.3096400"/>
 <node id="6114472418" visible="true" version="1" changeset="65145213" timestamp="2018-12-04T03:27:30Z" user="Tauntaun" uid="8076764" lat="26.7498259" lon="82.3094201"/>
 <node id="6114472419" visible="true" version="1" changeset="65145213" timestamp="2018-12-04T03:27:30Z" user="Tauntaun" uid="8076764" lat="26.7499792" lon="82.3091090"/>
 <node id="6114472420" visible="true" version="1" changeset="65145213" timestamp="2018-12-04T03:27:30Z" user="Tauntaun" uid="8076764" lat="26.7501421" lon="82.3084974"/>
 <node id="6114472421" visible="true" version="1" changeset="65145213" timestamp="2018-12-04T03:27:30Z" user="Tauntaun" uid="8076764" lat="26.7502858" lon="82.3080414"/>
 <node id="6114472422" visible="true" version="1" changeset="65145213" timestamp="2018-12-04T03:27:30Z" user="Tauntaun" uid="8076764" lat="26.7508846" lon="82.3070598"/>
 <node id="6114472423" visible="true" version="1" changeset="65145213" timestamp="2018-12-04T03:27:30Z" user="Tauntaun" uid="8076764" lat="26.7509565" lon="82.3056650"/>
 <node id="6114472424" visible="true" version="1" changeset="65145213" timestamp="2018-12-04T03:27:30Z" user="Tauntaun" uid="8076764" lat="26.7508415" lon="82.3047477"/>
 <node id="6114472425" visible="true" version="2" changeset="110184941" timestamp="2021-08-24T16:48:22Z" user="vineet@spad" uid="13969904" lat="26.8266940" lon="82.1734679"/>
 <node id="6114472426" visible="true" version="1" changeset="65145213" timestamp="2018-12-04T03:27:30Z" user="Tauntaun" uid="8076764" lat="26.8288196" lon="82.1720052"/>
 <node id="6114472427" visible="true" version="1" changeset="65145213" timestamp="2018-12-04T03:27:30Z" user="Tauntaun" uid="8076764" lat="26.8294610" lon="82.1715653"/>
 <node id="6114472428" visible="true" version="1" changeset="65145213" timestamp="2018-12-04T03:27:30Z" user="Tauntaun" uid="8076764" lat="26.8308875" lon="82.1707284"/>
 <node id="6114472429" visible="true" version="1" changeset="65145213" timestamp="2018-12-04T03:27:30Z" user="Tauntaun" uid="8076764" lat="26.8316534" lon="82.1701276"/>
 <node id="6114472430" visible="true" version="1" changeset="65145213" timestamp="2018-12-04T03:27:30Z" user="Tauntaun" uid="8076764" lat="26.8333480" lon="82.1680140"/>
 <node id="6114472431" visible="true" version="1" changeset="65145213" timestamp="2018-12-04T03:27:30Z" user="Tauntaun" uid="8076764" lat="26.8342766" lon="82.1666837"/>
 <node id="6114472432" visible="true" version="1" changeset="65145213" timestamp="2018-12-04T03:27:30Z" user="Tauntaun" uid="8076764" lat="26.8357031" lon="82.1648276"/>
 <node id="6114472433" visible="true" version="1" changeset="65145213" timestamp="2018-12-04T03:27:30Z" user="Tauntaun" uid="8076764" lat="26.8364785" lon="82.1636796"/>
 <node id="6114472434" visible="true" version="1" changeset="65145213" timestamp="2018-12-04T03:27:30Z" user="Tauntaun" uid="8076764" lat="26.8371869" lon="82.1624350"/>
 <node id="6114472435" visible="true" version="1" changeset="65145213" timestamp="2018-12-04T03:27:30Z" user="Tauntaun" uid="8076764" lat="26.8375124" lon="82.1614051"/>
 <node id="6114472436" visible="true" version="1" changeset="65145213" timestamp="2018-12-04T03:27:30Z" user="Tauntaun" uid="8076764" lat="26.8377613" lon="82.1600425"/>
 <node id="6114472437" visible="true" version="1" changeset="65145213" timestamp="2018-12-04T03:27:30Z" user="Tauntaun" uid="8076764" lat="26.8381538" lon="82.1572316"/>
 <node id="6114472438" visible="true" version="1" changeset="65145213" timestamp="2018-12-04T03:27:30Z" user="Tauntaun" uid="8076764" lat="26.8384697" lon="82.1559870"/>
 <node id="6114472439" visible="true" version="1" changeset="65145213" timestamp="2018-12-04T03:27:30Z" user="Tauntaun" uid="8076764" lat="26.8386708" lon="82.1539593"/>
 <node id="6114472440" visible="true" version="1" changeset="65145213" timestamp="2018-12-04T03:27:30Z" user="Tauntaun" uid="8076764" lat="26.8377517" lon="82.1489811"/>
 <node id="6114472441" visible="true" version="2" changeset="106710991" timestamp="2021-06-21T11:11:02Z" user="VLD258" uid="10979442" lat="26.8377993" lon="82.1518922"/>
 <node id="6114472442" visible="true" version="2" changeset="106710991" timestamp="2021-06-21T11:11:02Z" user="VLD258" uid="10979442" lat="26.8378269" lon="82.1506588"/>
 <node id="6114472443" visible="true" version="1" changeset="65145213" timestamp="2018-12-04T03:27:30Z" user="Tauntaun" uid="8076764" lat="26.8371869" lon="82.1473718"/>
 <node id="6114472444" visible="true" version="1" changeset="65145213" timestamp="2018-12-04T03:27:30Z" user="Tauntaun" uid="8076764" lat="26.8369332" lon="82.1467709"/>
 <node id="6114472445" visible="true" version="1" changeset="65145213" timestamp="2018-12-04T03:27:30Z" user="Tauntaun" uid="8076764" lat="26.8365742" lon="82.1454942"/>
 <node id="6114472446" visible="true" version="1" changeset="65145213" timestamp="2018-12-04T03:27:30Z" user="Tauntaun" uid="8076764" lat="26.8363062" lon="82.1448719"/>
 <node id="6114472447" visible="true" version="1" changeset="65145213" timestamp="2018-12-04T03:27:30Z" user="Tauntaun" uid="8076764" lat="26.8359520" lon="82.1437347"/>
 <node id="6114472448" visible="true" version="1" changeset="65145213" timestamp="2018-12-04T03:27:30Z" user="Tauntaun" uid="8076764" lat="26.8358036" lon="82.1428978"/>
 <node id="6114472449" visible="true" version="1" changeset="65145213" timestamp="2018-12-04T03:27:30Z" user="Tauntaun" uid="8076764" lat="26.8355307" lon="82.1420664"/>
 <node id="6114472450" visible="true" version="1" changeset="65145213" timestamp="2018-12-04T03:27:30Z" user="Tauntaun" uid="8076764" lat="26.8353010" lon="82.1412456"/>
 <node id="6114472451" visible="true" version="1" changeset="65145213" timestamp="2018-12-04T03:27:30Z" user="Tauntaun" uid="8076764" lat="26.8350473" lon="82.1403658"/>
 <node id="6114472452" visible="true" version="1" changeset="65145213" timestamp="2018-12-04T03:27:30Z" user="Tauntaun" uid="8076764" lat="26.8348175" lon="82.1395719"/>
 <node id="6114472453" visible="true" version="1" changeset="65145213" timestamp="2018-12-04T03:27:30Z" user="Tauntaun" uid="8076764" lat="26.8344202" lon="82.1387297"/>
 <node id="6114472454" visible="true" version="1" changeset="65145213" timestamp="2018-12-04T03:27:30Z" user="Tauntaun" uid="8076764" lat="26.8340756" lon="82.1381932"/>
 <node id="6114472455" visible="true" version="1" changeset="65145213" timestamp="2018-12-04T03:27:30Z" user="Tauntaun" uid="8076764" lat="26.8334772" lon="82.1376193"/>
 <node id="6114472456" visible="true" version="2" changeset="106654153" timestamp="2021-06-20T06:44:53Z" user="VLD260" uid="10979445" lat="26.8325555" lon="82.1372082"/>
 <node id="6114472457" visible="true" version="2" changeset="106654153" timestamp="2021-06-20T06:44:53Z" user="VLD260" uid="10979445" lat="26.8319215" lon="82.1370466"/>
 <node id="6114472458" visible="true" version="2" changeset="106654153" timestamp="2021-06-20T06:44:53Z" user="VLD260" uid="10979445" lat="26.8313429" lon="82.1368746"/>
 <node id="6114472459" visible="true" version="2" changeset="106654153" timestamp="2021-06-20T06:44:53Z" user="VLD260" uid="10979445" lat="26.8308244" lon="82.1367046"/>
 <node id="6114472460" visible="true" version="1" changeset="65145213" timestamp="2018-12-04T03:27:30Z" user="Tauntaun" uid="8076764" lat="26.8304639" lon="82.1363264"/>
 <node id="6114472461" visible="true" version="1" changeset="65145213" timestamp="2018-12-04T03:27:30Z" user="Tauntaun" uid="8076764" lat="26.8300570" lon="82.1361735"/>
 <node id="6114472462" visible="true" version="1" changeset="65145213" timestamp="2018-12-04T03:27:30Z" user="Tauntaun" uid="8076764" lat="26.8294706" lon="82.1355700"/>
 <node id="6114472463" visible="true" version="1" changeset="65145213" timestamp="2018-12-04T03:27:30Z" user="Tauntaun" uid="8076764" lat="26.8287717" lon="82.1345293"/>
 <node id="6114472464" visible="true" version="1" changeset="65145213" timestamp="2018-12-04T03:27:30Z" user="Tauntaun" uid="8076764" lat="26.8281398" lon="82.1329844"/>
 <node id="6114472465" visible="true" version="1" changeset="65145213" timestamp="2018-12-04T03:27:30Z" user="Tauntaun" uid="8076764" lat="26.8278143" lon="82.1322548"/>
 <node id="6114472466" visible="true" version="1" changeset="65145213" timestamp="2018-12-04T03:27:30Z" user="Tauntaun" uid="8076764" lat="26.8273548" lon="82.1317291"/>
 <node id="6114472467" visible="true" version="1" changeset="65145213" timestamp="2018-12-04T03:27:30Z" user="Tauntaun" uid="8076764" lat="26.8267612" lon="82.1313107"/>
 <node id="6114472468" visible="true" version="1" changeset="65145213" timestamp="2018-12-04T03:27:30Z" user="Tauntaun" uid="8076764" lat="26.8260910" lon="82.1304953"/>
 <node id="6114472469" visible="true" version="1" changeset="65145213" timestamp="2018-12-04T03:27:31Z" user="Tauntaun" uid="8076764" lat="26.8252963" lon="82.1295941"/>
 <node id="6114472470" visible="true" version="1" changeset="65145213" timestamp="2018-12-04T03:27:31Z" user="Tauntaun" uid="8076764" lat="26.8240133" lon="82.1282852"/>
 <node id="6114472471" visible="true" version="1" changeset="65145213" timestamp="2018-12-04T03:27:31Z" user="Tauntaun" uid="8076764" lat="26.8225389" lon="82.1271157"/>
 <node id="6114472472" visible="true" version="1" changeset="65145213" timestamp="2018-12-04T03:27:31Z" user="Tauntaun" uid="8076764" lat="26.8210165" lon="82.1260536"/>
 <node id="6114472473" visible="true" version="1" changeset="65145213" timestamp="2018-12-04T03:27:31Z" user="Tauntaun" uid="8076764" lat="26.8196138" lon="82.1251523"/>
 <node id="6114472474" visible="true" version="1" changeset="65145213" timestamp="2018-12-04T03:27:31Z" user="Tauntaun" uid="8076764" lat="26.8183930" lon="82.1242887"/>
 <node id="6114472475" visible="true" version="1" changeset="65145213" timestamp="2018-12-04T03:27:31Z" user="Tauntaun" uid="8076764" lat="26.8172728" lon="82.1232963"/>
 <node id="6114472476" visible="true" version="1" changeset="65145213" timestamp="2018-12-04T03:27:31Z" user="Tauntaun" uid="8076764" lat="26.8163919" lon="82.1223736"/>
 <node id="6114597988" visible="true" version="1" changeset="65146545" timestamp="2018-12-04T04:44:02Z" user="Tauntaun" uid="8076764" lat="26.7207833" lon="82.3017544"/>
 <node id="6114597989" visible="true" version="1" changeset="65146545" timestamp="2018-12-04T04:44:03Z" user="Tauntaun" uid="8076764" lat="26.7207019" lon="82.2998607"/>
 <node id="6114597990" visible="true" version="1" changeset="65146545" timestamp="2018-12-04T04:44:03Z" user="Tauntaun" uid="8076764" lat="26.7202083" lon="82.2987181"/>
 <node id="6114597991" visible="true" version="1" changeset="65146545" timestamp="2018-12-04T04:44:03Z" user="Tauntaun" uid="8076764" lat="26.7198298" lon="82.2983265"/>
 <node id="6114597992" visible="true" version="1" changeset="65146545" timestamp="2018-12-04T04:44:03Z" user="Tauntaun" uid="8076764" lat="26.7209007" lon="82.3032001"/>
 <node id="6114597993" visible="true" version="1" changeset="65146545" timestamp="2018-12-04T04:44:03Z" user="Tauntaun" uid="8076764" lat="26.7209630" lon="82.3033985"/>
 <node id="6114597994" visible="true" version="1" changeset="65146545" timestamp="2018-12-04T04:44:03Z" user="Tauntaun" uid="8076764" lat="26.7209630" lon="82.3035219"/>
 <node id="6114597995" visible="true" version="1" changeset="65146545" timestamp="2018-12-04T04:44:03Z" user="Tauntaun" uid="8076764" lat="26.7206587" lon="82.3033529"/>
 <node id="6114597996" visible="true" version="1" changeset="65146545" timestamp="2018-12-04T04:44:03Z" user="Tauntaun" uid="8076764" lat="26.7196573" lon="82.3020923"/>
 <node id="6114597997" visible="true" version="1" changeset="65146545" timestamp="2018-12-04T04:44:03Z" user="Tauntaun" uid="8076764" lat="26.7190631" lon="82.3004454"/>
 <node id="6114597998" visible="true" version="1" changeset="65146545" timestamp="2018-12-04T04:44:03Z" user="Tauntaun" uid="8076764" lat="26.7190009" lon="82.2997802"/>
 <node id="6114597999" visible="true" version="1" changeset="65146545" timestamp="2018-12-04T04:44:03Z" user="Tauntaun" uid="8076764" lat="26.7190631" lon="82.2983694"/>
 <node id="6114598000" visible="true" version="1" changeset="65146545" timestamp="2018-12-04T04:44:03Z" user="Tauntaun" uid="8076764" lat="26.7191494" lon="82.2982192"/>
 <node id="6114598001" visible="true" version="1" changeset="65146545" timestamp="2018-12-04T04:44:03Z" user="Tauntaun" uid="8076764" lat="26.7192979" lon="82.2981280"/>
 <node id="6114598002" visible="true" version="1" changeset="65146545" timestamp="2018-12-04T04:44:03Z" user="Tauntaun" uid="8076764" lat="26.7207881" lon="82.3003650"/>
 <node id="6114598003" visible="true" version="1" changeset="65146545" timestamp="2018-12-04T04:44:03Z" user="Tauntaun" uid="8076764" lat="26.7208169" lon="82.3026770"/>
 <node id="6114598004" visible="true" version="1" changeset="65146545" timestamp="2018-12-04T04:44:03Z" user="Tauntaun" uid="8076764" lat="26.7208839" lon="82.3035300"/>
 <node id="6114598005" visible="true" version="1" changeset="65146545" timestamp="2018-12-04T04:44:03Z" user="Tauntaun" uid="8076764" lat="26.7203665" lon="82.3028487"/>
 <node id="6114598006" visible="true" version="1" changeset="65146545" timestamp="2018-12-04T04:44:03Z" user="Tauntaun" uid="8076764" lat="26.7193698" lon="82.3015612"/>
 <node id="6114598007" visible="true" version="1" changeset="65146545" timestamp="2018-12-04T04:44:03Z" user="Tauntaun" uid="8076764" lat="26.7190248" lon="82.2986269"/>
 <node id="6114598008" visible="true" version="1" changeset="65146545" timestamp="2018-12-04T04:44:03Z" user="Tauntaun" uid="8076764" lat="26.7194513" lon="82.2981602"/>
 <node id="6114598009" visible="true" version="1" changeset="65146545" timestamp="2018-12-04T04:44:03Z" user="Tauntaun" uid="8076764" lat="26.7205581" lon="82.2993833"/>
 <node id="6114598058" visible="true" version="1" changeset="65146545" timestamp="2018-12-04T04:44:03Z" user="Tauntaun" uid="8076764" lat="26.7434115" lon="82.3140389"/>
 <node id="6114598059" visible="true" version="1" changeset="65146545" timestamp="2018-12-04T04:44:03Z" user="Tauntaun" uid="8076764" lat="26.7433205" lon="82.3145914"/>
 <node id="6114598060" visible="true" version="1" changeset="65146545" timestamp="2018-12-04T04:44:03Z" user="Tauntaun" uid="8076764" lat="26.7432247" lon="82.3151493"/>
 <node id="6114598061" visible="true" version="1" changeset="65146545" timestamp="2018-12-04T04:44:03Z" user="Tauntaun" uid="8076764" lat="26.7431720" lon="82.3156214"/>
 <node id="6114598062" visible="true" version="1" changeset="65146545" timestamp="2018-12-04T04:44:03Z" user="Tauntaun" uid="8076764" lat="26.7430953" lon="82.3156911"/>
 <node id="6114598063" visible="true" version="1" changeset="65146545" timestamp="2018-12-04T04:44:03Z" user="Tauntaun" uid="8076764" lat="26.7429756" lon="82.3155570"/>
 <node id="6114598064" visible="true" version="1" changeset="65146545" timestamp="2018-12-04T04:44:03Z" user="Tauntaun" uid="8076764" lat="26.7428367" lon="82.3149776"/>
 <node id="6114598065" visible="true" version="1" changeset="65146545" timestamp="2018-12-04T04:44:04Z" user="Tauntaun" uid="8076764" lat="26.7427408" lon="82.3142695"/>
 <node id="6114598066" visible="true" version="1" changeset="65146545" timestamp="2018-12-04T04:44:04Z" user="Tauntaun" uid="8076764" lat="26.7427025" lon="82.3131913"/>
 <node id="6114598067" visible="true" version="1" changeset="65146545" timestamp="2018-12-04T04:44:04Z" user="Tauntaun" uid="8076764" lat="26.7421420" lon="82.3106378"/>
 <node id="6114598068" visible="true" version="1" changeset="65146545" timestamp="2018-12-04T04:44:04Z" user="Tauntaun" uid="8076764" lat="26.7420318" lon="82.3093128"/>
 <node id="6114598069" visible="true" version="1" changeset="65146545" timestamp="2018-12-04T04:44:04Z" user="Tauntaun" uid="8076764" lat="26.7450116" lon="82.3023766"/>
 <node id="6114598070" visible="true" version="1" changeset="65146545" timestamp="2018-12-04T04:44:04Z" user="Tauntaun" uid="8076764" lat="26.7436894" lon="82.3041040"/>
 <node id="6114598071" visible="true" version="1" changeset="65146545" timestamp="2018-12-04T04:44:04Z" user="Tauntaun" uid="8076764" lat="26.7440822" lon="82.3037553"/>
 <node id="6114598072" visible="true" version="1" changeset="65146545" timestamp="2018-12-04T04:44:04Z" user="Tauntaun" uid="8076764" lat="26.7421181" lon="82.3082024"/>
 <node id="6114598073" visible="true" version="1" changeset="65146545" timestamp="2018-12-04T04:44:04Z" user="Tauntaun" uid="8076764" lat="26.7443122" lon="82.3114586"/>
 <node id="6114598074" visible="true" version="1" changeset="65146545" timestamp="2018-12-04T04:44:04Z" user="Tauntaun" uid="8076764" lat="26.7447912" lon="82.3108470"/>
 <node id="6114598075" visible="true" version="1" changeset="65146545" timestamp="2018-12-04T04:44:04Z" user="Tauntaun" uid="8076764" lat="26.7457014" lon="82.3102087"/>
 <node id="6114598076" visible="true" version="1" changeset="65146545" timestamp="2018-12-04T04:44:04Z" user="Tauntaun" uid="8076764" lat="26.7471385" lon="82.3097581"/>
 <node id="6114598077" visible="true" version="1" changeset="65146545" timestamp="2018-12-04T04:44:04Z" user="Tauntaun" uid="8076764" lat="26.7480535" lon="82.3094201"/>
 <node id="6114598078" visible="true" version="1" changeset="65146545" timestamp="2018-12-04T04:44:04Z" user="Tauntaun" uid="8076764" lat="26.7485709" lon="82.3090768"/>
 <node id="6114598079" visible="true" version="1" changeset="65146545" timestamp="2018-12-04T04:44:04Z" user="Tauntaun" uid="8076764" lat="26.7488679" lon="82.3083687"/>
 <node id="6114598080" visible="true" version="1" changeset="65146545" timestamp="2018-12-04T04:44:04Z" user="Tauntaun" uid="8076764" lat="26.7489924" lon="82.3070598"/>
 <node id="6114598081" visible="true" version="1" changeset="65146545" timestamp="2018-12-04T04:44:04Z" user="Tauntaun" uid="8076764" lat="26.7488343" lon="82.3058528"/>
 <node id="6114598082" visible="true" version="1" changeset="65146545" timestamp="2018-12-04T04:44:04Z" user="Tauntaun" uid="8076764" lat="26.7486140" lon="82.3051017"/>
 <node id="6114598083" visible="true" version="1" changeset="65146545" timestamp="2018-12-04T04:44:04Z" user="Tauntaun" uid="8076764" lat="26.7483361" lon="82.3046189"/>
 <node id="6114598084" visible="true" version="1" changeset="65146545" timestamp="2018-12-04T04:44:04Z" user="Tauntaun" uid="8076764" lat="26.7480918" lon="82.3044795"/>
 <node id="6114598385" visible="true" version="1" changeset="65146545" timestamp="2018-12-04T04:44:04Z" user="Tauntaun" uid="8076764" lat="26.7475984" lon="82.3040181"/>
 <node id="6114598386" visible="true" version="1" changeset="65146545" timestamp="2018-12-04T04:44:04Z" user="Tauntaun" uid="8076764" lat="26.7472344" lon="82.3032939"/>
 <node id="6114598387" visible="true" version="1" changeset="65146545" timestamp="2018-12-04T04:44:04Z" user="Tauntaun" uid="8076764" lat="26.7466882" lon="82.3017812"/>
 <node id="6114598388" visible="true" version="1" changeset="65146545" timestamp="2018-12-04T04:44:04Z" user="Tauntaun" uid="8076764" lat="26.7469805" lon="82.3026448"/>
 <node id="6114598389" visible="true" version="1" changeset="65146545" timestamp="2018-12-04T04:44:04Z" user="Tauntaun" uid="8076764" lat="26.7468799" lon="82.3020709"/>
 <node id="6114598390" visible="true" version="1" changeset="65146545" timestamp="2018-12-04T04:44:04Z" user="Tauntaun" uid="8076764" lat="26.7464679" lon="82.3016739"/>
 <node id="6114598391" visible="true" version="1" changeset="65146545" timestamp="2018-12-04T04:44:04Z" user="Tauntaun" uid="8076764" lat="26.7458882" lon="82.3017168"/>
 <node id="6114598392" visible="true" version="1" changeset="65146545" timestamp="2018-12-04T04:44:04Z" user="Tauntaun" uid="8076764" lat="26.7453613" lon="82.3020118"/>
 <node id="6114598393" visible="true" version="1" changeset="65146545" timestamp="2018-12-04T04:44:04Z" user="Tauntaun" uid="8076764" lat="26.7336335" lon="82.3290324"/>
 <node id="6114598394" visible="true" version="1" changeset="65146545" timestamp="2018-12-04T04:44:04Z" user="Tauntaun" uid="8076764" lat="26.7329053" lon="82.3227024"/>
 <node id="6114598395" visible="true" version="1" changeset="65146545" timestamp="2018-12-04T04:44:04Z" user="Tauntaun" uid="8076764" lat="26.7329053" lon="82.3198700"/>
 <node id="6114598396" visible="true" version="1" changeset="65146545" timestamp="2018-12-04T04:44:04Z" user="Tauntaun" uid="8076764" lat="26.7330586" lon="82.3178100"/>
 <node id="6114598397" visible="true" version="1" changeset="65146545" timestamp="2018-12-04T04:44:04Z" user="Tauntaun" uid="8076764" lat="26.7336527" lon="82.3155570"/>
 <node id="6114598398" visible="true" version="1" changeset="65146545" timestamp="2018-12-04T04:44:04Z" user="Tauntaun" uid="8076764" lat="26.7353966" lon="82.3115444"/>
 <node id="6114598399" visible="true" version="1" changeset="65146545" timestamp="2018-12-04T04:44:04Z" user="Tauntaun" uid="8076764" lat="26.7366997" lon="82.3095059"/>
 <node id="6114598400" visible="true" version="1" changeset="65146545" timestamp="2018-12-04T04:44:04Z" user="Tauntaun" uid="8076764" lat="26.7386735" lon="82.3066091"/>
 <node id="6114598401" visible="true" version="1" changeset="65146545" timestamp="2018-12-04T04:44:04Z" user="Tauntaun" uid="8076764" lat="26.7346109" lon="82.3316502"/>
 <node id="6114598402" visible="true" version="1" changeset="65146545" timestamp="2018-12-04T04:44:04Z" user="Tauntaun" uid="8076764" lat="26.7359907" lon="82.3340750"/>
 <node id="6114598403" visible="true" version="1" changeset="65146545" timestamp="2018-12-04T04:44:04Z" user="Tauntaun" uid="8076764" lat="26.7397084" lon="82.3357057"/>
 <node id="6114598404" visible="true" version="1" changeset="65146545" timestamp="2018-12-04T04:44:04Z" user="Tauntaun" uid="8076764" lat="26.7389035" lon="82.3360276"/>
 <node id="6114598405" visible="true" version="1" changeset="65146545" timestamp="2018-12-04T04:44:04Z" user="Tauntaun" uid="8076764" lat="26.7379453" lon="82.3358559"/>
 <node id="6114598406" visible="true" version="1" changeset="65146545" timestamp="2018-12-04T04:44:04Z" user="Tauntaun" uid="8076764" lat="26.7407048" lon="82.3346543"/>
 <node id="6114598407" visible="true" version="1" changeset="65146545" timestamp="2018-12-04T04:44:04Z" user="Tauntaun" uid="8076764" lat="26.7416534" lon="82.3335922"/>
 <node id="6114598408" visible="true" version="1" changeset="65146545" timestamp="2018-12-04T04:44:04Z" user="Tauntaun" uid="8076764" lat="26.7419121" lon="82.3330235"/>
 <node id="6114598409" visible="true" version="1" changeset="65146545" timestamp="2018-12-04T04:44:04Z" user="Tauntaun" uid="8076764" lat="26.7417109" lon="82.3312426"/>
 <node id="6114598410" visible="true" version="1" changeset="65146545" timestamp="2018-12-04T04:44:04Z" user="Tauntaun" uid="8076764" lat="26.7408198" lon="82.3298585"/>
 <node id="6114598411" visible="true" version="1" changeset="65146545" timestamp="2018-12-04T04:44:04Z" user="Tauntaun" uid="8076764" lat="26.7402928" lon="82.3283887"/>
 <node id="6114598412" visible="true" version="1" changeset="65146545" timestamp="2018-12-04T04:44:04Z" user="Tauntaun" uid="8076764" lat="26.7400245" lon="82.3273694"/>
 <node id="6114598413" visible="true" version="1" changeset="65146545" timestamp="2018-12-04T04:44:04Z" user="Tauntaun" uid="8076764" lat="26.7399000" lon="82.3260927"/>
 <node id="6114598414" visible="true" version="1" changeset="65146545" timestamp="2018-12-04T04:44:04Z" user="Tauntaun" uid="8076764" lat="26.7397275" lon="82.3253631"/>
 <node id="6114598415" visible="true" version="1" changeset="65146545" timestamp="2018-12-04T04:44:04Z" user="Tauntaun" uid="8076764" lat="26.7395263" lon="82.3248052"/>
 <node id="6114598416" visible="true" version="1" changeset="65146545" timestamp="2018-12-04T04:44:04Z" user="Tauntaun" uid="8076764" lat="26.7390472" lon="82.3237431"/>
 <node id="6114598417" visible="true" version="1" changeset="65146545" timestamp="2018-12-04T04:44:04Z" user="Tauntaun" uid="8076764" lat="26.7385681" lon="82.3219728"/>
 <node id="6114598418" visible="true" version="1" changeset="65146545" timestamp="2018-12-04T04:44:04Z" user="Tauntaun" uid="8076764" lat="26.7385777" lon="82.3189902"/>
 <node id="6114598419" visible="true" version="1" changeset="65146545" timestamp="2018-12-04T04:44:04Z" user="Tauntaun" uid="8076764" lat="26.7387119" lon="82.3167586"/>
 <node id="6114598420" visible="true" version="1" changeset="65146545" timestamp="2018-12-04T04:44:04Z" user="Tauntaun" uid="8076764" lat="26.7392197" lon="82.3145699"/>
 <node id="6114598421" visible="true" version="1" changeset="65146545" timestamp="2018-12-04T04:44:04Z" user="Tauntaun" uid="8076764" lat="26.7406665" lon="82.3093557"/>
 <node id="6114598422" visible="true" version="1" changeset="65146545" timestamp="2018-12-04T04:44:04Z" user="Tauntaun" uid="8076764" lat="26.7409443" lon="82.3081702"/>
 <node id="6114598423" visible="true" version="1" changeset="65146545" timestamp="2018-12-04T04:44:04Z" user="Tauntaun" uid="8076764" lat="26.7417396" lon="82.3062390"/>
 <node id="6114598424" visible="true" version="1" changeset="65146545" timestamp="2018-12-04T04:44:04Z" user="Tauntaun" uid="8076764" lat="26.7424438" lon="82.3051715"/>
 <node id="6114598425" visible="true" version="1" changeset="65146545" timestamp="2018-12-04T04:44:04Z" user="Tauntaun" uid="8076764" lat="26.7424295" lon="82.3042917"/>
 <node id="6114598426" visible="true" version="1" changeset="65146545" timestamp="2018-12-04T04:44:04Z" user="Tauntaun" uid="8076764" lat="26.7422522" lon="82.3040289"/>
 <node id="6114598427" visible="true" version="1" changeset="65146545" timestamp="2018-12-04T04:44:04Z" user="Tauntaun" uid="8076764" lat="26.7420175" lon="82.3038679"/>
 <node id="6114598428" visible="true" version="1" changeset="65146545" timestamp="2018-12-04T04:44:04Z" user="Tauntaun" uid="8076764" lat="26.7413755" lon="82.3069417"/>
 <node id="6114598429" visible="true" version="1" changeset="65146545" timestamp="2018-12-04T04:44:04Z" user="Tauntaun" uid="8076764" lat="26.7398904" lon="82.3115659"/>
 <node id="6114598430" visible="true" version="1" changeset="65146545" timestamp="2018-12-04T04:44:04Z" user="Tauntaun" uid="8076764" lat="26.7385202" lon="82.3209321"/>
 <node id="6114598431" visible="true" version="1" changeset="65146545" timestamp="2018-12-04T04:44:04Z" user="Tauntaun" uid="8076764" lat="26.7420462" lon="82.3324764"/>
 <node id="6114598432" visible="true" version="1" changeset="65146545" timestamp="2018-12-04T04:44:04Z" user="Tauntaun" uid="8076764" lat="26.7371405" lon="82.3354482"/>
 <node id="6114598433" visible="true" version="1" changeset="65146545" timestamp="2018-12-04T04:44:04Z" user="Tauntaun" uid="8076764" lat="26.7329245" lon="82.3262858"/>
 <node id="6114598434" visible="true" version="1" changeset="65146545" timestamp="2018-12-04T04:44:04Z" user="Tauntaun" uid="8076764" lat="26.7342851" lon="82.3134970"/>
 <node id="6114598435" visible="true" version="1" changeset="65146545" timestamp="2018-12-04T04:44:04Z" user="Tauntaun" uid="8076764" lat="26.7404749" lon="82.3048925"/>
 <node id="6114598436" visible="true" version="1" changeset="65146545" timestamp="2018-12-04T04:44:04Z" user="Tauntaun" uid="8076764" lat="26.7417827" lon="82.3039108"/>
 <node id="6114598437" visible="true" version="1" changeset="65146545" timestamp="2018-12-04T04:44:04Z" user="Tauntaun" uid="8076764" lat="26.7425253" lon="82.3046941"/>
 <node id="6114598438" visible="true" version="1" changeset="65146545" timestamp="2018-12-04T04:44:04Z" user="Tauntaun" uid="8076764" lat="26.7427265" lon="82.3055148"/>
 <node id="6114598439" visible="true" version="1" changeset="65146545" timestamp="2018-12-04T04:44:05Z" user="Tauntaun" uid="8076764" lat="26.7424582" lon="82.3062283"/>
 <node id="6114598440" visible="true" version="1" changeset="65146545" timestamp="2018-12-04T04:44:05Z" user="Tauntaun" uid="8076764" lat="26.7423336" lon="82.3117375"/>
 <node id="6114598441" visible="true" version="1" changeset="65146545" timestamp="2018-12-04T04:44:05Z" user="Tauntaun" uid="8076764" lat="26.7435313" lon="82.3136258"/>
 <node id="6114598442" visible="true" version="1" changeset="65146545" timestamp="2018-12-04T04:44:05Z" user="Tauntaun" uid="8076764" lat="26.7437804" lon="82.3125422"/>
 <node id="6114598443" visible="true" version="1" changeset="65146545" timestamp="2018-12-04T04:44:05Z" user="Tauntaun" uid="8076764" lat="26.7489541" lon="82.3077089"/>
 <node id="6114598444" visible="true" version="1" changeset="65146545" timestamp="2018-12-04T04:44:05Z" user="Tauntaun" uid="8076764" lat="26.7445948" lon="82.3031223"/>
 <node id="6114598445" visible="true" version="1" changeset="65146545" timestamp="2018-12-04T04:44:05Z" user="Tauntaun" uid="8076764" lat="26.7742540" lon="82.2851193"/>
 <node id="6114598446" visible="true" version="1" changeset="65146545" timestamp="2018-12-04T04:44:05Z" user="Tauntaun" uid="8076764" lat="26.7764474" lon="82.2842395"/>
 <node id="6114598447" visible="true" version="1" changeset="65146545" timestamp="2018-12-04T04:44:05Z" user="Tauntaun" uid="8076764" lat="26.7783439" lon="82.2838318"/>
 <node id="6114598448" visible="true" version="1" changeset="65146545" timestamp="2018-12-04T04:44:05Z" user="Tauntaun" uid="8076764" lat="26.7791006" lon="82.2834992"/>
 <node id="6114598450" visible="true" version="1" changeset="65146545" timestamp="2018-12-04T04:44:05Z" user="Tauntaun" uid="8076764" lat="26.7829797" lon="82.2814178"/>
 <node id="6114598451" visible="true" version="1" changeset="65146545" timestamp="2018-12-04T04:44:05Z" user="Tauntaun" uid="8076764" lat="26.7749723" lon="82.2847974"/>
 <node id="6114598452" visible="true" version="1" changeset="65146545" timestamp="2018-12-04T04:44:05Z" user="Tauntaun" uid="8076764" lat="26.7732674" lon="82.2853446"/>
 <node id="6114598453" visible="true" version="1" changeset="65146545" timestamp="2018-12-04T04:44:05Z" user="Tauntaun" uid="8076764" lat="26.7717443" lon="82.2855806"/>
 <node id="6117594995" visible="true" version="2" changeset="65184875" timestamp="2018-12-05T06:35:53Z" user="Tauntaun" uid="8076764" lat="26.8113338" lon="82.2075981"/>
 <node id="6117594996" visible="true" version="2" changeset="110184941" timestamp="2021-08-24T16:48:22Z" user="vineet@spad" uid="13969904" lat="26.8101038" lon="82.2024174"/>
 <node id="6117594997" visible="true" version="2" changeset="110184941" timestamp="2021-08-24T16:48:22Z" user="vineet@spad" uid="13969904" lat="26.8099902" lon="82.2020634"/>
 <node id="6117683177" visible="true" version="2" changeset="110184941" timestamp="2021-08-24T16:48:22Z" user="vineet@spad" uid="13969904" lat="26.8112937" lon="82.2064820"/>
 <node id="6117683178" visible="true" version="2" changeset="145804399" timestamp="2024-01-02T15:56:16Z" user="vineet@spad" uid="13969904" lat="26.8106080" lon="82.2127057"/>
 <node id="6117683179" visible="true" version="1" changeset="65184875" timestamp="2018-12-05T06:35:52Z" user="Tauntaun" uid="8076764" lat="26.8110345" lon="82.2093415"/>
 <node id="6117683180" visible="true" version="1" changeset="65184875" timestamp="2018-12-05T06:35:52Z" user="Tauntaun" uid="8076764" lat="26.8092678" lon="82.2174311"/>
 <node id="6117683181" visible="true" version="1" changeset="65184875" timestamp="2018-12-05T06:35:52Z" user="Tauntaun" uid="8076764" lat="26.8089327" lon="82.2180909"/>
 <node id="6117683182" visible="true" version="1" changeset="65184875" timestamp="2018-12-05T06:35:52Z" user="Tauntaun" uid="8076764" lat="26.8081954" lon="82.2196466"/>
 <node id="6117683183" visible="true" version="1" changeset="65184875" timestamp="2018-12-05T06:35:52Z" user="Tauntaun" uid="8076764" lat="26.8084874" lon="82.2190458"/>
 <node id="6117683184" visible="true" version="1" changeset="65184875" timestamp="2018-12-05T06:35:52Z" user="Tauntaun" uid="8076764" lat="26.8077405" lon="82.2202688"/>
 <node id="6117699785" visible="true" version="1" changeset="65184875" timestamp="2018-12-05T06:35:52Z" user="Tauntaun" uid="8076764" lat="26.8064765" lon="82.2212559"/>
 <node id="8173972220" visible="true" version="2" changeset="102684201" timestamp="2021-04-10T07:30:27Z" user="EarlOMeath" uid="11187534" lat="26.7797711" lon="82.2830916"/>
 <node id="8173972253" visible="true" version="2" changeset="102684201" timestamp="2021-04-10T07:30:27Z" user="EarlOMeath" uid="11187534" lat="26.7506211" lon="82.3343003"/>
 <node id="8174012091" visible="true" version="2" changeset="102684201" timestamp="2021-04-10T07:30:27Z" user="EarlOMeath" uid="11187534" lat="26.7568818" lon="82.2644663"/>
 <node id="8174012107" visible="true" version="1" changeset="94952077" timestamp="2020-11-28T16:42:45Z" user="mottiger" uid="7504544" lat="26.7294078" lon="82.3575175"/>
 <node id="8174012108" visible="true" version="1" changeset="94952077" timestamp="2020-11-28T16:42:45Z" user="mottiger" uid="7504544" lat="26.7297048" lon="82.3548245"/>
 <node id="8174012109" visible="true" version="1" changeset="94952077" timestamp="2020-11-28T16:42:45Z" user="mottiger" uid="7504544" lat="26.7301552" lon="82.3532796"/>
 <node id="8174012110" visible="true" version="1" changeset="94952077" timestamp="2020-11-28T16:42:45Z" user="mottiger" uid="7504544" lat="26.7307589" lon="82.3521101"/>
 <node id="8174012111" visible="true" version="1" changeset="94952077" timestamp="2020-11-28T16:42:45Z" user="mottiger" uid="7504544" lat="26.7308930" lon="82.3512518"/>
 <node id="8174012112" visible="true" version="1" changeset="94952077" timestamp="2020-11-28T16:42:45Z" user="mottiger" uid="7504544" lat="26.7308355" lon="82.3503077"/>
 <node id="8174012113" visible="true" version="1" changeset="94952077" timestamp="2020-11-28T16:42:45Z" user="mottiger" uid="7504544" lat="26.7301648" lon="82.3476577"/>
 <node id="8174012114" visible="true" version="1" changeset="94952077" timestamp="2020-11-28T16:42:45Z" user="mottiger" uid="7504544" lat="26.7302223" lon="82.3466062"/>
 <node id="8174012115" visible="true" version="1" changeset="94952077" timestamp="2020-11-28T16:42:45Z" user="mottiger" uid="7504544" lat="26.7303948" lon="82.3460591"/>
 <node id="8174012116" visible="true" version="1" changeset="94952077" timestamp="2020-11-28T16:42:45Z" user="mottiger" uid="7504544" lat="26.7306535" lon="82.3457265"/>
 <node id="8174039517" visible="true" version="1" changeset="94952077" timestamp="2020-11-28T16:42:45Z" user="mottiger" uid="7504544" lat="26.7303564" lon="82.3429584"/>
 <node id="8174039518" visible="true" version="1" changeset="94952077" timestamp="2020-11-28T16:42:45Z" user="mottiger" uid="7504544" lat="26.7308834" lon="82.3391712"/>
 <node id="8174039519" visible="true" version="1" changeset="94952077" timestamp="2020-11-28T16:42:45Z" user="mottiger" uid="7504544" lat="26.7291970" lon="82.3350084"/>
 <node id="8174039520" visible="true" version="1" changeset="94952077" timestamp="2020-11-28T16:42:45Z" user="mottiger" uid="7504544" lat="26.7267630" lon="82.3270905"/>
 <node id="8174039521" visible="true" version="1" changeset="94952077" timestamp="2020-11-28T16:42:45Z" user="mottiger" uid="7504544" lat="26.7265234" lon="82.3242581"/>
 <node id="8174039522" visible="true" version="1" changeset="94952077" timestamp="2020-11-28T16:42:45Z" user="mottiger" uid="7504544" lat="26.7266480" lon="82.3197091"/>
 <node id="8174039523" visible="true" version="1" changeset="94952077" timestamp="2020-11-28T16:42:45Z" user="mottiger" uid="7504544" lat="26.7265809" lon="82.3181641"/>
 <node id="8174039524" visible="true" version="1" changeset="94952077" timestamp="2020-11-28T16:42:45Z" user="mottiger" uid="7504544" lat="26.7263510" lon="82.3170268"/>
 <node id="8174039525" visible="true" version="1" changeset="94952077" timestamp="2020-11-28T16:42:45Z" user="mottiger" uid="7504544" lat="26.7255221" lon="82.3145324"/>
 <node id="8174039526" visible="true" version="1" changeset="94952077" timestamp="2020-11-28T16:42:45Z" user="mottiger" uid="7504544" lat="26.7253975" lon="82.3143017"/>
 <node id="8174039527" visible="true" version="1" changeset="94952077" timestamp="2020-11-28T16:42:45Z" user="mottiger" uid="7504544" lat="26.7246117" lon="82.3136419"/>
 <node id="8174039528" visible="true" version="1" changeset="94952077" timestamp="2020-11-28T16:42:45Z" user="mottiger" uid="7504544" lat="26.7228485" lon="82.3116732"/>
 <node id="8174039529" visible="true" version="1" changeset="94952077" timestamp="2020-11-28T16:42:45Z" user="mottiger" uid="7504544" lat="26.7219668" lon="82.3103428"/>
 <node id="8174039530" visible="true" version="1" changeset="94952077" timestamp="2020-11-28T16:42:45Z" user="mottiger" uid="7504544" lat="26.7214254" lon="82.3092753"/>
 <node id="8174039531" visible="true" version="1" changeset="94952077" timestamp="2020-11-28T16:42:45Z" user="mottiger" uid="7504544" lat="26.7213535" lon="82.3089051"/>
 <node id="8174039532" visible="true" version="1" changeset="94952077" timestamp="2020-11-28T16:42:45Z" user="mottiger" uid="7504544" lat="26.7208792" lon="82.3083311"/>
 <node id="8174039533" visible="true" version="1" changeset="94952077" timestamp="2020-11-28T16:42:45Z" user="mottiger" uid="7504544" lat="26.7198585" lon="82.3059440"/>
 <node id="8174039534" visible="true" version="1" changeset="94952077" timestamp="2020-11-28T16:42:45Z" user="mottiger" uid="7504544" lat="26.7184977" lon="82.3032778"/>
 <node id="8174039535" visible="true" version="1" changeset="94952077" timestamp="2020-11-28T16:42:45Z" user="mottiger" uid="7504544" lat="26.7181527" lon="82.3013413"/>
 <node id="8174039536" visible="true" version="1" changeset="94952077" timestamp="2020-11-28T16:42:45Z" user="mottiger" uid="7504544" lat="26.7180569" lon="82.2996193"/>
 <node id="8174039537" visible="true" version="1" changeset="94952077" timestamp="2020-11-28T16:42:45Z" user="mottiger" uid="7504544" lat="26.7177742" lon="82.2987449"/>
 <node id="8174039538" visible="true" version="1" changeset="94952077" timestamp="2020-11-28T16:42:45Z" user="mottiger" uid="7504544" lat="26.7174963" lon="82.2968647"/>
 <node id="8174039539" visible="true" version="2" changeset="106581000" timestamp="2021-06-18T10:04:16Z" user="VLD149" uid="10979429" lat="26.7169859" lon="82.2956083"/>
 <node id="8174039540" visible="true" version="2" changeset="106581000" timestamp="2021-06-18T10:04:16Z" user="VLD149" uid="10979429" lat="26.7168780" lon="82.2950681"/>
 <node id="8174039541" visible="true" version="1" changeset="94952077" timestamp="2020-11-28T16:42:45Z" user="mottiger" uid="7504544" lat="26.7163415" lon="82.2941154"/>
 <node id="8174039542" visible="true" version="1" changeset="94952077" timestamp="2020-11-28T16:42:45Z" user="mottiger" uid="7504544" lat="26.7161450" lon="82.2927636"/>
 <node id="8174039543" visible="true" version="1" changeset="94952077" timestamp="2020-11-28T16:42:45Z" user="mottiger" uid="7504544" lat="26.7161594" lon="82.2920018"/>
 <node id="8174039544" visible="true" version="1" changeset="94952077" timestamp="2020-11-28T16:42:45Z" user="mottiger" uid="7504544" lat="26.7165571" lon="82.2893518"/>
 <node id="8174039545" visible="true" version="1" changeset="94952077" timestamp="2020-11-28T16:42:45Z" user="mottiger" uid="7504544" lat="26.7172998" lon="82.2870237"/>
 <node id="8174039546" visible="true" version="1" changeset="94952077" timestamp="2020-11-28T16:42:45Z" user="mottiger" uid="7504544" lat="26.7179323" lon="82.2856128"/>
 <node id="8174039547" visible="true" version="1" changeset="94952077" timestamp="2020-11-28T16:42:45Z" user="mottiger" uid="7504544" lat="26.7195854" lon="82.2828609"/>
 <node id="8174039548" visible="true" version="1" changeset="94952077" timestamp="2020-11-28T16:42:45Z" user="mottiger" uid="7504544" lat="26.7205917" lon="82.2817719"/>
 <node id="8174039549" visible="true" version="1" changeset="94952077" timestamp="2020-11-28T16:42:45Z" user="mottiger" uid="7504544" lat="26.7222735" lon="82.2787651"/>
 <node id="8174039550" visible="true" version="1" changeset="94952077" timestamp="2020-11-28T16:42:45Z" user="mottiger" uid="7504544" lat="26.7222208" lon="82.2776279"/>
 <node id="8174039551" visible="true" version="1" changeset="94952077" timestamp="2020-11-28T16:42:45Z" user="mottiger" uid="7504544" lat="26.7223741" lon="82.2767347"/>
 <node id="8174039552" visible="true" version="1" changeset="94952077" timestamp="2020-11-28T16:42:45Z" user="mottiger" uid="7504544" lat="26.7227287" lon="82.2757933"/>
 <node id="8174039553" visible="true" version="1" changeset="94952077" timestamp="2020-11-28T16:42:45Z" user="mottiger" uid="7504544" lat="26.7234138" lon="82.2746345"/>
 <node id="8174039554" visible="true" version="1" changeset="94952077" timestamp="2020-11-28T16:42:45Z" user="mottiger" uid="7504544" lat="26.7249112" lon="82.2734222"/>
 <node id="8174039555" visible="true" version="1" changeset="94952077" timestamp="2020-11-28T16:42:45Z" user="mottiger" uid="7504544" lat="26.7267630" lon="82.2725290"/>
 <node id="8174039556" visible="true" version="1" changeset="94952077" timestamp="2020-11-28T16:42:45Z" user="mottiger" uid="7504544" lat="26.7359811" lon="82.2701740"/>
 <node id="8174039557" visible="true" version="1" changeset="94952077" timestamp="2020-11-28T16:42:45Z" user="mottiger" uid="7504544" lat="26.7367931" lon="82.2698173"/>
 <node id="8174039558" visible="true" version="1" changeset="94952077" timestamp="2020-11-28T16:42:45Z" user="mottiger" uid="7504544" lat="26.7376315" lon="82.2696617"/>
 <node id="8174039559" visible="true" version="1" changeset="94952077" timestamp="2020-11-28T16:42:45Z" user="mottiger" uid="7504544" lat="26.7381298" lon="82.2694391"/>
 <node id="8174039560" visible="true" version="1" changeset="94952077" timestamp="2020-11-28T16:42:45Z" user="mottiger" uid="7504544" lat="26.7401539" lon="82.2692674"/>
 <node id="8174039561" visible="true" version="1" changeset="94952077" timestamp="2020-11-28T16:42:45Z" user="mottiger" uid="7504544" lat="26.7405994" lon="82.2695839"/>
 <node id="8174039562" visible="true" version="1" changeset="94952077" timestamp="2020-11-28T16:42:45Z" user="mottiger" uid="7504544" lat="26.7434594" lon="82.2695625"/>
 <node id="8174039563" visible="true" version="1" changeset="94952077" timestamp="2020-11-28T16:42:45Z" user="mottiger" uid="7504544" lat="26.7449397" lon="82.2697502"/>
 <node id="8174039564" visible="true" version="1" changeset="94952077" timestamp="2020-11-28T16:42:45Z" user="mottiger" uid="7504544" lat="26.7459840" lon="82.2697020"/>
 <node id="8174039565" visible="true" version="1" changeset="94952077" timestamp="2020-11-28T16:42:45Z" user="mottiger" uid="7504544" lat="26.7467457" lon="82.2694820"/>
 <node id="8174039566" visible="true" version="1" changeset="94952077" timestamp="2020-11-28T16:42:45Z" user="mottiger" uid="7504544" lat="26.7476128" lon="82.2694069"/>
 <node id="8174039567" visible="true" version="1" changeset="94952077" timestamp="2020-11-28T16:42:45Z" user="mottiger" uid="7504544" lat="26.7486236" lon="82.2687095"/>
 <node id="8174039568" visible="true" version="1" changeset="94952077" timestamp="2020-11-28T16:42:45Z" user="mottiger" uid="7504544" lat="26.7494236" lon="82.2684091"/>
 <node id="8174039569" visible="true" version="1" changeset="94952077" timestamp="2020-11-28T16:42:45Z" user="mottiger" uid="7504544" lat="26.7515433" lon="82.2680765"/>
 <node id="8174039570" visible="true" version="1" changeset="94952077" timestamp="2020-11-28T16:42:45Z" user="mottiger" uid="7504544" lat="26.7520534" lon="82.2678190"/>
 <node id="8174039571" visible="true" version="1" changeset="94952077" timestamp="2020-11-28T16:42:45Z" user="mottiger" uid="7504544" lat="26.7522786" lon="82.2674033"/>
 <node id="8174039572" visible="true" version="1" changeset="94952077" timestamp="2020-11-28T16:42:45Z" user="mottiger" uid="7504544" lat="26.7531815" lon="82.2667408"/>
 <node id="8174039573" visible="true" version="1" changeset="94952077" timestamp="2020-11-28T16:42:45Z" user="mottiger" uid="7504544" lat="26.7532725" lon="82.2665235"/>
 <node id="8174039574" visible="true" version="1" changeset="94952077" timestamp="2020-11-28T16:42:45Z" user="mottiger" uid="7504544" lat="26.7538857" lon="82.2661373"/>
 <node id="8174039575" visible="true" version="1" changeset="94952077" timestamp="2020-11-28T16:42:45Z" user="mottiger" uid="7504544" lat="26.7541731" lon="82.2660971"/>
 <node id="8174039576" visible="true" version="1" changeset="94952077" timestamp="2020-11-28T16:42:45Z" user="mottiger" uid="7504544" lat="26.7541324" lon="82.2655901"/>
 <node id="8174039577" visible="true" version="1" changeset="94952077" timestamp="2020-11-28T16:42:45Z" user="mottiger" uid="7504544" lat="26.7544246" lon="82.2651476"/>
 <node id="8174039578" visible="true" version="1" changeset="94952077" timestamp="2020-11-28T16:42:45Z" user="mottiger" uid="7504544" lat="26.7549946" lon="82.2645843"/>
 <node id="8174039579" visible="true" version="1" changeset="94952077" timestamp="2020-11-28T16:42:45Z" user="mottiger" uid="7504544" lat="26.7556652" lon="82.2644985"/>
 <node id="8174039581" visible="true" version="1" changeset="94952077" timestamp="2020-11-28T16:42:45Z" user="mottiger" uid="7504544" lat="26.7585823" lon="82.2640264"/>
 <node id="8174039582" visible="true" version="1" changeset="94952077" timestamp="2020-11-28T16:42:45Z" user="mottiger" uid="7504544" lat="26.7602588" lon="82.2639513"/>
 <node id="8174039583" visible="true" version="1" changeset="94952077" timestamp="2020-11-28T16:42:45Z" user="mottiger" uid="7504544" lat="26.7615425" lon="82.2633827"/>
 <node id="8174039584" visible="true" version="1" changeset="94952077" timestamp="2020-11-28T16:42:45Z" user="mottiger" uid="7504544" lat="26.7646462" lon="82.2627067"/>
 <node id="8174039585" visible="true" version="1" changeset="94952077" timestamp="2020-11-28T16:42:45Z" user="mottiger" uid="7504544" lat="26.7661406" lon="82.2613227"/>
 <node id="8174039586" visible="true" version="1" changeset="94952077" timestamp="2020-11-28T16:42:45Z" user="mottiger" uid="7504544" lat="26.7679702" lon="82.2598582"/>
 <node id="8174039587" visible="true" version="1" changeset="94952077" timestamp="2020-11-28T16:42:45Z" user="mottiger" uid="7504544" lat="26.7705182" lon="82.2583133"/>
 <node id="8174039588" visible="true" version="1" changeset="94952077" timestamp="2020-11-28T16:42:45Z" user="mottiger" uid="7504544" lat="26.7713516" lon="82.2580236"/>
 <node id="8174039589" visible="true" version="1" changeset="94952077" timestamp="2020-11-28T16:42:45Z" user="mottiger" uid="7504544" lat="26.7728746" lon="82.2580665"/>
 <node id="8174039590" visible="true" version="1" changeset="94952077" timestamp="2020-11-28T16:42:45Z" user="mottiger" uid="7504544" lat="26.7742252" lon="82.2585010"/>
 <node id="8174039591" visible="true" version="1" changeset="94952077" timestamp="2020-11-28T16:42:45Z" user="mottiger" uid="7504544" lat="26.7748143" lon="82.2585064"/>
 <node id="8174039592" visible="true" version="1" changeset="94952077" timestamp="2020-11-28T16:42:45Z" user="mottiger" uid="7504544" lat="26.7752262" lon="82.2583562"/>
 <node id="8174039593" visible="true" version="1" changeset="94952077" timestamp="2020-11-28T16:42:45Z" user="mottiger" uid="7504544" lat="26.7764666" lon="82.2584367"/>
 <node id="8174039594" visible="true" version="1" changeset="94952077" timestamp="2020-11-28T16:42:45Z" user="mottiger" uid="7504544" lat="26.7775010" lon="82.2591770"/>
 <node id="8174039595" visible="true" version="1" changeset="94952077" timestamp="2020-11-28T16:42:45Z" user="mottiger" uid="7504544" lat="26.7790527" lon="82.2606897"/>
 <node id="8174039596" visible="true" version="1" changeset="94952077" timestamp="2020-11-28T16:42:45Z" user="mottiger" uid="7504544" lat="26.7804990" lon="82.2613764"/>
 <node id="8174039597" visible="true" version="1" changeset="94952077" timestamp="2020-11-28T16:42:45Z" user="mottiger" uid="7504544" lat="26.7855082" lon="82.2615480"/>
 <node id="8174039598" visible="true" version="1" changeset="94952077" timestamp="2020-11-28T16:42:45Z" user="mottiger" uid="7504544" lat="26.7856615" lon="82.2611940"/>
 <node id="8174039599" visible="true" version="1" changeset="94952077" timestamp="2020-11-28T16:42:45Z" user="mottiger" uid="7504544" lat="26.7856615" lon="82.2605181"/>
 <node id="8174039600" visible="true" version="1" changeset="94952077" timestamp="2020-11-28T16:42:45Z" user="mottiger" uid="7504544" lat="26.7851155" lon="82.2580397"/>
 <node id="8174039601" visible="true" version="1" changeset="94952077" timestamp="2020-11-28T16:42:45Z" user="mottiger" uid="7504544" lat="26.7851156" lon="82.2506046"/>
 <node id="8174039602" visible="true" version="1" changeset="94952077" timestamp="2020-11-28T16:42:45Z" user="mottiger" uid="7504544" lat="26.7855370" lon="82.2495532"/>
 <node id="8174039603" visible="true" version="1" changeset="94952077" timestamp="2020-11-28T16:42:45Z" user="mottiger" uid="7504544" lat="26.7869928" lon="82.2474932"/>
 <node id="8174039604" visible="true" version="1" changeset="94952077" timestamp="2020-11-28T16:42:45Z" user="mottiger" uid="7504544" lat="26.7875866" lon="82.2468710"/>
 <node id="8174039605" visible="true" version="1" changeset="94952077" timestamp="2020-11-28T16:42:45Z" user="mottiger" uid="7504544" lat="26.7881421" lon="82.2442317"/>
 <node id="8174039606" visible="true" version="1" changeset="94952077" timestamp="2020-11-28T16:42:45Z" user="mottiger" uid="7504544" lat="26.7890040" lon="82.2422147"/>
 <node id="8174039607" visible="true" version="1" changeset="94952077" timestamp="2020-11-28T16:42:45Z" user="mottiger" uid="7504544" lat="26.7892147" lon="82.2411847"/>
 <node id="8174039608" visible="true" version="1" changeset="94952077" timestamp="2020-11-28T16:42:45Z" user="mottiger" uid="7504544" lat="26.7895978" lon="82.2402191"/>
 <node id="8174039609" visible="true" version="1" changeset="94952077" timestamp="2020-11-28T16:42:45Z" user="mottiger" uid="7504544" lat="26.7900575" lon="82.2396397"/>
 <node id="8174039610" visible="true" version="1" changeset="94952077" timestamp="2020-11-28T16:42:45Z" user="mottiger" uid="7504544" lat="26.7908429" lon="82.2389531"/>
 <node id="8174039611" visible="true" version="1" changeset="94952077" timestamp="2020-11-28T16:42:45Z" user="mottiger" uid="7504544" lat="26.7920687" lon="82.2370863"/>
 <node id="8174039612" visible="true" version="1" changeset="94952077" timestamp="2020-11-28T16:42:45Z" user="mottiger" uid="7504544" lat="26.7923560" lon="82.2362494"/>
 <node id="8174039613" visible="true" version="1" changeset="94952077" timestamp="2020-11-28T16:42:45Z" user="mottiger" uid="7504544" lat="26.7931414" lon="82.2349190"/>
 <node id="8174039614" visible="true" version="1" changeset="94952077" timestamp="2020-11-28T16:42:45Z" user="mottiger" uid="7504544" lat="26.7950184" lon="82.2310567"/>
 <node id="8174039615" visible="true" version="1" changeset="94952077" timestamp="2020-11-28T16:42:45Z" user="mottiger" uid="7504544" lat="26.7973935" lon="82.2279882"/>
 <node id="8174039616" visible="true" version="1" changeset="94952077" timestamp="2020-11-28T16:42:45Z" user="mottiger" uid="7504544" lat="26.7982553" lon="82.2265935"/>
 <node id="8174039617" visible="true" version="1" changeset="94952077" timestamp="2020-11-28T16:42:45Z" user="mottiger" uid="7504544" lat="26.8002664" lon="82.2247696"/>
 <node id="8174039618" visible="true" version="1" changeset="94952077" timestamp="2020-11-28T16:42:45Z" user="mottiger" uid="7504544" lat="26.8015496" lon="82.2234177"/>
 <node id="8179951480" visible="true" version="1" changeset="95053688" timestamp="2020-11-30T15:28:22Z" user="mottiger" uid="7504544" lat="26.7956122" lon="82.1164298"/>
 <node id="8179951481" visible="true" version="1" changeset="95053688" timestamp="2020-11-30T15:28:22Z" user="mottiger" uid="7504544" lat="26.7932754" lon="82.1159148"/>
 <node id="8179951482" visible="true" version="1" changeset="95053688" timestamp="2020-11-30T15:28:22Z" user="mottiger" uid="7504544" lat="26.7916856" lon="82.1144342"/>
 <node id="8179951483" visible="true" version="1" changeset="95053688" timestamp="2020-11-30T15:28:22Z" user="mottiger" uid="7504544" lat="26.7905364" lon="82.1129536"/>
 <node id="8179951484" visible="true" version="1" changeset="95053688" timestamp="2020-11-30T15:28:22Z" user="mottiger" uid="7504544" lat="26.7898277" lon="82.1111297"/>
 <node id="8179951485" visible="true" version="1" changeset="95053688" timestamp="2020-11-30T15:28:22Z" user="mottiger" uid="7504544" lat="26.7895020" lon="82.1097779"/>
 <node id="8179951486" visible="true" version="1" changeset="95053688" timestamp="2020-11-30T15:28:22Z" user="mottiger" uid="7504544" lat="26.7888891" lon="82.1056580"/>
 <node id="8179951487" visible="true" version="1" changeset="95053688" timestamp="2020-11-30T15:28:22Z" user="mottiger" uid="7504544" lat="26.7889274" lon="82.1009159"/>
 <node id="8179951488" visible="true" version="1" changeset="95053688" timestamp="2020-11-30T15:28:22Z" user="mottiger" uid="7504544" lat="26.7884677" lon="82.0976758"/>
 <node id="8179951489" visible="true" version="1" changeset="95053688" timestamp="2020-11-30T15:28:22Z" user="mottiger" uid="7504544" lat="26.7872418" lon="82.0948005"/>
 <node id="8179951490" visible="true" version="1" changeset="95053688" timestamp="2020-11-30T15:28:22Z" user="mottiger" uid="7504544" lat="26.7859201" lon="82.0931911"/>
 <node id="8180665172" visible="true" version="1" changeset="95065897" timestamp="2020-11-30T19:48:46Z" user="mottiger" uid="7504544" lat="26.7763085" lon="82.0757729"/>
 <node id="8180665173" visible="true" version="1" changeset="95065897" timestamp="2020-11-30T19:48:46Z" user="mottiger" uid="7504544" lat="26.7763900" lon="82.0776665"/>
 <node id="8180665174" visible="true" version="1" changeset="95065897" timestamp="2020-11-30T19:48:46Z" user="mottiger" uid="7504544" lat="26.7766103" lon="82.0801020"/>
 <node id="8180665175" visible="true" version="1" changeset="95065897" timestamp="2020-11-30T19:48:46Z" user="mottiger" uid="7504544" lat="26.7768066" lon="82.0811212"/>
 <node id="8180665176" visible="true" version="1" changeset="95065897" timestamp="2020-11-30T19:48:46Z" user="mottiger" uid="7504544" lat="26.7768880" lon="82.0813626"/>
 <node id="8180665177" visible="true" version="1" changeset="95065897" timestamp="2020-11-30T19:48:46Z" user="mottiger" uid="7504544" lat="26.7772376" lon="82.0821029"/>
 <node id="8180665178" visible="true" version="1" changeset="95065897" timestamp="2020-11-30T19:48:46Z" user="mottiger" uid="7504544" lat="26.7772520" lon="82.0821351"/>
 <node id="8180665179" visible="true" version="1" changeset="95065897" timestamp="2020-11-30T19:48:46Z" user="mottiger" uid="7504544" lat="26.7775968" lon="82.0826286"/>
 <node id="8180665180" visible="true" version="1" changeset="95065897" timestamp="2020-11-30T19:48:46Z" user="mottiger" uid="7504544" lat="26.7781859" lon="82.0831007"/>
 <node id="8180665181" visible="true" version="1" changeset="95065897" timestamp="2020-11-30T19:48:46Z" user="mottiger" uid="7504544" lat="26.7787510" lon="82.0834440"/>
 <node id="8180665186" visible="true" version="1" changeset="95065897" timestamp="2020-11-30T19:48:46Z" user="mottiger" uid="7504544" lat="26.7818447" lon="82.0850426"/>
 <node id="8180679392" visible="true" version="2" changeset="102684201" timestamp="2021-04-10T07:30:27Z" user="EarlOMeath" uid="11187534" lat="26.7829570" lon="82.0162646"/>
 <node id="8180708143" visible="true" version="1" changeset="95066436" timestamp="2020-11-30T20:05:10Z" user="mottiger" uid="7504544" lat="26.7830804" lon="82.0175292"/>
 <node id="8180708200" visible="true" version="1" changeset="95066436" timestamp="2020-11-30T20:05:10Z" user="mottiger" uid="7504544" lat="26.7800105" lon="82.0447826"/>
 <node id="8180708201" visible="true" version="1" changeset="95066436" timestamp="2020-11-30T20:05:10Z" user="mottiger" uid="7504544" lat="26.7805278" lon="82.0426905"/>
 <node id="8180708202" visible="true" version="1" changeset="95066436" timestamp="2020-11-30T20:05:10Z" user="mottiger" uid="7504544" lat="26.7809109" lon="82.0414674"/>
 <node id="8180708203" visible="true" version="1" changeset="95066436" timestamp="2020-11-30T20:05:10Z" user="mottiger" uid="7504544" lat="26.7814377" lon="82.0400298"/>
 <node id="8180708204" visible="true" version="1" changeset="95066436" timestamp="2020-11-30T20:05:10Z" user="mottiger" uid="7504544" lat="26.7816484" lon="82.0386994"/>
 <node id="8180708205" visible="true" version="1" changeset="95066436" timestamp="2020-11-30T20:05:10Z" user="mottiger" uid="7504544" lat="26.7816771" lon="82.0379591"/>
 <node id="8180708206" visible="true" version="1" changeset="95066436" timestamp="2020-11-30T20:05:10Z" user="mottiger" uid="7504544" lat="26.7817729" lon="82.0372403"/>
 <node id="8180708207" visible="true" version="1" changeset="95066436" timestamp="2020-11-30T20:05:10Z" user="mottiger" uid="7504544" lat="26.7827498" lon="82.0343435"/>
 <node id="8180708208" visible="true" version="1" changeset="95066436" timestamp="2020-11-30T20:05:10Z" user="mottiger" uid="7504544" lat="26.7834203" lon="82.0308137"/>
 <node id="8180708209" visible="true" version="1" changeset="95066436" timestamp="2020-11-30T20:05:10Z" user="mottiger" uid="7504544" lat="26.7837172" lon="82.0283997"/>
 <node id="8180708210" visible="true" version="1" changeset="95066436" timestamp="2020-11-30T20:05:10Z" user="mottiger" uid="7504544" lat="26.7837842" lon="82.0253527"/>
 <node id="8180708211" visible="true" version="1" changeset="95066436" timestamp="2020-11-30T20:05:10Z" user="mottiger" uid="7504544" lat="26.7837364" lon="82.0218873"/>
 <node id="8180708212" visible="true" version="1" changeset="95066436" timestamp="2020-11-30T20:05:10Z" user="mottiger" uid="7504544" lat="26.7834969" lon="82.0200205"/>
 <node id="8180708213" visible="true" version="1" changeset="95066436" timestamp="2020-11-30T20:05:10Z" user="mottiger" uid="7504544" lat="26.7831521" lon="82.0181215"/>
 <node id="8180708214" visible="true" version="1" changeset="95066436" timestamp="2020-11-30T20:05:10Z" user="mottiger" uid="7504544" lat="26.7828073" lon="82.0147312"/>
 <node id="8180708215" visible="true" version="1" changeset="95066436" timestamp="2020-11-30T20:05:10Z" user="mottiger" uid="7504544" lat="26.7828456" lon="82.0141840"/>
 <node id="8180708216" visible="true" version="1" changeset="95066436" timestamp="2020-11-30T20:05:10Z" user="mottiger" uid="7504544" lat="26.7828839" lon="82.0140016"/>
 <node id="8180708291" visible="true" version="2" changeset="102684201" timestamp="2021-04-10T07:30:27Z" user="EarlOMeath" uid="11187534" lat="26.7890615" lon="82.1035284"/>
 <node id="8180708294" visible="true" version="1" changeset="95066436" timestamp="2020-11-30T20:05:10Z" user="mottiger" uid="7504544" lat="26.7889513" lon="82.1077233"/>
 <node id="8180708295" visible="true" version="1" changeset="95066436" timestamp="2020-11-30T20:05:10Z" user="mottiger" uid="7504544" lat="26.7889082" lon="82.1067202"/>
 <node id="8180708296" visible="true" version="1" changeset="95066436" timestamp="2020-11-30T20:05:10Z" user="mottiger" uid="7504544" lat="26.7890423" lon="82.1045208"/>
 <node id="8180708297" visible="true" version="1" changeset="95066436" timestamp="2020-11-30T20:05:10Z" user="mottiger" uid="7504544" lat="26.7889992" lon="82.1040970"/>
 <node id="8180708298" visible="true" version="1" changeset="95066436" timestamp="2020-11-30T20:05:10Z" user="mottiger" uid="7504544" lat="26.7890423" lon="82.1032441"/>
 <node id="8180708299" visible="true" version="1" changeset="95066436" timestamp="2020-11-30T20:05:10Z" user="mottiger" uid="7504544" lat="26.7890088" lon="82.1029544"/>
 <node id="8180708300" visible="true" version="1" changeset="95066436" timestamp="2020-11-30T20:05:10Z" user="mottiger" uid="7504544" lat="26.7889705" lon="82.1025199"/>
 <node id="8852685486" visible="true" version="1" changeset="106710991" timestamp="2021-06-21T11:11:02Z" user="VLD258" uid="10979442" lat="26.8378148" lon="82.1529662"/>
 <node id="9032760496" visible="true" version="1" changeset="110184941" timestamp="2021-08-24T16:48:22Z" user="vineet@spad" uid="13969904" lat="26.8195607" lon="82.1923924"/>
 <node id="9032760497" visible="true" version="1" changeset="110184941" timestamp="2021-08-24T16:48:22Z" user="vineet@spad" uid="13969904" lat="26.8163830" lon="82.1842491"/>
 <node id="9032760498" visible="true" version="1" changeset="110184941" timestamp="2021-08-24T16:48:22Z" user="vineet@spad" uid="13969904" lat="26.8159808" lon="82.1839487"/>
 <node id="9032760499" visible="true" version="1" changeset="110184941" timestamp="2021-08-24T16:48:22Z" user="vineet@spad" uid="13969904" lat="26.8158755" lon="82.1815347"/>
 <node id="9032760500" visible="true" version="1" changeset="110184941" timestamp="2021-08-24T16:48:22Z" user="vineet@spad" uid="13969904" lat="26.8155787" lon="82.1764492"/>
 <node id="9032760501" visible="true" version="1" changeset="110184941" timestamp="2021-08-24T16:48:22Z" user="vineet@spad" uid="13969904" lat="26.8158755" lon="82.1741532"/>
 <node id="9032760502" visible="true" version="1" changeset="110184941" timestamp="2021-08-24T16:48:22Z" user="vineet@spad" uid="13969904" lat="26.8181926" lon="82.1717285"/>
 <node id="9032760503" visible="true" version="1" changeset="110184941" timestamp="2021-08-24T16:48:22Z" user="vineet@spad" uid="13969904" lat="26.8190448" lon="82.1713637"/>
 <node id="9032760504" visible="true" version="1" changeset="110184941" timestamp="2021-08-24T16:48:22Z" user="vineet@spad" uid="13969904" lat="26.8214864" lon="82.1724688"/>
 <node id="9032760505" visible="true" version="1" changeset="110184941" timestamp="2021-08-24T16:48:22Z" user="vineet@spad" uid="13969904" lat="26.8218885" lon="82.1738957"/>
 <node id="9032760506" visible="true" version="1" changeset="110184941" timestamp="2021-08-24T16:48:22Z" user="vineet@spad" uid="13969904" lat="26.8222715" lon="82.1754300"/>
 <node id="9032760507" visible="true" version="1" changeset="110184941" timestamp="2021-08-24T16:48:22Z" user="vineet@spad" uid="13969904" lat="26.8219555" lon="82.1765994"/>
 <node id="9032760508" visible="true" version="1" changeset="110184941" timestamp="2021-08-24T16:48:22Z" user="vineet@spad" uid="13969904" lat="26.8210746" lon="82.1774470"/>
 <node id="9032760509" visible="true" version="1" changeset="110184941" timestamp="2021-08-24T16:48:22Z" user="vineet@spad" uid="13969904" lat="26.8209607" lon="82.1765547"/>
 <node id="9032760510" visible="true" version="1" changeset="110184941" timestamp="2021-08-24T16:48:22Z" user="vineet@spad" uid="13969904" lat="26.8187680" lon="82.1795373"/>
 <node id="9032760511" visible="true" version="1" changeset="110184941" timestamp="2021-08-24T16:48:22Z" user="vineet@spad" uid="13969904" lat="26.8177244" lon="82.1811789"/>
 <node id="9032760512" visible="true" version="1" changeset="110184941" timestamp="2021-08-24T16:48:22Z" user="vineet@spad" uid="13969904" lat="26.8167956" lon="82.1829277"/>
 <node id="9032760513" visible="true" version="1" changeset="110184941" timestamp="2021-08-24T16:48:22Z" user="vineet@spad" uid="13969904" lat="26.8163456" lon="82.1838074"/>
 <node id="9032760514" visible="true" version="1" changeset="110184941" timestamp="2021-08-24T16:48:22Z" user="vineet@spad" uid="13969904" lat="26.8164413" lon="82.1841829"/>
 <node id="13417251680" visible="true" version="1" changeset="176607661" timestamp="2025-12-30T03:30:54Z" user="Ketanlaxmansurwase" uid="23614258" lat="26.7981910" lon="82.1164242"/>
 <node id="13417251683" visible="true" version="1" changeset="176607661" timestamp="2025-12-30T03:30:54Z" user="Ketanlaxmansurwase" uid="23614258" lat="26.7981951" lon="82.1164257"/>
 <way id="82863030" visible="true" version="24" changeset="176607661" timestamp="2025-12-30T03:30:54Z" user="Ketanlaxmansurwase" uid="23614258">
  <nd ref="6056949115"/>
  <nd ref="6056948608"/>
  <nd ref="6056949114"/>
  <nd ref="6059189365"/>
  <nd ref="6059189366"/>
  <nd ref="6056949113"/>
  <nd ref="6056949112"/>
  <nd ref="6059189364"/>
  <nd ref="6059189363"/>
  <nd ref="6056949111"/>
  <nd ref="6056949109"/>
  <nd ref="6056949110"/>
  <nd ref="6056949108"/>
  <nd ref="6056949107"/>
  <nd ref="6056949106"/>
  <nd ref="6056949105"/>
  <nd ref="6056949104"/>
  <nd ref="6056949103"/>
  <nd ref="6056949102"/>
  <nd ref="964256446"/>
  <nd ref="6056949101"/>
  <nd ref="6114472393"/>
  <nd ref="6056949100"/>
  <nd ref="6114472392"/>
  <nd ref="6114472391"/>
  <nd ref="6114472390"/>
  <nd ref="6114472389"/>
  <nd ref="6114472388"/>
  <nd ref="6114470184"/>
  <nd ref="6114472387"/>
  <nd ref="6114470183"/>
  <nd ref="6114472424"/>
  <nd ref="6114472423"/>
  <nd ref="6114472386"/>
  <nd ref="6114472422"/>
  <nd ref="6114472385"/>
  <nd ref="6114472421"/>
  <nd ref="6114472420"/>
  <nd ref="6114472419"/>
  <nd ref="6114472418"/>
  <nd ref="6114472417"/>
  <nd ref="6114472416"/>
  <nd ref="6114472415"/>
  <nd ref="6114472414"/>
  <nd ref="6114472413"/>
  <nd ref="6114472412"/>
  <nd ref="6114472411"/>
  <nd ref="6114472410"/>
  <nd ref="6114472409"/>
  <nd ref="6114472408"/>
  <nd ref="6114472406"/>
  <nd ref="6114472407"/>
  <nd ref="6114472405"/>
  <nd ref="6114472404"/>
  <nd ref="6114472403"/>
  <nd ref="6114472402"/>
  <nd ref="6114472401"/>
  <nd ref="6114472400"/>
  <nd ref="6114472399"/>
  <nd ref="6114472398"/>
  <nd ref="8173972253"/>
  <nd ref="6114472396"/>
  <nd ref="6056948628"/>
  <nd ref="6056948629"/>
  <nd ref="6056948630"/>
  <nd ref="6114472395"/>
  <nd ref="6056949732"/>
  <nd ref="6056949731"/>
  <nd ref="6056949730"/>
  <nd ref="6056949729"/>
  <nd ref="6056949728"/>
  <nd ref="6056949727"/>
  <nd ref="6114472394"/>
  <nd ref="6056949726"/>
  <nd ref="6056949725"/>
  <nd ref="6056949724"/>
  <nd ref="6056949723"/>
  <nd ref="6056949722"/>
  <nd ref="6056949733"/>
  <nd ref="6056949734"/>
  <nd ref="6056949735"/>
  <nd ref="6056949736"/>
  <nd ref="6056949737"/>
  <nd ref="6056949738"/>
  <nd ref="6056949742"/>
  <nd ref="6056949743"/>
  <nd ref="6056949744"/>
  <nd ref="6056949740"/>
  <nd ref="6056949739"/>
  <nd ref="6056949741"/>
  <nd ref="6056949327"/>
  <nd ref="6056949328"/>
  <nd ref="6056949329"/>
  <nd ref="6056949330"/>
  <nd ref="6056949331"/>
  <nd ref="6056949332"/>
  <nd ref="6056949333"/>
  <nd ref="6056949334"/>
  <nd ref="6056949335"/>
  <nd ref="6056949336"/>
  <nd ref="6056949337"/>
  <nd ref="6056949338"/>
  <nd ref="245751924"/>
  <nd ref="6056948811"/>
  <nd ref="245751898"/>
  <nd ref="8174012107"/>
  <nd ref="8174012108"/>
  <nd ref="8174012109"/>
  <nd ref="8174012110"/>
  <nd ref="8174012111"/>
  <nd ref="8174012112"/>
  <nd ref="8174012113"/>
  <nd ref="8174012114"/>
  <nd ref="8174012115"/>
  <nd ref="8174012116"/>
  <nd ref="8174039517"/>
  <nd ref="8174039518"/>
  <nd ref="8174039519"/>
  <nd ref="8174039520"/>
  <nd ref="8174039521"/>
  <nd ref="8174039522"/>
  <nd ref="8174039523"/>
  <nd ref="8174039524"/>
  <nd ref="8174039525"/>
  <nd ref="8174039526"/>
  <nd ref="8174039527"/>
  <nd ref="8174039528"/>
  <nd ref="8174039529"/>
  <nd ref="8174039530"/>
  <nd ref="8174039531"/>
  <nd ref="8174039532"/>
  <nd ref="8174039533"/>
  <nd ref="8174039534"/>
  <nd ref="8174039535"/>
  <nd ref="8174039536"/>
  <nd ref="8174039537"/>
  <nd ref="8174039538"/>
  <nd ref="8174039539"/>
  <nd ref="8174039540"/>
  <nd ref="8174039541"/>
  <nd ref="8174039542"/>
  <nd ref="8174039543"/>
  <nd ref="8174039544"/>
  <nd ref="8174039545"/>
  <nd ref="8174039546"/>
  <nd ref="8174039547"/>
  <nd ref="8174039548"/>
  <nd ref="8174039549"/>
  <nd ref="8174039550"/>
  <nd ref="8174039551"/>
  <nd ref="8174039552"/>
  <nd ref="8174039553"/>
  <nd ref="8174039554"/>
  <nd ref="8174039555"/>
  <nd ref="8174039556"/>
  <nd ref="8174039557"/>
  <nd ref="8174039558"/>
  <nd ref="8174039559"/>
  <nd ref="8174039560"/>
  <nd ref="8174039561"/>
  <nd ref="8174039562"/>
  <nd ref="8174039563"/>
  <nd ref="8174039564"/>
  <nd ref="8174039565"/>
  <nd ref="8174039566"/>
  <nd ref="8174039567"/>
  <nd ref="8174039568"/>
  <nd ref="8174039569"/>
  <nd ref="8174039570"/>
  <nd ref="8174039571"/>
  <nd ref="8174039572"/>
  <nd ref="8174039573"/>
  <nd ref="8174039574"/>
  <nd ref="8174039575"/>
  <nd ref="8174039576"/>
  <nd ref="8174039577"/>
  <nd ref="8174039578"/>
  <nd ref="8174039579"/>
  <nd ref="8174012091"/>
  <nd ref="8174039581"/>
  <nd ref="8174039582"/>
  <nd ref="8174039583"/>
  <nd ref="8174039584"/>
  <nd ref="8174039585"/>
  <nd ref="8174039586"/>
  <nd ref="8174039587"/>
  <nd ref="8174039588"/>
  <nd ref="8174039589"/>
  <nd ref="8174039590"/>
  <nd ref="8174039591"/>
  <nd ref="8174039592"/>
  <nd ref="8174039593"/>
  <nd ref="8174039594"/>
  <nd ref="8174039595"/>
  <nd ref="8174039596"/>
  <nd ref="8174039597"/>
  <nd ref="8174039598"/>
  <nd ref="8174039599"/>
  <nd ref="8174039600"/>
  <nd ref="8174039601"/>
  <nd ref="8174039602"/>
  <nd ref="8174039603"/>
  <nd ref="8174039604"/>
  <nd ref="8174039605"/>
  <nd ref="8174039606"/>
  <nd ref="8174039607"/>
  <nd ref="8174039608"/>
  <nd ref="8174039609"/>
  <nd ref="8174039610"/>
  <nd ref="8174039611"/>
  <nd ref="8174039612"/>
  <nd ref="8174039613"/>
  <nd ref="8174039614"/>
  <nd ref="8174039615"/>
  <nd ref="8174039616"/>
  <nd ref="8174039617"/>
  <nd ref="8174039618"/>
  <nd ref="6056949968"/>
  <nd ref="6056949970"/>
  <nd ref="794259618"/>
  <nd ref="6117699785"/>
  <nd ref="6117683184"/>
  <nd ref="6117683182"/>
  <nd ref="6117683183"/>
  <nd ref="6117683181"/>
  <nd ref="6117683180"/>
  <nd ref="6056948799"/>
  <nd ref="6056949971"/>
  <nd ref="6056949978"/>
  <nd ref="6117683178"/>
  <nd ref="6056949979"/>
  <nd ref="794259727"/>
  <nd ref="6117683179"/>
  <nd ref="6117594995"/>
  <nd ref="6117683177"/>
  <nd ref="794259675"/>
  <nd ref="2663526336"/>
  <nd ref="6117594996"/>
  <nd ref="6117594997"/>
  <nd ref="6056949980"/>
  <nd ref="794259746"/>
  <nd ref="6056949981"/>
  <nd ref="2663526309"/>
  <nd ref="6056949982"/>
  <nd ref="6056949983"/>
  <nd ref="6056949984"/>
  <nd ref="794259325"/>
  <nd ref="6056950088"/>
  <nd ref="6056950085"/>
  <nd ref="6056950089"/>
  <nd ref="6056950086"/>
  <nd ref="6056950090"/>
  <nd ref="794259577"/>
  <nd ref="6056950091"/>
  <nd ref="6056950092"/>
  <nd ref="6056950093"/>
  <nd ref="6056948900"/>
  <nd ref="6056948901"/>
  <nd ref="6056950094"/>
  <nd ref="6056948902"/>
  <nd ref="6056950096"/>
  <nd ref="6056950095"/>
  <nd ref="794259730"/>
  <nd ref="6056948899"/>
  <nd ref="6056950098"/>
  <nd ref="6056950097"/>
  <nd ref="6056950099"/>
  <nd ref="6056950100"/>
  <nd ref="6056950101"/>
  <nd ref="6056950102"/>
  <nd ref="6056950103"/>
  <nd ref="6056950104"/>
  <nd ref="794259362"/>
  <nd ref="6056950105"/>
  <nd ref="6056950106"/>
  <nd ref="6056950107"/>
  <nd ref="6056950108"/>
  <nd ref="6056950109"/>
  <nd ref="794259370"/>
  <nd ref="6059030696"/>
  <nd ref="6056950110"/>
  <nd ref="6056950111"/>
  <nd ref="794259624"/>
  <nd ref="6056950112"/>
  <nd ref="6056950113"/>
  <nd ref="6056950114"/>
  <nd ref="794259643"/>
  <nd ref="6056950115"/>
  <nd ref="6056950116"/>
  <nd ref="794259733"/>
  <nd ref="6056950117"/>
  <nd ref="6056950118"/>
  <nd ref="6056950119"/>
  <nd ref="6056950120"/>
  <nd ref="6056950121"/>
  <nd ref="6056950122"/>
  <nd ref="6056950123"/>
  <nd ref="6056950124"/>
  <nd ref="794259604"/>
  <nd ref="6056950125"/>
  <nd ref="6056950126"/>
  <nd ref="6056950127"/>
  <nd ref="6056950128"/>
  <nd ref="6056950129"/>
  <nd ref="6056950130"/>
  <nd ref="6056950131"/>
  <nd ref="6056950132"/>
  <nd ref="6056950133"/>
  <nd ref="6056950134"/>
  <nd ref="794259694"/>
  <nd ref="6056950135"/>
  <nd ref="794259719"/>
  <nd ref="6056950136"/>
  <nd ref="6056950137"/>
  <nd ref="6056950138"/>
  <nd ref="6056950139"/>
  <nd ref="6056950140"/>
  <nd ref="6056950141"/>
  <nd ref="6056950142"/>
  <nd ref="6056950143"/>
  <nd ref="6056950144"/>
  <nd ref="6056950145"/>
  <nd ref="6056950146"/>
  <nd ref="6056950147"/>
  <nd ref="6056950148"/>
  <nd ref="6056950149"/>
  <nd ref="794259340"/>
  <nd ref="6056950150"/>
  <nd ref="6056950151"/>
  <nd ref="6056950152"/>
  <nd ref="6056950153"/>
  <nd ref="6056950154"/>
  <nd ref="6056950155"/>
  <nd ref="6056950156"/>
  <nd ref="6056950157"/>
  <nd ref="6056950159"/>
  <nd ref="6056950158"/>
  <nd ref="6056950160"/>
  <nd ref="6056950161"/>
  <nd ref="794259704"/>
  <nd ref="6056950162"/>
  <nd ref="6056950163"/>
  <nd ref="794259329"/>
  <nd ref="6056950164"/>
  <nd ref="6056950165"/>
  <nd ref="6056950166"/>
  <nd ref="6056950167"/>
  <nd ref="6056950168"/>
  <nd ref="6056950169"/>
  <nd ref="6056950170"/>
  <nd ref="794259344"/>
  <nd ref="6056950171"/>
  <nd ref="6056950172"/>
  <nd ref="6056950173"/>
  <nd ref="794259609"/>
  <nd ref="6056950174"/>
  <nd ref="6056950175"/>
  <nd ref="6056950176"/>
  <nd ref="6056947867"/>
  <nd ref="6056947868"/>
  <nd ref="794259591"/>
  <nd ref="6056947869"/>
  <nd ref="6056947870"/>
  <nd ref="13417251683"/>
  <nd ref="13417251680"/>
  <nd ref="8179951480"/>
  <nd ref="8179951481"/>
  <nd ref="8179951482"/>
  <nd ref="8179951483"/>
  <nd ref="8179951484"/>
  <nd ref="8179951485"/>
  <nd ref="8180708294"/>
  <nd ref="8180708295"/>
  <nd ref="8179951486"/>
  <nd ref="8180708296"/>
  <nd ref="8180708297"/>
  <nd ref="8180708291"/>
  <nd ref="8180708298"/>
  <nd ref="8180708299"/>
  <nd ref="8180708300"/>
  <nd ref="8179951487"/>
  <nd ref="8179951488"/>
  <nd ref="8179951489"/>
  <nd ref="8179951490"/>
  <nd ref="794259715"/>
  <nd ref="6056950190"/>
  <nd ref="6056950191"/>
  <nd ref="794259337"/>
  <nd ref="6056950192"/>
  <nd ref="6056950193"/>
  <nd ref="6056950194"/>
  <nd ref="6056950195"/>
  <nd ref="8180665186"/>
  <nd ref="6056950196"/>
  <nd ref="6056950197"/>
  <nd ref="6056950198"/>
  <nd ref="6056950199"/>
  <nd ref="6056950200"/>
  <nd ref="8180665181"/>
  <nd ref="8180665180"/>
  <nd ref="8180665179"/>
  <nd ref="8180665178"/>
  <nd ref="8180665177"/>
  <nd ref="8180665176"/>
  <nd ref="8180665175"/>
  <nd ref="8180665174"/>
  <nd ref="8180665173"/>
  <nd ref="8180665172"/>
  <nd ref="6056950215"/>
  <nd ref="6056950216"/>
  <nd ref="6056950217"/>
  <nd ref="794259361"/>
  <nd ref="6056950218"/>
  <nd ref="6056950219"/>
  <nd ref="6056950220"/>
  <nd ref="6056950221"/>
  <nd ref="6056950222"/>
  <nd ref="6056950223"/>
  <nd ref="6056950224"/>
  <nd ref="6056950225"/>
  <nd ref="6056950226"/>
  <nd ref="6056950227"/>
  <nd ref="794259620"/>
  <nd ref="6056950228"/>
  <nd ref="6056950229"/>
  <nd ref="6056950230"/>
  <nd ref="6056950231"/>
  <nd ref="6056950232"/>
  <nd ref="6056950233"/>
  <nd ref="794259316"/>
  <nd ref="6056950234"/>
  <nd ref="6056950235"/>
  <nd ref="6056950236"/>
  <nd ref="6056950237"/>
  <nd ref="6056950238"/>
  <nd ref="6056950239"/>
  <nd ref="6056950240"/>
  <nd ref="6056950241"/>
  <nd ref="6056950242"/>
  <nd ref="6056950243"/>
  <nd ref="6056950244"/>
  <nd ref="6056950245"/>
  <nd ref="6056950246"/>
  <nd ref="6056950247"/>
  <nd ref="6056950248"/>
  <nd ref="794259574"/>
  <nd ref="6056950249"/>
  <nd ref="6056950250"/>
  <nd ref="8180708200"/>
  <nd ref="8180708201"/>
  <nd ref="8180708202"/>
  <nd ref="8180708203"/>
  <nd ref="8180708204"/>
  <nd ref="8180708205"/>
  <nd ref="8180708206"/>
  <nd ref="8180708207"/>
  <nd ref="8180708208"/>
  <nd ref="8180708209"/>
  <nd ref="8180708210"/>
  <nd ref="8180708211"/>
  <nd ref="8180708212"/>
  <nd ref="8180708213"/>
  <nd ref="8180708143"/>
  <nd ref="8180679392"/>
  <nd ref="8180708214"/>
  <nd ref="8180708215"/>
  <nd ref="8180708216"/>
  <nd ref="794259321"/>
  <nd ref="6056688492"/>
  <nd ref="794259637"/>
  <nd ref="794259728"/>
  <nd ref="6114455845"/>
  <nd ref="6114455844"/>
  <nd ref="6114455843"/>
  <nd ref="6114455842"/>
  <nd ref="6114455841"/>
  <nd ref="6114455840"/>
  <nd ref="6114455839"/>
  <nd ref="6114455833"/>
  <nd ref="6114455838"/>
  <nd ref="6114455837"/>
  <nd ref="6114455834"/>
  <nd ref="6114455836"/>
  <nd ref="6114455835"/>
  <nd ref="6114455832"/>
  <nd ref="6114455831"/>
  <nd ref="6114455830"/>
  <nd ref="6114455829"/>
  <nd ref="6114455828"/>
  <nd ref="6114455827"/>
  <nd ref="6114455820"/>
  <nd ref="6114455826"/>
  <nd ref="6114455825"/>
  <nd ref="6114455824"/>
  <nd ref="6114455823"/>
  <nd ref="6114455822"/>
  <nd ref="6114455821"/>
  <nd ref="6114455819"/>
  <nd ref="6114455818"/>
  <nd ref="6114455817"/>
  <nd ref="6114455816"/>
  <nd ref="6114455815"/>
  <nd ref="6114455814"/>
  <nd ref="6114455813"/>
  <nd ref="6114455812"/>
  <nd ref="6114455811"/>
  <nd ref="6114455810"/>
  <nd ref="6114455809"/>
  <nd ref="6114455808"/>
  <nd ref="6114455807"/>
  <nd ref="6114455804"/>
  <nd ref="6114455806"/>
  <nd ref="6114455805"/>
  <nd ref="6114455803"/>
  <nd ref="6114455802"/>
  <nd ref="6114455801"/>
  <nd ref="6114455800"/>
  <nd ref="6114455799"/>
  <nd ref="6114455798"/>
  <nd ref="6114455797"/>
  <nd ref="6114455796"/>
  <nd ref="6114455795"/>
  <nd ref="6114455794"/>
  <nd ref="6114455793"/>
  <nd ref="6114455792"/>
  <nd ref="6114455791"/>
  <nd ref="6114455790"/>
  <nd ref="6114455789"/>
  <nd ref="6114455788"/>
  <nd ref="6114455787"/>
  <nd ref="6114455786"/>
  <nd ref="6114455785"/>
  <nd ref="6114454784"/>
  <nd ref="6114454783"/>
  <nd ref="6114454782"/>
  <nd ref="6114454781"/>
  <nd ref="6114454780"/>
  <nd ref="6114454779"/>
  <nd ref="6114454773"/>
  <nd ref="6114454778"/>
  <nd ref="6114454777"/>
  <nd ref="6114454776"/>
  <nd ref="6114454775"/>
  <nd ref="6114454774"/>
  <nd ref="6114454758"/>
  <nd ref="6114454757"/>
  <nd ref="6114454756"/>
  <nd ref="6114454772"/>
  <nd ref="6114454755"/>
  <nd ref="6114454768"/>
  <nd ref="6114454771"/>
  <nd ref="6114454770"/>
  <nd ref="6114454769"/>
  <nd ref="6114454767"/>
  <nd ref="6114454766"/>
  <nd ref="6114454762"/>
  <nd ref="6114454765"/>
  <nd ref="6114454764"/>
  <nd ref="6114454763"/>
  <nd ref="6114454761"/>
  <nd ref="6114454760"/>
  <nd ref="6114454759"/>
  <nd ref="6056949689"/>
  <nd ref="6056949688"/>
  <nd ref="6056949687"/>
  <nd ref="6056949686"/>
  <nd ref="6056949685"/>
  <nd ref="6056949484"/>
  <nd ref="6056949483"/>
  <nd ref="6056949482"/>
  <nd ref="6056949479"/>
  <nd ref="6056949478"/>
  <nd ref="6056949481"/>
  <nd ref="6056948802"/>
  <nd ref="6056949480"/>
  <nd ref="6056949477"/>
  <nd ref="6056949476"/>
  <nd ref="6056949475"/>
  <nd ref="6056949474"/>
  <nd ref="6056949473"/>
  <nd ref="794259326"/>
  <nd ref="6114472476"/>
  <nd ref="6114472475"/>
  <nd ref="6114472474"/>
  <nd ref="6114472473"/>
  <nd ref="6114472472"/>
  <nd ref="6114472471"/>
  <nd ref="6114472470"/>
  <nd ref="6114472469"/>
  <nd ref="6114472468"/>
  <nd ref="6114472467"/>
  <nd ref="6114472466"/>
  <nd ref="6114472465"/>
  <nd ref="6114472464"/>
  <nd ref="6114472463"/>
  <nd ref="6114472462"/>
  <nd ref="6114472461"/>
  <nd ref="6114472460"/>
  <nd ref="6114472459"/>
  <nd ref="6114472458"/>
  <nd ref="6114472457"/>
  <nd ref="6114472456"/>
  <nd ref="6114472455"/>
  <nd ref="6114472454"/>
  <nd ref="6114472453"/>
  <nd ref="6114472452"/>
  <nd ref="6114472451"/>
  <nd ref="6114472450"/>
  <nd ref="6114472449"/>
  <nd ref="6114472448"/>
  <nd ref="6114472447"/>
  <nd ref="6114472446"/>
  <nd ref="6114472445"/>
  <nd ref="6114472444"/>
  <nd ref="6114472443"/>
  <nd ref="6114472440"/>
  <nd ref="6114472442"/>
  <nd ref="6114472441"/>
  <nd ref="8852685486"/>
  <nd ref="6114472439"/>
  <nd ref="6114472438"/>
  <nd ref="6114472437"/>
  <nd ref="6114472436"/>
  <nd ref="6114472435"/>
  <nd ref="6114472434"/>
  <nd ref="6114472433"/>
  <nd ref="6114472432"/>
  <nd ref="6114472431"/>
  <nd ref="6114472430"/>
  <nd ref="6114472429"/>
  <nd ref="6114472428"/>
  <nd ref="6114472427"/>
  <nd ref="6114472426"/>
  <nd ref="6059134978"/>
  <nd ref="6059134977"/>
  <nd ref="6114472425"/>
  <nd ref="6059134973"/>
  <nd ref="6056949428"/>
  <nd ref="6056949427"/>
  <nd ref="794259655"/>
  <nd ref="6056949425"/>
  <nd ref="6056949426"/>
  <nd ref="794259734"/>
  <nd ref="6056949424"/>
  <nd ref="6056949423"/>
  <nd ref="6056949420"/>
  <nd ref="6056949422"/>
  <nd ref="6056949421"/>
  <nd ref="6056949419"/>
  <nd ref="6056949418"/>
  <nd ref="6056949417"/>
  <nd ref="6056949416"/>
  <nd ref="6056949415"/>
  <nd ref="6056949414"/>
  <nd ref="9032760496"/>
  <nd ref="6056949413"/>
  <nd ref="6056949412"/>
  <nd ref="6056949411"/>
  <nd ref="6056949410"/>
  <nd ref="6056949409"/>
  <nd ref="6056949408"/>
  <nd ref="6056949407"/>
  <nd ref="6056949406"/>
  <nd ref="6056949405"/>
  <nd ref="6056949404"/>
  <nd ref="2663526342"/>
  <nd ref="794259331"/>
  <nd ref="2663526340"/>
  <nd ref="6056949403"/>
  <nd ref="6056949402"/>
  <nd ref="6056949401"/>
  <nd ref="794259347"/>
  <nd ref="6056949400"/>
  <nd ref="6056949399"/>
  <nd ref="2663526348"/>
  <nd ref="6056949398"/>
  <nd ref="6056949397"/>
  <nd ref="6056949396"/>
  <nd ref="6056949395"/>
  <nd ref="6056949394"/>
  <nd ref="6056949393"/>
  <nd ref="794259611"/>
  <nd ref="794259332"/>
  <nd ref="6056949392"/>
  <nd ref="6056949391"/>
  <nd ref="6056949390"/>
  <nd ref="6056949389"/>
  <nd ref="2663526363"/>
  <nd ref="6056949388"/>
  <nd ref="6056949387"/>
  <nd ref="6056949386"/>
  <nd ref="6056949385"/>
  <nd ref="6056948684"/>
  <nd ref="6056948683"/>
  <nd ref="6056948682"/>
  <nd ref="6056948874"/>
  <nd ref="794259596"/>
  <nd ref="6056948681"/>
  <nd ref="6056948680"/>
  <nd ref="6056948679"/>
  <nd ref="6056948678"/>
  <nd ref="6056948677"/>
  <nd ref="6056948676"/>
  <nd ref="6056948675"/>
  <nd ref="6056948674"/>
  <nd ref="6056948673"/>
  <nd ref="6056948672"/>
  <nd ref="6056948671"/>
  <nd ref="6056948670"/>
  <nd ref="6056948669"/>
  <nd ref="6056948668"/>
  <nd ref="6056948667"/>
  <nd ref="6056948666"/>
  <nd ref="6056948665"/>
  <nd ref="6056948664"/>
  <nd ref="6056948663"/>
  <nd ref="6056948662"/>
  <nd ref="6056948661"/>
  <nd ref="6056948660"/>
  <nd ref="6056948659"/>
  <nd ref="6056948658"/>
  <nd ref="6056948657"/>
  <nd ref="794259616"/>
  <nd ref="6056948656"/>
  <nd ref="6056948655"/>
  <nd ref="4855898408"/>
  <nd ref="6056948654"/>
  <nd ref="794259712"/>
  <nd ref="6056948653"/>
  <nd ref="6056948652"/>
  <nd ref="6056948651"/>
  <nd ref="6056948650"/>
  <nd ref="6056948649"/>
  <nd ref="6056948648"/>
  <nd ref="6056948647"/>
  <nd ref="6056948646"/>
  <nd ref="6056948645"/>
  <nd ref="6056948644"/>
  <nd ref="6056948631"/>
  <nd ref="6056948632"/>
  <nd ref="6056948633"/>
  <nd ref="6056948634"/>
  <nd ref="6056948635"/>
  <nd ref="6056948636"/>
  <nd ref="6056948637"/>
  <nd ref="6056948638"/>
  <nd ref="6056948639"/>
  <nd ref="2663526252"/>
  <nd ref="6056948640"/>
  <nd ref="6056948641"/>
  <nd ref="6056948642"/>
  <nd ref="6056948643"/>
  <nd ref="794259390"/>
  <nd ref="6059185962"/>
  <nd ref="6059185963"/>
  <nd ref="6059185964"/>
  <nd ref="6059185965"/>
  <nd ref="6059185961"/>
  <nd ref="794259661"/>
  <nd ref="6056948605"/>
  <nd ref="6056948606"/>
  <nd ref="6056948607"/>
  <nd ref="6114598450"/>
  <nd ref="8173972220"/>
  <nd ref="6114598448"/>
  <nd ref="6114598447"/>
  <nd ref="6114598446"/>
  <nd ref="6114598451"/>
  <nd ref="6114598445"/>
  <nd ref="6114598452"/>
  <nd ref="6114598453"/>
  <nd ref="6056949115"/>
  <tag k="source" v="landsat"/>
 </way>
 <way id="643700750" visible="true" version="1" changeset="64434320" timestamp="2018-11-13T09:07:28Z" user="Tauntaun" uid="8076764">
  <nd ref="6056968103"/>
  <nd ref="6056968090"/>
  <nd ref="6056968089"/>
  <nd ref="6056968088"/>
  <nd ref="6056968087"/>
  <nd ref="6056968102"/>
  <nd ref="6056968086"/>
  <nd ref="6056968085"/>
  <nd ref="6056968084"/>
  <nd ref="6056968083"/>
  <nd ref="6056968101"/>
  <nd ref="6056968082"/>
  <nd ref="6056968081"/>
  <nd ref="6056968080"/>
  <nd ref="6056968079"/>
  <nd ref="6056968078"/>
  <nd ref="6056968077"/>
  <nd ref="6056968100"/>
  <nd ref="6056968076"/>
  <nd ref="6056968075"/>
  <nd ref="6056968074"/>
  <nd ref="6056968073"/>
  <nd ref="6056968072"/>
  <nd ref="6056968071"/>
  <nd ref="6056968070"/>
  <nd ref="6056968099"/>
  <nd ref="6056968069"/>
  <nd ref="6056968068"/>
  <nd ref="6056968067"/>
  <nd ref="6056968066"/>
  <nd ref="6056968065"/>
  <nd ref="6056968064"/>
  <nd ref="6056968098"/>
  <nd ref="6056968063"/>
  <nd ref="6056968062"/>
  <nd ref="6056968061"/>
  <nd ref="6056968060"/>
  <nd ref="6056968097"/>
  <nd ref="6056968059"/>
  <nd ref="6056968058"/>
  <nd ref="6056968057"/>
  <nd ref="6056968056"/>
  <nd ref="6056968096"/>
  <nd ref="6056968055"/>
  <nd ref="6056968054"/>
  <nd ref="6056968053"/>
  <nd ref="6056968095"/>
  <nd ref="6056968052"/>
  <nd ref="6056968051"/>
  <nd ref="6056968050"/>
  <nd ref="6056968049"/>
  <nd ref="6056968094"/>
  <nd ref="6056968048"/>
  <nd ref="6056968047"/>
  <nd ref="6056968046"/>
  <nd ref="6056968045"/>
  <nd ref="6056968042"/>
  <nd ref="6056968043"/>
  <nd ref="6056968044"/>
  <nd ref="6056968093"/>
  <nd ref="6056968041"/>
  <nd ref="6056968092"/>
  <nd ref="6056968040"/>
  <nd ref="6056968039"/>
  <nd ref="6056968038"/>
  <nd ref="6056968037"/>
  <nd ref="6056968091"/>
  <nd ref="6056968103"/>
  <tag k="place" v="islet"/>
 </way>
 <way id="643700751" visible="true" version="2" changeset="110184941" timestamp="2021-08-24T16:48:22Z" user="vineet@spad" uid="13969904">
  <nd ref="6056968270"/>
  <nd ref="6056968172"/>
  <nd ref="6056968171"/>
  <nd ref="6056968170"/>
  <nd ref="6056968169"/>
  <nd ref="6056968269"/>
  <nd ref="6056968168"/>
  <nd ref="6056968166"/>
  <nd ref="6056968165"/>
  <nd ref="6056968164"/>
  <nd ref="6056968163"/>
  <nd ref="6056968162"/>
  <nd ref="6056968161"/>
  <nd ref="6056968160"/>
  <nd ref="6056968268"/>
  <nd ref="6056968159"/>
  <nd ref="6056968158"/>
  <nd ref="6056968157"/>
  <nd ref="6056968156"/>
  <nd ref="6056968155"/>
  <nd ref="6056968267"/>
  <nd ref="6056968154"/>
  <nd ref="6056968153"/>
  <nd ref="6056968152"/>
  <nd ref="6056968151"/>
  <nd ref="6056968150"/>
  <nd ref="6056968149"/>
  <nd ref="6056968148"/>
  <nd ref="6056968266"/>
  <nd ref="6056968147"/>
  <nd ref="6056968146"/>
  <nd ref="6056968145"/>
  <nd ref="6056968144"/>
  <nd ref="6056968143"/>
  <nd ref="6056968142"/>
  <nd ref="6056968141"/>
  <nd ref="6056968140"/>
  <nd ref="6056968265"/>
  <nd ref="6056968139"/>
  <nd ref="6056968138"/>
  <nd ref="6056968137"/>
  <nd ref="6056968136"/>
  <nd ref="6056968135"/>
  <nd ref="6056968134"/>
  <nd ref="6056968133"/>
  <nd ref="6056968132"/>
  <nd ref="6056968131"/>
  <nd ref="6056968130"/>
  <nd ref="6056968264"/>
  <nd ref="6056968129"/>
  <nd ref="6056968128"/>
  <nd ref="6056968127"/>
  <nd ref="6056968126"/>
  <nd ref="6056968125"/>
  <nd ref="6056968124"/>
  <nd ref="6056968263"/>
  <nd ref="6056968123"/>
  <nd ref="6056968122"/>
  <nd ref="6056968121"/>
  <nd ref="6056968120"/>
  <nd ref="6056968119"/>
  <nd ref="6056968118"/>
  <nd ref="6056968117"/>
  <nd ref="6056968262"/>
  <nd ref="6056968116"/>
  <nd ref="6056968115"/>
  <nd ref="6056968114"/>
  <nd ref="6056968113"/>
  <nd ref="6056968112"/>
  <nd ref="6056968111"/>
  <nd ref="6056968261"/>
  <nd ref="6056968104"/>
  <nd ref="6056968110"/>
  <nd ref="6056968109"/>
  <nd ref="6056968108"/>
  <nd ref="6056968107"/>
  <nd ref="6056968106"/>
  <nd ref="6056968260"/>
  <nd ref="6056968105"/>
  <nd ref="6056968173"/>
  <nd ref="6056968182"/>
  <nd ref="6056968174"/>
  <nd ref="6056968175"/>
  <nd ref="6056968176"/>
  <nd ref="6056968177"/>
  <nd ref="6056968179"/>
  <nd ref="6056968180"/>
  <nd ref="6056968181"/>
  <nd ref="6056968183"/>
  <nd ref="6056968184"/>
  <nd ref="6056968185"/>
  <nd ref="6056968186"/>
  <nd ref="6056968187"/>
  <nd ref="6056968188"/>
  <nd ref="6056968189"/>
  <nd ref="6056968190"/>
  <nd ref="6056968191"/>
  <nd ref="6056968178"/>
  <nd ref="6056968259"/>
  <nd ref="6056968192"/>
  <nd ref="6056968193"/>
  <nd ref="6056968194"/>
  <nd ref="6056968195"/>
  <nd ref="6056968196"/>
  <nd ref="6056968197"/>
  <nd ref="6056968258"/>
  <nd ref="6056968198"/>
  <nd ref="6056968199"/>
  <nd ref="6056968200"/>
  <nd ref="6056968201"/>
  <nd ref="6056968202"/>
  <nd ref="6056968203"/>
  <nd ref="6056968204"/>
  <nd ref="6056968205"/>
  <nd ref="6056968206"/>
  <nd ref="6056968207"/>
  <nd ref="6056968208"/>
  <nd ref="6056968257"/>
  <nd ref="6056968209"/>
  <nd ref="6056968210"/>
  <nd ref="6056968211"/>
  <nd ref="6056968212"/>
  <nd ref="6056968213"/>
  <nd ref="6056968214"/>
  <nd ref="6056968215"/>
  <nd ref="6056968216"/>
  <nd ref="6056968256"/>
  <nd ref="6056968255"/>
  <nd ref="6056968217"/>
  <nd ref="6056968218"/>
  <nd ref="6056968219"/>
  <nd ref="6056968220"/>
  <nd ref="6056968221"/>
  <nd ref="6056968222"/>
  <nd ref="6056968224"/>
  <nd ref="6056968223"/>
  <nd ref="6056968225"/>
  <nd ref="6056968226"/>
  <nd ref="6056968227"/>
  <nd ref="6056968228"/>
  <nd ref="6056968229"/>
  <nd ref="6056968230"/>
  <nd ref="6056968231"/>
  <nd ref="6056968232"/>
  <nd ref="6056968233"/>
  <nd ref="6056968254"/>
  <nd ref="6056968234"/>
  <nd ref="6056968235"/>
  <nd ref="6056968236"/>
  <nd ref="6056968237"/>
  <nd ref="6056968238"/>
  <nd ref="6056968239"/>
  <nd ref="6056968240"/>
  <nd ref="6056968241"/>
  <nd ref="6056968242"/>
  <nd ref="6056968243"/>
  <nd ref="6056968244"/>
  <nd ref="6056968245"/>
  <nd ref="6056968248"/>
  <nd ref="6056968253"/>
  <nd ref="6056968252"/>
  <nd ref="6056968270"/>
  <tag k="place" v="island"/>
 </way>
 <way id="644067191" visible="true" version="1" changeset="64463927" timestamp="2018-11-14T03:09:20Z" user="Tauntaun" uid="8076764">
  <nd ref="6059187185"/>
  <nd ref="6059187175"/>
  <nd ref="6059187174"/>
  <nd ref="6059187184"/>
  <nd ref="6059187126"/>
  <nd ref="6059187125"/>
  <nd ref="6059187183"/>
  <nd ref="6059187124"/>
  <nd ref="6059187123"/>
  <nd ref="6059187182"/>
  <nd ref="6059187181"/>
  <nd ref="6059187162"/>
  <nd ref="6059187161"/>
  <nd ref="6059187160"/>
  <nd ref="6059187159"/>
  <nd ref="6059187158"/>
  <nd ref="6059187157"/>
  <nd ref="6059187156"/>
  <nd ref="6059187154"/>
  <nd ref="6059187153"/>
  <nd ref="6059187152"/>
  <nd ref="6059187151"/>
  <nd ref="6059187150"/>
  <nd ref="6059187149"/>
  <nd ref="6059187148"/>
  <nd ref="6059187147"/>
  <nd ref="6059187146"/>
  <nd ref="6059187145"/>
  <nd ref="6059187144"/>
  <nd ref="6059187143"/>
  <nd ref="6059187142"/>
  <nd ref="6059187141"/>
  <nd ref="6059187136"/>
  <nd ref="6059187135"/>
  <nd ref="6059187130"/>
  <nd ref="6059187134"/>
  <nd ref="6059187140"/>
  <nd ref="6059187133"/>
  <nd ref="6059187132"/>
  <nd ref="6059187139"/>
  <nd ref="6059187131"/>
  <nd ref="6059187138"/>
  <nd ref="6059187137"/>
  <nd ref="6059187155"/>
  <nd ref="6059187180"/>
  <nd ref="6059187129"/>
  <nd ref="6059187128"/>
  <nd ref="6059187127"/>
  <nd ref="6059187179"/>
  <nd ref="6059187163"/>
  <nd ref="6059187164"/>
  <nd ref="6059187165"/>
  <nd ref="6059187166"/>
  <nd ref="6059187167"/>
  <nd ref="6059187178"/>
  <nd ref="6059187168"/>
  <nd ref="6059187169"/>
  <nd ref="6059187170"/>
  <nd ref="6059187177"/>
  <nd ref="6059187176"/>
  <nd ref="6059187171"/>
  <nd ref="6059187172"/>
  <nd ref="6059187173"/>
  <nd ref="6059187185"/>
  <tag k="place" v="islet"/>
 </way>
 <way id="644067196" visible="true" version="1" changeset="64463927" timestamp="2018-11-14T03:09:20Z" user="Tauntaun" uid="8076764">
  <nd ref="6059187196"/>
  <nd ref="6059187097"/>
  <nd ref="6059187096"/>
  <nd ref="6059187195"/>
  <nd ref="6059187104"/>
  <nd ref="6059187103"/>
  <nd ref="6059187102"/>
  <nd ref="6059187194"/>
  <nd ref="6059187101"/>
  <nd ref="6059187193"/>
  <nd ref="6059187105"/>
  <nd ref="6059187106"/>
  <nd ref="6059187192"/>
  <nd ref="6059187107"/>
  <nd ref="6059187108"/>
  <nd ref="6059187109"/>
  <nd ref="6059187110"/>
  <nd ref="6059187191"/>
  <nd ref="6059187111"/>
  <nd ref="6059187112"/>
  <nd ref="6059187190"/>
  <nd ref="6059187113"/>
  <nd ref="6059187114"/>
  <nd ref="6059187115"/>
  <nd ref="6059187116"/>
  <nd ref="6059187117"/>
  <nd ref="6059187118"/>
  <nd ref="6059187119"/>
  <nd ref="6059187189"/>
  <nd ref="6059187120"/>
  <nd ref="6059187121"/>
  <nd ref="6059187122"/>
  <nd ref="6059187188"/>
  <nd ref="6059185982"/>
  <nd ref="6059185981"/>
  <nd ref="6059185980"/>
  <nd ref="6059185979"/>
  <nd ref="6059185978"/>
  <nd ref="6059185977"/>
  <nd ref="6059185983"/>
  <nd ref="6059185984"/>
  <nd ref="6059187085"/>
  <nd ref="6059187086"/>
  <nd ref="6059187187"/>
  <nd ref="6059187087"/>
  <nd ref="6059187088"/>
  <nd ref="6059187089"/>
  <nd ref="6059187090"/>
  <nd ref="6059187091"/>
  <nd ref="6059187092"/>
  <nd ref="6059187186"/>
  <nd ref="6059187093"/>
  <nd ref="6059187094"/>
  <nd ref="6059187095"/>
  <nd ref="6059187100"/>
  <nd ref="6059187099"/>
  <nd ref="6059187098"/>
  <nd ref="6059187196"/>
  <tag k="place" v="islet"/>
 </way>
 <way id="644067200" visible="true" version="1" changeset="64463927" timestamp="2018-11-14T03:09:21Z" user="Tauntaun" uid="8076764">
  <nd ref="6059187007"/>
  <nd ref="6059187304"/>
  <nd ref="6059187303"/>
  <nd ref="6059187302"/>
  <nd ref="6059187006"/>
  <nd ref="6059187301"/>
  <nd ref="6059187300"/>
  <nd ref="6059187299"/>
  <nd ref="6059187298"/>
  <nd ref="6059187297"/>
  <nd ref="6059187296"/>
  <nd ref="6059187295"/>
  <nd ref="6059187005"/>
  <nd ref="6059187294"/>
  <nd ref="6059187293"/>
  <nd ref="6059187292"/>
  <nd ref="6059187290"/>
  <nd ref="6059187291"/>
  <nd ref="6059187289"/>
  <nd ref="6059187288"/>
  <nd ref="6059187287"/>
  <nd ref="6059187282"/>
  <nd ref="6059187286"/>
  <nd ref="6059187285"/>
  <nd ref="6059187281"/>
  <nd ref="6059187284"/>
  <nd ref="6059187283"/>
  <nd ref="6059187004"/>
  <nd ref="6059187280"/>
  <nd ref="6059187279"/>
  <nd ref="6059187278"/>
  <nd ref="6059187277"/>
  <nd ref="6059187276"/>
  <nd ref="6059187275"/>
  <nd ref="6059187274"/>
  <nd ref="6059187003"/>
  <nd ref="6059187273"/>
  <nd ref="6059187272"/>
  <nd ref="6059187271"/>
  <nd ref="6059187270"/>
  <nd ref="6059187002"/>
  <nd ref="6059187269"/>
  <nd ref="6059187268"/>
  <nd ref="6059187267"/>
  <nd ref="6059187001"/>
  <nd ref="6059187266"/>
  <nd ref="6059187265"/>
  <nd ref="6059187264"/>
  <nd ref="6059187263"/>
  <nd ref="6059187262"/>
  <nd ref="6059187000"/>
  <nd ref="6059187261"/>
  <nd ref="6059187260"/>
  <nd ref="6059187259"/>
  <nd ref="6059187257"/>
  <nd ref="6059187258"/>
  <nd ref="6059187256"/>
  <nd ref="6059187255"/>
  <nd ref="6059187254"/>
  <nd ref="6059187253"/>
  <nd ref="6059187252"/>
  <nd ref="6059187251"/>
  <nd ref="6059187250"/>
  <nd ref="6059186999"/>
  <nd ref="6059187249"/>
  <nd ref="6059187248"/>
  <nd ref="6059187247"/>
  <nd ref="6059187246"/>
  <nd ref="6059187197"/>
  <nd ref="6059187198"/>
  <nd ref="6059187199"/>
  <nd ref="6059187200"/>
  <nd ref="6059187201"/>
  <nd ref="6059187202"/>
  <nd ref="6059187309"/>
  <nd ref="6059187203"/>
  <nd ref="6059187204"/>
  <nd ref="6059187205"/>
  <nd ref="6059187206"/>
  <nd ref="6059187207"/>
  <nd ref="6059187208"/>
  <nd ref="6059187209"/>
  <nd ref="6059187308"/>
  <nd ref="6059187210"/>
  <nd ref="6059187211"/>
  <nd ref="6059187212"/>
  <nd ref="6059187213"/>
  <nd ref="6059187214"/>
  <nd ref="6059187215"/>
  <nd ref="6059187216"/>
  <nd ref="6059187217"/>
  <nd ref="6059187218"/>
  <nd ref="6059187219"/>
  <nd ref="6059187220"/>
  <nd ref="6059187307"/>
  <nd ref="6059187221"/>
  <nd ref="6059187222"/>
  <nd ref="6059187223"/>
  <nd ref="6059187224"/>
  <nd ref="6059187225"/>
  <nd ref="6059187226"/>
  <nd ref="6059187227"/>
  <nd ref="6059187228"/>
  <nd ref="6059187229"/>
  <nd ref="6059187230"/>
  <nd ref="6059187231"/>
  <nd ref="6059187306"/>
  <nd ref="6059187232"/>
  <nd ref="6059187233"/>
  <nd ref="6059187234"/>
  <nd ref="6059187235"/>
  <nd ref="6059187236"/>
  <nd ref="6059187237"/>
  <nd ref="6059187238"/>
  <nd ref="6059187305"/>
  <nd ref="6059187239"/>
  <nd ref="6059187240"/>
  <nd ref="6059187241"/>
  <nd ref="6059187242"/>
  <nd ref="6059187243"/>
  <nd ref="6059187244"/>
  <nd ref="6059187245"/>
  <nd ref="6059187007"/>
  <tag k="place" v="island"/>
 </way>
 <way id="644067207" visible="true" version="1" changeset="64463927" timestamp="2018-11-14T03:09:21Z" user="Tauntaun" uid="8076764">
  <nd ref="6059187450"/>
  <nd ref="6059187439"/>
  <nd ref="6059187438"/>
  <nd ref="6059187437"/>
  <nd ref="6059187436"/>
  <nd ref="6059187449"/>
  <nd ref="6059187435"/>
  <nd ref="6059187448"/>
  <nd ref="6059187434"/>
  <nd ref="6059187433"/>
  <nd ref="6059187432"/>
  <nd ref="6059187431"/>
  <nd ref="6059187430"/>
  <nd ref="6059187429"/>
  <nd ref="6059187428"/>
  <nd ref="6059187447"/>
  <nd ref="6059187422"/>
  <nd ref="6059187421"/>
  <nd ref="6059187420"/>
  <nd ref="6059187419"/>
  <nd ref="6059187427"/>
  <nd ref="6059187426"/>
  <nd ref="6059187423"/>
  <nd ref="6059187425"/>
  <nd ref="6059187424"/>
  <nd ref="6059187418"/>
  <nd ref="6059187417"/>
  <nd ref="6059187416"/>
  <nd ref="6059187415"/>
  <nd ref="6059187414"/>
  <nd ref="6059187413"/>
  <nd ref="6059187412"/>
  <nd ref="6059187411"/>
  <nd ref="6059187410"/>
  <nd ref="6059187446"/>
  <nd ref="6059187409"/>
  <nd ref="6059187408"/>
  <nd ref="6059187407"/>
  <nd ref="6059187406"/>
  <nd ref="6059187405"/>
  <nd ref="6059187404"/>
  <nd ref="6059187403"/>
  <nd ref="6059187402"/>
  <nd ref="6059187401"/>
  <nd ref="6059187400"/>
  <nd ref="6059187399"/>
  <nd ref="6059187398"/>
  <nd ref="6059187445"/>
  <nd ref="6059187397"/>
  <nd ref="6059187396"/>
  <nd ref="6059187395"/>
  <nd ref="6059187392"/>
  <nd ref="6059187394"/>
  <nd ref="6059187393"/>
  <nd ref="6059187391"/>
  <nd ref="6059187390"/>
  <nd ref="6059187389"/>
  <nd ref="6059187388"/>
  <nd ref="6059187387"/>
  <nd ref="6059187386"/>
  <nd ref="6059187385"/>
  <nd ref="6059187084"/>
  <nd ref="6059187083"/>
  <nd ref="6059187444"/>
  <nd ref="6059187082"/>
  <nd ref="6059187081"/>
  <nd ref="6059187080"/>
  <nd ref="6059187079"/>
  <nd ref="6059187078"/>
  <nd ref="6059187077"/>
  <nd ref="6059187076"/>
  <nd ref="6059187075"/>
  <nd ref="6059187074"/>
  <nd ref="6059187073"/>
  <nd ref="6059187072"/>
  <nd ref="6059187071"/>
  <nd ref="6059187070"/>
  <nd ref="6059187069"/>
  <nd ref="6059187068"/>
  <nd ref="6059187443"/>
  <nd ref="6059187067"/>
  <nd ref="6059187066"/>
  <nd ref="6059187065"/>
  <nd ref="6059187008"/>
  <nd ref="6059187009"/>
  <nd ref="6059187010"/>
  <nd ref="6059187011"/>
  <nd ref="6059187012"/>
  <nd ref="6059187013"/>
  <nd ref="6059187014"/>
  <nd ref="6059187015"/>
  <nd ref="6059187016"/>
  <nd ref="6059187017"/>
  <nd ref="6059187018"/>
  <nd ref="6059187019"/>
  <nd ref="6059187020"/>
  <nd ref="6059187021"/>
  <nd ref="6059187022"/>
  <nd ref="6059187023"/>
  <nd ref="6059187442"/>
  <nd ref="6059187024"/>
  <nd ref="6059187025"/>
  <nd ref="6059187026"/>
  <nd ref="6059187027"/>
  <nd ref="6059187028"/>
  <nd ref="6059187029"/>
  <nd ref="6059187030"/>
  <nd ref="6059187031"/>
  <nd ref="6059187032"/>
  <nd ref="6059187033"/>
  <nd ref="6059187034"/>
  <nd ref="6059187035"/>
  <nd ref="6059187036"/>
  <nd ref="6059187037"/>
  <nd ref="6059187038"/>
  <nd ref="6059187039"/>
  <nd ref="6059187040"/>
  <nd ref="6059187441"/>
  <nd ref="6059187041"/>
  <nd ref="6059187042"/>
  <nd ref="6059187043"/>
  <nd ref="6059187044"/>
  <nd ref="6059187051"/>
  <nd ref="6059187052"/>
  <nd ref="6059187053"/>
  <nd ref="6059187054"/>
  <nd ref="6059187050"/>
  <nd ref="6059187049"/>
  <nd ref="6059187055"/>
  <nd ref="6059187056"/>
  <nd ref="6059187048"/>
  <nd ref="6059187057"/>
  <nd ref="6059187045"/>
  <nd ref="6059187046"/>
  <nd ref="6059187047"/>
  <nd ref="6059187058"/>
  <nd ref="6059187059"/>
  <nd ref="6059187060"/>
  <nd ref="6059187061"/>
  <nd ref="6059187062"/>
  <nd ref="6059187440"/>
  <nd ref="6059187063"/>
  <nd ref="6059187064"/>
  <nd ref="6059187450"/>
  <tag k="place" v="island"/>
 </way>
 <way id="644067216" visible="true" version="1" changeset="64463927" timestamp="2018-11-14T03:09:21Z" user="Tauntaun" uid="8076764">
  <nd ref="6059187324"/>
  <nd ref="6059187323"/>
  <nd ref="6059187322"/>
  <nd ref="6059187321"/>
  <nd ref="6059187320"/>
  <nd ref="6059187319"/>
  <nd ref="6059187318"/>
  <nd ref="6059187459"/>
  <nd ref="6059187458"/>
  <nd ref="6059187457"/>
  <nd ref="6059187456"/>
  <nd ref="6059187455"/>
  <nd ref="6059187454"/>
  <nd ref="6059187453"/>
  <nd ref="6059187452"/>
  <nd ref="6059187317"/>
  <nd ref="6059187451"/>
  <nd ref="6059187460"/>
  <nd ref="6059187461"/>
  <nd ref="6059187316"/>
  <nd ref="6059187462"/>
  <nd ref="6059187463"/>
  <nd ref="6059187464"/>
  <nd ref="6059187465"/>
  <nd ref="6059187466"/>
  <nd ref="6059187467"/>
  <nd ref="6059187468"/>
  <nd ref="6059187469"/>
  <nd ref="6059187315"/>
  <nd ref="6059187470"/>
  <nd ref="6059187471"/>
  <nd ref="6059187472"/>
  <nd ref="6059187473"/>
  <nd ref="6059187475"/>
  <nd ref="6059187474"/>
  <nd ref="6059187476"/>
  <nd ref="6059187477"/>
  <nd ref="6059187478"/>
  <nd ref="6059187479"/>
  <nd ref="6059187480"/>
  <nd ref="6059187481"/>
  <nd ref="6059187482"/>
  <nd ref="6059187483"/>
  <nd ref="6059187484"/>
  <nd ref="6059187314"/>
  <nd ref="6059187486"/>
  <nd ref="6059187487"/>
  <nd ref="6059187488"/>
  <nd ref="6059187485"/>
  <nd ref="6059187489"/>
  <nd ref="6059187490"/>
  <nd ref="6059187491"/>
  <nd ref="6059187492"/>
  <nd ref="6059187493"/>
  <nd ref="6059187494"/>
  <nd ref="6059187495"/>
  <nd ref="6059187496"/>
  <nd ref="6059187497"/>
  <nd ref="6059187498"/>
  <nd ref="6059187499"/>
  <nd ref="6059187500"/>
  <nd ref="6059187501"/>
  <nd ref="6059187502"/>
  <nd ref="6059187503"/>
  <nd ref="6059187504"/>
  <nd ref="6059187313"/>
  <nd ref="6059187505"/>
  <nd ref="6059187506"/>
  <nd ref="6059187507"/>
  <nd ref="6059187508"/>
  <nd ref="6059187509"/>
  <nd ref="6059187510"/>
  <nd ref="6059187511"/>
  <nd ref="6059187512"/>
  <nd ref="6059187513"/>
  <nd ref="6059187514"/>
  <nd ref="6059187515"/>
  <nd ref="6059187516"/>
  <nd ref="6059187312"/>
  <nd ref="6059187518"/>
  <nd ref="6059187517"/>
  <nd ref="6059187519"/>
  <nd ref="6059187520"/>
  <nd ref="6059187521"/>
  <nd ref="6059187522"/>
  <nd ref="6059187523"/>
  <nd ref="6059187525"/>
  <nd ref="6059187526"/>
  <nd ref="6059187524"/>
  <nd ref="6059187527"/>
  <nd ref="6059187528"/>
  <nd ref="6059187311"/>
  <nd ref="6059187529"/>
  <nd ref="6059187532"/>
  <nd ref="6059187533"/>
  <nd ref="6059187531"/>
  <nd ref="6059187534"/>
  <nd ref="6059187535"/>
  <nd ref="6059187536"/>
  <nd ref="6059187537"/>
  <nd ref="6059187530"/>
  <nd ref="6059187538"/>
  <nd ref="6059187539"/>
  <nd ref="6059187540"/>
  <nd ref="6059187541"/>
  <nd ref="6059187542"/>
  <nd ref="6059187543"/>
  <nd ref="6059187544"/>
  <nd ref="6059187310"/>
  <nd ref="6059187545"/>
  <nd ref="6059187546"/>
  <nd ref="6059187547"/>
  <nd ref="6059187548"/>
  <nd ref="6059187324"/>
  <tag k="place" v="island"/>
 </way>
 <way id="644067223" visible="true" version="1" changeset="64463927" timestamp="2018-11-14T03:09:21Z" user="Tauntaun" uid="8076764">
  <nd ref="6059187669"/>
  <nd ref="6059187668"/>
  <nd ref="6059187337"/>
  <nd ref="6059187336"/>
  <nd ref="6059187335"/>
  <nd ref="6059187334"/>
  <nd ref="6059187332"/>
  <nd ref="6059187333"/>
  <nd ref="6059187331"/>
  <nd ref="6059187330"/>
  <nd ref="6059187329"/>
  <nd ref="6059187328"/>
  <nd ref="6059187327"/>
  <nd ref="6059187339"/>
  <nd ref="6059187667"/>
  <nd ref="6059187340"/>
  <nd ref="6059187341"/>
  <nd ref="6059187342"/>
  <nd ref="6059187338"/>
  <nd ref="6059187666"/>
  <nd ref="6059187343"/>
  <nd ref="6059187665"/>
  <nd ref="6059187350"/>
  <nd ref="6059187344"/>
  <nd ref="6059187664"/>
  <nd ref="6059187345"/>
  <nd ref="6059187351"/>
  <nd ref="6059187352"/>
  <nd ref="6059187346"/>
  <nd ref="6059187347"/>
  <nd ref="6059187348"/>
  <nd ref="6059187349"/>
  <nd ref="6059187353"/>
  <nd ref="6059187354"/>
  <nd ref="6059187355"/>
  <nd ref="6059187356"/>
  <nd ref="6059187357"/>
  <nd ref="6059187358"/>
  <nd ref="6059187359"/>
  <nd ref="6059187360"/>
  <nd ref="6059187361"/>
  <nd ref="6059187663"/>
  <nd ref="6059187362"/>
  <nd ref="6059187363"/>
  <nd ref="6059187364"/>
  <nd ref="6059187365"/>
  <nd ref="6059187366"/>
  <nd ref="6059187662"/>
  <nd ref="6059187367"/>
  <nd ref="6059187368"/>
  <nd ref="6059187369"/>
  <nd ref="6059187661"/>
  <nd ref="6059187370"/>
  <nd ref="6059187371"/>
  <nd ref="6059187372"/>
  <nd ref="6059187374"/>
  <nd ref="6059187373"/>
  <nd ref="6059187660"/>
  <nd ref="6059187375"/>
  <nd ref="6059187376"/>
  <nd ref="6059187377"/>
  <nd ref="6059187378"/>
  <nd ref="6059187379"/>
  <nd ref="6059187380"/>
  <nd ref="6059187659"/>
  <nd ref="6059187381"/>
  <nd ref="6059187382"/>
  <nd ref="6059187383"/>
  <nd ref="6059187384"/>
  <nd ref="6059187585"/>
  <nd ref="6059187586"/>
  <nd ref="6059187587"/>
  <nd ref="6059187588"/>
  <nd ref="6059187658"/>
  <nd ref="6059187589"/>
  <nd ref="6059187590"/>
  <nd ref="6059187591"/>
  <nd ref="6059187592"/>
  <nd ref="6059187593"/>
  <nd ref="6059187594"/>
  <nd ref="6059187657"/>
  <nd ref="6059187595"/>
  <nd ref="6059187656"/>
  <nd ref="6059187655"/>
  <nd ref="6059187599"/>
  <nd ref="6059187596"/>
  <nd ref="6059187597"/>
  <nd ref="6059187598"/>
  <nd ref="6059187600"/>
  <nd ref="6059187654"/>
  <nd ref="6059187326"/>
  <nd ref="6059187325"/>
  <nd ref="6059187601"/>
  <nd ref="6059187602"/>
  <nd ref="6059187653"/>
  <nd ref="6059187603"/>
  <nd ref="6059187604"/>
  <nd ref="6059187605"/>
  <nd ref="6059187606"/>
  <nd ref="6059187607"/>
  <nd ref="6059187608"/>
  <nd ref="6059187609"/>
  <nd ref="6059187652"/>
  <nd ref="6059187610"/>
  <nd ref="6059187611"/>
  <nd ref="6059187612"/>
  <nd ref="6059187613"/>
  <nd ref="6059187651"/>
  <nd ref="6059187614"/>
  <nd ref="6059187650"/>
  <nd ref="6059187615"/>
  <nd ref="6059187616"/>
  <nd ref="6059187649"/>
  <nd ref="6059187617"/>
  <nd ref="6059187618"/>
  <nd ref="6059187648"/>
  <nd ref="6059187619"/>
  <nd ref="6059187620"/>
  <nd ref="6059187621"/>
  <nd ref="6059187647"/>
  <nd ref="6059187622"/>
  <nd ref="6059187623"/>
  <nd ref="6059187624"/>
  <nd ref="6059187625"/>
  <nd ref="6059187626"/>
  <nd ref="6059187627"/>
  <nd ref="6059187646"/>
  <nd ref="6059187628"/>
  <nd ref="6059187629"/>
  <nd ref="6059187630"/>
  <nd ref="6059187631"/>
  <nd ref="6059187632"/>
  <nd ref="6059187633"/>
  <nd ref="6059187634"/>
  <nd ref="6059187635"/>
  <nd ref="6059187636"/>
  <nd ref="6059187637"/>
  <nd ref="6059187638"/>
  <nd ref="6059187639"/>
  <nd ref="6059187645"/>
  <nd ref="6059187640"/>
  <nd ref="6059187641"/>
  <nd ref="6059187642"/>
  <nd ref="6059187643"/>
  <nd ref="6059187644"/>
  <nd ref="6059187669"/>
  <tag k="place" v="island"/>
 </way>
 <way id="644067232" visible="true" version="1" changeset="64463927" timestamp="2018-11-14T03:09:22Z" user="Tauntaun" uid="8076764">
  <nd ref="6059187749"/>
  <nd ref="6059187711"/>
  <nd ref="6059187710"/>
  <nd ref="6059187709"/>
  <nd ref="6059187712"/>
  <nd ref="6059187713"/>
  <nd ref="6059187748"/>
  <nd ref="6059187714"/>
  <nd ref="6059187747"/>
  <nd ref="6059187715"/>
  <nd ref="6059187716"/>
  <nd ref="6059187717"/>
  <nd ref="6059187718"/>
  <nd ref="6059187719"/>
  <nd ref="6059187746"/>
  <nd ref="6059187720"/>
  <nd ref="6059187721"/>
  <nd ref="6059187722"/>
  <nd ref="6059187723"/>
  <nd ref="6059187745"/>
  <nd ref="6059187724"/>
  <nd ref="6059187725"/>
  <nd ref="6059187744"/>
  <nd ref="6059187726"/>
  <nd ref="6059187743"/>
  <nd ref="6059187727"/>
  <nd ref="6059187728"/>
  <nd ref="6059187729"/>
  <nd ref="6059187730"/>
  <nd ref="6059187731"/>
  <nd ref="6059187732"/>
  <nd ref="6059187733"/>
  <nd ref="6059187734"/>
  <nd ref="6059187735"/>
  <nd ref="6059187736"/>
  <nd ref="6059187742"/>
  <nd ref="6059187670"/>
  <nd ref="6059187671"/>
  <nd ref="6059187672"/>
  <nd ref="6059187673"/>
  <nd ref="6059187674"/>
  <nd ref="6059187741"/>
  <nd ref="6059187675"/>
  <nd ref="6059187676"/>
  <nd ref="6059187677"/>
  <nd ref="6059187740"/>
  <nd ref="6059187678"/>
  <nd ref="6059187679"/>
  <nd ref="6059187680"/>
  <nd ref="6059187681"/>
  <nd ref="6059187682"/>
  <nd ref="6059187683"/>
  <nd ref="6059187684"/>
  <nd ref="6059187685"/>
  <nd ref="6059187686"/>
  <nd ref="6059187688"/>
  <nd ref="6059187687"/>
  <nd ref="6059187692"/>
  <nd ref="6059187691"/>
  <nd ref="6059187739"/>
  <nd ref="6059187694"/>
  <nd ref="6059187690"/>
  <nd ref="6059187689"/>
  <nd ref="6059187695"/>
  <nd ref="6059187696"/>
  <nd ref="6059187693"/>
  <nd ref="6059187697"/>
  <nd ref="6059187698"/>
  <nd ref="6059187699"/>
  <nd ref="6059187700"/>
  <nd ref="6059187738"/>
  <nd ref="6059187701"/>
  <nd ref="6059187702"/>
  <nd ref="6059187703"/>
  <nd ref="6059187704"/>
  <nd ref="6059187705"/>
  <nd ref="6059187706"/>
  <nd ref="6059187707"/>
  <nd ref="6059187708"/>
  <nd ref="6059187737"/>
  <nd ref="6059187749"/>
  <tag k="place" v="island"/>
 </way>
 <way id="644076881" visible="true" version="1" changeset="64464139" timestamp="2018-11-14T03:17:06Z" user="Tauntaun" uid="8076764">
  <nd ref="6059194536"/>
  <nd ref="6059194535"/>
  <nd ref="6059194526"/>
  <nd ref="6059194525"/>
  <nd ref="6059194524"/>
  <nd ref="6059194523"/>
  <nd ref="6059194522"/>
  <nd ref="6059194521"/>
  <nd ref="6059194520"/>
  <nd ref="6059194534"/>
  <nd ref="6059194519"/>
  <nd ref="6059194518"/>
  <nd ref="6059194517"/>
  <nd ref="6059194516"/>
  <nd ref="6059194515"/>
  <nd ref="6059194514"/>
  <nd ref="6059194513"/>
  <nd ref="6059194512"/>
  <nd ref="6059194511"/>
  <nd ref="6059194510"/>
  <nd ref="6059194509"/>
  <nd ref="6059194508"/>
  <nd ref="6059194507"/>
  <nd ref="6059194506"/>
  <nd ref="6059194505"/>
  <nd ref="6059194504"/>
  <nd ref="6059194503"/>
  <nd ref="6059194502"/>
  <nd ref="6059194501"/>
  <nd ref="6059194533"/>
  <nd ref="6059194500"/>
  <nd ref="6059194499"/>
  <nd ref="6059194498"/>
  <nd ref="6059194497"/>
  <nd ref="6059194496"/>
  <nd ref="6059194495"/>
  <nd ref="6059194494"/>
  <nd ref="6059194493"/>
  <nd ref="6059194492"/>
  <nd ref="6059194491"/>
  <nd ref="6059194490"/>
  <nd ref="6059194532"/>
  <nd ref="6059194489"/>
  <nd ref="6059194382"/>
  <nd ref="6059194488"/>
  <nd ref="6059194487"/>
  <nd ref="6059194486"/>
  <nd ref="6059194381"/>
  <nd ref="6059194380"/>
  <nd ref="6059194485"/>
  <nd ref="6059194384"/>
  <nd ref="6059194383"/>
  <nd ref="6059194531"/>
  <nd ref="6059194379"/>
  <nd ref="6059194378"/>
  <nd ref="6059194377"/>
  <nd ref="6059194376"/>
  <nd ref="6059194375"/>
  <nd ref="6059194370"/>
  <nd ref="6059194371"/>
  <nd ref="6059194372"/>
  <nd ref="6059194373"/>
  <nd ref="6059194374"/>
  <nd ref="6059194530"/>
  <nd ref="6059194351"/>
  <nd ref="6059194352"/>
  <nd ref="6059194529"/>
  <nd ref="6059194353"/>
  <nd ref="6059194354"/>
  <nd ref="6059194355"/>
  <nd ref="6059194356"/>
  <nd ref="6059194357"/>
  <nd ref="6059194358"/>
  <nd ref="6059194359"/>
  <nd ref="6059194528"/>
  <nd ref="6059194360"/>
  <nd ref="6059194361"/>
  <nd ref="6059194362"/>
  <nd ref="6059194363"/>
  <nd ref="6059194364"/>
  <nd ref="6059194365"/>
  <nd ref="6059194527"/>
  <nd ref="6059194366"/>
  <nd ref="6059194367"/>
  <nd ref="6059194368"/>
  <nd ref="6059194369"/>
  <nd ref="6059194536"/>
  <tag k="place" v="islet"/>
 </way>
 <way id="652150481" visible="true" version="1" changeset="65145101" timestamp="2018-12-04T03:15:24Z" user="Tauntaun" uid="8076764">
  <nd ref="6114464039"/>
  <nd ref="6114464023"/>
  <nd ref="6114464024"/>
  <nd ref="6114464025"/>
  <nd ref="6114464026"/>
  <nd ref="6114464038"/>
  <nd ref="6114464037"/>
  <nd ref="6114464036"/>
  <nd ref="6114463990"/>
  <nd ref="6114463989"/>
  <nd ref="6114463988"/>
  <nd ref="6114463987"/>
  <nd ref="6114464035"/>
  <nd ref="6114463986"/>
  <nd ref="6114463985"/>
  <nd ref="6114464034"/>
  <nd ref="6114462984"/>
  <nd ref="6114462983"/>
  <nd ref="6114462982"/>
  <nd ref="6114462981"/>
  <nd ref="6114462980"/>
  <nd ref="6114462979"/>
  <nd ref="6114462978"/>
  <nd ref="6114462977"/>
  <nd ref="6114462976"/>
  <nd ref="6114464033"/>
  <nd ref="6114462975"/>
  <nd ref="6114462974"/>
  <nd ref="6114462973"/>
  <nd ref="6114462972"/>
  <nd ref="6114464032"/>
  <nd ref="6114462971"/>
  <nd ref="6114464031"/>
  <nd ref="6114463996"/>
  <nd ref="6114463995"/>
  <nd ref="6114463994"/>
  <nd ref="6114463993"/>
  <nd ref="6114463992"/>
  <nd ref="6114463991"/>
  <nd ref="6114463997"/>
  <nd ref="6114463998"/>
  <nd ref="6114463999"/>
  <nd ref="6114464030"/>
  <nd ref="6114464000"/>
  <nd ref="6114464001"/>
  <nd ref="6114464002"/>
  <nd ref="6114464003"/>
  <nd ref="6114464004"/>
  <nd ref="6114464005"/>
  <nd ref="6114464006"/>
  <nd ref="6114464007"/>
  <nd ref="6114464008"/>
  <nd ref="6114464009"/>
  <nd ref="6114464029"/>
  <nd ref="6114464010"/>
  <nd ref="6114464011"/>
  <nd ref="6114464028"/>
  <nd ref="6114464012"/>
  <nd ref="6114464013"/>
  <nd ref="6114464014"/>
  <nd ref="6114464015"/>
  <nd ref="6114464027"/>
  <nd ref="6114464016"/>
  <nd ref="6114464017"/>
  <nd ref="6114464018"/>
  <nd ref="6114464019"/>
  <nd ref="6114464020"/>
  <nd ref="6114464021"/>
  <nd ref="6114464022"/>
  <nd ref="6114464039"/>
  <tag k="place" v="island"/>
 </way>
 <way id="652150483" visible="true" version="2" changeset="110184941" timestamp="2021-08-24T16:48:22Z" user="vineet@spad" uid="13969904">
  <nd ref="6114464142"/>
  <nd ref="6114464128"/>
  <nd ref="6114464129"/>
  <nd ref="6114464130"/>
  <nd ref="6114464141"/>
  <nd ref="6114464131"/>
  <nd ref="6114464140"/>
  <nd ref="6114464048"/>
  <nd ref="6114464047"/>
  <nd ref="6114464046"/>
  <nd ref="6114464045"/>
  <nd ref="6114464139"/>
  <nd ref="6114464044"/>
  <nd ref="6114464043"/>
  <nd ref="6114464042"/>
  <nd ref="6114464138"/>
  <nd ref="6114464041"/>
  <nd ref="6114464040"/>
  <nd ref="6114464053"/>
  <nd ref="6114464052"/>
  <nd ref="6114464051"/>
  <nd ref="6114464059"/>
  <nd ref="6114464058"/>
  <nd ref="6114464057"/>
  <nd ref="6114464056"/>
  <nd ref="6114464055"/>
  <nd ref="6114464054"/>
  <nd ref="6114464073"/>
  <nd ref="6114464061"/>
  <nd ref="6114464060"/>
  <nd ref="6114464063"/>
  <nd ref="6114464062"/>
  <nd ref="6114464069"/>
  <nd ref="6114464064"/>
  <nd ref="6114464065"/>
  <nd ref="6114464066"/>
  <nd ref="6114464067"/>
  <nd ref="6114464068"/>
  <nd ref="6114464070"/>
  <nd ref="6114464071"/>
  <nd ref="6114464072"/>
  <nd ref="6114464074"/>
  <nd ref="6114464136"/>
  <nd ref="6114464075"/>
  <nd ref="6114464076"/>
  <nd ref="6114464077"/>
  <nd ref="6114464078"/>
  <nd ref="6114464079"/>
  <nd ref="6114464080"/>
  <nd ref="6114464081"/>
  <nd ref="6114464082"/>
  <nd ref="6114464083"/>
  <nd ref="6114464084"/>
  <nd ref="6114464085"/>
  <nd ref="6114464086"/>
  <nd ref="6114464087"/>
  <nd ref="6114464088"/>
  <nd ref="6114464089"/>
  <nd ref="6114464090"/>
  <nd ref="6114464091"/>
  <nd ref="6114464092"/>
  <nd ref="6114464093"/>
  <nd ref="6114464094"/>
  <nd ref="6114464135"/>
  <nd ref="6114464095"/>
  <nd ref="6114464096"/>
  <nd ref="6114464097"/>
  <nd ref="6114464098"/>
  <nd ref="6114464099"/>
  <nd ref="6114464100"/>
  <nd ref="6114464101"/>
  <nd ref="6114464102"/>
  <nd ref="6114464103"/>
  <nd ref="6114464104"/>
  <nd ref="6114464105"/>
  <nd ref="6114464134"/>
  <nd ref="6114464108"/>
  <nd ref="6114464106"/>
  <nd ref="6114464107"/>
  <nd ref="6114464109"/>
  <nd ref="6114464110"/>
  <nd ref="6114464111"/>
  <nd ref="6114464113"/>
  <nd ref="6114464114"/>
  <nd ref="6114464115"/>
  <nd ref="6114464116"/>
  <nd ref="6114464117"/>
  <nd ref="6114464118"/>
  <nd ref="6114464112"/>
  <nd ref="6114464119"/>
  <nd ref="6114464120"/>
  <nd ref="6114464121"/>
  <nd ref="6114464122"/>
  <nd ref="6114464133"/>
  <nd ref="6114464123"/>
  <nd ref="6114464124"/>
  <nd ref="6114464125"/>
  <nd ref="6114464126"/>
  <nd ref="6114464127"/>
  <nd ref="6114464132"/>
  <nd ref="6114464142"/>
  <tag k="place" v="island"/>
 </way>
 <way id="652161557" visible="true" version="1" changeset="65146545" timestamp="2018-12-04T04:44:05Z" user="Tauntaun" uid="8076764">
  <nd ref="6114598009"/>
  <nd ref="6114597990"/>
  <nd ref="6114597991"/>
  <nd ref="6114598008"/>
  <nd ref="6114598001"/>
  <nd ref="6114598000"/>
  <nd ref="6114597999"/>
  <nd ref="6114598007"/>
  <nd ref="6114597998"/>
  <nd ref="6114597997"/>
  <nd ref="6114598006"/>
  <nd ref="6114597996"/>
  <nd ref="6114598005"/>
  <nd ref="6114597995"/>
  <nd ref="6114598004"/>
  <nd ref="6114597994"/>
  <nd ref="6114597993"/>
  <nd ref="6114597992"/>
  <nd ref="6114598003"/>
  <nd ref="6114597988"/>
  <nd ref="6114598002"/>
  <nd ref="6114597989"/>
  <nd ref="6114598009"/>
  <tag k="place" v="islet"/>
 </way>
 <way id="652161559" visible="true" version="1" changeset="65146545" timestamp="2018-12-04T04:44:05Z" user="Tauntaun" uid="8076764">
  <nd ref="6114598437"/>
  <nd ref="6114598425"/>
  <nd ref="6114598426"/>
  <nd ref="6114598427"/>
  <nd ref="6114598436"/>
  <nd ref="6114598435"/>
  <nd ref="6114598400"/>
  <nd ref="6114598399"/>
  <nd ref="6114598398"/>
  <nd ref="6114598434"/>
  <nd ref="6114598397"/>
  <nd ref="6114598396"/>
  <nd ref="6114598395"/>
  <nd ref="6114598394"/>
  <nd ref="6114598433"/>
  <nd ref="6114598393"/>
  <nd ref="6114598401"/>
  <nd ref="6114598402"/>
  <nd ref="6114598432"/>
  <nd ref="6114598405"/>
  <nd ref="6114598404"/>
  <nd ref="6114598403"/>
  <nd ref="6114598406"/>
  <nd ref="6114598407"/>
  <nd ref="6114598408"/>
  <nd ref="6114598431"/>
  <nd ref="6114598409"/>
  <nd ref="6114598410"/>
  <nd ref="6114598411"/>
  <nd ref="6114598412"/>
  <nd ref="6114598413"/>
  <nd ref="6114598414"/>
  <nd ref="6114598415"/>
  <nd ref="6114598416"/>
  <nd ref="6114598417"/>
  <nd ref="6114598430"/>
  <nd ref="6114598418"/>
  <nd ref="6114598419"/>
  <nd ref="6114598420"/>
  <nd ref="6114598429"/>
  <nd ref="6114598421"/>
  <nd ref="6114598422"/>
  <nd ref="6114598428"/>
  <nd ref="6114598423"/>
  <nd ref="6114598424"/>
  <nd ref="6114598437"/>
  <tag k="place" v="island"/>
 </way>
 <way id="652161560" visible="true" version="1" changeset="65146545" timestamp="2018-12-04T04:44:05Z" user="Tauntaun" uid="8076764">
  <nd ref="6114598444"/>
  <nd ref="6114598069"/>
  <nd ref="6114598392"/>
  <nd ref="6114598391"/>
  <nd ref="6114598390"/>
  <nd ref="6114598387"/>
  <nd ref="6114598389"/>
  <nd ref="6114598388"/>
  <nd ref="6114598386"/>
  <nd ref="6114598385"/>
  <nd ref="6114598084"/>
  <nd ref="6114598083"/>
  <nd ref="6114598082"/>
  <nd ref="6114598081"/>
  <nd ref="6114598080"/>
  <nd ref="6114598443"/>
  <nd ref="6114598079"/>
  <nd ref="6114598078"/>
  <nd ref="6114598077"/>
  <nd ref="6114598076"/>
  <nd ref="6114598075"/>
  <nd ref="6114598074"/>
  <nd ref="6114598073"/>
  <nd ref="6114598442"/>
  <nd ref="6114598441"/>
  <nd ref="6114598058"/>
  <nd ref="6114598059"/>
  <nd ref="6114598060"/>
  <nd ref="6114598061"/>
  <nd ref="6114598062"/>
  <nd ref="6114598063"/>
  <nd ref="6114598064"/>
  <nd ref="6114598065"/>
  <nd ref="6114598066"/>
  <nd ref="6114598440"/>
  <nd ref="6114598067"/>
  <nd ref="6114598068"/>
  <nd ref="6114598072"/>
  <nd ref="6114598439"/>
  <nd ref="6114598438"/>
  <nd ref="6114598070"/>
  <nd ref="6114598071"/>
  <nd ref="6114598444"/>
  <tag k="place" v="islet"/>
 </way>
 <way id="976066629" visible="true" version="1" changeset="110184941" timestamp="2021-08-24T16:48:22Z" user="vineet@spad" uid="13969904">
  <nd ref="9032760497"/>
  <nd ref="9032760498"/>
  <nd ref="9032760499"/>
  <nd ref="9032760500"/>
  <nd ref="9032760501"/>
  <nd ref="9032760502"/>
  <nd ref="9032760503"/>
  <nd ref="9032760504"/>
  <nd ref="9032760505"/>
  <nd ref="9032760506"/>
  <nd ref="9032760507"/>
  <nd ref="9032760508"/>
  <nd ref="9032760509"/>
  <nd ref="9032760510"/>
  <nd ref="9032760511"/>
  <nd ref="9032760512"/>
  <nd ref="9032760513"/>
  <nd ref="9032760514"/>
  <nd ref="9032760497"/>
  <tag k="place" v="island"/>
 </way>
 <relation id="8921902" visible="true" version="8" changeset="153003176" timestamp="2024-06-21T17:48:00Z" user="sbre" uid="19863282">
  <member type="way" ref="652161557" role="inner"/>
  <member type="way" ref="652161560" role="inner"/>
  <member type="way" ref="652161559" role="inner"/>
  <member type="way" ref="652150481" role="inner"/>
  <member type="way" ref="652150483" role="inner"/>
  <member type="way" ref="644076881" role="inner"/>
  <member type="way" ref="644067196" role="inner"/>
  <member type="way" ref="644067191" role="inner"/>
  <member type="way" ref="644067207" role="inner"/>
  <member type="way" ref="644067200" role="inner"/>
  <member type="way" ref="644067216" role="inner"/>
  <member type="way" ref="644067223" role="inner"/>
  <member type="way" ref="644067232" role="inner"/>
  <member type="way" ref="643700750" role="inner"/>
  <member type="way" ref="643700751" role="inner"/>
  <member type="way" ref="82863030" role="outer"/>
  <member type="way" ref="976066629" role="inner"/>
  <tag k="alt_name:ar" v="نهر كارنالي;كارنالي"/>
  <tag k="name" v="Ghaghara"/>
  <tag k="name:ar" v="نهر غاغهرا"/>
  <tag k="name:ur" v="دریائے گھاگھرا"/>
  <tag k="natural" v="water"/>
  <tag k="short_name:ar" v="غاغهرا"/>
  <tag k="type" v="multipolygon"/>
  <tag k="water" v="river"/>
 </relation>
</osm>
