{"type":"FeatureCollection","bbox":[82.148,26.771,82.255,26.824],"metadata":{"source":"OpenStreetMap API 0.6 extended bounding-box extract and full river relation","source_url":"https://www.openstreetmap.org/api/0.6/map?bbox=82.148,26.771,82.255,26.824","water_source_url":"https://www.openstreetmap.org/api/0.6/relation/8921902/full","retrieved":"2026-10-07","copyright":"© OpenStreetMap contributors","attribution_url":"https://www.openstreetmap.org/copyright","license":"ODbL 1.0","license_url":"https://opendatacommons.org/licenses/odbl/1.0/","note":"Extended geographic context for the web map. Not a route or a guarantee of public access. Temple entry arrangements may change."},"features":[{"type":"Feature","properties":{"id":"way/63109215","kind":"rail","class":"rail","name":""},"geometry":{"type":"LineString","coordinates":[[82.2047183,26.7884954],[82.2041759,26.7885576]]}},{"type":"Feature","properties":{"id":"way/64725306","kind":"rail","class":"rail","name":"Mankapur Jn - Faizabad railway","bridge":"yes"},"geometry":{"type":"LineString","coordinates":[[82.2154483,26.8073001],[82.214326,26.8182226]]}},{"type":"Feature","properties":{"id":"way/64725323","kind":"rail","class":"rail","name":"Mankapur Jn - Faizabad railway"},"geometry":{"type":"LineString","coordinates":[[82.214326,26.8182226],[82.2138071,26.8233737],[82.2137382,26.824]]}},{"type":"Feature","properties":{"id":"way/76809295","kind":"road","class":"trunk","name":"","bridge":"yes"},"geometry":{"type":"LineString","coordinates":[[82.2058677,26.811033],[82.2057018,26.8114056],[82.2054335,26.8120519],[82.2048998,26.8134056],[82.2041823,26.8152189],[82.2026056,26.8193565]]}},{"type":"Feature","properties":{"id":"way/76809296","kind":"road","class":"trunk","name":""},"geometry":{"type":"LineString","coordinates":[[82.2026056,26.8193565],[82.2025901,26.8193927],[82.2024489,26.819723],[82.2020046,26.8208156],[82.2016632,26.8216383],[82.201598,26.8217681],[82.2015164,26.8218877],[82.2013399,26.8221201],[82.2011688,26.8223402],[82.2009903,26.822538],[82.2008024,26.8227045],[82.2006518,26.8228189],[82.2004398,26.822961],[82.1998495,26.8233113],[82.1996158,26.8234676],[82.1993886,26.8236465],[82.1991079,26.823884],[82.1989927,26.824]]}},{"type":"Feature","properties":{"id":"way/101225496","kind":"rail","class":"rail","name":"Barabanki - Jaunpur railway"},"geometry":{"type":"LineString","coordinates":[[82.148,26.772562],[82.1520254,26.7736917],[82.1590985,26.7756639],[82.1612333,26.7762791],[82.1634319,26.7769128],[82.1639501,26.7770621],[82.166891,26.7778882],[82.168367,26.7783092],[82.1688886,26.778458],[82.1706775,26.778969],[82.1718362,26.7792969],[82.1724505,26.7794406],[82.1730541,26.7795556],[82.1736788,26.7796726],[82.1740193,26.7797184],[82.1744648,26.7797782],[82.1749946,26.7798086],[82.1760712,26.779865],[82.1768224,26.7799435],[82.1776441,26.7800305],[82.1777386,26.7800452],[82.1784559,26.7801565],[82.179164,26.7803098],[82.1797557,26.7804759],[82.1818068,26.7811938],[82.1826455,26.7815885],[82.184232,26.7824137],[82.1850494,26.7828571],[82.1867944,26.7835249],[82.1912353,26.7848617],[82.1914358,26.7849194],[82.1941489,26.7856993]]}},{"type":"Feature","properties":{"id":"way/239035730","kind":"road","class":"trunk","name":"","oneway":"yes","bridge":"yes"},"geometry":{"type":"LineString","coordinates":[[82.2196084,26.8076244],[82.2194019,26.8094425],[82.2192848,26.8107577],[82.2191376,26.812035],[82.218988,26.8134659],[82.2188783,26.8147142],[82.2187262,26.8161006],[82.2185717,26.8175136],[82.2184171,26.8189065],[82.2183535,26.8194615]]}},{"type":"Feature","properties":{"id":"way/239035742","kind":"road","class":"trunk","name":"","oneway":"yes","bridge":"yes"},"geometry":{"type":"LineString","coordinates":[[82.2208046,26.8026241],[82.2212049,26.8016143],[82.221335,26.8013342],[82.221512,26.8009858],[82.2218031,26.8004507],[82.2220337,26.8000581],[82.2227285,26.7989386],[82.2232233,26.79815]]}},{"type":"Feature","properties":{"id":"way/239035744","kind":"road","class":"trunk","name":"","oneway":"yes"},"geometry":{"type":"LineString","coordinates":[[82.2181063,26.824],[82.2182622,26.8225258],[82.2184421,26.8206158],[82.2185584,26.8194892]]}},{"type":"Feature","properties":{"id":"way/239035746","kind":"road","class":"trunk","name":"","oneway":"yes","bridge":"yes"},"geometry":{"type":"LineString","coordinates":[[82.2185584,26.8194892],[82.2187982,26.8173777],[82.2189921,26.8154203],[82.2191826,26.8133999],[82.2193906,26.8113921],[82.2195916,26.8095385],[82.2198072,26.8076276]]}},{"type":"Feature","properties":{"id":"way/239035747","kind":"road","class":"trunk","name":"","oneway":"yes"},"geometry":{"type":"LineString","coordinates":[[82.2198072,26.8076276],[82.2199089,26.8066179],[82.2201205,26.8051451],[82.2201871,26.80483],[82.2203321,26.8041442],[82.2205331,26.8034046],[82.2208046,26.8026241]]}},{"type":"Feature","properties":{"id":"way/239035749","kind":"road","class":"trunk","name":"","oneway":"yes"},"geometry":{"type":"LineString","coordinates":[[82.2183535,26.8194615],[82.2183148,26.8201125],[82.2181777,26.821372],[82.2180407,26.8226486],[82.2180356,26.8226959],[82.2179217,26.8239549],[82.2179176,26.824]]}},{"type":"Feature","properties":{"id":"way/239035752","kind":"road","class":"trunk","name":"","oneway":"yes"},"geometry":{"type":"LineString","coordinates":[[82.2232233,26.79815],[82.2237227,26.79737],[82.2243887,26.7962837]]}},{"type":"Feature","properties":{"id":"way/239035753","kind":"road","class":"trunk","name":"","oneway":"yes"},"geometry":{"type":"LineString","coordinates":[[82.2208089,26.8002428],[82.2202378,26.8006143],[82.2195083,26.801099],[82.2164443,26.8031349],[82.2152697,26.8038857],[82.2147473,26.8042197]]}},{"type":"Feature","properties":{"id":"way/239035754","kind":"road","class":"trunk","name":"","oneway":"yes","bridge":"yes"},"geometry":{"type":"LineString","coordinates":[[82.2230959,26.7981117],[82.2226581,26.7987659],[82.2221404,26.7995447],[82.2218178,26.8000547],[82.2215348,26.8005465],[82.2213109,26.8009391],[82.2211567,26.8012492],[82.2209421,26.8017232],[82.2207982,26.8020809],[82.2206037,26.8026083]]}},{"type":"Feature","properties":{"id":"way/239035755","kind":"road","class":"trunk","name":"","oneway":"yes"},"geometry":{"type":"LineString","coordinates":[[82.2206037,26.8026083],[82.2203519,26.8033538],[82.2202023,26.8038234],[82.2201076,26.8041617],[82.2199804,26.8047403],[82.2199252,26.8051714],[82.2198388,26.8056504],[82.2196774,26.806901],[82.2196084,26.8076244]]}},{"type":"Feature","properties":{"id":"way/239035759","kind":"road","class":"trunk_link","name":"","oneway":"yes"},"geometry":{"type":"LineString","coordinates":[[82.2201871,26.80483],[82.2204003,26.8041687],[82.2206189,26.8034669],[82.2210209,26.8023496],[82.2213277,26.80161],[82.2217976,26.8007045]]}},{"type":"Feature","properties":{"id":"way/239035760","kind":"road","class":"trunk_link","name":"","oneway":"yes"},"geometry":{"type":"LineString","coordinates":[[82.2214486,26.8005353],[82.2213548,26.8007158],[82.2206647,26.802101],[82.2204144,26.8028028],[82.2201464,26.8036589],[82.2199384,26.8044426],[82.2198819,26.8048423],[82.2199252,26.8051714]]}},{"type":"Feature","properties":{"id":"way/260795550","kind":"road","class":"residential","name":""},"geometry":{"type":"LineString","coordinates":[[82.2020025,26.8002526],[82.202058,26.8003411],[82.2024105,26.8007328],[82.202492,26.8009227],[82.2026156,26.8013557],[82.2026159,26.8014136],[82.2026171,26.8016839],[82.2024741,26.8023989],[82.2024768,26.8026116],[82.2026354,26.8034645],[82.2026612,26.8037851],[82.2025265,26.8039354],[82.2024895,26.8039989],[82.2024738,26.8045236],[82.2024593,26.8048992],[82.20244,26.8050938],[82.2023951,26.805277],[82.2024006,26.8053668],[82.2024356,26.8056298],[82.2024742,26.8062285],[82.20233,26.8066042]]}},{"type":"Feature","properties":{"id":"way/260795558","kind":"road","class":"unclassified","name":""},"geometry":{"type":"LineString","coordinates":[[82.1849619,26.7830367],[82.1849872,26.7829753],[82.1850494,26.7828571],[82.1850903,26.7827883],[82.1851093,26.7827731],[82.1851361,26.7827635],[82.1851755,26.7827631],[82.1856209,26.7829012],[82.1857934,26.7829468],[82.1859964,26.7829866],[82.1889132,26.7832927],[82.1901966,26.7834061],[82.1906442,26.7834229],[82.1907929,26.7834398],[82.1909943,26.7834153],[82.1910402,26.7834143],[82.1923382,26.7832131],[82.1934764,26.7830087],[82.1946083,26.7828099],[82.194854,26.7828046],[82.1950371,26.782816],[82.1951133,26.7828269],[82.195236,26.7828445],[82.1955076,26.7829086],[82.1958427,26.7829877],[82.1961412,26.7830662],[82.1973561,26.7833857],[82.1985781,26.783707],[82.1987015,26.7837394],[82.1989624,26.783808],[82.2013423,26.7840073],[82.2015038,26.7840208],[82.2016966,26.783998],[82.2024536,26.7837616],[82.2027905,26.7836564],[82.2032257,26.7836301]]}},{"type":"Feature","properties":{"id":"way/260795563","kind":"road","class":"primary","name":""},"geometry":{"type":"LineString","coordinates":[[82.1924253,26.8012041],[82.1924371,26.8012422],[82.1925121,26.8019107],[82.1925652,26.8021165],[82.1925977,26.8022266],[82.1926383,26.8023277],[82.1927174,26.802466],[82.1928366,26.8026024],[82.192933,26.8026954],[82.1932264,26.8028975],[82.1932834,26.8029553],[82.1935461,26.8032608],[82.1939283,26.8035768],[82.1942959,26.8037985],[82.1945494,26.8039515],[82.1947212,26.8040473],[82.1948602,26.8041028],[82.1952158,26.8042375],[82.1957084,26.8043932],[82.195839,26.80444],[82.195924,26.8044876],[82.1959611,26.8045485]]}},{"type":"Feature","properties":{"id":"way/260795565","kind":"road","class":"tertiary","name":"Kanak Bhawan Road"},"geometry":{"type":"LineString","coordinates":[[82.1919292,26.7978131],[82.1924795,26.7976644],[82.1929902,26.7975474],[82.1930251,26.7975462],[82.1934691,26.7975313],[82.1937131,26.7975448],[82.1938135,26.7975426],[82.1938402,26.797542],[82.1939785,26.797528],[82.1941244,26.7974987],[82.1944577,26.7973973],[82.1950729,26.7972319],[82.1960492,26.7969232],[82.1963823,26.7970788],[82.1970691,26.7972915],[82.1971962,26.7974399],[82.1972797,26.7974674],[82.1981056,26.7972554],[82.1988658,26.7971012],[82.19891,26.7970922],[82.1991776,26.7969832],[82.1995777,26.7967178],[82.2000891,26.7963786],[82.2002834,26.7962414],[82.2016086,26.7958471],[82.2016823,26.7958334],[82.2018756,26.7957975],[82.2020963,26.7959737],[82.2022158,26.7962141],[82.2022568,26.7962993],[82.202679,26.7966824],[82.2031141,26.7970771],[82.2031761,26.7971334],[82.2034036,26.797387],[82.2035216,26.7974398],[82.203597,26.7974111]]}},{"type":"Feature","properties":{"id":"way/260795566","kind":"road","class":"unclassified","name":""},"geometry":{"type":"LineString","coordinates":[[82.2050562,26.7938942],[82.2053674,26.7938572],[82.2056366,26.7938583],[82.2058612,26.7938575],[82.206522,26.7939411],[82.206966,26.794107],[82.2073981,26.7943258],[82.2074161,26.7943349],[82.2075493,26.7943622],[82.2079189,26.794438],[82.2081953,26.7945695],[82.2084691,26.7946998],[82.2089099,26.7949096],[82.2090435,26.7949672],[82.2091085,26.7952265]]}},{"type":"Feature","properties":{"id":"way/260795567","kind":"road","class":"primary","name":""},"geometry":{"type":"LineString","coordinates":[[82.2222427,26.7992033],[82.2216393,26.7989917],[82.2210668,26.7987844],[82.2205193,26.7987038],[82.2203255,26.7986524],[82.2202331,26.7985949],[82.2201319,26.798532],[82.2197997,26.798317],[82.2188368,26.7977919],[82.2183047,26.797523],[82.2182633,26.7975021],[82.2176904,26.7971624],[82.2172341,26.7968317]]}},{"type":"Feature","properties":{"id":"way/260795568","kind":"road","class":"primary","name":""},"geometry":{"type":"LineString","coordinates":[[82.1519779,26.7885894],[82.152113,26.7885234],[82.1527964,26.7882528],[82.1532408,26.7881322],[82.1543745,26.7878589],[82.1550335,26.7876931],[82.1552368,26.7876419],[82.1553763,26.7876243],[82.1555159,26.7876274],[82.155858,26.7876672],[82.1560566,26.7876547],[82.1561558,26.7876199],[82.1562468,26.7875742],[82.1565245,26.7873638],[82.1569031,26.7870907],[82.1569957,26.7870105],[82.1570459,26.7869932],[82.1571081,26.786994],[82.1572924,26.7870235],[82.1575765,26.7870435],[82.1578682,26.7869772],[82.1580061,26.7869193],[82.1582445,26.7869104],[82.1587097,26.7868532],[82.1592837,26.7867832],[82.159344,26.7867953],[82.1598592,26.7868988],[82.1600727,26.7869011],[82.1602477,26.7868694],[82.1606193,26.7868237],[82.160757,26.7867832],[82.1608204,26.7867517],[82.1608755,26.7867129],[82.1610033,26.7866161],[82.1611095,26.7865425],[82.161229,26.7864729],[82.1612955,26.7864434],[82.1613748,26.7864123],[82.1614943,26.786381],[82.1616193,26.7863881],[82.161895,26.7864062],[82.1620163,26.7864148],[82.1621435,26.7864181],[82.1629036,26.7862962],[82.163089,26.7862703],[82.164647,26.7858746]]}},{"type":"Feature","properties":{"id":"way/260795581","kind":"road","class":"primary","name":"","oneway":"yes","bridge":"yes"},"geometry":{"type":"LineString","coordinates":[[82.1909733,26.781485],[82.1909171,26.7815334],[82.1907071,26.7817386],[82.1906542,26.7818174],[82.1906197,26.7818914],[82.1905915,26.7819932],[82.1905801,26.7821189],[82.190849,26.783437],[82.1913356,26.7850336],[82.1917271,26.7863634],[82.1919502,26.7871889]]}},{"type":"Feature","properties":{"id":"way/260795583","kind":"road","class":"tertiary","name":""},"geometry":{"type":"LineString","coordinates":[[82.2050259,26.7937937],[82.2048137,26.7938417],[82.204725,26.7938617],[82.2045821,26.7939087],[82.2044134,26.7939643],[82.2041533,26.7940448],[82.2037363,26.7941023],[82.2035497,26.7941381],[82.2032599,26.79424],[82.202669,26.7944473],[82.2026124,26.7944681],[82.2023764,26.7945549],[82.2022886,26.7945872]]}},{"type":"Feature","properties":{"id":"way/260795590","kind":"road","class":"primary","name":""},"geometry":{"type":"LineString","coordinates":[[82.2102772,26.8006505],[82.2108807,26.8006264],[82.2111482,26.8006127],[82.2114488,26.8006462],[82.2118393,26.8007689],[82.2124785,26.80094]]}},{"type":"Feature","properties":{"id":"way/260795592","kind":"road","class":"primary","name":""},"geometry":{"type":"LineString","coordinates":[[82.1892527,26.7764252],[82.1919213,26.7761646],[82.1922857,26.7761346],[82.1930035,26.7760756],[82.1931856,26.776025],[82.1933468,26.7759658],[82.1935694,26.775857],[82.1938582,26.7756669],[82.1940095,26.7755524],[82.1942143,26.7753696],[82.1948671,26.7748642],[82.1951419,26.7746515],[82.1956124,26.7744031],[82.1966291,26.7739336],[82.1969542,26.773748],[82.1970847,26.7736892],[82.1971189,26.7736738],[82.1973167,26.7735846],[82.1974501,26.7735447],[82.1975735,26.773524],[82.1977988,26.7735225],[82.1981424,26.7735427],[82.198439,26.7735667],[82.1987966,26.7736618],[82.1989984,26.7737516],[82.199187,26.7738638],[82.1997911,26.7742221],[82.2000087,26.7743698],[82.2001563,26.7744881],[82.2005425,26.7748233],[82.2007041,26.7749648],[82.2008499,26.7750925],[82.2010974,26.7753289],[82.2012994,26.7754835],[82.201488,26.7755806],[82.2016562,26.7756579],[82.2019066,26.7757183],[82.2022959,26.7757559],[82.2024349,26.7757347],[82.2029783,26.775538],[82.2030782,26.7755049],[82.2034858,26.7754064],[82.2037859,26.7753867],[82.2050927,26.7753371],[82.2052329,26.7753525]]}},{"type":"Feature","properties":{"id":"way/260795599","kind":"road","class":"primary","name":""},"geometry":{"type":"LineString","coordinates":[[82.2099546,26.7996258],[82.2091925,26.799741],[82.2084092,26.7996067],[82.2079056,26.7995819],[82.2077368,26.7995973],[82.2076094,26.7996016],[82.2064138,26.7997806],[82.2060483,26.7998244],[82.2058297,26.7998053],[82.2057799,26.7997959],[82.2057444,26.7997892],[82.2048532,26.7996206],[82.2047652,26.799604]]}},{"type":"Feature","properties":{"id":"way/260795602","kind":"road","class":"unclassified","name":""},"geometry":{"type":"LineString","coordinates":[[82.2149054,26.801243],[82.2150893,26.8013011],[82.2155805,26.8014562],[82.2158416,26.8015387],[82.2161013,26.8016207],[82.2162851,26.8016787],[82.2166594,26.8019094],[82.216208,26.8025007],[82.2161952,26.8025378],[82.2161973,26.8025647],[82.2164443,26.8031349]]}},{"type":"Feature","properties":{"id":"way/260795604","kind":"road","class":"residential","name":""},"geometry":{"type":"LineString","coordinates":[[82.2087604,26.8066148],[82.2092874,26.8061622],[82.2097102,26.805818],[82.2101608,26.8053948],[82.2111757,26.8043079],[82.2112884,26.8041564],[82.211403,26.803938],[82.2114991,26.8036618],[82.2116878,26.8030274],[82.2117798,26.802903],[82.2120213,26.8025767],[82.2120655,26.8022723],[82.2120278,26.8019065],[82.2120025,26.8016977],[82.2119072,26.8009101],[82.2118773,26.800848],[82.2118393,26.8007689]]}},{"type":"Feature","properties":{"id":"way/260795605","kind":"road","class":"unclassified","name":""},"geometry":{"type":"LineString","coordinates":[[82.2002888,26.8065319],[82.2005543,26.806969],[82.2007029,26.8071972],[82.2008779,26.8074326],[82.2010626,26.8075667],[82.2012485,26.8076719],[82.2014685,26.8077465],[82.2018213,26.8077873],[82.2020827,26.8078028],[82.2023092,26.8078033],[82.2024434,26.807794],[82.2024823,26.8077949],[82.2025109,26.8078178],[82.2025251,26.8078495],[82.2026307,26.808226],[82.202647,26.8082622],[82.2026755,26.8082901],[82.2027439,26.8083007],[82.2040873,26.8083089],[82.204145,26.8083054],[82.2043672,26.808292],[82.2045378,26.8082408],[82.2046427,26.8081736],[82.2048558,26.8080538],[82.2050051,26.807938],[82.2051218,26.8078513],[82.2051641,26.8078363],[82.2052595,26.8078024],[82.2053765,26.8077609],[82.2054364,26.8077656],[82.2054804,26.8077922],[82.2055257,26.8078571],[82.2055759,26.8078842],[82.2056411,26.8078758],[82.2060758,26.8077395],[82.2062679,26.8076596],[82.2063189,26.8076403],[82.206962,26.8072583],[82.2070494,26.807217],[82.2071877,26.8070379],[82.2073916,26.8067305],[82.207517,26.8065812],[82.2075701,26.8065125],[82.2077237,26.8063688],[82.20792,26.8062488],[82.2083757,26.8060073]]}},{"type":"Feature","properties":{"id":"way/260795606","kind":"road","class":"unclassified","name":""},"geometry":{"type":"LineString","coordinates":[[82.1874534,26.7887574],[82.1880603,26.7886785],[82.1886697,26.7886375],[82.1888515,26.7886004],[82.1889816,26.7885653],[82.1890333,26.7885513],[82.1892912,26.7884034],[82.18932,26.788388],[82.1889761,26.7875144],[82.1888076,26.7870916],[82.1892185,26.7869251],[82.189291,26.7869184],[82.1893641,26.7869298],[82.1896127,26.7869592],[82.1896855,26.7869632],[82.1899449,26.7868953],[82.1898758,26.7865155],[82.18987,26.7862258]]}},{"type":"Feature","properties":{"id":"way/260795610","kind":"water","class":"pond","name":"Dant Dhawan Kund"},"geometry":{"type":"Polygon","coordinates":[[[82.2036305,26.7942051],[82.2039351,26.7941533],[82.2039948,26.7944416],[82.2036922,26.7944983],[82.2036305,26.7942051]]]}},{"type":"Feature","properties":{"id":"way/260795620","kind":"water","class":"drain","name":"Ram ki Paidi"},"geometry":{"type":"Polygon","coordinates":[[[82.202739,26.8099682],[82.2037736,26.8098432],[82.2073336,26.8085529],[82.20732,26.8084279],[82.2084585,26.8078029],[82.2085773,26.8078775],[82.2086166,26.8080368],[82.2070083,26.8091497],[82.2059466,26.8094924],[82.2055844,26.8095913],[82.2042431,26.8100517],[82.2039369,26.8101875],[82.2035883,26.8102868],[82.2029091,26.810032],[82.202739,26.8099682]]]}},{"type":"Feature","properties":{"id":"way/260795622","kind":"water","class":"drain","name":""},"geometry":{"type":"Polygon","coordinates":[[[82.2118875,26.8067183],[82.2117389,26.806807],[82.2130626,26.8085731],[82.2132112,26.8084844],[82.2118875,26.8067183]]]}},{"type":"Feature","properties":{"id":"way/260795623","kind":"water","class":"drain","name":""},"geometry":{"type":"Polygon","coordinates":[[[82.211255,26.8059441],[82.2113409,26.806043],[82.2093136,26.8074691],[82.2092767,26.807427],[82.209233,26.8073857],[82.211255,26.8059441]]]}},{"type":"Feature","properties":{"id":"way/274056489","kind":"road","class":"trunk","name":"","oneway":"yes"},"geometry":{"type":"LineString","coordinates":[[82.2217976,26.8007045],[82.222011,26.8003574],[82.2224277,26.7996657],[82.2225849,26.799415],[82.2228974,26.7989101],[82.2232662,26.798308],[82.2237557,26.7975347],[82.2241554,26.7968931],[82.2242318,26.7967398],[82.2242989,26.796577],[82.2243887,26.7962837]]}},{"type":"Feature","properties":{"id":"way/274056495","kind":"road","class":"trunk","name":"","oneway":"yes"},"geometry":{"type":"LineString","coordinates":[[82.2243125,26.7962039],[82.2241875,26.7964156],[82.2239676,26.7967722],[82.2235398,26.7974329],[82.2230959,26.7981117]]}},{"type":"Feature","properties":{"id":"way/274056496","kind":"road","class":"trunk","name":"","oneway":"yes"},"geometry":{"type":"LineString","coordinates":[[82.2243887,26.7962837],[82.2246261,26.7958695],[82.2250204,26.7952183],[82.2254616,26.7944809],[82.2260946,26.7934346],[82.2264822,26.7927762],[82.226745,26.7923285],[82.2273861,26.7912451],[82.227834,26.7905052],[82.2279507,26.7903053],[82.2280741,26.7900707],[82.2281666,26.7898684],[82.2281901,26.7897967],[82.2282707,26.7895511],[82.22829,26.7894924],[82.2283624,26.7891812],[82.2283801,26.7890551],[82.2283906,26.7889801],[82.2284053,26.7885778],[82.2283879,26.7882953],[82.2283302,26.7879194],[82.2282538,26.7876416],[82.2281626,26.787395],[82.2276261,26.7861906],[82.2273847,26.7856686],[82.2266632,26.7840668],[82.2262596,26.7831509],[82.2260168,26.7826241],[82.2256641,26.7818148],[82.2253785,26.7811814],[82.2252309,26.7808845],[82.2250539,26.7805433],[82.2249077,26.7802955],[82.2244772,26.7796741],[82.2242291,26.7793724],[82.2240534,26.7791832],[82.2232783,26.7784744],[82.2228022,26.7780446],[82.2222953,26.7776088],[82.2216985,26.7770844],[82.2214021,26.7768222],[82.220871,26.7763708],[82.2204834,26.7760727],[82.2184742,26.7746912],[82.2165503,26.7734139],[82.2160133,26.773041],[82.2150759,26.7724364],[82.2137097,26.7715175],[82.2133955,26.7713278],[82.2128307,26.771]]}},{"type":"Feature","properties":{"id":"way/274106859","kind":"road","class":"primary","name":"","surface":"paved"},"geometry":{"type":"LineString","coordinates":[[82.1593632,26.771],[82.1590597,26.7710802],[82.1586966,26.7711792],[82.1584004,26.7712598],[82.1583452,26.7712748],[82.1581167,26.7713342],[82.1579842,26.7713615],[82.1577185,26.7714164],[82.1575141,26.7714419],[82.1571582,26.771476],[82.1568167,26.7714998],[82.1565576,26.771517],[82.1563141,26.7715222],[82.1561445,26.7715133],[82.1559066,26.7714825],[82.1554861,26.7714135],[82.1553627,26.7713902],[82.1553142,26.771381],[82.1552101,26.7713653],[82.1550762,26.771345],[82.15483,26.7713167],[82.1546641,26.7713009],[82.1542731,26.7712921],[82.1539846,26.7713008],[82.1537506,26.7713079],[82.1532296,26.7713134],[82.15297,26.7713047],[82.1524938,26.7712888],[82.1522189,26.7712901],[82.1519101,26.7712916],[82.1516047,26.7713021],[82.151503,26.7713067],[82.1512293,26.7713178],[82.1511058,26.7713209],[82.1510414,26.771324],[82.1508335,26.7713392],[82.1506642,26.771363],[82.1505004,26.771402],[82.150401,26.7714256],[82.150259,26.7714648],[82.1502166,26.7714765],[82.1500602,26.7715273],[82.1496049,26.7716775],[82.1495313,26.7717047],[82.1490359,26.7718735],[82.1487831,26.7719597],[82.148701,26.7719873],[82.148,26.7722232]]}},{"type":"Feature","properties":{"id":"way/274106870","kind":"road","class":"trunk","name":"","oneway":"yes"},"geometry":{"type":"LineString","coordinates":[[82.2126121,26.771],[82.212645,26.7710173],[82.2132645,26.7713828],[82.2137913,26.7717108],[82.214151,26.7719499],[82.2147415,26.7723418],[82.2156648,26.7729773],[82.2158338,26.773085],[82.2161539,26.7732871],[82.2162657,26.7733577],[82.2174922,26.774172],[82.2186296,26.7749507],[82.219608,26.7755841],[82.2200395,26.775883],[82.220529,26.7762305],[82.2209837,26.7766067],[82.2215228,26.7770712],[82.2220726,26.7775621],[82.2223248,26.7777836],[82.2230785,26.7784397],[82.2237517,26.7790419],[82.2239783,26.779261],[82.2241674,26.7794694],[82.2243726,26.7797256],[82.2245523,26.7799543],[82.224791,26.780317],[82.2250177,26.7807181],[82.2251317,26.7809516],[82.2252175,26.78113],[82.2252819,26.7812688],[82.2256386,26.7820554],[82.2258654,26.782552],[82.2261524,26.783194],[82.2262734,26.7834509],[82.226686,26.784396],[82.2270709,26.785252],[82.2274241,26.7860221],[82.2277884,26.7868215],[82.2280687,26.7874836],[82.2281478,26.7876871],[82.2282082,26.7879313],[82.2282565,26.7881863],[82.2282833,26.7884306],[82.2282913,26.7886784],[82.2282565,26.7891094],[82.228176,26.7894709],[82.2281029,26.789696],[82.2279909,26.7899845],[82.2278796,26.7902179],[82.2276972,26.7905232],[82.2268403,26.7919298],[82.2264138,26.7926745],[82.2255997,26.7940511],[82.2248997,26.7951932],[82.2245108,26.7958528],[82.2243125,26.7962039]]}},{"type":"Feature","properties":{"id":"way/356630646","kind":"road","class":"primary","name":""},"geometry":{"type":"LineString","coordinates":[[82.1556973,26.7816591],[82.1555325,26.781678],[82.1552302,26.7817126],[82.1546295,26.7817968],[82.154204,26.7818746],[82.15418,26.781879],[82.153844,26.7819612],[82.153748,26.781987],[82.1535362,26.7820438],[82.1533463,26.782095],[82.1529782,26.782185],[82.1523931,26.7823329],[82.1523649,26.78234],[82.1521668,26.7823865],[82.1520456,26.782415],[82.1518238,26.782467],[82.1506827,26.782768],[82.1501204,26.7829127],[82.1486375,26.7833596],[82.1486031,26.7833704],[82.1482085,26.783494],[82.148,26.7835658]]}},{"type":"Feature","properties":{"id":"way/356630647","kind":"road","class":"primary","name":"Kosi Parikrama Road"},"geometry":{"type":"LineString","coordinates":[[82.1785128,26.7855078],[82.1793316,26.7857485],[82.1800043,26.785854],[82.1803126,26.7859023],[82.1807702,26.7860023],[82.1817693,26.7862205],[82.1830187,26.7867077],[82.1830393,26.7867157],[82.1833088,26.7868282],[82.1836326,26.786984],[82.1846687,26.7874387],[82.184802,26.7875041],[82.1853157,26.7877857],[82.1857623,26.7880305],[82.1864327,26.7884907],[82.186612,26.7885635],[82.187393,26.7887298],[82.1874534,26.7887574],[82.1875541,26.7888563],[82.1878763,26.789203],[82.1880963,26.7894986],[82.1882725,26.7898329],[82.1884385,26.7899877],[82.1885931,26.7900735],[82.1886871,26.7901206],[82.1888561,26.7902783],[82.1889816,26.7904276],[82.189308,26.7909685],[82.1894928,26.7913763],[82.1895257,26.7914488],[82.1897649,26.7919899],[82.1899465,26.7921838],[82.1902527,26.7925273],[82.1904154,26.7926804],[82.1906728,26.7929751],[82.1909294,26.7932143],[82.1911928,26.7935424],[82.1913084,26.7938101],[82.1913265,26.7938655],[82.1913597,26.7939667],[82.1916859,26.7965038],[82.1916971,26.796591],[82.1919292,26.7978131],[82.191943,26.7979353],[82.1920372,26.7987691],[82.1920778,26.7990716],[82.1921312,26.7996189],[82.1922374,26.8000483],[82.1922627,26.8002204],[82.1922745,26.8002917],[82.1924253,26.8012041]]}},{"type":"Feature","properties":{"id":"way/356630648","kind":"road","class":"primary","name":"","bridge":"yes"},"geometry":{"type":"LineString","coordinates":[[82.1630681,26.7829386],[82.1633337,26.7829031]]}},{"type":"Feature","properties":{"id":"way/356630650","kind":"road","class":"primary","name":"","bridge":"yes"},"geometry":{"type":"LineString","coordinates":[[82.164647,26.7858746],[82.1648562,26.7858387]]}},{"type":"Feature","properties":{"id":"way/356630707","kind":"road","class":"primary","name":"Chowk Ayodhya Road","oneway":"no","display_name":"Ram Path (Chowk Ayodhya Road)"},"geometry":{"type":"LineString","coordinates":[[82.1633337,26.7829031],[82.1637173,26.7828509],[82.1643679,26.7827581],[82.1644159,26.7827499],[82.1656593,26.7825905],[82.165774,26.782579],[82.1662654,26.7825261],[82.1666627,26.7824765],[82.1669459,26.7824217],[82.1672404,26.7823606],[82.1672954,26.782348],[82.167354,26.7823346],[82.1675075,26.7822995],[82.1678023,26.7822089],[82.1680079,26.7821324],[82.1680763,26.7821051],[82.1685156,26.7819296],[82.1688011,26.7818205],[82.1691148,26.7817006],[82.1692847,26.7816372],[82.16948,26.7815755],[82.1697464,26.7815148],[82.1698416,26.7814977],[82.1700204,26.7814872],[82.170425,26.7814908],[82.1704935,26.7814908],[82.1705832,26.7814908]]}},{"type":"Feature","properties":{"id":"way/356630715","kind":"road","class":"residential","name":""},"geometry":{"type":"LineString","coordinates":[[82.1592899,26.802629],[82.158889,26.8009882],[82.1585764,26.7997164],[82.1577679,26.7997124],[82.1576831,26.7989151],[82.1576518,26.7977071],[82.1575759,26.7972407],[82.1572543,26.7964792],[82.1566666,26.7953435],[82.1565664,26.7952028],[82.156258,26.7946425],[82.15603,26.7941613],[82.1557215,26.793783],[82.1552602,26.7931437],[82.1549946,26.7928109],[82.1547237,26.7924135],[82.154528,26.7921724],[82.1544487,26.7920262],[82.1543647,26.7918869],[82.1541813,26.7916049],[82.1538986,26.7912006],[82.1537423,26.7910157],[82.1535691,26.7908002],[82.1534438,26.7906624],[82.1533859,26.7905998],[82.1533183,26.7905316],[82.1531627,26.7903448],[82.1526745,26.7897367],[82.1523561,26.7892921],[82.1523174,26.7892315],[82.1520391,26.7887082],[82.1519779,26.7885894]]}},{"type":"Feature","properties":{"id":"way/356631860","kind":"road","class":"residential","name":""},"geometry":{"type":"LineString","coordinates":[[82.1521427,26.7800445],[82.1521557,26.7802029],[82.1521678,26.7802392],[82.1522246,26.7803091],[82.1522419,26.7803473],[82.1522702,26.7804545],[82.1523116,26.7807857],[82.1523278,26.7808662],[82.152356,26.7810025],[82.152358,26.7810309],[82.1523243,26.7810465],[82.1517364,26.7812231],[82.1514313,26.7813147],[82.1513898,26.78134],[82.1513623,26.7813912],[82.1513347,26.7814283],[82.1512857,26.7814591],[82.1512094,26.7814882],[82.1505937,26.7817074]]}},{"type":"Feature","properties":{"id":"way/356631884","kind":"road","class":"unclassified","name":""},"geometry":{"type":"LineString","coordinates":[[82.1490079,26.7803061],[82.148856,26.7803514],[82.1487847,26.7803442],[82.1487208,26.7803305],[82.1486687,26.7803056],[82.1484251,26.7801672],[82.1483777,26.7801511],[82.1483204,26.7801469],[82.1480589,26.7801715],[82.1480205,26.7801767],[82.148,26.7801795]]}},{"type":"Feature","properties":{"id":"way/356631886","kind":"road","class":"unclassified","name":""},"geometry":{"type":"LineString","coordinates":[[82.1612305,26.7827924],[82.1598083,26.7828171],[82.1596725,26.7828055],[82.1595782,26.7827974],[82.159473,26.7827823],[82.1587108,26.7826299],[82.1581214,26.7825081],[82.1578053,26.7824428],[82.1575694,26.7823901],[82.1574544,26.7823604],[82.1573839,26.7823447],[82.1573452,26.782377],[82.1572676,26.7824465],[82.1571927,26.7824845],[82.1571096,26.7825212],[82.157012,26.7825636],[82.156954,26.7825888],[82.1563184,26.7828647],[82.1560713,26.7829834],[82.1558638,26.7831131],[82.1554753,26.7833408],[82.1553414,26.7834132],[82.1552473,26.7834669],[82.1547032,26.7835253],[82.1540975,26.7836199],[82.1540817,26.7836199],[82.1537495,26.7836199],[82.1536895,26.7836145],[82.1535748,26.7836043],[82.1534668,26.7836068],[82.1530395,26.7836871],[82.1528779,26.7837347],[82.1525428,26.7838334],[82.1524603,26.7838661],[82.1521133,26.783964],[82.1519427,26.7839932],[82.1513821,26.7839962],[82.1512489,26.7840017],[82.1511157,26.7840216],[82.1505398,26.7841284]]}},{"type":"Feature","properties":{"id":"way/356631904","kind":"road","class":"residential","name":""},"geometry":{"type":"LineString","coordinates":[[82.155226,26.7799653],[82.1538355,26.7799808]]}},{"type":"Feature","properties":{"id":"way/356631927","kind":"road","class":"residential","name":""},"geometry":{"type":"LineString","coordinates":[[82.1538828,26.7803984],[82.1538281,26.7805468],[82.1538233,26.7807448],[82.153844,26.7819612]]}},{"type":"Feature","properties":{"id":"way/356631961","kind":"road","class":"primary","name":"","surface":"paved"},"geometry":{"type":"LineString","coordinates":[[82.1513005,26.7879144],[82.1508395,26.7880968],[82.1500895,26.7882127],[82.1498897,26.7882392],[82.149599,26.7882985],[82.1491534,26.7884785],[82.1485727,26.7887431],[82.148161,26.7889358],[82.148,26.788975]]}},{"type":"Feature","properties":{"id":"way/356633155","kind":"road","class":"residential","name":""},"geometry":{"type":"LineString","coordinates":[[82.148,26.7843975],[82.1484503,26.7842173]]}},{"type":"Feature","properties":{"id":"way/356633163","kind":"road","class":"residential","name":""},"geometry":{"type":"LineString","coordinates":[[82.148,26.7841157],[82.148353,26.7839923],[82.1487419,26.7838565]]}},{"type":"Feature","properties":{"id":"way/356633165","kind":"road","class":"residential","name":""},"geometry":{"type":"LineString","coordinates":[[82.1494075,26.7836278],[82.1494374,26.783653],[82.1495809,26.7840636],[82.1495786,26.7841131],[82.149553,26.7841403],[82.1490613,26.7843854],[82.1490076,26.7843849],[82.1489789,26.7843557]]}},{"type":"Feature","properties":{"id":"way/356633171","kind":"road","class":"residential","name":""},"geometry":{"type":"LineString","coordinates":[[82.1482085,26.783494],[82.148353,26.7839923],[82.1484503,26.7842173],[82.1486013,26.7845218],[82.1485983,26.7845667],[82.1485657,26.7845913],[82.148,26.7848102]]}},{"type":"Feature","properties":{"id":"way/356639666","kind":"road","class":"secondary","name":""},"geometry":{"type":"LineString","coordinates":[[82.168083,26.7720624],[82.1681896,26.7723429],[82.1683172,26.7727042],[82.1685804,26.7734757],[82.1686928,26.7738448],[82.1688047,26.7742067],[82.1688217,26.774261],[82.1688456,26.7743377],[82.1689135,26.7745402],[82.1689987,26.774794],[82.1691113,26.7751285],[82.1691413,26.7752186],[82.1691515,26.7752489],[82.1691687,26.7752999],[82.1692307,26.7754846],[82.1693528,26.7758649],[82.1693804,26.7759508],[82.1694185,26.7760659],[82.1694525,26.7761686],[82.1695347,26.776417],[82.1696533,26.7767167],[82.1697462,26.7769061],[82.1698172,26.7770509],[82.169924,26.7772362],[82.1699863,26.7773575],[82.1701174,26.7776771],[82.1702475,26.7780291],[82.1703448,26.7782268],[82.1704305,26.7783711],[82.170653,26.7787651]]}},{"type":"Feature","properties":{"id":"way/356639668","kind":"road","class":"unclassified","name":""},"geometry":{"type":"LineString","coordinates":[[82.1510414,26.771324],[82.1510284,26.7712361],[82.1510185,26.771]]}},{"type":"Feature","properties":{"id":"way/356639671","kind":"road","class":"residential","name":""},"geometry":{"type":"LineString","coordinates":[[82.1691148,26.7817006],[82.1693775,26.7823301],[82.1697597,26.7832461]]}},{"type":"Feature","properties":{"id":"way/356639672","kind":"road","class":"residential","name":""},"geometry":{"type":"LineString","coordinates":[[82.1640956,26.771],[82.1642174,26.7712462]]}},{"type":"Feature","properties":{"id":"way/356639675","kind":"road","class":"residential","name":""},"geometry":{"type":"LineString","coordinates":[[82.1690128,26.7830705],[82.1688571,26.7827133],[82.1685156,26.7819296]]}},{"type":"Feature","properties":{"id":"way/356639677","kind":"road","class":"residential","name":""},"geometry":{"type":"LineString","coordinates":[[82.1728498,26.7824469],[82.1729056,26.7818546]]}},{"type":"Feature","properties":{"id":"way/356639679","kind":"road","class":"residential","name":""},"geometry":{"type":"LineString","coordinates":[[82.1724365,26.7824229],[82.1728498,26.7824469],[82.1734337,26.7824849]]}},{"type":"Feature","properties":{"id":"way/356639683","kind":"road","class":"residential","name":""},"geometry":{"type":"LineString","coordinates":[[82.1641117,26.7842976],[82.1643882,26.7842559],[82.1647618,26.7841625],[82.1649024,26.784102],[82.1651541,26.783959],[82.165453,26.7838323],[82.1655407,26.7837856],[82.1660657,26.7836255],[82.16627,26.7835262],[82.1664146,26.7835023],[82.1664876,26.7834754],[82.166562,26.7834284],[82.1667093,26.7833323],[82.1667894,26.7832966],[82.1668763,26.7832792],[82.1669759,26.7832754],[82.167117,26.7832514],[82.1673436,26.78319],[82.167409,26.783187],[82.1674996,26.7832082],[82.1676344,26.7832513],[82.1682348,26.7833967],[82.1686299,26.7834923],[82.1690653,26.7836087],[82.169778,26.7837991],[82.1700806,26.78388],[82.1702803,26.7839333]]}},{"type":"Feature","properties":{"id":"way/356639685","kind":"road","class":"residential","name":""},"geometry":{"type":"LineString","coordinates":[[82.1554753,26.7833408],[82.1553286,26.7831203],[82.1552974,26.7830602],[82.1552823,26.7830061],[82.1552622,26.7828072],[82.1552206,26.7823968]]}},{"type":"Feature","properties":{"id":"way/356639687","kind":"road","class":"residential","name":""},"geometry":{"type":"LineString","coordinates":[[82.1687417,26.783019],[82.1686299,26.7834923],[82.1686001,26.7835883],[82.1685901,26.7840451],[82.1686471,26.784443],[82.1686927,26.7847616],[82.168756,26.7851646]]}},{"type":"Feature","properties":{"id":"way/356639690","kind":"road","class":"residential","name":""},"geometry":{"type":"LineString","coordinates":[[82.1536895,26.7836145],[82.1539938,26.7841543],[82.1540253,26.7841778],[82.1540671,26.7841941],[82.1540899,26.784193],[82.1541368,26.7841906],[82.1542086,26.7841706],[82.1543,26.7841287],[82.1545344,26.7839831],[82.1552473,26.7834669]]}},{"type":"Feature","properties":{"id":"way/356639691","kind":"road","class":"residential","name":""},"geometry":{"type":"LineString","coordinates":[[82.148,26.7776203],[82.1480874,26.7775859],[82.1483166,26.7774897],[82.1483776,26.7774614],[82.1485145,26.7773977],[82.148932,26.7771979],[82.1492664,26.7770468]]}},{"type":"Feature","properties":{"id":"way/356639693","kind":"road","class":"residential","name":""},"geometry":{"type":"LineString","coordinates":[[82.1521133,26.783964],[82.152242,26.7842825],[82.1522983,26.7843814],[82.1523632,26.7844765],[82.1524639,26.7845852],[82.1526076,26.7847402],[82.15274,26.7848848],[82.1528652,26.7851446],[82.1529692,26.7854039],[82.1531207,26.7859145]]}},{"type":"Feature","properties":{"id":"way/356639694","kind":"road","class":"residential","name":""},"geometry":{"type":"LineString","coordinates":[[82.1725879,26.7813968],[82.1725782,26.7814707],[82.1725283,26.7818178],[82.1724818,26.7821087],[82.1724365,26.7824229],[82.1723911,26.7827739],[82.1723745,26.7828841],[82.1723435,26.7831839],[82.1723242,26.7832612],[82.1722939,26.7833336]]}},{"type":"Feature","properties":{"id":"way/356639695","kind":"road","class":"residential","name":""},"geometry":{"type":"LineString","coordinates":[[82.1704773,26.7833546],[82.1711729,26.7833278],[82.171976,26.7833254],[82.1720958,26.7833289],[82.1722279,26.7833271],[82.1722939,26.7833336],[82.1723421,26.7833838],[82.1725439,26.7836549],[82.1725625,26.7836694],[82.1725824,26.7836817],[82.1726034,26.7836893],[82.1726294,26.7836947],[82.1733125,26.7836692],[82.1734524,26.7836435],[82.173669,26.7836266],[82.1739061,26.783599],[82.1742179,26.783545]]}},{"type":"Feature","properties":{"id":"way/356639697","kind":"road","class":"residential","name":""},"geometry":{"type":"LineString","coordinates":[[82.1728181,26.7802517],[82.1728598,26.7800041]]}},{"type":"Feature","properties":{"id":"way/356639699","kind":"road","class":"residential","name":""},"geometry":{"type":"LineString","coordinates":[[82.1723911,26.7827739],[82.1727022,26.7827905],[82.1735102,26.7828363]]}},{"type":"Feature","properties":{"id":"way/356639701","kind":"road","class":"residential","name":""},"geometry":{"type":"LineString","coordinates":[[82.1643679,26.7827581],[82.1644027,26.7828738],[82.1645002,26.7831916],[82.164555,26.7833386],[82.1649024,26.784102],[82.1649282,26.7841579],[82.1652349,26.7846559],[82.165298,26.7847414],[82.1653572,26.7847954],[82.1656992,26.7850283],[82.1657191,26.7850418],[82.1657595,26.7850792],[82.1658122,26.7851634],[82.1658417,26.7852392],[82.1658595,26.7853955],[82.1658721,26.7856113],[82.1658748,26.7856582]]}},{"type":"Feature","properties":{"id":"way/356639702","kind":"road","class":"residential","name":""},"geometry":{"type":"LineString","coordinates":[[82.1750016,26.7803934],[82.1745981,26.7803692],[82.1745177,26.7803606],[82.1739402,26.7803093],[82.1737519,26.7802509],[82.1736624,26.7802332],[82.1734395,26.7802236],[82.1730534,26.7802429],[82.1728181,26.7802517],[82.1727392,26.7802565],[82.1724047,26.7802767],[82.1723674,26.7802938],[82.1723423,26.7803257],[82.1723421,26.7803907],[82.1723868,26.7809087],[82.1724247,26.7814129]]}},{"type":"Feature","properties":{"id":"way/356639704","kind":"road","class":"primary","name":""},"geometry":{"type":"LineString","coordinates":[[82.1669107,26.7825684],[82.1670425,26.7825953],[82.1687417,26.783019],[82.1690128,26.7830705],[82.169684,26.783231],[82.1697597,26.7832461],[82.1699301,26.7832699],[82.1700976,26.7832918],[82.1704773,26.7833546],[82.1715993,26.7836236],[82.1716728,26.7836579],[82.1719071,26.7837853],[82.1728693,26.7844125],[82.1731829,26.7846581]]}},{"type":"Feature","properties":{"id":"way/356640902","kind":"water","class":"water","name":""},"geometry":{"type":"Polygon","coordinates":[[[82.1775674,26.7792181],[82.1775169,26.7791923],[82.1774447,26.7792116],[82.1773618,26.7792084],[82.1772607,26.7791794],[82.1771453,26.7791311],[82.1770262,26.7791311],[82.176918,26.7792181],[82.176817,26.7792245],[82.1767051,26.7792889],[82.1766113,26.7793179],[82.1764922,26.7793759],[82.1765175,26.7794596],[82.1766149,26.7794468],[82.1767448,26.7794983],[82.1768278,26.7795531],[82.1767917,26.779611],[82.1767881,26.7796851],[82.1768639,26.7797528],[82.1770046,26.7797946],[82.1771597,26.7797689],[82.1772102,26.7797528],[82.1772643,26.7796304],[82.1773257,26.7795885],[82.1774808,26.7794693],[82.1775277,26.7793308],[82.1775674,26.7792181]]]}},{"type":"Feature","properties":{"id":"way/356640906","kind":"road","class":"tertiary","name":""},"geometry":{"type":"LineString","coordinates":[[82.1573812,26.7778131],[82.1574294,26.7778829],[82.1575032,26.7779794],[82.1575726,26.7780356],[82.157667,26.778079],[82.1577592,26.7780814],[82.1578965,26.7780562],[82.1581233,26.7779874],[82.1587163,26.7777967],[82.1588066,26.7777727],[82.1588871,26.7777695],[82.1589832,26.7777872],[82.1590554,26.7778271],[82.1591237,26.7778827],[82.1592166,26.7779816],[82.1592581,26.7780377],[82.1592976,26.778091],[82.1594469,26.778332],[82.1594806,26.7783879],[82.1595717,26.7785389],[82.1595922,26.7785729],[82.1596314,26.7786481],[82.1596603,26.7787172],[82.1596696,26.7787846],[82.1596556,26.7788418],[82.159618,26.7788944],[82.1595625,26.7789487],[82.1595026,26.7790347],[82.1594314,26.7791558],[82.1594009,26.7792375],[82.1593772,26.7793335],[82.1593668,26.7794127],[82.1593642,26.7794479],[82.1593729,26.7796155],[82.1593856,26.7797681],[82.1593774,26.7798657],[82.1593667,26.7799034],[82.1593455,26.7799289],[82.1593193,26.779948],[82.1592844,26.7799687],[82.1590583,26.7800468],[82.1589636,26.7800789],[82.1588994,26.780111],[82.1588359,26.7801643],[82.1587928,26.7802307],[82.1587645,26.7802867],[82.1587447,26.7803426],[82.1587333,26.7804161],[82.1587309,26.7805244],[82.1587413,26.7806066],[82.1587733,26.7808054],[82.1587983,26.7809384],[82.1588454,26.7810856],[82.1588585,26.781122],[82.1589454,26.7813645],[82.1589752,26.7814475],[82.159014,26.7815802],[82.1590743,26.781822],[82.1591251,26.7821302]]}},{"type":"Feature","properties":{"id":"way/356640955","kind":"road","class":"primary","name":""},"geometry":{"type":"LineString","coordinates":[[82.1751868,26.771],[82.175432,26.7715166],[82.1755954,26.7718479]]}},{"type":"Feature","properties":{"id":"way/356640958","kind":"road","class":"residential","name":""},"geometry":{"type":"LineString","coordinates":[[82.1686928,26.7738448],[82.1691397,26.7736966],[82.1693365,26.7736314],[82.1696133,26.7735396],[82.169641,26.7735304],[82.1697551,26.7734926],[82.1699191,26.7734382],[82.1702039,26.7733438],[82.1704655,26.773257],[82.1706596,26.7731927],[82.1710364,26.7730678],[82.1710866,26.7730511],[82.1716178,26.772875]]}},{"type":"Feature","properties":{"id":"way/356640961","kind":"road","class":"residential","name":""},"geometry":{"type":"LineString","coordinates":[[82.1932867,26.7984855],[82.1920372,26.7987691]]}},{"type":"Feature","properties":{"id":"way/356640990","kind":"road","class":"residential","name":"","bridge":"yes"},"geometry":{"type":"LineString","coordinates":[[82.1607762,26.7785652],[82.1609903,26.7784847]]}},{"type":"Feature","properties":{"id":"way/356641013","kind":"road","class":"residential","name":""},"geometry":{"type":"LineString","coordinates":[[82.148,26.7769568],[82.148585,26.7767154],[82.1490314,26.776534]]}},{"type":"Feature","properties":{"id":"way/356641019","kind":"road","class":"residential","name":""},"geometry":{"type":"LineString","coordinates":[[82.1575572,26.7816795],[82.1573839,26.7823447]]}},{"type":"Feature","properties":{"id":"way/356641067","kind":"road","class":"residential","name":""},"geometry":{"type":"LineString","coordinates":[[82.1523726,26.7781141],[82.1528724,26.7780341],[82.1529591,26.7780198],[82.1533517,26.7779548],[82.1535452,26.7779331],[82.1536067,26.7779262],[82.1539489,26.7778841],[82.1540197,26.7778754],[82.1545703,26.7777957]]}},{"type":"Feature","properties":{"id":"way/356641130","kind":"road","class":"primary","name":"","oneway":"yes"},"geometry":{"type":"LineString","coordinates":[[82.1778959,26.771],[82.1773632,26.7712155],[82.1768996,26.771409],[82.1756627,26.7719292],[82.1755887,26.7719545]]}},{"type":"Feature","properties":{"id":"way/356641131","kind":"road","class":"tertiary","name":""},"geometry":{"type":"LineString","coordinates":[[82.1709236,26.7784684],[82.1711848,26.7781924],[82.1713548,26.7780385],[82.1715931,26.7778646],[82.1716295,26.777838],[82.1717551,26.7777473],[82.1718481,26.7776785],[82.1720938,26.7775206],[82.1722338,26.7774595],[82.1723217,26.7774422],[82.172848,26.7773859],[82.1731285,26.7773325],[82.1734734,26.7772599],[82.1736566,26.7772167],[82.1737868,26.77717],[82.1742581,26.7769325],[82.1743035,26.7769096]]}},{"type":"Feature","properties":{"id":"way/356641132","kind":"road","class":"secondary","name":""},"geometry":{"type":"LineString","coordinates":[[82.1683097,26.7718965],[82.1684161,26.7718691],[82.1685818,26.7718322],[82.1687052,26.7718147],[82.168824,26.77182],[82.1689006,26.7718402],[82.1690711,26.771909],[82.1695765,26.7721128],[82.1701713,26.7723318],[82.1702311,26.7723538],[82.170297,26.7723713],[82.1708634,26.7725216],[82.1709241,26.7725377],[82.1709929,26.7725604],[82.1710411,26.7725763],[82.1711578,26.7726284],[82.1716178,26.772875],[82.1721132,26.7731612],[82.1721926,26.7731988],[82.1723281,26.7732283],[82.172442,26.7732266],[82.1725904,26.7732056],[82.1727085,26.7731771],[82.1728583,26.7731439],[82.1729505,26.7731235],[82.1736677,26.772907],[82.174198,26.7727371],[82.1744502,26.7726515],[82.1745139,26.7726299],[82.174781,26.7725334],[82.1751055,26.772396],[82.1756684,26.7721398]]}},{"type":"Feature","properties":{"id":"way/386048259","kind":"road","class":"trunk","name":"","oneway":"yes"},"geometry":{"type":"LineString","coordinates":[[82.2243125,26.7962039],[82.2240749,26.7964579],[82.2239918,26.7965555],[82.223871,26.7967231],[82.2232488,26.7976568],[82.22277,26.7984002],[82.2224401,26.7989065],[82.2222427,26.7992033],[82.2222244,26.7992309],[82.2221341,26.7993814],[82.2220188,26.7995737],[82.2215439,26.8003747],[82.2214486,26.8005353]]}},{"type":"Feature","properties":{"id":"way/406843728","kind":"road","class":"primary","name":""},"geometry":{"type":"LineString","coordinates":[[82.2093349,26.7758239],[82.2093354,26.7757585],[82.209362,26.7755898],[82.2094299,26.7751596],[82.2094932,26.7745974],[82.2096397,26.77318],[82.2096658,26.7730538],[82.2096862,26.7729537],[82.2096942,26.7728836],[82.2096312,26.7723078],[82.2095653,26.7717758],[82.2095486,26.7714081],[82.209538,26.7710604],[82.2095418,26.771]]}},{"type":"Feature","properties":{"id":"way/444883868","kind":"road","class":"unclassified","name":"Temple path","access":"no","oneway":"no"},"geometry":{"type":"LineString","coordinates":[[82.1955711,26.7920377],[82.1949194,26.7920605],[82.1942896,26.7920782],[82.1935969,26.792095],[82.1929462,26.792112],[82.1928637,26.7921652],[82.1928401,26.7922398],[82.1928468,26.7925967],[82.1928585,26.7932136],[82.1928786,26.7942774],[82.192935,26.7943348],[82.1930182,26.7943837],[82.1934315,26.794369]]}},{"type":"Feature","properties":{"id":"way/452677046","kind":"road","class":"unclassified","name":""},"geometry":{"type":"LineString","coordinates":[[82.2050927,26.7753371],[82.204502,26.7751266],[82.204177,26.7750017],[82.2040509,26.774919],[82.2039431,26.7748092],[82.2038641,26.774657],[82.203769,26.774406],[82.2036832,26.7741187],[82.2035786,26.7733308],[82.2033762,26.7721634],[82.2032726,26.7717138],[82.2032236,26.7715015],[82.2030922,26.771]]}},{"type":"Feature","properties":{"id":"way/452677287","kind":"road","class":"unclassified","name":""},"geometry":{"type":"LineString","coordinates":[[82.2096397,26.77318],[82.2100584,26.7733441],[82.2103242,26.7734112],[82.2105632,26.7734261],[82.2108526,26.7734109],[82.2115251,26.7733374],[82.2130693,26.7732768],[82.2136475,26.7732289],[82.2141974,26.7731592],[82.2146139,26.7731094],[82.2150901,26.7730845],[82.2154729,26.7730487],[82.2156648,26.7729773]]}},{"type":"Feature","properties":{"id":"way/452677288","kind":"road","class":"unclassified","name":""},"geometry":{"type":"LineString","coordinates":[[82.2258839,26.7898169],[82.2250578,26.7890028],[82.2236523,26.7877674],[82.2218498,26.7864552],[82.2216846,26.7853297],[82.2216969,26.7852198],[82.2217855,26.7851168],[82.2226652,26.7840896],[82.2229288,26.7834195],[82.2229108,26.7828602],[82.2229511,26.7824403],[82.2230161,26.7820561],[82.2231079,26.7817565],[82.2231458,26.7817081],[82.223232,26.781676],[82.2233377,26.781655],[82.2234622,26.7816484],[82.2239831,26.7816206],[82.2242563,26.7815845],[82.2244229,26.7815522],[82.2245967,26.781501],[82.2251149,26.7813197],[82.2252819,26.7812688]]}},{"type":"Feature","properties":{"id":"way/454061735","kind":"road","class":"unclassified","name":""},"geometry":{"type":"LineString","coordinates":[[82.2439445,26.7808844],[82.2436301,26.780436],[82.2433022,26.7799805],[82.2429206,26.7795201],[82.2426464,26.779237],[82.2423353,26.7789137],[82.2419865,26.7786479],[82.2414313,26.7782049],[82.2410934,26.7778385],[82.240734,26.7775248],[82.2405073,26.7773696],[82.240227,26.7772095],[82.2396113,26.7769244],[82.2395352,26.7769077],[82.2394577,26.7768911],[82.2393615,26.7768911],[82.239261,26.7768897],[82.2391137,26.7768664],[82.2383379,26.7766399],[82.2382336,26.7766001],[82.2381313,26.7765513],[82.2378637,26.7764029],[82.2376002,26.7762944],[82.2372462,26.7761848],[82.2366652,26.7759566],[82.2363462,26.7758136],[82.2360111,26.7756307],[82.2357289,26.7754701],[82.2355712,26.7754013],[82.2352478,26.7753317],[82.2346155,26.7752112],[82.2342748,26.7751208],[82.2338894,26.7749976],[82.2333276,26.7748024],[82.2332621,26.7747977],[82.2332126,26.7748104],[82.2331684,26.7748437],[82.232696,26.7753194],[82.2322087,26.7757769],[82.2318152,26.7761393]]}},{"type":"Feature","properties":{"id":"way/454061736","kind":"road","class":"unclassified","name":""},"geometry":{"type":"LineString","coordinates":[[82.2318152,26.7761393],[82.2318302,26.7762121],[82.2318258,26.7762478],[82.2318114,26.7762809],[82.2311397,26.7771431],[82.230723,26.7775519],[82.2305096,26.7778313],[82.2302547,26.7782139],[82.230207,26.7782409],[82.2301472,26.7782566],[82.2300665,26.7782499],[82.2299818,26.7782214],[82.2297849,26.7781294],[82.2294726,26.7779926],[82.2288277,26.7778023],[82.2287339,26.7777649],[82.228361,26.7775153],[82.228224,26.7774418],[82.227918,26.7773448],[82.2274515,26.7771825],[82.2265143,26.7768943],[82.2260504,26.7767169],[82.2254007,26.7765099],[82.2253388,26.7764852],[82.2252546,26.7764418]]}},{"type":"Feature","properties":{"id":"way/454061737","kind":"road","class":"unclassified","name":""},"geometry":{"type":"LineString","coordinates":[[82.2281626,26.787395],[82.2288544,26.7874056],[82.2308474,26.7874284],[82.2311478,26.7874284],[82.2314053,26.7876965],[82.2315555,26.7879264],[82.232564,26.7880413],[82.2334008,26.7899185],[82.2334127,26.7904612],[82.2335146,26.7907681],[82.2340178,26.7919246]]}},{"type":"Feature","properties":{"id":"way/454061738","kind":"road","class":"residential","name":""},"geometry":{"type":"LineString","coordinates":[[82.232564,26.7880413],[82.2334008,26.787754],[82.2345478,26.784665],[82.2351389,26.7848807],[82.2360187,26.7848807],[82.2372203,26.785283],[82.2372632,26.7858193],[82.23773,26.7860829]]}},{"type":"Feature","properties":{"id":"way/454061739","kind":"road","class":"residential","name":""},"geometry":{"type":"LineString","coordinates":[[82.2345478,26.784665],[82.2342576,26.784513],[82.2337321,26.7843932],[82.2336011,26.7843394],[82.2333951,26.7842254],[82.2332627,26.7841684],[82.2331013,26.7841413],[82.232694,26.7841195],[82.2321635,26.7841198],[82.2320133,26.7840931],[82.2319162,26.7840454],[82.2318397,26.7839797],[82.2317851,26.7838558],[82.2317121,26.7835009],[82.2316416,26.7828109],[82.2315957,26.7825941],[82.2315536,26.7825281],[82.2315025,26.782484],[82.23143,26.7824454],[82.2312797,26.7823953],[82.2310868,26.7823483],[82.2308646,26.7823142],[82.2307817,26.7823064]]}},{"type":"Feature","properties":{"id":"way/454063903","kind":"road","class":"residential","name":""},"geometry":{"type":"LineString","coordinates":[[82.2342576,26.784513],[82.2346198,26.783883],[82.2349417,26.7833682],[82.2353818,26.7827697],[82.2356578,26.7824532],[82.2357428,26.7823798],[82.2358055,26.7823062],[82.2359365,26.7820598],[82.2361514,26.781757],[82.2364057,26.7814489],[82.2367776,26.7808032],[82.2369301,26.7805606],[82.2373391,26.779803],[82.2375326,26.7794112],[82.2375765,26.779246],[82.2376824,26.7786968],[82.2377477,26.7784882],[82.2378512,26.7782794],[82.2379984,26.7780649],[82.2381239,26.7779562],[82.238195,26.7778945],[82.2386881,26.7775915],[82.2388669,26.7775336],[82.2389625,26.7774826],[82.2390303,26.7774124],[82.2393615,26.7768911]]}},{"type":"Feature","properties":{"id":"way/454063904","kind":"road","class":"residential","name":""},"geometry":{"type":"MultiLineString","coordinates":[[[82.2001563,26.7744881],[82.2002731,26.774368],[82.2002917,26.7743396],[82.2002979,26.7743075],[82.2002962,26.7742719],[82.2002846,26.7742263],[82.2002254,26.7741139],[82.2001092,26.7739521],[82.2000286,26.7738517],[82.1999114,26.7737332],[82.1997382,26.7735758],[82.1995762,26.7733721],[82.1993353,26.773023],[82.1988641,26.7724945],[82.1983398,26.7718753],[82.198265,26.7717725],[82.1978611,26.7710903],[82.1978105,26.771]],[[82.1936806,26.771],[82.1935866,26.7710561],[82.1932728,26.7711863],[82.1930013,26.7712769]]]}},{"type":"Feature","properties":{"id":"way/454063908","kind":"road","class":"unclassified","name":""},"geometry":{"type":"LineString","coordinates":[[82.1853722,26.771],[82.1850352,26.7710303],[82.1842472,26.7710843],[82.1834374,26.771086],[82.1832439,26.7710864],[82.1826269,26.7710622],[82.1817745,26.7710071],[82.1817384,26.771]]}},{"type":"Feature","properties":{"id":"way/454063909","kind":"road","class":"residential","name":""},"geometry":{"type":"LineString","coordinates":[[82.1826269,26.7710622],[82.1828888,26.7715374],[82.1831653,26.7722082],[82.1832703,26.7724038],[82.1835333,26.7728838],[82.1837996,26.7734094],[82.1841418,26.7739667],[82.1845012,26.7745062],[82.184734,26.7748406],[82.1849322,26.7751838]]}},{"type":"Feature","properties":{"id":"way/454063912","kind":"road","class":"service","name":""},"geometry":{"type":"LineString","coordinates":[[82.1803771,26.771],[82.1804529,26.7712131]]}},{"type":"Feature","properties":{"id":"way/454063913","kind":"road","class":"residential","name":""},"geometry":{"type":"LineString","coordinates":[[82.1773754,26.7713017],[82.1779333,26.7722607],[82.1780203,26.7724008],[82.1781201,26.77257],[82.1784541,26.7731227],[82.1784794,26.7731618]]}},{"type":"Feature","properties":{"id":"way/454063914","kind":"road","class":"residential","name":""},"geometry":{"type":"LineString","coordinates":[[82.1761799,26.7728245],[82.1766706,26.7726255]]}},{"type":"Feature","properties":{"id":"way/454063915","kind":"road","class":"residential","name":""},"geometry":{"type":"LineString","coordinates":[[82.1771771,26.7719435],[82.1765219,26.7722174],[82.1764959,26.7722419],[82.176487,26.7722652],[82.1764893,26.7722952],[82.1766706,26.7726255],[82.177019,26.7732121],[82.1772602,26.7736369],[82.1772851,26.7736807]]}},{"type":"Feature","properties":{"id":"way/454063916","kind":"road","class":"residential","name":""},"geometry":{"type":"LineString","coordinates":[[82.1775731,26.772617],[82.1780203,26.7724008]]}},{"type":"Feature","properties":{"id":"way/454063917","kind":"road","class":"residential","name":""},"geometry":{"type":"LineString","coordinates":[[82.1769376,26.7714934],[82.1771771,26.7719435],[82.1775731,26.772617],[82.1777216,26.7728694],[82.1777258,26.7728946],[82.1777166,26.7729159],[82.1776983,26.7729311],[82.177019,26.7732121]]}},{"type":"Feature","properties":{"id":"way/454063919","kind":"road","class":"residential","name":""},"geometry":{"type":"LineString","coordinates":[[82.1784338,26.771],[82.1788924,26.7718487]]}},{"type":"Feature","properties":{"id":"way/454643126","kind":"road","class":"trunk","name":""},"geometry":{"type":"LineString","coordinates":[[82.2217976,26.8007045],[82.2214486,26.8005353]]}},{"type":"Feature","properties":{"id":"way/455173993","kind":"road","class":"residential","name":""},"geometry":{"type":"LineString","coordinates":[[82.1792959,26.77242],[82.1792778,26.7724385],[82.1786294,26.7727168],[82.1785957,26.7727237],[82.1785666,26.772718],[82.1785433,26.7726975],[82.1784013,26.7724595]]}},{"type":"Feature","properties":{"id":"way/455173994","kind":"road","class":"residential","name":""},"geometry":{"type":"LineString","coordinates":[[82.1781201,26.77257],[82.1784013,26.7724595],[82.1791396,26.7721377],[82.1791643,26.7721365],[82.1791865,26.7721437],[82.1791999,26.7721557],[82.1793035,26.7723702],[82.1793082,26.7723965],[82.1792959,26.77242]]}},{"type":"Feature","properties":{"id":"way/455173995","kind":"road","class":"residential","name":""},"geometry":{"type":"LineString","coordinates":[[82.1779333,26.7722607],[82.1783306,26.7720909],[82.1788924,26.7718487],[82.1793076,26.7716692],[82.1795596,26.7715697],[82.1798868,26.7714479]]}},{"type":"Feature","properties":{"id":"way/458821457","kind":"road","class":"tertiary","name":""},"geometry":{"type":"LineString","coordinates":[[82.1515999,26.7877249],[82.1511719,26.7863534],[82.1508017,26.7848759],[82.150784,26.7848253],[82.1505398,26.7841284],[82.1501546,26.7829893]]}},{"type":"Feature","properties":{"id":"way/458821459","kind":"road","class":"residential","name":""},"geometry":{"type":"LineString","coordinates":[[82.2145668,26.8044245],[82.2146726,26.8047577],[82.2148574,26.8050871],[82.214965,26.805264],[82.2150196,26.8053745],[82.2150492,26.8055458],[82.2150363,26.8060519],[82.215044,26.8061602],[82.2150659,26.8062339],[82.2151243,26.8063026],[82.2152233,26.8063694],[82.2153292,26.8064031],[82.2154749,26.8064222],[82.2157727,26.8064317],[82.2158893,26.8064026],[82.2162125,26.8062184],[82.2173371,26.8056388],[82.21787,26.8053505],[82.2182857,26.8051256],[82.218738,26.8048509],[82.2189837,26.8046879],[82.2190584,26.804615],[82.2191425,26.8044962],[82.2192242,26.8044024],[82.2193316,26.804319]]}},{"type":"Feature","properties":{"id":"way/458821460","kind":"road","class":"unclassified","name":""},"geometry":{"type":"LineString","coordinates":[[82.1505398,26.7841284],[82.1502314,26.7842566],[82.1499376,26.7843892],[82.1497759,26.7844898],[82.1496337,26.7845947],[82.1491088,26.7850975],[82.1488366,26.7853581],[82.1485042,26.7857239],[82.1480262,26.7862126],[82.148,26.78623]]}},{"type":"Feature","properties":{"id":"way/483554505","kind":"road","class":"residential","name":""},"geometry":{"type":"LineString","coordinates":[[82.1620873,26.7808157],[82.1618032,26.7808761],[82.1613999,26.7809614]]}},{"type":"Feature","properties":{"id":"way/483554506","kind":"road","class":"residential","name":""},"geometry":{"type":"LineString","coordinates":[[82.1607715,26.7802415],[82.1612885,26.7800806],[82.1613194,26.7800767],[82.1613408,26.7800827],[82.1613636,26.7800977],[82.1613784,26.7801168],[82.1618032,26.7808761]]}},{"type":"Feature","properties":{"id":"way/483554508","kind":"road","class":"residential","name":""},"geometry":{"type":"LineString","coordinates":[[82.161391,26.7795635],[82.1611684,26.7796654],[82.16105,26.7797076],[82.1608478,26.7797759],[82.1606024,26.7798652],[82.1603833,26.7799429],[82.160331,26.7799753],[82.1603229,26.78001],[82.160335,26.7800555],[82.1604584,26.780329],[82.1606833,26.7808395],[82.1607017,26.7808801]]}},{"type":"Feature","properties":{"id":"way/483554509","kind":"road","class":"residential","name":""},"geometry":{"type":"LineString","coordinates":[[82.1587413,26.7806066],[82.1588946,26.7805987],[82.1589335,26.7805967],[82.1591509,26.7805772],[82.1594183,26.7805536],[82.1594451,26.7805512],[82.1595808,26.7805377],[82.1596728,26.7805225],[82.1597662,26.7805066],[82.1599118,26.7804696],[82.1599705,26.7804546],[82.1600835,26.7804259],[82.1604584,26.780329]]}},{"type":"Feature","properties":{"id":"way/483554512","kind":"road","class":"residential","name":""},"geometry":{"type":"LineString","coordinates":[[82.159618,26.7788944],[82.1597641,26.7788609],[82.1598536,26.7788404],[82.1604664,26.7786679],[82.1607762,26.7785652]]}},{"type":"Feature","properties":{"id":"way/483554513","kind":"road","class":"residential","name":""},"geometry":{"type":"LineString","coordinates":[[82.1501618,26.7793603],[82.1500492,26.7789969],[82.1500234,26.7789351],[82.1500094,26.7788732],[82.149997,26.7787518],[82.1499964,26.7786618],[82.1500031,26.7786164],[82.1500238,26.7785655],[82.1500452,26.7785021],[82.1500556,26.7784514],[82.1500509,26.7784019],[82.1500255,26.7783187],[82.1499874,26.7782318],[82.1499418,26.7781406],[82.149892,26.7780722],[82.1498135,26.7780053],[82.1497367,26.777936],[82.1496811,26.7778649],[82.1496515,26.7778122],[82.1496141,26.7777457],[82.1495457,26.7776144],[82.1494893,26.7774952],[82.1493925,26.7773005],[82.1492664,26.7770468],[82.1492413,26.776995],[82.1492169,26.7769451],[82.1490314,26.776534]]}},{"type":"Feature","properties":{"id":"way/483554514","kind":"road","class":"residential","name":""},"geometry":{"type":"LineString","coordinates":[[82.151083,26.7799852],[82.151079,26.7798256],[82.1510773,26.7796445],[82.1510767,26.7795742],[82.1510628,26.7793173],[82.1510399,26.779052],[82.151014,26.7788161],[82.1510013,26.778673],[82.1509768,26.7784962],[82.1509696,26.7783656],[82.1509668,26.778238],[82.1509688,26.778193],[82.1509696,26.7781409],[82.150975,26.7779499]]}},{"type":"Feature","properties":{"id":"way/483554516","kind":"road","class":"residential","name":""},"geometry":{"type":"LineString","coordinates":[[82.1510307,26.7805129],[82.1509593,26.7803686],[82.1509137,26.7802649],[82.1507896,26.7799267]]}},{"type":"Feature","properties":{"id":"way/483554517","kind":"road","class":"residential","name":""},"geometry":{"type":"LineString","coordinates":[[82.1486564,26.7794875],[82.148949,26.7793801],[82.1495484,26.7791713],[82.1500492,26.7789969]]}},{"type":"Feature","properties":{"id":"way/483554519","kind":"road","class":"residential","name":""},"geometry":{"type":"LineString","coordinates":[[82.1492401,26.7748272],[82.1492727,26.7747502],[82.1493053,26.7747119],[82.1493814,26.7746807],[82.1497015,26.774601],[82.1497753,26.7745827],[82.150928,26.7742976],[82.1510148,26.774278],[82.1511284,26.7742571],[82.1513136,26.7742303],[82.1514951,26.7742105],[82.1515611,26.7742109],[82.1516554,26.7742199],[82.1517249,26.774235],[82.1517841,26.7742567],[82.1519642,26.7743551],[82.1520121,26.7743784],[82.1520979,26.7744138],[82.1521624,26.7744371],[82.1522691,26.7744556]]}},{"type":"Feature","properties":{"id":"way/483554520","kind":"road","class":"residential","name":""},"geometry":{"type":"LineString","coordinates":[[82.148,26.7750427],[82.1481402,26.775022],[82.1482646,26.7749926],[82.1483593,26.7749675],[82.1484957,26.7749454],[82.1486338,26.7749227],[82.1489978,26.7748677],[82.1491849,26.7748351],[82.1492401,26.7748272],[82.1493255,26.7748149],[82.1494712,26.7747955],[82.1495733,26.7747886],[82.149686,26.7747925],[82.1497601,26.774794],[82.1498449,26.7747934],[82.1502298,26.7747788],[82.1502771,26.7747865],[82.1504643,26.7748509],[82.1505211,26.7748557],[82.1505872,26.7748493],[82.1510452,26.7747806]]}},{"type":"Feature","properties":{"id":"way/483554522","kind":"road","class":"residential","name":""},"geometry":{"type":"LineString","coordinates":[[82.1490314,26.776534],[82.1489551,26.7763697],[82.1488586,26.7761621],[82.1488022,26.7760408],[82.1486915,26.7758273],[82.148637,26.7757325],[82.1485564,26.7755922],[82.1484836,26.7754531],[82.1483703,26.7752148],[82.1482646,26.7749926]]}},{"type":"Feature","properties":{"id":"way/493709459","kind":"rail","class":"rail","name":"Mankapur Jn - Faizabad railway","bridge":"yes"},"geometry":{"type":"LineString","coordinates":[[82.2212124,26.7905894],[82.2212679,26.7906688]]}},{"type":"Feature","properties":{"id":"way/493709460","kind":"rail","class":"rail","name":"Mankapur Jn - Faizabad railway","bridge":"yes"},"geometry":{"type":"LineString","coordinates":[[82.2155693,26.8063892],[82.215547,26.8064844]]}},{"type":"Feature","properties":{"id":"way/493709461","kind":"road","class":"secondary","name":""},"geometry":{"type":"LineString","coordinates":[[82.2129554,26.7959563],[82.2128713,26.7959201],[82.2125946,26.7958008],[82.2122575,26.7956895],[82.2121179,26.7956199],[82.2115022,26.7953307],[82.2111534,26.7951849],[82.2107142,26.7951412],[82.2102657,26.7950563],[82.2099627,26.7950762],[82.2098466,26.7951009],[82.2096555,26.7951417],[82.2095214,26.7951737],[82.2092445,26.7952415],[82.2091085,26.7952265],[82.2081929,26.7953651],[82.208173,26.7953457],[82.2081334,26.7953326],[82.2079001,26.7952942],[82.2074661,26.7952417],[82.2068989,26.7952552],[82.2064676,26.7952524],[82.2063801,26.7952526],[82.2061163,26.7952533],[82.2056738,26.7952446],[82.2052848,26.7952163],[82.2052174,26.7952114],[82.2050956,26.7951678],[82.2046042,26.7951739],[82.2040505,26.7952874],[82.2035808,26.7954889],[82.20352,26.7955336],[82.2034718,26.7955691],[82.2033914,26.7956283],[82.2028921,26.7957886]]}},{"type":"Feature","properties":{"id":"way/493709463","kind":"rail","class":"rail","name":"Mankapur Jn - Faizabad railway","bridge":"yes"},"geometry":{"type":"LineString","coordinates":[[82.2170719,26.8024036],[82.2166741,26.8030536],[82.2164123,26.8035811]]}},{"type":"Feature","properties":{"id":"way/493709465","kind":"rail","class":"rail","name":"Mankapur Jn - Faizabad railway"},"geometry":{"type":"LineString","coordinates":[[82.219983,26.7985222],[82.2195728,26.7990545],[82.2188909,26.7999423],[82.2182455,26.8007983],[82.2175637,26.8016846],[82.2173849,26.8019471],[82.2170719,26.8024036]]}},{"type":"Feature","properties":{"id":"way/493709466","kind":"rail","class":"rail","name":"Mankapur Jn - Faizabad railway"},"geometry":{"type":"LineString","coordinates":[[82.2082987,26.7872233],[82.2085513,26.7870889],[82.2088867,26.7869284],[82.2093696,26.7867433],[82.2101706,26.7865024],[82.2105245,26.7864142],[82.2109626,26.7863339],[82.2114734,26.7862789],[82.2123034,26.7862651],[82.2128187,26.7862998]]}},{"type":"Feature","properties":{"id":"way/493709469","kind":"rail","class":"rail","name":"Mankapur Jn - Faizabad railway","bridge":"yes"},"geometry":{"type":"LineString","coordinates":[[82.2128187,26.7862998],[82.2129668,26.7863097]]}},{"type":"Feature","properties":{"id":"way/493709470","kind":"rail","class":"rail","name":"Mankapur Jn - Faizabad railway"},"geometry":{"type":"LineString","coordinates":[[82.2129668,26.7863097],[82.2133473,26.7863353],[82.214626,26.78641],[82.215138,26.7864703],[82.2155434,26.7865294],[82.2162736,26.7867103],[82.2166817,26.7868484],[82.2169677,26.7869551],[82.2174654,26.7872009],[82.2179546,26.7874603],[82.2187513,26.7879787],[82.2192522,26.7884086],[82.2198021,26.7889412],[82.220248,26.7894137],[82.2207366,26.7899588],[82.2209529,26.7902133],[82.2212124,26.7905894]]}},{"type":"Feature","properties":{"id":"way/493709471","kind":"rail","class":"rail","name":"Mankapur Jn - Faizabad railway"},"geometry":{"type":"LineString","coordinates":[[82.2164123,26.8035811],[82.2162191,26.8040279],[82.2158983,26.8048559],[82.2157627,26.8053278],[82.2156461,26.8058345],[82.2155693,26.8063892]]}},{"type":"Feature","properties":{"id":"way/493709474","kind":"rail","class":"rail","name":"Mankapur Jn - Faizabad railway","bridge":"yes"},"geometry":{"type":"LineString","coordinates":[[82.2200485,26.7984363],[82.219983,26.7985222]]}},{"type":"Feature","properties":{"id":"way/493709475","kind":"road","class":"primary","name":"","bridge":"yes"},"geometry":{"type":"LineString","coordinates":[[82.2172341,26.7968317],[82.2171246,26.7967666]]}},{"type":"Feature","properties":{"id":"way/493709476","kind":"rail","class":"rail","name":"Mankapur Jn - Faizabad railway"},"geometry":{"type":"LineString","coordinates":[[82.215547,26.8064844],[82.2154483,26.8073001]]}},{"type":"Feature","properties":{"id":"way/493709479","kind":"rail","class":"rail","name":"Mankapur Jn - Faizabad railway"},"geometry":{"type":"LineString","coordinates":[[82.2212679,26.7906688],[82.2215238,26.7911507],[82.2217694,26.7917173],[82.2219059,26.7921168],[82.2220352,26.792661],[82.2221264,26.7933209],[82.2221616,26.7939636],[82.2221085,26.7945971],[82.2219689,26.7952455],[82.2217357,26.7958862],[82.2215285,26.7963286],[82.2211915,26.7969051],[82.2209666,26.797233],[82.2200485,26.7984363]]}},{"type":"Feature","properties":{"id":"way/493711617","kind":"rail","class":"rail","name":""},"geometry":{"type":"LineString","coordinates":[[82.1948241,26.785859],[82.1957132,26.7861056],[82.1960217,26.7861859]]}},{"type":"Feature","properties":{"id":"way/493711619","kind":"road","class":"steps","name":"","bridge":"yes"},"geometry":{"type":"LineString","coordinates":[[82.2014382,26.788057],[82.2013101,26.7880037]]}},{"type":"Feature","properties":{"id":"way/493711621","kind":"rail","class":"rail","name":""},"geometry":{"type":"LineString","coordinates":[[82.201618,26.788038],[82.2023436,26.7882941],[82.2026641,26.7883851]]}},{"type":"Feature","properties":{"id":"way/493711623","kind":"road","class":"footway","name":"","bridge":"yes"},"geometry":{"type":"LineString","coordinates":[[82.2013116,26.7882973],[82.2014382,26.788057]]}},{"type":"Feature","properties":{"id":"way/493711626","kind":"rail","class":"rail","name":""},"geometry":{"type":"LineString","coordinates":[[82.2030174,26.7884458],[82.2035206,26.7884577],[82.2038174,26.7884833],[82.2042735,26.7884809],[82.2046811,26.7884546]]}},{"type":"Feature","properties":{"id":"way/493711631","kind":"rail","class":"rail","name":""},"geometry":{"type":"LineString","coordinates":[[82.203918,26.7885742],[82.2035397,26.7885778],[82.2033105,26.7885683],[82.2030263,26.7885527],[82.2026789,26.788512],[82.2026365,26.7885051],[82.2024201,26.7884701],[82.202058,26.7883899],[82.2018286,26.7883193],[82.2016609,26.7882594],[82.199416,26.7873531],[82.1988071,26.7871352],[82.1981955,26.7869173],[82.1975545,26.7867162],[82.195626,26.7861655],[82.1951182,26.7859828]]}},{"type":"Feature","properties":{"id":"way/493711635","kind":"rail","class":"rail","name":"Mankapur Jn - Faizabad railway"},"geometry":{"type":"LineString","coordinates":[[82.2041759,26.7885576],[82.203918,26.7885742],[82.2035432,26.7886003],[82.2033762,26.7886078],[82.2031456,26.7886233],[82.2028855,26.7886233],[82.2026775,26.7886054],[82.2025733,26.7885899],[82.2023544,26.7885575],[82.2020432,26.7884893],[82.2018192,26.7884139],[82.2015845,26.7883313],[82.2013176,26.7882226],[82.1993838,26.7874345],[82.198783,26.7872118],[82.1981687,26.7870077],[82.1975223,26.7868096],[82.1959211,26.7863369],[82.1952563,26.7861066],[82.1946015,26.785872],[82.1941489,26.7856993]]}},{"type":"Feature","properties":{"id":"way/493711640","kind":"road","class":"steps","name":"","bridge":"yes"},"geometry":{"type":"LineString","coordinates":[[82.2011791,26.7882402],[82.2013116,26.7882973]]}},{"type":"Feature","properties":{"id":"way/493711642","kind":"rail","class":"rail","name":""},"geometry":{"type":"LineString","coordinates":[[82.2039643,26.7885255],[82.2035273,26.7884997],[82.2032677,26.7884808],[82.2030174,26.7884458],[82.2027656,26.7884025],[82.2026641,26.7883851],[82.2023329,26.7883132],[82.2021317,26.7882582],[82.2019051,26.7881792],[82.2014732,26.7880152],[82.2014371,26.7880008],[82.1989305,26.7869988],[82.1984154,26.7868073],[82.1979675,26.7866732],[82.1969,26.7863594],[82.1960217,26.7861859],[82.1954458,26.786073]]}},{"type":"Feature","properties":{"id":"way/493711644","kind":"rail","class":"rail","name":""},"geometry":{"type":"LineString","coordinates":[[82.1966033,26.7865935],[82.1960386,26.7864304],[82.1955215,26.7862637],[82.1950226,26.7860913],[82.194505,26.7859285],[82.1917879,26.7851335]]}},{"type":"Feature","properties":{"id":"way/493711645","kind":"rail","class":"rail","name":""},"geometry":{"type":"LineString","coordinates":[[82.1952563,26.7861066],[82.1975412,26.7867634],[82.1981875,26.7869629],[82.1987937,26.7871711],[82.1994052,26.7873987],[82.2016248,26.7882977],[82.2018205,26.7883708],[82.2020526,26.7884426],[82.2023852,26.7885204],[82.2026,26.7885507],[82.2026909,26.7885635],[82.202931,26.7885982],[82.2033762,26.7886078]]}},{"type":"Feature","properties":{"id":"way/513695743","kind":"road","class":"residential","name":""},"geometry":{"type":"LineString","coordinates":[[82.1996809,26.8069188],[82.1994367,26.806926],[82.1991537,26.8069209],[82.1988042,26.8069294],[82.1987467,26.8069183],[82.1987023,26.8068946],[82.1986745,26.8068668],[82.1985274,26.8066492],[82.1984111,26.806523],[82.1983031,26.8064314],[82.1982004,26.8063314],[82.198047,26.8061262]]}},{"type":"Feature","properties":{"id":"way/513695745","kind":"road","class":"residential","name":""},"geometry":{"type":"LineString","coordinates":[[82.1969805,26.8024018],[82.1970054,26.8025673],[82.1970511,26.8027958],[82.1970345,26.8031699],[82.1970033,26.8032851],[82.1969821,26.8033613],[82.1969711,26.8034381],[82.1969717,26.8035688],[82.1969942,26.8036394],[82.1970114,26.8036728],[82.1970943,26.8038086],[82.1972046,26.8039024],[82.1976324,26.8042627],[82.1978555,26.8044323]]}},{"type":"Feature","properties":{"id":"way/513695746","kind":"road","class":"primary","name":""},"geometry":{"type":"LineString","coordinates":[[82.1938086,26.8007757],[82.1939997,26.8008038],[82.1942691,26.800818],[82.194627,26.80085],[82.1949569,26.8009399],[82.1950629,26.8009661],[82.1956021,26.801024],[82.1957008,26.8010346],[82.1959319,26.8010594],[82.1966475,26.8011243],[82.1977201,26.8011104],[82.1977929,26.8011095],[82.1980615,26.801106],[82.1982175,26.8010818],[82.1987559,26.8009983],[82.1990684,26.8009499],[82.199846,26.800777],[82.201237,26.8004677],[82.2020025,26.8002526],[82.2031178,26.799695],[82.203464,26.7995608],[82.2035355,26.7995417],[82.2045642,26.799266]]}},{"type":"Feature","properties":{"id":"way/513695748","kind":"road","class":"tertiary","name":""},"geometry":{"type":"LineString","coordinates":[[82.192002,26.7879259],[82.1920082,26.7882405],[82.1920104,26.7883941],[82.1920167,26.7888314],[82.1920229,26.7890112],[82.1920368,26.7892012],[82.1920631,26.789752],[82.1921075,26.7904256],[82.1921202,26.7906178],[82.1920882,26.7907375],[82.1920356,26.7908159],[82.1919926,26.7911297],[82.1919696,26.7913624],[82.1919539,26.7915219],[82.1919016,26.7918578],[82.1918774,26.7920497],[82.1919376,26.7924224],[82.1923028,26.7939599],[82.1924861,26.7944994],[82.1925512,26.7949684],[82.1926976,26.7956761],[82.1927396,26.7959094],[82.1929865,26.7970349],[82.1929902,26.7975474],[82.1930006,26.797674],[82.193019,26.7977934],[82.193056,26.7979102],[82.1931608,26.7980983],[82.1932565,26.7983558],[82.1932867,26.7984855],[82.1933924,26.7990111],[82.193454,26.7995197],[82.1934764,26.7996522],[82.1935409,26.800033],[82.1935716,26.8002143],[82.1936546,26.8004862],[82.1938086,26.8007757]]}},{"type":"Feature","properties":{"id":"way/513695752","kind":"road","class":"primary","name":""},"geometry":{"type":"LineString","coordinates":[[82.1938086,26.8007757],[82.1936277,26.8008247],[82.1933651,26.8009108],[82.1927537,26.8010709],[82.192535,26.8011525],[82.1924253,26.8012041]]}},{"type":"Feature","properties":{"id":"way/643702484","kind":"road","class":"tertiary","name":""},"geometry":{"type":"LineString","coordinates":[[82.2037998,26.7898766],[82.2035798,26.7896617],[82.2032705,26.7894058],[82.2030222,26.7892297],[82.2028945,26.7891495],[82.2027098,26.7890452],[82.2023549,26.7889093],[82.2019359,26.7887369],[82.2016821,26.7886324],[82.2016349,26.7886174],[82.2016019,26.7886117],[82.2015714,26.7886217],[82.2015498,26.7886485],[82.201536,26.7886771],[82.2014911,26.7887626],[82.2014686,26.7888111],[82.2014354,26.7888258],[82.2013923,26.7888152],[82.200988,26.7886402],[82.2008272,26.7885767],[82.2008083,26.7885706],[82.2007938,26.7885743],[82.2007825,26.7885896],[82.2007558,26.7886311],[82.2007227,26.788695],[82.2006791,26.7887738],[82.2006303,26.7888514],[82.2003297,26.7893995],[82.2002639,26.7895196],[82.2001845,26.7898229],[82.2002537,26.7901128],[82.20032,26.7903908],[82.2003196,26.7907868],[82.2002866,26.7910607],[82.2001647,26.7913252],[82.2000328,26.7916427],[82.1998337,26.7921568],[82.1998146,26.7922063]]}},{"type":"Feature","properties":{"id":"way/643703092","kind":"road","class":"residential","name":""},"geometry":{"type":"LineString","coordinates":[[82.2006303,26.7888514],[82.2002917,26.7887358],[82.2002649,26.7888412],[82.2002166,26.7889707],[82.2000396,26.7894446],[82.2002639,26.7895196]]}},{"type":"Feature","properties":{"id":"way/643709232","kind":"road","class":"residential","name":""},"geometry":{"type":"LineString","coordinates":[[82.164119,26.7743798],[82.1644354,26.774194],[82.1644932,26.7741587],[82.1645663,26.7741142]]}},{"type":"Feature","properties":{"id":"way/643709233","kind":"road","class":"residential","name":""},"geometry":{"type":"LineString","coordinates":[[82.1663287,26.7764473],[82.1665295,26.7762698],[82.166585,26.7762249],[82.1666087,26.7761797],[82.1666418,26.7758303],[82.1666623,26.7757692],[82.1666829,26.7757332],[82.1667476,26.7756822],[82.1668396,26.7756312],[82.1669062,26.7755758],[82.1669264,26.7755458],[82.1669278,26.7755229],[82.1668908,26.7752115],[82.1668926,26.7751537],[82.1669197,26.7751023],[82.1670245,26.7749625],[82.1671892,26.7747798],[82.1672219,26.7747394],[82.167263,26.7746781],[82.1673383,26.7745441],[82.1674323,26.7743983],[82.1675117,26.7742983],[82.1675914,26.7742203],[82.167898,26.7740083],[82.1679544,26.7739609],[82.1679773,26.7739268],[82.1679976,26.7738965],[82.1680342,26.7737989],[82.1680852,26.7737271],[82.1681691,26.773669],[82.1685804,26.7734757]]}},{"type":"Feature","properties":{"id":"way/643709234","kind":"road","class":"tertiary","name":""},"geometry":{"type":"LineString","coordinates":[[82.1624477,26.7726262],[82.1627716,26.7729468],[82.1628537,26.7730281],[82.1629459,26.7731194],[82.1630585,26.7732367],[82.1635681,26.7737843],[82.1637386,26.7739762],[82.164119,26.7743798],[82.1644092,26.7746563],[82.1644284,26.7746763],[82.1648141,26.775077],[82.1648674,26.7751234],[82.1648959,26.7751387],[82.1649409,26.775163],[82.1650655,26.775207],[82.1651199,26.7752445],[82.1651988,26.7753306],[82.1656127,26.7757819],[82.1657333,26.7759021],[82.1659422,26.7760858],[82.1659835,26.7761199],[82.1660158,26.7761506],[82.1663287,26.7764473],[82.1664069,26.7765331],[82.1667615,26.776922],[82.1667915,26.7769773],[82.1667912,26.7770453],[82.1667846,26.7770747],[82.1667456,26.7772475],[82.1667226,26.7773491],[82.1667266,26.7774148],[82.166743,26.7774661],[82.1668623,26.7778129]]}},{"type":"Feature","properties":{"id":"way/656507339","kind":"road","class":"residential","name":""},"geometry":{"type":"LineString","coordinates":[[82.2115776,26.7887483],[82.2081492,26.7887515],[82.208107,26.7884753],[82.2068156,26.7886342],[82.2059402,26.7887008],[82.205295,26.7888224],[82.2050617,26.7888693],[82.2048653,26.7888758],[82.2044136,26.7888935],[82.2036242,26.7890315],[82.2035468,26.789045]]}},{"type":"Feature","properties":{"id":"way/656507340","kind":"road","class":"residential","name":""},"geometry":{"type":"LineString","coordinates":[[82.2040378,26.7906291],[82.2040931,26.7906136],[82.2046298,26.7904632],[82.2049467,26.7904256],[82.205072,26.7904108],[82.2055721,26.7902719],[82.2062216,26.7901199],[82.2068222,26.7899794],[82.2071535,26.7899067],[82.2071958,26.7899006],[82.207334,26.7898809],[82.2074751,26.7898461],[82.2075536,26.7898174],[82.2081069,26.7896481],[82.2081492,26.7887515]]}},{"type":"Feature","properties":{"id":"way/656507341","kind":"road","class":"residential","name":""},"geometry":{"type":"LineString","coordinates":[[82.2058612,26.7938575],[82.2063927,26.7934292],[82.2064678,26.793294],[82.2064827,26.7930979],[82.2064933,26.7930434],[82.2065056,26.7924021],[82.2064929,26.7917602],[82.2067447,26.7914417],[82.2068363,26.7913927],[82.206964,26.7913775],[82.2070006,26.7913664],[82.2069992,26.7913295],[82.2069768,26.7911474],[82.2069029,26.7905455],[82.2068222,26.7899794]]}},{"type":"Feature","properties":{"id":"way/670481410","kind":"road","class":"residential","name":""},"geometry":{"type":"LineString","coordinates":[[82.1544085,26.774038],[82.1546213,26.7734134],[82.1546396,26.7733597],[82.1547042,26.7731762],[82.1547276,26.7730954],[82.1547716,26.7729436],[82.1547851,26.7728074],[82.1547752,26.7726974],[82.1547478,26.7725495],[82.1547396,26.7724609],[82.1547434,26.7723907],[82.1547921,26.7722123],[82.1548464,26.7719936],[82.154853,26.7719076],[82.15483,26.7713167]]}},{"type":"Feature","properties":{"id":"way/742499266","kind":"road","class":"footway","name":""},"geometry":{"type":"LineString","coordinates":[[82.2012895,26.7880371],[82.2013101,26.7880037],[82.2013261,26.7879685]]}},{"type":"Feature","properties":{"id":"way/742499267","kind":"road","class":"footway","name":""},"geometry":{"type":"LineString","coordinates":[[82.2011599,26.7882782],[82.2011791,26.7882402],[82.2011981,26.7882065]]}},{"type":"Feature","properties":{"id":"way/761382846","kind":"road","class":"primary","name":"Ghanta Ghar Chowk","oneway":"yes"},"geometry":{"type":"LineString","coordinates":[[82.1493621,26.7812573],[82.1493572,26.7812807],[82.149357,26.7813044],[82.1493699,26.7813492],[82.1493989,26.7813875],[82.1494405,26.7814149],[82.1494901,26.7814283],[82.1495419,26.781426],[82.1495759,26.7814153],[82.1496062,26.7813977],[82.149631,26.7813742],[82.1496488,26.7813462],[82.1496588,26.7813152],[82.1496603,26.781283],[82.1496532,26.7812514],[82.1496361,26.7812194],[82.1496104,26.7811926],[82.1495777,26.7811725],[82.1495403,26.7811607],[82.1495008,26.7811579],[82.1494618,26.7811643],[82.1494175,26.7811848],[82.149383,26.7812169],[82.1493621,26.7812573]]}},{"type":"Feature","properties":{"id":"way/761382848","kind":"road","class":"primary","name":"","oneway":"no"},"geometry":{"type":"LineString","coordinates":[[82.1558331,26.781642],[82.1560637,26.7816129],[82.1565569,26.7815567],[82.1569068,26.7815239],[82.1569536,26.7815195],[82.1570296,26.7815165],[82.1570842,26.7815236],[82.1573632,26.7816179],[82.1575572,26.7816795],[82.1580231,26.7818129],[82.1582413,26.7818757],[82.1588669,26.7820559],[82.1591251,26.7821302],[82.1592497,26.782167],[82.1597382,26.7823082],[82.1603244,26.7824831],[82.1608716,26.7826543],[82.1612305,26.7827924],[82.1613997,26.7828462],[82.1615308,26.7828788],[82.1616771,26.7828954],[82.1619495,26.7829183],[82.1621889,26.7829285],[82.1627983,26.7829431],[82.1629686,26.7829437],[82.1630681,26.7829386]]}},{"type":"Feature","properties":{"id":"way/813981431","kind":"rail","class":"rail","name":""},"geometry":{"type":"LineString","coordinates":[[82.1930793,26.7854508],[82.1946015,26.785872]]}},{"type":"Feature","properties":{"id":"way/818493549","kind":"rail","class":"rail","name":"Barabanki - Jaunpur railway"},"geometry":{"type":"LineString","coordinates":[[82.2047183,26.7884954],[82.2039643,26.7885255],[82.2035321,26.7885298],[82.2032673,26.7885272],[82.203032,26.7885137],[82.2026901,26.7884757],[82.2026691,26.7884722],[82.2024413,26.7884344],[82.2020721,26.7883527],[82.2018568,26.7882845],[82.201697,26.7882246],[82.2013814,26.7880991],[82.1994185,26.787319],[82.1988218,26.7870851],[82.1982224,26.7868814],[82.1975582,26.7866746],[82.1954458,26.786073],[82.1951182,26.7859828],[82.1941489,26.7856993]]}},{"type":"Feature","properties":{"id":"way/818493550","kind":"rail","class":"rail","name":"Mankapur Jn - Faizabad railway"},"geometry":{"type":"LineString","coordinates":[[82.2082987,26.7872233],[82.2080205,26.7874088],[82.2077482,26.7876062],[82.2076531,26.7876752],[82.2072873,26.7879127],[82.2068973,26.7881065],[82.2064766,26.7882716],[82.2060128,26.7884102],[82.2057098,26.7884642],[82.2054738,26.7884964],[82.2050459,26.7885215],[82.2047147,26.7885371],[82.2041759,26.7885576]]}},{"type":"Feature","properties":{"id":"way/834312303","kind":"road","class":"unclassified","name":"Temple Path"},"geometry":{"type":"LineString","coordinates":[[82.1968866,26.7931874],[82.1971119,26.7935929],[82.197186,26.793842],[82.197235,26.7940565],[82.1973136,26.7943146],[82.1973703,26.7944513],[82.1974434,26.7946207]]}},{"type":"Feature","properties":{"id":"way/835879268","kind":"road","class":"residential","name":""},"geometry":{"type":"LineString","coordinates":[[82.1956901,26.7988358],[82.1954559,26.7989091],[82.1953717,26.7989544],[82.1952469,26.7990346],[82.1951328,26.7991082],[82.1949904,26.7992105],[82.1948506,26.7993244],[82.194821,26.7993485],[82.1946885,26.7994438],[82.194578,26.7995194],[82.1944491,26.7996739],[82.1943607,26.7997988],[82.1942576,26.7998908],[82.1941472,26.7999533],[82.193941,26.7999796],[82.193709,26.7999993],[82.1935409,26.800033]]}},{"type":"Feature","properties":{"id":"way/835879269","kind":"road","class":"residential","name":""},"geometry":{"type":"LineString","coordinates":[[82.1956901,26.7988358],[82.1956975,26.7988774],[82.1957433,26.799134],[82.1957875,26.7994364],[82.1958076,26.7995629],[82.1958464,26.7996205],[82.1958722,26.7996632],[82.1959127,26.7996961],[82.1960416,26.799706],[82.1961546,26.7998861],[82.1961779,26.7999229],[82.1963252,26.8000313],[82.1964246,26.8001497],[82.196524,26.8003107],[82.1965571,26.8003863],[82.1965829,26.8005112],[82.1966124,26.8007479],[82.1966475,26.8011243]]}},{"type":"Feature","properties":{"id":"way/835879270","kind":"road","class":"residential","name":""},"geometry":{"type":"LineString","coordinates":[[82.1977929,26.8011095],[82.1977782,26.8008772],[82.1977413,26.800703],[82.197675,26.8005189],[82.1976345,26.800371],[82.1975793,26.8001475],[82.1975498,26.7999996],[82.1974328,26.7995702],[82.1974143,26.7995021],[82.1973392,26.7990927],[82.1972883,26.7986642],[82.1972683,26.7985463],[82.197215,26.7983495]]}},{"type":"Feature","properties":{"id":"way/835879271","kind":"road","class":"unclassified","name":""},"geometry":{"type":"LineString","coordinates":[[82.1982175,26.8010818],[82.1982083,26.800944],[82.1982714,26.8007988],[82.19831,26.8005974],[82.1983161,26.8003996],[82.1983303,26.8000821],[82.1983506,26.7999333],[82.1984441,26.7996086],[82.1985153,26.7993382],[82.1985346,26.7992444],[82.1985519,26.7991604],[82.1985316,26.7989626],[82.1984828,26.7986977],[82.1983852,26.7983494],[82.1983201,26.7981008],[82.1982443,26.7977734],[82.1981056,26.7972554]]}},{"type":"Feature","properties":{"id":"way/835879273","kind":"road","class":"residential","name":"Kanak Bihari Temple road"},"geometry":{"type":"LineString","coordinates":[[82.1988658,26.7971012],[82.1989446,26.7973125],[82.1990724,26.7976776],[82.1991026,26.7977014],[82.1991716,26.797703],[82.1992934,26.7976852],[82.1994296,26.79769],[82.1994969,26.7977306],[82.1995713,26.7978554],[82.1996077,26.7978927],[82.1996822,26.797909],[82.1999411,26.7978139]]}},{"type":"Feature","properties":{"id":"way/835879274","kind":"road","class":"unclassified","name":""},"geometry":{"type":"LineString","coordinates":[[82.1970691,26.7972915],[82.1970342,26.7969576],[82.196963,26.7967671],[82.196919,26.7966685],[82.196839,26.7964895],[82.1967191,26.7962935],[82.1966297,26.7960994],[82.1965777,26.7959665]]}},{"type":"Feature","properties":{"id":"way/835879275","kind":"road","class":"residential","name":""},"geometry":{"type":"LineString","coordinates":[[82.1995777,26.7967178],[82.1996432,26.7968512],[82.1997017,26.7970341],[82.1997788,26.797272],[82.1998835,26.7976392],[82.1999411,26.7978139],[82.2000268,26.7980737],[82.2000625,26.7982718],[82.2000684,26.7983047],[82.2001577,26.7987035],[82.2002425,26.7990706],[82.2003069,26.7994087],[82.200318,26.7994666]]}},{"type":"Feature","properties":{"id":"way/835879276","kind":"road","class":"tertiary","name":""},"geometry":{"type":"LineString","coordinates":[[82.2026612,26.8037851],[82.2039952,26.8034102],[82.2041521,26.8033782],[82.20479,26.8033085],[82.2054611,26.8032621],[82.2054871,26.802844],[82.2054904,26.8027279],[82.2054615,26.8025709],[82.2054091,26.8022867],[82.2053733,26.8018483],[82.2054001,26.8015445],[82.2054058,26.8014797],[82.2054253,26.8013519],[82.2055652,26.8012242],[82.2056372,26.8010711],[82.2056759,26.800905]]}},{"type":"Feature","properties":{"id":"way/835879277","kind":"road","class":"tertiary","name":""},"geometry":{"type":"LineString","coordinates":[[82.2054611,26.8032621],[82.2054435,26.8036003],[82.2054396,26.8036454],[82.2054239,26.8038247],[82.2054156,26.8039201],[82.2053749,26.8041404],[82.2053186,26.8043323],[82.2053075,26.8044066],[82.2053277,26.8045234],[82.2053914,26.8046954],[82.2054972,26.8049716],[82.2055685,26.8050976],[82.205656,26.8052416],[82.2057116,26.8053356],[82.2057834,26.805484]]}},{"type":"Feature","properties":{"id":"way/835879280","kind":"road","class":"residential","name":""},"geometry":{"type":"LineString","coordinates":[[82.200634,26.8081005],[82.2006151,26.8081784],[82.2005861,26.8082694],[82.2005138,26.8084991],[82.2004469,26.80866],[82.2003788,26.8087676],[82.2002779,26.8088565]]}},{"type":"Feature","properties":{"id":"way/835879282","kind":"road","class":"tertiary","name":"","access":"private"},"geometry":{"type":"LineString","coordinates":[[82.1913701,26.8024139],[82.190726,26.8021631],[82.1904937,26.8021081],[82.1902412,26.8020675],[82.1899053,26.8020456],[82.1895288,26.8020598],[82.1893157,26.8020774],[82.1884826,26.8021768],[82.1877529,26.8022664],[82.1860155,26.8024798],[82.1847461,26.8026228],[82.1844267,26.8026747],[82.1841276,26.8027401],[82.1834077,26.8029418],[82.1822541,26.8033268],[82.1812266,26.8036683],[82.1811999,26.8036684],[82.1810741,26.8035852],[82.1809142,26.80348],[82.180846,26.8034497],[82.1807716,26.8034288],[82.1806147,26.8034011],[82.1803329,26.8033668],[82.1800868,26.8033343],[82.1793431,26.8031992],[82.1790601,26.8031918],[82.1787959,26.8032146],[82.1779332,26.8033708],[82.1772308,26.8035688],[82.1770311,26.8036282],[82.1755941,26.8035534],[82.174162,26.8034522],[82.1727571,26.8033928],[82.171463,26.8033202],[82.1695774,26.803208],[82.1676351,26.8031156],[82.1653059,26.8029968],[82.1619121,26.8027906],[82.1592899,26.802629],[82.1590604,26.8026149],[82.1574003,26.8024827],[82.1559755,26.8023946],[82.1550228,26.8023123],[82.1538748,26.802228],[82.1528534,26.8021686],[82.1513911,26.8020273],[82.151229,26.8020116],[82.1506333,26.8019363],[82.1502441,26.8018871],[82.1497712,26.8018019],[82.1493558,26.80173],[82.1481477,26.801504],[82.148,26.8014739]]}},{"type":"Feature","properties":{"id":"way/835879283","kind":"road","class":"residential","name":""},"geometry":{"type":"LineString","coordinates":[[82.2022568,26.7962993],[82.2022391,26.7964686],[82.2022391,26.7967154],[82.2022407,26.7970217],[82.2022565,26.7971372],[82.202267,26.7972143],[82.2022781,26.797296],[82.2023108,26.797442],[82.2023383,26.7975645],[82.2023578,26.7976517],[82.2024359,26.7980305],[82.2024562,26.798093],[82.2025708,26.7984442],[82.2027546,26.7988724],[82.202979,26.799347],[82.2031178,26.799695]]}},{"type":"Feature","properties":{"id":"way/835879284","kind":"road","class":"residential","name":""},"geometry":{"type":"LineString","coordinates":[[82.2020025,26.8002526],[82.2019591,26.8001896],[82.2018436,26.7999024],[82.2017021,26.7995134],[82.201598,26.7992086],[82.2014905,26.7989796],[82.2013622,26.7989067],[82.2012988,26.7988747],[82.2012565,26.7987006],[82.2011752,26.7985888],[82.2010484,26.7985017],[82.2009476,26.7984436],[82.2009036,26.7981809],[82.2011085,26.7980241],[82.201276,26.7978833],[82.2015931,26.7976961],[82.2018989,26.7975524],[82.2021818,26.7975698],[82.2023383,26.7975645]]}},{"type":"Feature","properties":{"id":"way/835879285","kind":"road","class":"residential","name":""},"geometry":{"type":"LineString","coordinates":[[82.2009036,26.7981809],[82.2006921,26.7982031],[82.2004384,26.7982517],[82.2000625,26.7982718]]}},{"type":"Feature","properties":{"id":"way/835879286","kind":"road","class":"residential","name":""},"geometry":{"type":"LineString","coordinates":[[82.199846,26.800777],[82.1997747,26.8005124],[82.1997308,26.8003062],[82.1997568,26.8001393],[82.1998089,26.800058],[82.199869,26.7999666],[82.199868,26.7998806],[82.1998674,26.7998258],[82.1998641,26.7997402],[82.1998967,26.7996182],[82.1999146,26.7994702],[82.2003069,26.7994087]]}},{"type":"Feature","properties":{"id":"way/835879287","kind":"road","class":"residential","name":""},"geometry":{"type":"LineString","coordinates":[[82.1999146,26.7994702],[82.1996869,26.7994998],[82.1994198,26.7995256]]}},{"type":"Feature","properties":{"id":"way/835879288","kind":"road","class":"residential","name":""},"geometry":{"type":"LineString","coordinates":[[82.1985346,26.7992444],[82.1986273,26.7992544],[82.1987462,26.7992367],[82.1988014,26.7992127],[82.1991298,26.7991887],[82.1997117,26.7991091],[82.1997414,26.799085],[82.1997372,26.7990206],[82.1996947,26.7989625],[82.1996978,26.798906]]}},{"type":"Feature","properties":{"id":"way/835879289","kind":"road","class":"residential","name":""},"geometry":{"type":"LineString","coordinates":[[82.2024562,26.798093],[82.2027061,26.7979748],[82.2030065,26.7978924],[82.2034292,26.7977717],[82.2036529,26.7976824]]}},{"type":"Feature","properties":{"id":"way/835879291","kind":"road","class":"residential","name":""},"geometry":{"type":"LineString","coordinates":[[82.2022407,26.7970217],[82.2023537,26.7969553],[82.2025326,26.7968101],[82.202679,26.7966824]]}},{"type":"Feature","properties":{"id":"way/835879292","kind":"road","class":"residential","name":""},"geometry":{"type":"LineString","coordinates":[[82.2022565,26.7971372],[82.2019599,26.7971898],[82.201806,26.7972302],[82.2016874,26.7972762],[82.2015524,26.7973488],[82.2013524,26.7974461],[82.2011767,26.7975273],[82.2009377,26.7975709],[82.200632,26.7976362],[82.1999411,26.7978139]]}},{"type":"Feature","properties":{"id":"way/835879293","kind":"road","class":"residential","name":""},"geometry":{"type":"LineString","coordinates":[[82.1958076,26.7995629],[82.1956317,26.7995269],[82.1955546,26.799497],[82.1954956,26.7994556],[82.1953879,26.7993128],[82.1953183,26.7992459],[82.1952357,26.7991813],[82.1951328,26.7991082]]}},{"type":"Feature","properties":{"id":"way/835879294","kind":"road","class":"residential","name":""},"geometry":{"type":"LineString","coordinates":[[82.1956901,26.7988358],[82.1956612,26.7986555],[82.1956757,26.7985935],[82.1957107,26.7985315],[82.1957797,26.79846],[82.1958636,26.7983687],[82.1959277,26.7982411],[82.1959533,26.7980486],[82.1959622,26.7979815],[82.1960296,26.7978462],[82.1960608,26.7977835],[82.1962629,26.7975019],[82.1963295,26.7972928],[82.1963823,26.7970788]]}},{"type":"Feature","properties":{"id":"way/835879295","kind":"road","class":"residential","name":""},"geometry":{"type":"LineString","coordinates":[[82.1960296,26.7978462],[82.1958178,26.7978344],[82.1956083,26.7978737],[82.195414,26.7979114],[82.1952008,26.7979594],[82.1950482,26.7979788],[82.1948274,26.7980244],[82.1946574,26.7980705]]}},{"type":"Feature","properties":{"id":"way/835879296","kind":"road","class":"residential","name":""},"geometry":{"type":"LineString","coordinates":[[82.1939785,26.797528],[82.1939967,26.7976521],[82.193999,26.7978456],[82.1940067,26.7978781],[82.1940272,26.7979044],[82.1941443,26.797951],[82.1943668,26.7980284],[82.1944281,26.7980742],[82.1944854,26.7981171],[82.1945374,26.7982727],[82.1945867,26.7984202],[82.1946447,26.7985293],[82.194664,26.7986021],[82.1946538,26.7986774]]}},{"type":"Feature","properties":{"id":"way/835879297","kind":"road","class":"residential","name":""},"geometry":{"type":"LineString","coordinates":[[82.1946574,26.7980705],[82.1944854,26.7981171]]}},{"type":"Feature","properties":{"id":"way/835879298","kind":"road","class":"residential","name":""},"geometry":{"type":"LineString","coordinates":[[82.1932565,26.7983558],[82.1934585,26.7982912],[82.1935057,26.7982661],[82.193532,26.7982572],[82.1937157,26.7982266],[82.193771,26.798201],[82.1938225,26.79816],[82.1938539,26.7981043],[82.1938718,26.7980365],[82.1938862,26.7979811],[82.1938982,26.7979618],[82.193917,26.7979437],[82.1940067,26.7978781]]}},{"type":"Feature","properties":{"id":"way/835879299","kind":"road","class":"residential","name":""},"geometry":{"type":"LineString","coordinates":[[82.1944281,26.7980742],[82.1944463,26.7979598],[82.1944562,26.7977943],[82.1944869,26.7975499],[82.1944577,26.7973973]]}},{"type":"Feature","properties":{"id":"way/835879302","kind":"road","class":"residential","name":""},"geometry":{"type":"LineString","coordinates":[[82.1934691,26.7975313],[82.1934557,26.7977141],[82.1934557,26.7978535],[82.1934508,26.798048],[82.1934719,26.7981539],[82.1935057,26.7982661]]}},{"type":"Feature","properties":{"id":"way/835879303","kind":"road","class":"residential","name":""},"geometry":{"type":"LineString","coordinates":[[82.1920778,26.7990716],[82.1923166,26.7990728],[82.1925085,26.7990553],[82.1927232,26.7989915],[82.1930257,26.7990089],[82.1932354,26.7990191],[82.1933924,26.7990111]]}},{"type":"Feature","properties":{"id":"way/835879308","kind":"road","class":"residential","name":""},"geometry":{"type":"LineString","coordinates":[[82.1957008,26.8010346],[82.1957388,26.8007548],[82.1957762,26.8004464],[82.1958135,26.8002513],[82.1958585,26.800159],[82.1959221,26.8000791],[82.1960204,26.7999881],[82.1961546,26.7998861]]}},{"type":"Feature","properties":{"id":"way/835879309","kind":"road","class":"residential","name":""},"geometry":{"type":"LineString","coordinates":[[82.1948506,26.7993244],[82.1948819,26.7995414],[82.1948886,26.7997934],[82.1948754,26.8001583],[82.194859,26.8003041],[82.1948729,26.8003368],[82.1949049,26.8003625],[82.1957762,26.8004464]]}},{"type":"Feature","properties":{"id":"way/835879313","kind":"road","class":"residential","name":""},"geometry":{"type":"LineString","coordinates":[[82.1949569,26.8009399],[82.1948048,26.8011142],[82.1946435,26.8012544],[82.1943364,26.8014613],[82.1942541,26.8015333],[82.1942267,26.801578],[82.1941762,26.8017962],[82.194134,26.8019228],[82.1941204,26.8020186],[82.194154,26.8023528],[82.1941452,26.802404],[82.1941165,26.8025698],[82.1940975,26.8028217],[82.1940968,26.8028259],[82.1940456,26.803147],[82.1940382,26.8033538],[82.1940573,26.8034171],[82.1940729,26.8034515],[82.1940974,26.8034858],[82.1943102,26.8036473],[82.1943402,26.8036838],[82.1943468,26.8037047],[82.1943463,26.8037256],[82.1942959,26.8037985]]}},{"type":"Feature","properties":{"id":"way/835879314","kind":"road","class":"residential","name":""},"geometry":{"type":"LineString","coordinates":[[82.1932264,26.8028975],[82.1931609,26.8030786],[82.1931251,26.8032731],[82.1931446,26.8036447],[82.1931554,26.8038682],[82.1931421,26.8039068],[82.1931177,26.803938],[82.1930633,26.8039756],[82.1930293,26.8039769],[82.192998,26.8039708],[82.1928308,26.8038477]]}},{"type":"Feature","properties":{"id":"way/835879317","kind":"road","class":"residential","name":""},"geometry":{"type":"LineString","coordinates":[[82.195924,26.8044876],[82.1959807,26.8044632],[82.1960079,26.8044269],[82.1960216,26.8043726],[82.1960119,26.8042689],[82.1959201,26.8038417],[82.1959071,26.8037838],[82.1959084,26.803735],[82.1959188,26.8036942],[82.195951,26.8036561],[82.1959915,26.8036135],[82.1960097,26.8035799],[82.1960136,26.8035388],[82.1960124,26.803484],[82.1959929,26.8033065],[82.1960266,26.8029947],[82.1960612,26.8026906],[82.1960751,26.8025679],[82.1961517,26.8023878],[82.1961835,26.8021777],[82.1962563,26.802071],[82.1964674,26.8020077],[82.1968357,26.8019372]]}},{"type":"Feature","properties":{"id":"way/835879318","kind":"road","class":"primary","name":""},"geometry":{"type":"LineString","coordinates":[[82.1959611,26.8045485],[82.1964061,26.8045767],[82.1966974,26.8046112],[82.196879,26.8046188],[82.1971446,26.8046008],[82.1972824,26.804575],[82.1973536,26.804573],[82.1974144,26.8045791],[82.1974566,26.8046023],[82.1975121,26.8046132],[82.1976077,26.804603],[82.1976784,26.8045778],[82.1977505,26.8045241],[82.1978555,26.8044323]]}},{"type":"Feature","properties":{"id":"way/835879319","kind":"road","class":"residential","name":""},"geometry":{"type":"LineString","coordinates":[[82.1991537,26.8069209],[82.1991597,26.8067357],[82.1991611,26.8065503],[82.1991754,26.8064491],[82.1992134,26.8063703],[82.1993028,26.8062248],[82.1993273,26.8061256],[82.1993331,26.8060557],[82.1993028,26.8058997]]}},{"type":"Feature","properties":{"id":"way/835879320","kind":"road","class":"residential","name":""},"geometry":{"type":"LineString","coordinates":[[82.1982004,26.8063314],[82.1985517,26.8061562],[82.1986657,26.8061294],[82.1988092,26.8060932],[82.1990708,26.8060118],[82.1993028,26.8058997],[82.1994752,26.8057699]]}},{"type":"Feature","properties":{"id":"way/835879325","kind":"road","class":"residential","name":""},"geometry":{"type":"LineString","coordinates":[[82.1964834,26.8058469],[82.196485,26.8057947],[82.1964846,26.8057282]]}},{"type":"Feature","properties":{"id":"way/835879327","kind":"road","class":"residential","name":""},"geometry":{"type":"LineString","coordinates":[[82.1995851,26.8054621],[82.1997814,26.8053305],[82.1999192,26.8052557],[82.2000122,26.8051651],[82.2000448,26.8051331],[82.2001294,26.8049894],[82.2001684,26.8048733],[82.2002383,26.8045757],[82.2002911,26.8043152],[82.2003208,26.8042587],[82.2003709,26.8041987],[82.2004221,26.804133],[82.2005099,26.8039864],[82.2007766,26.8035699],[82.2010661,26.8031751],[82.2012807,26.8029109],[82.201362,26.8027266],[82.2014694,26.8024334],[82.2015019,26.8023056],[82.2015125,26.8022623],[82.2015572,26.8020792],[82.2016775,26.8017802],[82.2017247,26.8015436],[82.201806,26.8010936],[82.2019247,26.8007046],[82.2020385,26.8004042],[82.202058,26.8003411]]}},{"type":"Feature","properties":{"id":"way/835879329","kind":"road","class":"residential","name":""},"geometry":{"type":"LineString","coordinates":[[82.2024823,26.8077949],[82.2023845,26.8074535],[82.2023329,26.8072829],[82.2023019,26.8071046],[82.2022907,26.8069669],[82.2022979,26.806874],[82.20233,26.8066042]]}},{"type":"Feature","properties":{"id":"way/835879330","kind":"road","class":"residential","name":""},"geometry":{"type":"LineString","coordinates":[[82.2014685,26.8077465],[82.2015377,26.8075087],[82.2015574,26.8073493],[82.2015527,26.8072406],[82.2015263,26.806989],[82.2015398,26.8068518],[82.201548,26.8068019],[82.2015455,26.8067483],[82.2015243,26.8066884],[82.2014235,26.8065004],[82.2012222,26.8060015],[82.2010656,26.8056409],[82.2010066,26.8054861],[82.200953,26.8054102],[82.2008489,26.8053503],[82.2006881,26.8053233],[82.2006262,26.8052895],[82.2005942,26.8052475],[82.2005778,26.8052142],[82.2005973,26.8051628],[82.2006214,26.8051282],[82.2007036,26.8050991],[82.2008446,26.8050766],[82.2009603,26.8050534],[82.2010476,26.8050254],[82.2011064,26.8049884],[82.2012464,26.8049373],[82.2013077,26.8049266],[82.2013507,26.8049352],[82.2014038,26.8049584],[82.2015367,26.8050324],[82.2016202,26.8050662],[82.2016834,26.8050927],[82.2017562,26.8051032],[82.2018262,26.8050956],[82.2021039,26.8050365],[82.2021413,26.8050341],[82.2021857,26.8050598],[82.2022826,26.8051781],[82.2023384,26.8052343],[82.2023951,26.805277]]}},{"type":"Feature","properties":{"id":"way/835879332","kind":"road","class":"residential","name":""},"geometry":{"type":"LineString","coordinates":[[82.2024742,26.8062285],[82.2025736,26.8062488],[82.202626,26.8062722],[82.2026764,26.8063126],[82.2027112,26.8063597],[82.2028302,26.8065577],[82.2030357,26.8069372],[82.2031125,26.8070275],[82.2031628,26.8070718],[82.203237,26.807109],[82.203338,26.8071304],[82.2034039,26.8071298],[82.2035529,26.8071057],[82.2036243,26.8071054],[82.2037249,26.8071771],[82.2039606,26.8073492],[82.2040775,26.8074217],[82.2041808,26.8074794],[82.2042235,26.8075197],[82.2042506,26.8075608],[82.2042533,26.8075997],[82.2042326,26.8076895],[82.2041965,26.8077834],[82.2041606,26.8078315],[82.2041195,26.8078796],[82.2040848,26.8079344],[82.2040625,26.8080008],[82.2040589,26.8080647],[82.2040873,26.8083089]]}},{"type":"Feature","properties":{"id":"way/835879334","kind":"road","class":"residential","name":""},"geometry":{"type":"LineString","coordinates":[[82.201548,26.8068019],[82.2016564,26.806839],[82.2017513,26.8068708],[82.2018037,26.8068861],[82.2018728,26.8069014],[82.2019154,26.8069114],[82.2019579,26.8069318],[82.201999,26.8069647],[82.202044,26.8069937],[82.2021134,26.8070048],[82.2022907,26.8069669],[82.2024701,26.8069665],[82.2026527,26.8069796],[82.2027354,26.8069887],[82.2028174,26.8069866],[82.2030357,26.8069372],[82.2034207,26.8067633],[82.2034436,26.8067499],[82.2034918,26.8067142]]}},{"type":"Feature","properties":{"id":"way/835879335","kind":"road","class":"residential","name":""},"geometry":{"type":"LineString","coordinates":[[82.2039086,26.8026435],[82.2038719,26.8023997],[82.2038736,26.8023098],[82.2037619,26.8019471],[82.2036267,26.8014281],[82.203453,26.8014557],[82.2034326,26.8014682],[82.2034212,26.8014928],[82.203415,26.8015503],[82.2034014,26.8019529],[82.2033735,26.8022536],[82.2033489,26.8026471]]}},{"type":"Feature","properties":{"id":"way/835879336","kind":"road","class":"residential","name":""},"geometry":{"type":"LineString","coordinates":[[82.205436,26.8057361],[82.2054799,26.8058741],[82.2054912,26.8059649],[82.2054935,26.8060742],[82.2054905,26.8062141],[82.2055123,26.8063687],[82.2055464,26.8065053],[82.2056239,26.8066818],[82.2056648,26.8067349],[82.2057929,26.8067778],[82.2059725,26.8068427],[82.2060947,26.8068875],[82.2062289,26.8069157],[82.2065219,26.8069508],[82.2067343,26.8069535],[82.2069828,26.8069694],[82.2071034,26.807002],[82.2071877,26.8070379],[82.2073309,26.8071173],[82.2074378,26.8071434],[82.2076461,26.807165],[82.2077258,26.807211],[82.2078089,26.8072746],[82.208037,26.8075073],[82.2081648,26.8076161]]}},{"type":"Feature","properties":{"id":"way/835879337","kind":"road","class":"residential","name":""},"geometry":{"type":"LineString","coordinates":[[82.2056648,26.8067349],[82.2056531,26.8069075],[82.2056359,26.8070503],[82.2056605,26.8071715],[82.2056981,26.8072689],[82.2057276,26.8073618],[82.205748,26.8075175],[82.2057555,26.8075405],[82.2057877,26.8075521],[82.2058235,26.8075484],[82.2061682,26.8074091]]}},{"type":"Feature","properties":{"id":"way/835879338","kind":"road","class":"residential","name":""},"geometry":{"type":"LineString","coordinates":[[82.2045599,26.8062205],[82.2053303,26.8060917],[82.2054062,26.8060781],[82.2054935,26.8060742]]}},{"type":"Feature","properties":{"id":"way/836133458","kind":"road","class":"residential","name":""},"geometry":{"type":"LineString","coordinates":[[82.2024895,26.8039989],[82.2021787,26.8041085],[82.2020747,26.8041331],[82.2019369,26.8041375],[82.2018818,26.8041438],[82.2018501,26.8041688],[82.2017551,26.8043082],[82.2016681,26.8044078],[82.201588,26.8044797],[82.2013787,26.8045551],[82.2013328,26.8045892],[82.2013143,26.8046192],[82.2013173,26.8046759],[82.2014038,26.8049584]]}},{"type":"Feature","properties":{"id":"way/836133460","kind":"road","class":"residential","name":""},"geometry":{"type":"LineString","coordinates":[[82.2032835,26.8009364],[82.2034644,26.8008825],[82.2034938,26.8008708],[82.2039166,26.8007387],[82.2040539,26.801139],[82.2042127,26.8016848],[82.2043489,26.8022357],[82.2038736,26.8023098]]}},{"type":"Feature","properties":{"id":"way/836133461","kind":"road","class":"residential","name":""},"geometry":{"type":"LineString","coordinates":[[82.2039166,26.8007387],[82.2037446,26.8001856],[82.203719,26.8001067],[82.2035355,26.7995417]]}},{"type":"Feature","properties":{"id":"way/836133462","kind":"road","class":"residential","name":""},"geometry":{"type":"LineString","coordinates":[[82.209246,26.8079055],[82.2093131,26.807978],[82.2094742,26.8080932],[82.2097038,26.8086876]]}},{"type":"Feature","properties":{"id":"way/836133466","kind":"road","class":"tertiary","name":"","access":"private"},"geometry":{"type":"LineString","coordinates":[[82.1963907,26.8061197],[82.1976042,26.8067518],[82.1987522,26.8075729],[82.1998411,26.8084683],[82.2002779,26.8088565],[82.200763,26.8093625],[82.2009339,26.8095232],[82.2011206,26.8096604],[82.2012216,26.8097103],[82.2014691,26.809768],[82.2026896,26.8101033],[82.2040729,26.8105425],[82.2049999,26.8108368],[82.2055714,26.8110182],[82.20563,26.8110392]]}},{"type":"Feature","properties":{"id":"way/836133467","kind":"road","class":"residential","name":""},"geometry":{"type":"LineString","coordinates":[[82.2060511,26.810615],[82.2061119,26.8106288],[82.2061599,26.8106397],[82.2067754,26.8109148],[82.2068988,26.8109454],[82.2069966,26.8109478],[82.2070774,26.81092],[82.2072373,26.8108034],[82.2079965,26.8102204]]}},{"type":"Feature","properties":{"id":"way/836133468","kind":"road","class":"residential","name":""},"geometry":{"type":"LineString","coordinates":[[82.2070268,26.8094845],[82.2072697,26.8096926],[82.2073926,26.8097782],[82.2074732,26.8098253],[82.2077945,26.8099924],[82.2078939,26.8100614],[82.207972,26.8101478],[82.2079965,26.8102204],[82.2081423,26.8105134]]}},{"type":"Feature","properties":{"id":"way/836133469","kind":"road","class":"residential","name":""},"geometry":{"type":"LineString","coordinates":[[82.2127656,26.7966474],[82.2133791,26.7967618],[82.2134973,26.7968225],[82.2136366,26.7970168],[82.2139125,26.7976503],[82.2139243,26.7976774],[82.2140627,26.797995],[82.2141056,26.7982555],[82.214067,26.7985083]]}},{"type":"Feature","properties":{"id":"way/836133470","kind":"road","class":"residential","name":""},"geometry":{"type":"LineString","coordinates":[[82.2122173,26.7986098],[82.212728,26.7985849],[82.2133932,26.7986117],[82.2138867,26.7985581],[82.214067,26.7985083],[82.2143373,26.7985696],[82.2143702,26.7985828],[82.2147014,26.798716],[82.2149111,26.7988118],[82.2153305,26.7988283],[82.2154526,26.7983167],[82.2154967,26.798177],[82.215602,26.7978432],[82.2157346,26.797388],[82.2158982,26.7968896],[82.216071,26.7963034]]}},{"type":"Feature","properties":{"id":"way/836133471","kind":"road","class":"residential","name":""},"geometry":{"type":"LineString","coordinates":[[82.2140931,26.8009105],[82.2141706,26.8008362],[82.2142799,26.8004714],[82.2142865,26.8004494],[82.2144278,26.79986],[82.2144179,26.7997996],[82.2143159,26.7996541],[82.2142699,26.7995646],[82.2142607,26.7994917],[82.2143509,26.7992083],[82.2143757,26.7989963],[82.2143702,26.7985828]]}},{"type":"Feature","properties":{"id":"way/836133472","kind":"road","class":"residential","name":""},"geometry":{"type":"LineString","coordinates":[[82.2124722,26.797796],[82.2128851,26.7978502],[82.2131116,26.7978552],[82.2134429,26.7977996]]}},{"type":"Feature","properties":{"id":"way/836133473","kind":"road","class":"residential","name":""},"geometry":{"type":"LineString","coordinates":[[82.2139243,26.7976774],[82.2144271,26.797646],[82.2149634,26.7976125],[82.2150285,26.7974731],[82.2151651,26.7968374],[82.2153546,26.7968509],[82.2158982,26.7968896]]}},{"type":"Feature","properties":{"id":"way/836133474","kind":"road","class":"residential","name":""},"geometry":{"type":"LineString","coordinates":[[82.2144271,26.797646],[82.2144297,26.7973789],[82.2144839,26.7970841],[82.214548,26.7966419],[82.2145973,26.7962481],[82.2146096,26.7960704]]}},{"type":"Feature","properties":{"id":"way/836133475","kind":"road","class":"residential","name":""},"geometry":{"type":"LineString","coordinates":[[82.2151651,26.7968374],[82.2148145,26.7968251],[82.2148356,26.7963853],[82.2148553,26.7960775]]}},{"type":"Feature","properties":{"id":"way/836133476","kind":"road","class":"residential","name":""},"geometry":{"type":"LineString","coordinates":[[82.2148145,26.7968251],[82.2147863,26.7969482],[82.2147173,26.7970802],[82.2146631,26.7972189]]}},{"type":"Feature","properties":{"id":"way/836133477","kind":"road","class":"residential","name":""},"geometry":{"type":"LineString","coordinates":[[82.2085857,26.8057077],[82.2083451,26.8051515],[82.2081422,26.8045258],[82.2081232,26.8044673],[82.2078965,26.8039088],[82.2078866,26.8038843],[82.2074848,26.8032067],[82.2072063,26.8026391],[82.2070067,26.8023597],[82.2067528,26.8018537],[82.2065802,26.8014621],[82.2064545,26.8013081],[82.2062426,26.8011079],[82.2059146,26.8011841],[82.2058452,26.8012002]]}},{"type":"Feature","properties":{"id":"way/836133478","kind":"road","class":"residential","name":""},"geometry":{"type":"LineString","coordinates":[[82.1981056,26.7972554],[82.1980872,26.7969615],[82.1979986,26.7966496],[82.1979527,26.796488],[82.1977649,26.7956598]]}},{"type":"Feature","properties":{"id":"way/836133480","kind":"road","class":"residential","name":""},"geometry":{"type":"LineString","coordinates":[[82.2001845,26.7898229],[82.2000258,26.7899102],[82.199525,26.7899871],[82.1991623,26.7900728],[82.1990895,26.7900944],[82.1987265,26.790202],[82.1979492,26.7902963],[82.1977069,26.7903428],[82.1974548,26.790546],[82.1972916,26.7906838],[82.1972167,26.790747],[82.1971685,26.7907877]]}},{"type":"Feature","properties":{"id":"way/836133481","kind":"road","class":"residential","name":""},"geometry":{"type":"LineString","coordinates":[[82.1962435,26.7903915],[82.1962741,26.7903275],[82.1966555,26.7895294],[82.1967028,26.7894487],[82.1967518,26.7893652],[82.1967518,26.7892009],[82.1963509,26.7893141],[82.1959194,26.7894359],[82.1953469,26.7896816],[82.1954579,26.7898656],[82.1956034,26.790103],[82.1956357,26.7901557]]}},{"type":"Feature","properties":{"id":"way/836133482","kind":"road","class":"residential","name":""},"geometry":{"type":"LineString","coordinates":[[82.1953469,26.7896816],[82.195046,26.7891201],[82.194924,26.7890215],[82.1948774,26.7889785],[82.1947629,26.788858],[82.1946828,26.7887928],[82.1946566,26.7887763],[82.1945082,26.7885934],[82.1948062,26.7883234],[82.1950009,26.7880311],[82.1950332,26.7879826],[82.1951979,26.7877282],[82.1953588,26.7874797],[82.1954083,26.787406],[82.1954692,26.7873154]]}},{"type":"Feature","properties":{"id":"way/836133483","kind":"road","class":"residential","name":""},"geometry":{"type":"LineString","coordinates":[[82.1937254,26.7888198],[82.1937935,26.7888001],[82.1945082,26.7885934]]}},{"type":"Feature","properties":{"id":"way/836133484","kind":"road","class":"residential","name":""},"geometry":{"type":"LineString","coordinates":[[82.1967518,26.7892009],[82.1972369,26.7887104],[82.1975705,26.7883409],[82.1977736,26.7881556],[82.1979385,26.7880554],[82.1983891,26.7880536],[82.1985395,26.7880716],[82.1988405,26.7880828]]}},{"type":"Feature","properties":{"id":"way/836133486","kind":"road","class":"residential","name":""},"geometry":{"type":"LineString","coordinates":[[82.2002649,26.7888412],[82.1995944,26.788573],[82.1992993,26.7884581],[82.1991635,26.7884032],[82.1990588,26.7883657]]}},{"type":"Feature","properties":{"id":"way/836133488","kind":"road","class":"residential","name":""},"geometry":{"type":"LineString","coordinates":[[82.1932264,26.8028975],[82.1932912,26.8024048],[82.1933107,26.8023057],[82.1933059,26.8022231],[82.1932871,26.8021294],[82.1932463,26.8020384],[82.1932596,26.8020106],[82.1932895,26.8019878],[82.1933729,26.8019511],[82.1933943,26.8019295],[82.1934017,26.8018956],[82.1935144,26.8012787],[82.1935178,26.8012598],[82.1936132,26.8008823],[82.1936277,26.8008247]]}},{"type":"Feature","properties":{"id":"way/836133489","kind":"road","class":"residential","name":""},"geometry":{"type":"LineString","coordinates":[[82.196889,26.8021674],[82.1975863,26.8020046],[82.1976086,26.8019993],[82.1978609,26.8019395],[82.1981892,26.8019318],[82.1984339,26.8020084],[82.1986055,26.8022651],[82.1987321,26.8025792],[82.1991956,26.8025141],[82.1998211,26.8025015],[82.2000222,26.8024889],[82.2000579,26.8026331],[82.200099,26.8027305],[82.2001183,26.8029105],[82.200187,26.8030408],[82.2002578,26.803102],[82.2006569,26.8028052],[82.20085,26.8025945],[82.2009772,26.8025025],[82.2010538,26.802447],[82.2015125,26.8022623]]}},{"type":"Feature","properties":{"id":"way/836133490","kind":"road","class":"residential","name":""},"geometry":{"type":"LineString","coordinates":[[82.2002578,26.803102],[82.2002151,26.8031979],[82.200162,26.8032438],[82.200092,26.8032865],[82.1999788,26.8033259],[82.1996295,26.803409],[82.1995786,26.8034225],[82.1995415,26.8034418],[82.1995328,26.8034856],[82.1995287,26.8036019],[82.1995144,26.8036845],[82.1994977,26.8037524],[82.1994265,26.8038514],[82.1993623,26.8039109],[82.1991148,26.8040645]]}},{"type":"Feature","properties":{"id":"way/836133491","kind":"road","class":"residential","name":""},"geometry":{"type":"LineString","coordinates":[[82.2003208,26.8042587],[82.2001501,26.8042009],[82.2000009,26.8041687],[82.1998756,26.8041776],[82.1997249,26.8042111],[82.1995536,26.8042665],[82.1992835,26.8043923],[82.1989237,26.8046622]]}},{"type":"Feature","properties":{"id":"way/836133492","kind":"road","class":"residential","name":""},"geometry":{"type":"LineString","coordinates":[[82.1987321,26.8025792],[82.1988534,26.8031471],[82.1988716,26.8032325],[82.1988579,26.8032923],[82.1988371,26.8033552],[82.1988119,26.8034403],[82.1989281,26.8037333],[82.1991148,26.8040645],[82.1992105,26.8042412],[82.1992835,26.8043923]]}},{"type":"Feature","properties":{"id":"way/836133493","kind":"road","class":"residential","name":""},"geometry":{"type":"LineString","coordinates":[[82.1980092,26.803581],[82.1983196,26.8034585],[82.198426,26.8034354],[82.1985277,26.8034183],[82.1986157,26.8034159],[82.1988119,26.8034403]]}},{"type":"Feature","properties":{"id":"way/836133494","kind":"road","class":"residential","name":""},"geometry":{"type":"LineString","coordinates":[[82.1970943,26.8038086],[82.1975463,26.8036214],[82.1979113,26.8034655]]}},{"type":"Feature","properties":{"id":"way/836133495","kind":"road","class":"residential","name":""},"geometry":{"type":"LineString","coordinates":[[82.1972847,26.8027262],[82.1976723,26.8025997],[82.1977489,26.8025296],[82.1977003,26.8023196],[82.1976086,26.8019993]]}},{"type":"Feature","properties":{"id":"way/836133496","kind":"road","class":"residential","name":""},"geometry":{"type":"LineString","coordinates":[[82.1986055,26.8022651],[82.1994314,26.8020724],[82.1995179,26.8020801],[82.1995877,26.8021068],[82.1997472,26.8022358],[82.1997871,26.8022447],[82.2000112,26.8022335]]}},{"type":"Feature","properties":{"id":"way/836133497","kind":"road","class":"residential","name":""},"geometry":{"type":"LineString","coordinates":[[82.2000222,26.8024889],[82.2000112,26.8022335],[82.2000103,26.8022124],[82.1999952,26.8019845],[82.2001905,26.8018887],[82.2004501,26.8018408],[82.2006325,26.8018696],[82.2006626,26.8019672],[82.2006733,26.8021415],[82.2007484,26.8025054],[82.2009772,26.8025025]]}},{"type":"Feature","properties":{"id":"way/837547444","kind":"road","class":"residential","name":""},"geometry":{"type":"LineString","coordinates":[[82.2071523,26.7963275],[82.2071967,26.7966574],[82.2072538,26.7970816],[82.2072796,26.7973765],[82.2073396,26.7976627],[82.2075519,26.7984112],[82.2075596,26.7984381],[82.2075838,26.7985837],[82.2077368,26.7995973]]}},{"type":"Feature","properties":{"id":"way/837547445","kind":"road","class":"residential","name":""},"geometry":{"type":"LineString","coordinates":[[82.2071523,26.7963275],[82.2071406,26.7962679],[82.2068989,26.7952552]]}},{"type":"Feature","properties":{"id":"way/843831295","kind":"road","class":"residential","name":""},"geometry":{"type":"LineString","coordinates":[[82.2017543,26.794002],[82.2015267,26.7941749],[82.2013147,26.7943135],[82.2011315,26.7944696],[82.2010978,26.7944983],[82.2008733,26.7947658]]}},{"type":"Feature","properties":{"id":"way/843831296","kind":"road","class":"residential","name":""},"geometry":{"type":"LineString","coordinates":[[82.1992676,26.7955405],[82.1991545,26.7952539],[82.1989346,26.7948277],[82.1990865,26.794769],[82.1997175,26.794516],[82.1998002,26.7945119],[82.1998531,26.7945093],[82.1999303,26.7944937],[82.2001686,26.7944455],[82.2003657,26.7944543],[82.2005605,26.7945248],[82.2007996,26.7947162],[82.2008733,26.7947658],[82.2009703,26.7948344],[82.2011323,26.7949329],[82.201206,26.7948378],[82.2013051,26.7947064],[82.2013549,26.7946666],[82.2014807,26.7945661],[82.2017581,26.794374],[82.2019625,26.7942301]]}},{"type":"Feature","properties":{"id":"way/843831297","kind":"road","class":"residential","name":""},"geometry":{"type":"LineString","coordinates":[[82.2001647,26.7913252],[82.1997568,26.7911236]]}},{"type":"Feature","properties":{"id":"way/843831298","kind":"road","class":"residential","name":""},"geometry":{"type":"LineString","coordinates":[[82.2002166,26.7889707],[82.200092,26.7889486],[82.199569,26.789012],[82.1992034,26.7890944],[82.1991517,26.7890776],[82.1991201,26.7890399],[82.1990708,26.7888703]]}},{"type":"Feature","properties":{"id":"way/843831300","kind":"road","class":"residential","name":""},"geometry":{"type":"LineString","coordinates":[[82.2001647,26.7913252],[82.2004649,26.7911577],[82.2006049,26.7910542],[82.2007089,26.7911314],[82.2007675,26.7912244],[82.2008982,26.7913244],[82.2009767,26.7914044],[82.2010514,26.7914094],[82.2012864,26.7913328],[82.2013428,26.7913144],[82.2014661,26.7912911],[82.2015371,26.7913111],[82.202077,26.791236],[82.2023995,26.7911829],[82.2025403,26.7916413],[82.2026006,26.7918375]]}},{"type":"Feature","properties":{"id":"way/843831301","kind":"road","class":"residential","name":""},"geometry":{"type":"LineString","coordinates":[[82.2079056,26.7995819],[82.2082882,26.799455],[82.2099789,26.7990912]]}},{"type":"Feature","properties":{"id":"way/843831302","kind":"road","class":"residential","name":""},"geometry":{"type":"LineString","coordinates":[[82.2115022,26.7953307],[82.2115022,26.79603],[82.2114726,26.7962676],[82.2113272,26.7966328],[82.2110359,26.796976],[82.2110191,26.7969958],[82.2109155,26.7972378],[82.210775,26.7978451],[82.2107701,26.7978771],[82.2106765,26.7984919],[82.2106768,26.7988104]]}},{"type":"Feature","properties":{"id":"way/843831303","kind":"road","class":"residential","name":""},"geometry":{"type":"LineString","coordinates":[[82.2110359,26.796976],[82.2115025,26.7972488],[82.2118648,26.7974864],[82.2120965,26.7976118],[82.2123726,26.7977196],[82.2124859,26.7977483]]}},{"type":"Feature","properties":{"id":"way/843831304","kind":"road","class":"residential","name":""},"geometry":{"type":"LineString","coordinates":[[82.2119382,26.7939782],[82.2121087,26.7939418],[82.2123821,26.7938834],[82.2125063,26.7938568],[82.2128739,26.7937852],[82.2129055,26.7937336],[82.2129269,26.7936802],[82.2132131,26.7923761],[82.2132207,26.7923421],[82.2132506,26.7921454]]}},{"type":"Feature","properties":{"id":"way/843831305","kind":"road","class":"residential","name":""},"geometry":{"type":"LineString","coordinates":[[82.2112071,26.7927134],[82.2113977,26.7926711],[82.2116591,26.7926289],[82.211779,26.7926008],[82.2121483,26.7925141],[82.2123838,26.7924588],[82.2125516,26.7924422],[82.2127201,26.7924255],[82.2132131,26.7923761]]}},{"type":"Feature","properties":{"id":"way/843831306","kind":"road","class":"residential","name":""},"geometry":{"type":"LineString","coordinates":[[82.2121087,26.7939418],[82.2119669,26.7933649],[82.211779,26.7926008]]}},{"type":"Feature","properties":{"id":"way/843831307","kind":"road","class":"residential","name":""},"geometry":{"type":"LineString","coordinates":[[82.2125063,26.7938568],[82.2121483,26.7925141],[82.2120775,26.7921987],[82.2120439,26.7918719]]}},{"type":"Feature","properties":{"id":"way/843831308","kind":"road","class":"residential","name":""},"geometry":{"type":"LineString","coordinates":[[82.211779,26.7926008],[82.2116961,26.7922213],[82.2116777,26.7918919]]}},{"type":"Feature","properties":{"id":"way/843831310","kind":"road","class":"residential","name":""},"geometry":{"type":"LineString","coordinates":[[82.2128739,26.7937852],[82.2127313,26.7930991],[82.2125516,26.7924422],[82.212488,26.79218]]}},{"type":"Feature","properties":{"id":"way/843831311","kind":"road","class":"residential","name":""},"geometry":{"type":"LineString","coordinates":[[82.211177,26.7919054],[82.2113268,26.7918994],[82.2116777,26.7918919],[82.2120439,26.7918719],[82.2123566,26.7918558],[82.2135383,26.7917685]]}},{"type":"Feature","properties":{"id":"way/843831312","kind":"road","class":"residential","name":""},"geometry":{"type":"LineString","coordinates":[[82.2119669,26.7933649],[82.2116457,26.7934285]]}},{"type":"Feature","properties":{"id":"way/843831313","kind":"road","class":"residential","name":""},"geometry":{"type":"LineString","coordinates":[[82.2113977,26.7926711],[82.2115435,26.7932363]]}},{"type":"Feature","properties":{"id":"way/843831316","kind":"road","class":"residential","name":""},"geometry":{"type":"LineString","coordinates":[[82.1997568,26.7911236],[82.1998508,26.7910118],[82.1999564,26.7908862],[82.199759,26.7905337],[82.1996542,26.7903299],[82.1995952,26.7901971]]}},{"type":"Feature","properties":{"id":"way/843831317","kind":"road","class":"residential","name":""},"geometry":{"type":"LineString","coordinates":[[82.1998508,26.7910118],[82.1992936,26.7906279],[82.1991625,26.7905376]]}},{"type":"Feature","properties":{"id":"way/843831318","kind":"road","class":"residential","name":""},"geometry":{"type":"LineString","coordinates":[[82.1996542,26.7903299],[82.1991625,26.7905376],[82.1986947,26.7907559],[82.1989994,26.7910126],[82.1990948,26.7908878],[82.1992936,26.7906279]]}},{"type":"Feature","properties":{"id":"way/843831319","kind":"road","class":"residential","name":""},"geometry":{"type":"LineString","coordinates":[[82.1990948,26.7908878],[82.1996595,26.7912411]]}},{"type":"Feature","properties":{"id":"way/843831320","kind":"road","class":"residential","name":""},"geometry":{"type":"LineString","coordinates":[[82.1997568,26.7911236],[82.1996595,26.7912411],[82.199466,26.791512],[82.1994374,26.7915231],[82.1994152,26.7915173],[82.1992635,26.7914167],[82.1992111,26.7914007],[82.1991192,26.7913897]]}},{"type":"Feature","properties":{"id":"way/843831322","kind":"road","class":"residential","name":""},"geometry":{"type":"LineString","coordinates":[[82.2006855,26.7940138],[82.2008786,26.7938658],[82.2009721,26.7937672],[82.2011335,26.7936636],[82.2012905,26.7935784]]}},{"type":"Feature","properties":{"id":"way/843831327","kind":"road","class":"residential","name":""},"geometry":{"type":"LineString","coordinates":[[82.1993837,26.7919155],[82.1991813,26.7921597],[82.1994304,26.7923231],[82.199574,26.7924166],[82.1998146,26.7922063]]}},{"type":"Feature","properties":{"id":"way/843831328","kind":"road","class":"residential","name":""},"geometry":{"type":"LineString","coordinates":[[82.1991813,26.7921597],[82.1991491,26.7921896],[82.1991223,26.7921992],[82.1990895,26.7921956],[82.1990593,26.7921902],[82.199019,26.7921902],[82.199003,26.7921962],[82.1989802,26.7922106],[82.1988772,26.7923121],[82.1987505,26.7924595]]}},{"type":"Feature","properties":{"id":"way/843831329","kind":"road","class":"residential","name":""},"geometry":{"type":"LineString","coordinates":[[82.1988772,26.7923121],[82.1990574,26.7924499],[82.1992054,26.7925878]]}},{"type":"Feature","properties":{"id":"way/843831330","kind":"road","class":"residential","name":""},"geometry":{"type":"LineString","coordinates":[[82.199574,26.7924166],[82.1995273,26.7924901],[82.1994629,26.7925457],[82.1993599,26.7924805],[82.1993471,26.7924307],[82.1994304,26.7923231]]}},{"type":"Feature","properties":{"id":"way/843831333","kind":"road","class":"residential","name":""},"geometry":{"type":"LineString","coordinates":[[82.2081929,26.7953651],[82.2082194,26.7956812],[82.2083036,26.7960619],[82.2080273,26.7961256],[82.2071523,26.7963275]]}},{"type":"Feature","properties":{"id":"way/843831334","kind":"road","class":"residential","name":""},"geometry":{"type":"LineString","coordinates":[[82.2122173,26.7986098],[82.2119117,26.7986465],[82.2106768,26.7988104],[82.2105936,26.798826],[82.2099245,26.7989371]]}},{"type":"Feature","properties":{"id":"way/843831338","kind":"road","class":"residential","name":""},"geometry":{"type":"LineString","coordinates":[[82.2121064,26.7943285],[82.2124599,26.7942174],[82.2129889,26.7941283],[82.2130901,26.7941394],[82.2131421,26.7941759],[82.213221,26.7942974],[82.2132112,26.7944756],[82.2131964,26.7947066],[82.2131421,26.7949961],[82.2131311,26.7950347],[82.2130712,26.7952439]]}},{"type":"Feature","properties":{"id":"way/843831339","kind":"road","class":"residential","name":""},"geometry":{"type":"LineString","coordinates":[[82.2131311,26.7950347],[82.2132508,26.795093]]}},{"type":"Feature","properties":{"id":"way/843831340","kind":"road","class":"residential","name":""},"geometry":{"type":"LineString","coordinates":[[82.2154419,26.7947254],[82.2156087,26.7947396],[82.2158511,26.7947186],[82.2162975,26.7945538],[82.216982,26.7941938],[82.2175635,26.7938356],[82.2175012,26.7937226],[82.2178038,26.7936096]]}},{"type":"Feature","properties":{"id":"way/843831341","kind":"road","class":"residential","name":""},"geometry":{"type":"LineString","coordinates":[[82.2149786,26.7947742],[82.2150023,26.7942547],[82.2149996,26.7942367],[82.2149849,26.7942205],[82.2149547,26.7942032],[82.2144924,26.794132],[82.2145076,26.7948258]]}},{"type":"Feature","properties":{"id":"way/843831342","kind":"road","class":"residential","name":""},"geometry":{"type":"LineString","coordinates":[[82.2138698,26.7949148],[82.2139107,26.7947481],[82.2139452,26.7945523],[82.2139428,26.7943807],[82.2139674,26.794209],[82.2139748,26.7940946],[82.2140118,26.7940704],[82.2144924,26.794132]]}},{"type":"Feature","properties":{"id":"way/843831343","kind":"road","class":"residential","name":""},"geometry":{"type":"LineString","coordinates":[[82.2151814,26.7940308],[82.2153797,26.7933863]]}},{"type":"Feature","properties":{"id":"way/843831344","kind":"road","class":"residential","name":""},"geometry":{"type":"LineString","coordinates":[[82.2142187,26.7932121],[82.2145992,26.7932295],[82.2149992,26.7932963],[82.2153797,26.7933863],[82.2154382,26.7934109],[82.215892,26.7936061],[82.2159327,26.7935198],[82.2161083,26.7930872]]}},{"type":"Feature","properties":{"id":"way/843831345","kind":"road","class":"residential","name":""},"geometry":{"type":"LineString","coordinates":[[82.2154382,26.7934109],[82.2156083,26.7928684],[82.2156046,26.7928253],[82.2155807,26.7928009],[82.215342,26.7927276],[82.2153195,26.7926997],[82.2153489,26.7923776],[82.2153444,26.7923262],[82.2153315,26.7922983],[82.2153024,26.7922927],[82.2151484,26.7923015],[82.2150976,26.7922927],[82.2150354,26.7922571],[82.2148999,26.7921045],[82.2148622,26.7920734],[82.2148132,26.7920649],[82.2147534,26.7920809],[82.2146672,26.7920818],[82.2144202,26.792073]]}},{"type":"Feature","properties":{"id":"way/843831346","kind":"road","class":"residential","name":""},"geometry":{"type":"LineString","coordinates":[[82.216342,26.793897],[82.2164555,26.7940251],[82.2170766,26.7937127]]}},{"type":"Feature","properties":{"id":"way/843831347","kind":"road","class":"residential","name":""},"geometry":{"type":"LineString","coordinates":[[82.2108306,26.7996882],[82.2107757,26.7995381],[82.2107455,26.7994709],[82.2105936,26.798826]]}},{"type":"Feature","properties":{"id":"way/843831351","kind":"road","class":"primary","name":""},"geometry":{"type":"LineString","coordinates":[[82.2085857,26.8057077],[82.2087861,26.8055638],[82.2090425,26.8053052],[82.2092529,26.805093],[82.2094253,26.8048835],[82.2098774,26.8043343],[82.2099734,26.8042178],[82.2102068,26.8039116],[82.2103277,26.8037221],[82.210445,26.8034267],[82.2105166,26.8029801],[82.2105157,26.8027304],[82.2105138,26.8022064],[82.2105136,26.8021637],[82.2104835,26.8019708],[82.2103604,26.8011832],[82.2102772,26.8006505],[82.2102334,26.8003935],[82.2101685,26.8002016],[82.2100676,26.8000454],[82.2099546,26.7996258]]}},{"type":"Feature","properties":{"id":"way/843831353","kind":"road","class":"residential","name":""},"geometry":{"type":"LineString","coordinates":[[82.2094787,26.7962542],[82.2089445,26.7963412],[82.2088275,26.7963906],[82.2086256,26.7965445]]}},{"type":"Feature","properties":{"id":"way/843831364","kind":"road","class":"residential","name":""},"geometry":{"type":"LineString","coordinates":[[82.2158024,26.8020941],[82.215893,26.8019556],[82.2161013,26.8016207]]}},{"type":"Feature","properties":{"id":"way/843831366","kind":"road","class":"residential","name":""},"geometry":{"type":"LineString","coordinates":[[82.2146526,26.8011499],[82.2146014,26.8013356],[82.2145379,26.8015865],[82.2145254,26.8016634],[82.2145323,26.8017866],[82.2146997,26.802124],[82.2147583,26.8021385]]}},{"type":"Feature","properties":{"id":"way/843831367","kind":"road","class":"residential","name":""},"geometry":{"type":"LineString","coordinates":[[82.2146952,26.8023087],[82.2147583,26.8021385],[82.2148209,26.8019126],[82.214848,26.8017146],[82.2148739,26.8016628],[82.2149195,26.8015716],[82.2151463,26.8017586],[82.2153268,26.8019248]]}},{"type":"Feature","properties":{"id":"way/843831368","kind":"road","class":"residential","name":""},"geometry":{"type":"LineString","coordinates":[[82.2145254,26.8016634],[82.2148739,26.8016628]]}},{"type":"Feature","properties":{"id":"way/843831369","kind":"road","class":"residential","name":""},"geometry":{"type":"LineString","coordinates":[[82.2153392,26.8019114],[82.2153268,26.8019248],[82.2151271,26.8022265],[82.2151136,26.8022517],[82.2151103,26.8022708],[82.2151197,26.8022894],[82.2152352,26.8023896],[82.2154402,26.8025342],[82.2154617,26.8025443],[82.2154771,26.8025449],[82.2155005,26.8025384],[82.2155119,26.8025294],[82.2157323,26.8022011]]}},{"type":"Feature","properties":{"id":"way/843831370","kind":"road","class":"residential","name":""},"geometry":{"type":"LineString","coordinates":[[82.2140593,26.800914],[82.2140314,26.8013595],[82.2140352,26.8017563],[82.2140411,26.8019552],[82.21376,26.8019858]]}},{"type":"Feature","properties":{"id":"way/843831371","kind":"road","class":"residential","name":""},"geometry":{"type":"LineString","coordinates":[[82.2037363,26.7941023],[82.2035341,26.7936386],[82.2034268,26.7933948],[82.2033151,26.7929653],[82.2033101,26.7928698],[82.2033355,26.7927938],[82.2034159,26.7927135],[82.203436,26.7926609],[82.2033457,26.7922221]]}},{"type":"Feature","properties":{"id":"way/843831372","kind":"road","class":"residential","name":""},"geometry":{"type":"LineString","coordinates":[[82.2075536,26.7898174],[82.207637,26.7900913],[82.2080585,26.7900385],[82.2080979,26.7898922],[82.2081078,26.7896842],[82.2081069,26.7896481]]}},{"type":"Feature","properties":{"id":"way/843831373","kind":"road","class":"residential","name":""},"geometry":{"type":"LineString","coordinates":[[82.207637,26.7900913],[82.2076412,26.790164],[82.2075889,26.790229],[82.2075366,26.7902874],[82.2073562,26.7904127],[82.2073181,26.7904725],[82.2069029,26.7905455]]}},{"type":"Feature","properties":{"id":"way/843831374","kind":"road","class":"residential","name":""},"geometry":{"type":"LineString","coordinates":[[82.2073562,26.7904127],[82.2073107,26.79033],[82.2072809,26.790278],[82.2072379,26.7901688],[82.2072122,26.7900022],[82.2071958,26.7899006]]}},{"type":"Feature","properties":{"id":"way/843831375","kind":"road","class":"residential","name":""},"geometry":{"type":"LineString","coordinates":[[82.2067447,26.7914417],[82.2066475,26.7913885],[82.2065908,26.7912836],[82.2065731,26.7912099],[82.2064795,26.7910471],[82.2062216,26.7901199]]}},{"type":"Feature","properties":{"id":"way/843831376","kind":"road","class":"residential","name":""},"geometry":{"type":"LineString","coordinates":[[82.2072599,26.787753],[82.2072435,26.7877706],[82.2072218,26.7877817],[82.2067072,26.7878268],[82.2062149,26.7878061],[82.2056783,26.7876543],[82.2054523,26.7875904],[82.2051684,26.7874924],[82.2046513,26.7873138],[82.2045678,26.7872827],[82.204232,26.7871579],[82.2037032,26.7870447],[82.2033791,26.7870594],[82.2033204,26.7870621],[82.2030475,26.7871063],[82.2025003,26.7871063],[82.2019433,26.7872251],[82.2014651,26.7872911],[82.2009524,26.7872867],[82.2006134,26.7871979],[82.2004989,26.7871679],[82.2000094,26.7869878],[82.1999369,26.7869611],[82.1995031,26.7868335],[82.199147,26.7867586],[82.1988294,26.7867231],[82.1987883,26.7867103]]}},{"type":"Feature","properties":{"id":"way/843831377","kind":"road","class":"residential","name":""},"geometry":{"type":"LineString","coordinates":[[82.2032914,26.7862537],[82.203341,26.7862495],[82.2034346,26.7862415],[82.203495,26.7862289],[82.2035319,26.786208],[82.2035627,26.7861864],[82.2037121,26.7858934],[82.2038112,26.7857301],[82.2038977,26.7855876],[82.2041595,26.7852214],[82.2042447,26.7851795],[82.2045844,26.7848919],[82.2047818,26.7847234],[82.2048547,26.7845701],[82.2048732,26.7844721],[82.2049234,26.7842062],[82.2052622,26.7840214],[82.2053448,26.7839225],[82.2053722,26.7838538]]}},{"type":"Feature","properties":{"id":"way/843831378","kind":"road","class":"residential","name":""},"geometry":{"type":"LineString","coordinates":[[82.2049234,26.7842062],[82.2048663,26.7841249],[82.2048663,26.7839753]]}},{"type":"Feature","properties":{"id":"way/843831379","kind":"road","class":"residential","name":""},"geometry":{"type":"LineString","coordinates":[[82.2041595,26.7852214],[82.2040425,26.7847374],[82.2040815,26.7846706],[82.2043352,26.7845574],[82.2044132,26.7845313]]}},{"type":"Feature","properties":{"id":"way/843831380","kind":"road","class":"residential","name":""},"geometry":{"type":"LineString","coordinates":[[82.2042447,26.7851795],[82.2047132,26.7851405],[82.2049727,26.7851661],[82.2050502,26.7852015],[82.2051395,26.7853355],[82.2052758,26.785464],[82.2054212,26.7854984],[82.2055411,26.7854908],[82.2059075,26.7854676],[82.2061829,26.7855576],[82.2064038,26.7856626],[82.2066355,26.7856678],[82.2069073,26.7856097]]}},{"type":"Feature","properties":{"id":"way/843831381","kind":"road","class":"residential","name":""},"geometry":{"type":"LineString","coordinates":[[82.2032257,26.7836301],[82.2033605,26.7836476],[82.2036164,26.7836168],[82.2039807,26.7835123],[82.2042441,26.7834803],[82.2045238,26.783611],[82.2045778,26.783639],[82.2047255,26.7837155],[82.2053722,26.7838538],[82.2055288,26.7838636],[82.2059614,26.7839275],[82.2062313,26.7839884],[82.2066443,26.7841328],[82.2069737,26.7841655],[82.2072481,26.7841834],[82.2074269,26.7841855],[82.2076214,26.7841618],[82.2078194,26.7841255],[82.208471,26.7839835]]}},{"type":"Feature","properties":{"id":"way/843831382","kind":"road","class":"residential","name":""},"geometry":{"type":"LineString","coordinates":[[82.1922374,26.8000483],[82.1924837,26.7999662],[82.1925982,26.7998784],[82.1929708,26.7997421],[82.1930931,26.7996847],[82.1934764,26.7996522]]}},{"type":"Feature","properties":{"id":"way/843831383","kind":"road","class":"residential","name":""},"geometry":{"type":"LineString","coordinates":[[82.1927537,26.8010709],[82.192763,26.8011653],[82.1927735,26.8013281],[82.1929344,26.8013215]]}},{"type":"Feature","properties":{"id":"way/843831384","kind":"road","class":"residential","name":""},"geometry":{"type":"LineString","coordinates":[[82.1933107,26.8023057],[82.1933901,26.8023581],[82.1935856,26.8024427],[82.1938475,26.8025159],[82.1941165,26.8025698]]}},{"type":"Feature","properties":{"id":"way/843831385","kind":"road","class":"residential","name":""},"geometry":{"type":"LineString","coordinates":[[82.2054001,26.8015445],[82.2050553,26.8015853],[82.2046428,26.801634],[82.2042127,26.8016848]]}},{"type":"Feature","properties":{"id":"way/843831386","kind":"road","class":"residential","name":""},"geometry":{"type":"LineString","coordinates":[[82.2043489,26.8022357],[82.2047389,26.8021628],[82.2046428,26.801634]]}},{"type":"Feature","properties":{"id":"way/843831387","kind":"road","class":"residential","name":""},"geometry":{"type":"LineString","coordinates":[[82.2047389,26.8021628],[82.2050875,26.8021158],[82.2051056,26.8021032],[82.2051204,26.8020835],[82.2051251,26.802056],[82.2050553,26.8015853]]}},{"type":"Feature","properties":{"id":"way/843831388","kind":"road","class":"residential","name":""},"geometry":{"type":"LineString","coordinates":[[82.2047389,26.8021628],[82.2048052,26.8024049],[82.2048684,26.8028934],[82.2047778,26.8029591],[82.20479,26.8033085]]}},{"type":"Feature","properties":{"id":"way/843831389","kind":"road","class":"residential","name":""},"geometry":{"type":"LineString","coordinates":[[82.2054091,26.8022867],[82.2048052,26.8024049],[82.2044026,26.802485],[82.2044417,26.8030976]]}},{"type":"Feature","properties":{"id":"way/843831390","kind":"road","class":"residential","name":""},"geometry":{"type":"LineString","coordinates":[[82.2054615,26.8025709],[82.2058703,26.8025082],[82.2060269,26.8024546]]}},{"type":"Feature","properties":{"id":"way/843831396","kind":"road","class":"residential","name":""},"geometry":{"type":"LineString","coordinates":[[82.2066194,26.7987207],[82.2072564,26.7986524],[82.2075838,26.7985837]]}},{"type":"Feature","properties":{"id":"way/843831397","kind":"road","class":"residential","name":""},"geometry":{"type":"LineString","coordinates":[[82.2075519,26.7984112],[82.2081754,26.7983923],[82.208245,26.7983936],[82.2086301,26.7983481]]}},{"type":"Feature","properties":{"id":"way/843831398","kind":"road","class":"residential","name":""},"geometry":{"type":"LineString","coordinates":[[82.2081754,26.7983923],[82.2081771,26.7983355],[82.2080327,26.7978654]]}},{"type":"Feature","properties":{"id":"way/844065533","kind":"road","class":"residential","name":""},"geometry":{"type":"LineString","coordinates":[[82.2074661,26.7952417],[82.207469,26.7951327],[82.2073877,26.7948621],[82.2074296,26.7947762],[82.2074172,26.7944572],[82.2073981,26.7943258]]}},{"type":"Feature","properties":{"id":"way/844065534","kind":"road","class":"residential","name":""},"geometry":{"type":"LineString","coordinates":[[82.2074296,26.7947762],[82.2081953,26.7945695]]}},{"type":"Feature","properties":{"id":"way/844065535","kind":"road","class":"residential","name":""},"geometry":{"type":"LineString","coordinates":[[82.2030873,26.7964197],[82.2031503,26.7963999],[82.2037677,26.7962063],[82.2037968,26.7961972],[82.2040532,26.7960894]]}},{"type":"Feature","properties":{"id":"way/844065536","kind":"road","class":"residential","name":""},"geometry":{"type":"LineString","coordinates":[[82.1897649,26.7919899],[82.1900106,26.7918197],[82.1901476,26.7916651],[82.1902839,26.7915866],[82.1903099,26.7915683],[82.1903155,26.7915407],[82.1903075,26.7915112],[82.1901714,26.7912762],[82.1901761,26.7912454],[82.1901942,26.7912186],[82.1904395,26.7910936],[82.1904783,26.7910595],[82.1905874,26.790988],[82.1907016,26.7908544],[82.1907323,26.7908359],[82.1907742,26.7908181],[82.1912245,26.7907905],[82.1918987,26.7907491],[82.1920882,26.7907375]]}},{"type":"Feature","properties":{"id":"way/844065537","kind":"road","class":"residential","name":""},"geometry":{"type":"LineString","coordinates":[[82.1899465,26.7921838],[82.1904595,26.7920028],[82.1907895,26.7919781],[82.1910126,26.7919672],[82.1910523,26.7919749],[82.191079,26.791996],[82.19111,26.7920485],[82.1911493,26.7921974],[82.191255,26.7922056],[82.1912945,26.7922217],[82.1913199,26.7922503],[82.1913903,26.7924741],[82.1914159,26.7924961],[82.1914639,26.7925104],[82.1919376,26.7924224]]}},{"type":"Feature","properties":{"id":"way/844065538","kind":"road","class":"residential","name":""},"geometry":{"type":"LineString","coordinates":[[82.1911493,26.7921974],[82.1906538,26.7923785],[82.1906351,26.7924074],[82.1906361,26.7924339],[82.190663,26.792512],[82.1906593,26.7925489],[82.1906366,26.79257],[82.1904154,26.7926804]]}},{"type":"Feature","properties":{"id":"way/844065539","kind":"road","class":"residential","name":""},"geometry":{"type":"LineString","coordinates":[[82.1948661,26.7897484],[82.194568,26.7898105],[82.1944106,26.789845],[82.1943789,26.7898644],[82.1943696,26.7898861],[82.1943696,26.7899934],[82.19435,26.7900271],[82.1943164,26.7900546],[82.1941587,26.790091],[82.1940857,26.7901133],[82.1940314,26.7901501],[82.1940041,26.7901854],[82.1939861,26.7902206],[82.1939956,26.7903156],[82.1938868,26.7903987],[82.1937636,26.7904509],[82.1934142,26.7905567],[82.1932064,26.7906062],[82.1931548,26.790604],[82.1931206,26.7905915],[82.1930427,26.7905014],[82.1928421,26.7903482],[82.1928049,26.7903231],[82.1927466,26.7902837],[82.1922501,26.7897337]]}},{"type":"Feature","properties":{"id":"way/844065540","kind":"road","class":"residential","name":""},"geometry":{"type":"LineString","coordinates":[[82.1917495,26.7892688],[82.1920368,26.7892012],[82.1931137,26.7889333],[82.1933939,26.78891],[82.1937254,26.7888198]]}},{"type":"Feature","properties":{"id":"way/844065541","kind":"road","class":"residential","name":""},"geometry":{"type":"LineString","coordinates":[[82.1944576,26.7894202],[82.1941263,26.7895349],[82.1939751,26.7895613],[82.1938189,26.7895791],[82.1935912,26.7895792],[82.1935551,26.7895825],[82.1933544,26.7896006],[82.1930685,26.7896537],[82.1922501,26.7897337],[82.1921068,26.7897477],[82.1920631,26.789752]]}},{"type":"Feature","properties":{"id":"way/844065542","kind":"road","class":"residential","name":""},"geometry":{"type":"LineString","coordinates":[[82.1951741,26.78993],[82.1950326,26.7901063],[82.1949756,26.7902144],[82.1949234,26.7902631],[82.1948411,26.7902953],[82.1945551,26.7903761],[82.1944334,26.7904871],[82.1943504,26.7905558],[82.1943004,26.7905659],[82.194241,26.7905554],[82.1941586,26.7904917],[82.1940712,26.790417],[82.1939956,26.7903156]]}},{"type":"Feature","properties":{"id":"way/844065543","kind":"road","class":"residential","name":""},"geometry":{"type":"LineString","coordinates":[[82.1920082,26.7882405],[82.1920453,26.78824],[82.1922739,26.7882367],[82.1925057,26.788206],[82.1926752,26.7881466],[82.19275,26.7880757]]}},{"type":"Feature","properties":{"id":"way/844065544","kind":"road","class":"residential","name":""},"geometry":{"type":"LineString","coordinates":[[82.1920167,26.7888314],[82.1918479,26.7887593],[82.1916062,26.7886081],[82.1914464,26.7885019],[82.1913274,26.7884053],[82.1912339,26.7883159],[82.1910226,26.7879935]]}},{"type":"Feature","properties":{"id":"way/844065545","kind":"road","class":"residential","name":""},"geometry":{"type":"LineString","coordinates":[[82.192002,26.7879259],[82.1916455,26.7879868],[82.1914649,26.7880518],[82.1914216,26.7880523],[82.1913834,26.7880372],[82.1913344,26.7879926],[82.1912677,26.7879719],[82.1912266,26.7879671],[82.1911806,26.787969],[82.1910226,26.7879935],[82.1909503,26.7879753],[82.1908855,26.7879441],[82.1908387,26.7879064],[82.1907915,26.7878068],[82.1907766,26.7877493],[82.1907207,26.7875328],[82.1906448,26.7871093],[82.1906333,26.7870971],[82.1906153,26.7870892],[82.1905603,26.7870824],[82.1905084,26.7870841],[82.1904396,26.7871229],[82.1903568,26.7871452],[82.1902765,26.7871363],[82.1902195,26.787112],[82.190165,26.787081],[82.1900636,26.7870123],[82.1899449,26.7868953]]}},{"type":"Feature","properties":{"id":"way/844065546","kind":"road","class":"residential","name":""},"geometry":{"type":"LineString","coordinates":[[82.18932,26.788388],[82.1894293,26.7882086],[82.1895497,26.7880809],[82.1897968,26.787927],[82.1899952,26.7878892],[82.1902684,26.7878718],[82.1904733,26.7878515],[82.1907766,26.7877493]]}},{"type":"Feature","properties":{"id":"way/844065547","kind":"road","class":"residential","name":""},"geometry":{"type":"LineString","coordinates":[[82.1890333,26.7885513],[82.1890113,26.7886298],[82.1889971,26.7886816],[82.1889766,26.7887378],[82.1889104,26.7888089],[82.1888166,26.7888778],[82.188603,26.7889746],[82.1884319,26.7890529],[82.1884047,26.7890893],[82.188377,26.7891386],[82.188347,26.7891618],[82.1882478,26.7892151],[82.1882295,26.7892408],[82.1882317,26.7892641],[82.1882617,26.7893361],[82.1882592,26.7893682],[82.1882468,26.7893859],[82.1881454,26.7894598],[82.1880963,26.7894986]]}},{"type":"Feature","properties":{"id":"way/844065548","kind":"road","class":"residential","name":""},"geometry":{"type":"LineString","coordinates":[[82.1921312,26.7996189],[82.1920179,26.7996762],[82.1919374,26.7997132],[82.1918923,26.7997157],[82.1918472,26.7997038],[82.1917382,26.7995732],[82.1916569,26.7994135],[82.1916341,26.7993787],[82.1916016,26.7993308],[82.1915651,26.7992325],[82.1915753,26.799204],[82.1916049,26.7991783],[82.1918403,26.799101],[82.1920778,26.7990716]]}},{"type":"Feature","properties":{"id":"way/844065549","kind":"road","class":"residential","name":""},"geometry":{"type":"LineString","coordinates":[[82.1916859,26.7965038],[82.1909859,26.7966908]]}},{"type":"Feature","properties":{"id":"way/844065550","kind":"road","class":"residential","name":""},"geometry":{"type":"LineString","coordinates":[[82.1916859,26.7965038],[82.1917777,26.796461],[82.1918261,26.7964481],[82.1918818,26.7964374],[82.1920053,26.7964182],[82.1920618,26.7964015],[82.1921184,26.796374],[82.1922839,26.7961593]]}},{"type":"Feature","properties":{"id":"way/844065551","kind":"road","class":"residential","name":""},"geometry":{"type":"LineString","coordinates":[[82.1925512,26.7949684],[82.1924235,26.7949029],[82.1920648,26.7945427],[82.1917024,26.7941558],[82.1916557,26.7941027],[82.1913265,26.7938655]]}},{"type":"Feature","properties":{"id":"way/844065552","kind":"road","class":"residential","name":""},"geometry":{"type":"LineString","coordinates":[[82.1916557,26.7941027],[82.1923028,26.7939599]]}},{"type":"Feature","properties":{"id":"way/844065553","kind":"road","class":"residential","name":""},"geometry":{"type":"LineString","coordinates":[[82.1920229,26.7890112],[82.1917766,26.7890362],[82.1917524,26.7890654],[82.1917377,26.789091],[82.1917323,26.7891183],[82.1917495,26.7892688],[82.191745,26.789311],[82.1917293,26.7893465],[82.191691,26.7894073],[82.1916184,26.7894327],[82.1911222,26.7895267],[82.1907983,26.789563],[82.1905975,26.7895613],[82.1904985,26.789565],[82.1903987,26.7895414],[82.190067,26.7894583]]}},{"type":"Feature","properties":{"id":"way/844065554","kind":"road","class":"residential","name":""},"geometry":{"type":"LineString","coordinates":[[82.1903174,26.7892469],[82.1902375,26.7892668],[82.1901651,26.7893024],[82.190067,26.7894583],[82.1899462,26.7895373],[82.1898411,26.7895687],[82.1894399,26.7896196],[82.1893455,26.789636],[82.189266,26.7896568],[82.1889999,26.7898215],[82.188824,26.7899326],[82.1886992,26.7900058],[82.1885931,26.7900735]]}},{"type":"Feature","properties":{"id":"way/844065555","kind":"road","class":"residential","name":""},"geometry":{"type":"LineString","coordinates":[[82.190067,26.7894583],[82.1899421,26.7893608],[82.1897747,26.7892223],[82.1895985,26.7890006],[82.1894711,26.7888428],[82.1893503,26.7884942],[82.1892912,26.7884034]]}},{"type":"Feature","properties":{"id":"way/844065556","kind":"road","class":"residential","name":""},"geometry":{"type":"LineString","coordinates":[[82.18932,26.788388],[82.1894695,26.7884334],[82.189688,26.788528],[82.1899849,26.7886938],[82.1901236,26.7887519],[82.1902086,26.788853],[82.1903174,26.7892469],[82.1903987,26.7895414]]}},{"type":"Feature","properties":{"id":"way/844065557","kind":"road","class":"residential","name":""},"geometry":{"type":"LineString","coordinates":[[82.1909503,26.7879753],[82.19054,26.7880854]]}},{"type":"Feature","properties":{"id":"way/844065558","kind":"road","class":"residential","name":""},"geometry":{"type":"LineString","coordinates":[[82.1912245,26.7907905],[82.1912194,26.7905036],[82.1911293,26.7903235],[82.1909962,26.7901626],[82.190919,26.7900362],[82.1908374,26.7897719],[82.1907983,26.789563]]}},{"type":"Feature","properties":{"id":"way/844065559","kind":"road","class":"residential","name":""},"geometry":{"type":"LineString","coordinates":[[82.195046,26.7891201],[82.1950778,26.7890407],[82.1952845,26.7889478],[82.1953362,26.7888925],[82.1955421,26.7887917],[82.1959064,26.7886627],[82.1960077,26.7886268],[82.1962188,26.7890384],[82.1963509,26.7893141]]}},{"type":"Feature","properties":{"id":"way/844065560","kind":"road","class":"residential","name":""},"geometry":{"type":"LineString","coordinates":[[82.2003297,26.7893995],[82.2008705,26.7893329],[82.2011934,26.7893109],[82.2014472,26.7893219],[82.2018416,26.7894473]]}},{"type":"Feature","properties":{"id":"way/844065561","kind":"road","class":"residential","name":"","surface":"concrete"},"geometry":{"type":"LineString","coordinates":[[82.2002537,26.7901128],[82.2004074,26.7900772],[82.2005742,26.790067],[82.2007566,26.7900632],[82.2011261,26.7900123],[82.2013536,26.789949],[82.201538,26.7899182],[82.2015887,26.7899252],[82.2018219,26.7902004],[82.2018877,26.7902164],[82.2019694,26.7902156],[82.2026448,26.7900521],[82.2027385,26.7900171]]}},{"type":"Feature","properties":{"id":"way/844065562","kind":"road","class":"residential","name":""},"geometry":{"type":"LineString","coordinates":[[82.2018219,26.7902004],[82.201781,26.7902414],[82.2017157,26.7902684],[82.2014489,26.7903784],[82.2013862,26.7904042],[82.2010686,26.7905785],[82.2006781,26.7907509],[82.200736,26.7909444],[82.2006049,26.7910542]]}},{"type":"Feature","properties":{"id":"way/844065563","kind":"road","class":"residential","name":""},"geometry":{"type":"LineString","coordinates":[[82.2014489,26.7903784],[82.2013735,26.790226],[82.2011161,26.790339],[82.2008736,26.7904252],[82.2006054,26.7905133]]}},{"type":"Feature","properties":{"id":"way/844065564","kind":"road","class":"residential","name":""},"geometry":{"type":"LineString","coordinates":[[82.2012864,26.7913328],[82.2012314,26.7911568],[82.2011748,26.7908611],[82.2010686,26.7905785]]}},{"type":"Feature","properties":{"id":"way/844065565","kind":"road","class":"residential","name":""},"geometry":{"type":"LineString","coordinates":[[82.2013862,26.7904042],[82.2016278,26.790942],[82.2019308,26.7908561],[82.2017157,26.7902684]]}},{"type":"Feature","properties":{"id":"way/844065566","kind":"road","class":"residential","name":""},"geometry":{"type":"LineString","coordinates":[[82.2040587,26.7907078],[82.2035372,26.7908453],[82.2034555,26.7908668],[82.2034084,26.7908752],[82.20311,26.7909281],[82.203037,26.7909453]]}},{"type":"Feature","properties":{"id":"way/844065567","kind":"road","class":"residential","name":""},"geometry":{"type":"LineString","coordinates":[[82.2035372,26.7908453],[82.2036338,26.7912017],[82.2036396,26.7912395],[82.2036616,26.7913817],[82.2036123,26.7914545],[82.2035973,26.7915618],[82.2036209,26.791602],[82.203681,26.7916058],[82.2037373,26.7917665],[82.2039127,26.791738],[82.2042797,26.7916339]]}},{"type":"Feature","properties":{"id":"way/844065568","kind":"road","class":"residential","name":""},"geometry":{"type":"LineString","coordinates":[[82.2037373,26.7917665],[82.2036763,26.7918106],[82.2034876,26.7918673],[82.2034322,26.7918798],[82.2030225,26.7919723],[82.2027834,26.792039]]}},{"type":"Feature","properties":{"id":"way/844065569","kind":"road","class":"residential","name":""},"geometry":{"type":"LineString","coordinates":[[82.2042731,26.7916057],[82.2047656,26.7914936],[82.2046715,26.7910546],[82.2041633,26.7911415]]}},{"type":"Feature","properties":{"id":"way/844065570","kind":"road","class":"residential","name":""},"geometry":{"type":"LineString","coordinates":[[82.2050617,26.7888693],[82.2050782,26.7890272],[82.2047639,26.7891586],[82.2044893,26.7892648],[82.2042571,26.7893431],[82.2042146,26.7894872],[82.204192,26.7895529],[82.2040371,26.7896096],[82.2039411,26.7896067],[82.2038861,26.7895978],[82.203811,26.7896065],[82.2037391,26.7896149]]}},{"type":"Feature","properties":{"id":"way/844065571","kind":"road","class":"residential","name":""},"geometry":{"type":"LineString","coordinates":[[82.2049467,26.7904256],[82.2049049,26.7901688],[82.2048152,26.7898553]]}},{"type":"Feature","properties":{"id":"way/844065572","kind":"road","class":"residential","name":""},"geometry":{"type":"LineString","coordinates":[[82.2084691,26.7946998],[82.2085596,26.7943275],[82.2085892,26.7942702],[82.2085965,26.7941844],[82.2085793,26.7939952]]}},{"type":"Feature","properties":{"id":"way/844065573","kind":"road","class":"residential","name":""},"geometry":{"type":"LineString","coordinates":[[82.2075493,26.7943622],[82.2075268,26.7938896],[82.2075416,26.7938302],[82.2076969,26.7937752],[82.2076993,26.7937312],[82.2076402,26.793487],[82.2075472,26.7932216],[82.2077391,26.7931731],[82.2079451,26.7930696],[82.2077434,26.7928513],[82.2074301,26.7929375],[82.2072182,26.7930307],[82.2064933,26.7930434]]}},{"type":"Feature","properties":{"id":"way/844065574","kind":"road","class":"residential","name":""},"geometry":{"type":"LineString","coordinates":[[82.2098466,26.7951009],[82.2099299,26.7954521],[82.2100543,26.7959386],[82.2101444,26.7961263],[82.2103805,26.7963714]]}},{"type":"Feature","properties":{"id":"way/844065575","kind":"road","class":"residential","name":""},"geometry":{"type":"LineString","coordinates":[[82.2134973,26.7968225],[82.2136205,26.7965627],[82.2137096,26.7962061]]}},{"type":"Feature","properties":{"id":"way/844065576","kind":"road","class":"residential","name":""},"geometry":{"type":"LineString","coordinates":[[82.2153546,26.7968509],[82.215432,26.7962254]]}},{"type":"Feature","properties":{"id":"way/844065577","kind":"road","class":"residential","name":""},"geometry":{"type":"LineString","coordinates":[[82.2141124,26.7960561],[82.2141232,26.7957963],[82.2141421,26.7953405]]}},{"type":"Feature","properties":{"id":"way/844065578","kind":"road","class":"residential","name":""},"geometry":{"type":"LineString","coordinates":[[82.2176904,26.7971624],[82.2174308,26.7976569],[82.2168146,26.7987614],[82.2162626,26.7996748],[82.2162257,26.7997612],[82.2162285,26.7998012],[82.2162481,26.7998262],[82.2166,26.7999971]]}},{"type":"Feature","properties":{"id":"way/844065579","kind":"road","class":"trunk_link","name":"","oneway":"yes"},"geometry":{"type":"LineString","coordinates":[[82.2222244,26.7992309],[82.2214772,26.7997816],[82.2211406,26.8000114],[82.2209029,26.8001772],[82.2208089,26.8002428]]}},{"type":"Feature","properties":{"id":"way/844065580","kind":"road","class":"residential","name":""},"geometry":{"type":"LineString","coordinates":[[82.2142799,26.8004714],[82.2139286,26.8005003],[82.213847,26.8002034],[82.2138218,26.8000305],[82.213817,26.7997782],[82.2138041,26.7996284]]}},{"type":"Feature","properties":{"id":"way/844065581","kind":"road","class":"residential","name":""},"geometry":{"type":"LineString","coordinates":[[82.2133468,26.8009573],[82.2132628,26.8005309],[82.2136227,26.8004715]]}},{"type":"Feature","properties":{"id":"way/844065582","kind":"road","class":"residential","name":""},"geometry":{"type":"LineString","coordinates":[[82.2146138,26.8011333],[82.2147565,26.8008308],[82.2148462,26.8006507],[82.214861,26.8005418],[82.2149452,26.8002772]]}},{"type":"Feature","properties":{"id":"way/844065583","kind":"road","class":"residential","name":""},"geometry":{"type":"LineString","coordinates":[[82.2089457,26.8070824],[82.2085334,26.8073722],[82.2083789,26.8074841],[82.2081648,26.8076161],[82.2080033,26.8077391],[82.2078805,26.8078304],[82.207601,26.8079788],[82.2075451,26.8080019],[82.2074826,26.808034],[82.2074745,26.8080667],[82.207477,26.8081008],[82.207541,26.8082395]]}},{"type":"Feature","properties":{"id":"way/844065584","kind":"road","class":"residential","name":""},"geometry":{"type":"LineString","coordinates":[[82.2089932,26.8072944],[82.2088637,26.8073938],[82.2086903,26.8075225],[82.2083855,26.8077429],[82.20818,26.8079046],[82.207997,26.8080196],[82.207541,26.8082395],[82.2073877,26.8083007],[82.2073245,26.8083391]]}},{"type":"Feature","properties":{"id":"way/844065585","kind":"road","class":"residential","name":""},"geometry":{"type":"LineString","coordinates":[[82.2073877,26.8083007],[82.2073172,26.8081824],[82.2072743,26.8081631],[82.207225,26.8081566],[82.2071799,26.8081554],[82.2071516,26.8081342],[82.2070839,26.8080297],[82.2070709,26.8079842],[82.2070806,26.8079532],[82.2071122,26.8079223],[82.2072526,26.807854],[82.2072982,26.8078248],[82.2073376,26.8077581],[82.2073407,26.8077023],[82.2073209,26.8076483],[82.2072136,26.8075177],[82.2071854,26.8074805],[82.2070733,26.8072805],[82.2070494,26.807217]]}},{"type":"Feature","properties":{"id":"way/844065587","kind":"road","class":"residential","name":""},"geometry":{"type":"LineString","coordinates":[[82.206962,26.8072583],[82.2067343,26.8069535]]}},{"type":"Feature","properties":{"id":"way/844065588","kind":"road","class":"residential","name":""},"geometry":{"type":"LineString","coordinates":[[82.2057929,26.8067778],[82.2058578,26.8069074],[82.2059587,26.8070791],[82.2060409,26.8071608],[82.2060997,26.8072301],[82.2061339,26.8072898],[82.2061682,26.8074091],[82.2062679,26.8076596]]}},{"type":"Feature","properties":{"id":"way/844065591","kind":"road","class":"residential","name":""},"geometry":{"type":"LineString","coordinates":[[82.2074826,26.808034],[82.2074525,26.8080081],[82.2073784,26.8079371],[82.2072982,26.8078248]]}},{"type":"Feature","properties":{"id":"way/844065592","kind":"road","class":"residential","name":""},"geometry":{"type":"LineString","coordinates":[[82.2072136,26.8075177],[82.207425,26.8074014],[82.2074706,26.8073869],[82.2075232,26.8073938],[82.2075999,26.8074322],[82.2078182,26.8075741],[82.2080033,26.8077391]]}},{"type":"Feature","properties":{"id":"way/844065593","kind":"road","class":"residential","name":""},"geometry":{"type":"LineString","coordinates":[[82.2063189,26.8076403],[82.206408,26.8078215],[82.206515,26.8080281],[82.2065773,26.8081832],[82.2065965,26.8082694]]}},{"type":"Feature","properties":{"id":"way/844065594","kind":"road","class":"residential","name":""},"geometry":{"type":"LineString","coordinates":[[82.2046427,26.8081736],[82.2047775,26.8084349],[82.2048182,26.8085119],[82.2048776,26.8086018],[82.204918,26.8086326],[82.2049653,26.8086305],[82.2051652,26.8085262],[82.2052613,26.8085044],[82.2053761,26.808495]]}},{"type":"Feature","properties":{"id":"way/844065595","kind":"road","class":"residential","name":""},"geometry":{"type":"LineString","coordinates":[[82.2026755,26.8082901],[82.2027152,26.8085245],[82.202776,26.8087346],[82.2027968,26.8088558],[82.2028053,26.8091412],[82.2028375,26.8093145]]}},{"type":"Feature","properties":{"id":"way/844065596","kind":"road","class":"residential","name":""},"geometry":{"type":"LineString","coordinates":[[82.20815,26.8054515],[82.2080911,26.8054735],[82.2076932,26.8055928],[82.2076832,26.805611],[82.2076863,26.8056401],[82.207737,26.8057476],[82.2077801,26.805869],[82.207806,26.8059533],[82.2078061,26.8059855],[82.2077813,26.8060102],[82.2076671,26.8060514],[82.20761,26.8060616],[82.2075516,26.8060715],[82.2074023,26.8061319],[82.2073342,26.8061779]]}},{"type":"Feature","properties":{"id":"way/844065597","kind":"road","class":"residential","name":""},"geometry":{"type":"LineString","coordinates":[[82.2074322,26.8063228],[82.2068335,26.8066658]]}},{"type":"Feature","properties":{"id":"way/844065598","kind":"road","class":"residential","name":""},"geometry":{"type":"LineString","coordinates":[[82.2066267,26.8063533],[82.2071658,26.8060424],[82.2072015,26.8060286],[82.2072371,26.8060427],[82.2073342,26.8061779],[82.2074322,26.8063228],[82.2075701,26.8065125]]}},{"type":"Feature","properties":{"id":"way/844065599","kind":"road","class":"residential","name":""},"geometry":{"type":"LineString","coordinates":[[82.2094253,26.8048835],[82.2101608,26.8053948]]}},{"type":"Feature","properties":{"id":"way/844218397","kind":"road","class":"residential","name":""},"geometry":{"type":"LineString","coordinates":[[82.2148853,26.7960843],[82.2149357,26.795825],[82.2149777,26.7955082],[82.2150615,26.7954686],[82.2154312,26.7954752]]}},{"type":"Feature","properties":{"id":"way/844218398","kind":"road","class":"residential","name":""},"geometry":{"type":"LineString","coordinates":[[82.2141232,26.7957963],[82.2143593,26.7957941],[82.2143961,26.7957869],[82.2144069,26.7957765],[82.2144109,26.7957669],[82.2144153,26.7957525],[82.2144379,26.7952398]]}},{"type":"Feature","properties":{"id":"way/844218399","kind":"road","class":"residential","name":""},"geometry":{"type":"LineString","coordinates":[[82.2136205,26.7965627],[82.2140094,26.7965873],[82.2140818,26.7961785]]}},{"type":"Feature","properties":{"id":"way/844218400","kind":"road","class":"residential","name":""},"geometry":{"type":"LineString","coordinates":[[82.2154967,26.798177],[82.2157422,26.7982118],[82.2160943,26.7982603],[82.2161738,26.7982349],[82.2165877,26.7971812]]}},{"type":"Feature","properties":{"id":"way/844218403","kind":"road","class":"residential","name":""},"geometry":{"type":"LineString","coordinates":[[82.2162582,26.7968423],[82.2169245,26.7971069]]}},{"type":"Feature","properties":{"id":"way/844218404","kind":"road","class":"residential","name":""},"geometry":{"type":"LineString","coordinates":[[82.2107701,26.7978771],[82.2113446,26.7978516],[82.2116243,26.7977558],[82.2118195,26.7976226]]}},{"type":"Feature","properties":{"id":"way/844218405","kind":"road","class":"residential","name":""},"geometry":{"type":"LineString","coordinates":[[82.2120025,26.8016977],[82.212797,26.8016386],[82.2130475,26.801626]]}},{"type":"Feature","properties":{"id":"way/844218407","kind":"road","class":"residential","name":""},"geometry":{"type":"LineString","coordinates":[[82.2011315,26.7944696],[82.2013549,26.7946666]]}},{"type":"Feature","properties":{"id":"way/844218408","kind":"road","class":"tertiary","name":""},"geometry":{"type":"LineString","coordinates":[[82.2020963,26.7959737],[82.2028389,26.7958057]]}},{"type":"Feature","properties":{"id":"way/844218409","kind":"road","class":"residential","name":""},"geometry":{"type":"LineString","coordinates":[[82.2023108,26.797442],[82.2024877,26.7974272],[82.2026172,26.7973387],[82.2027227,26.7972972],[82.2028443,26.7972443],[82.2030102,26.7971544],[82.2031141,26.7970771]]}},{"type":"Feature","properties":{"id":"way/844218410","kind":"road","class":"residential","name":""},"geometry":{"type":"LineString","coordinates":[[82.2026172,26.7973387],[82.2024982,26.7972683],[82.2024755,26.7971937],[82.202267,26.7972143]]}},{"type":"Feature","properties":{"id":"way/844218411","kind":"road","class":"residential","name":""},"geometry":{"type":"LineString","coordinates":[[82.2038471,26.7978902],[82.204513,26.7980089]]}},{"type":"Feature","properties":{"id":"way/844218412","kind":"road","class":"residential","name":""},"geometry":{"type":"LineString","coordinates":[[82.20352,26.7955336],[82.2036971,26.7959345],[82.2037677,26.7962063]]}},{"type":"Feature","properties":{"id":"way/844218413","kind":"road","class":"residential","name":""},"geometry":{"type":"LineString","coordinates":[[82.2034718,26.7955691],[82.2033183,26.795207],[82.2031939,26.7948967]]}},{"type":"Feature","properties":{"id":"way/844218415","kind":"road","class":"residential","name":""},"geometry":{"type":"LineString","coordinates":[[82.2045821,26.7939087],[82.2046006,26.7940915],[82.2045706,26.7942237],[82.2046479,26.7944363],[82.204768,26.794737],[82.2052103,26.7946488]]}},{"type":"Feature","properties":{"id":"way/844218418","kind":"road","class":"residential","name":""},"geometry":{"type":"LineString","coordinates":[[82.2056366,26.7938583],[82.205683,26.7941688],[82.2051334,26.7942166]]}},{"type":"Feature","properties":{"id":"way/844218421","kind":"road","class":"residential","name":""},"geometry":{"type":"LineString","coordinates":[[82.201362,26.8027266],[82.2016445,26.802732],[82.2017477,26.802734],[82.2019773,26.8027087],[82.2020111,26.802705],[82.2024768,26.8026116]]}},{"type":"Feature","properties":{"id":"way/844218422","kind":"road","class":"residential","name":""},"geometry":{"type":"LineString","coordinates":[[82.2024741,26.8023989],[82.202277,26.8023559],[82.2020156,26.8022907]]}},{"type":"Feature","properties":{"id":"way/844218423","kind":"road","class":"residential","name":""},"geometry":{"type":"LineString","coordinates":[[82.2019773,26.8027087],[82.2020238,26.8029747],[82.2020358,26.8030432],[82.2021038,26.8034613],[82.2021133,26.8034943],[82.2021516,26.8035076],[82.2022058,26.8035074],[82.2026354,26.8034645]]}},{"type":"Feature","properties":{"id":"way/844218425","kind":"road","class":"residential","name":""},"geometry":{"type":"LineString","coordinates":[[82.2050553,26.8015853],[82.2050126,26.8013546],[82.2049756,26.8011995],[82.204979,26.8011508],[82.2052172,26.8011565],[82.2054682,26.801191],[82.2055652,26.8012242]]}},{"type":"Feature","properties":{"id":"way/844218426","kind":"road","class":"residential","name":""},"geometry":{"type":"LineString","coordinates":[[82.2055652,26.8012242],[82.2058452,26.8012002]]}},{"type":"Feature","properties":{"id":"way/844218428","kind":"road","class":"residential","name":""},"geometry":{"type":"LineString","coordinates":[[82.2016823,26.7958334],[82.2016194,26.795754],[82.2014961,26.7956908],[82.2014435,26.7956228],[82.2014021,26.795584],[82.2012809,26.7955718],[82.2010412,26.7955966]]}},{"type":"Feature","properties":{"id":"way/844218430","kind":"road","class":"residential","name":""},"geometry":{"type":"LineString","coordinates":[[82.1998067,26.7955714],[82.1998969,26.7955603],[82.2003475,26.7953247],[82.2003883,26.7953056]]}},{"type":"Feature","properties":{"id":"way/844218432","kind":"road","class":"residential","name":""},"geometry":{"type":"LineString","coordinates":[[82.1985289,26.7959511],[82.1992676,26.7955405],[82.1994819,26.7955252],[82.1998067,26.7955714],[82.2000806,26.7956746],[82.2002801,26.7957857],[82.2004368,26.7958279],[82.2005848,26.7957915],[82.2010412,26.7955966]]}},{"type":"Feature","properties":{"id":"way/844218433","kind":"road","class":"residential","name":""},"geometry":{"type":"LineString","coordinates":[[82.2010412,26.7955966],[82.2010247,26.795554],[82.2009174,26.795485],[82.2007694,26.7952935],[82.2006642,26.7951671],[82.2005655,26.7952035],[82.2004947,26.7951173],[82.2003595,26.7950426],[82.2002072,26.7950158],[82.2000376,26.794851],[82.1998002,26.7945119]]}},{"type":"Feature","properties":{"id":"way/844218434","kind":"road","class":"residential","name":""},"geometry":{"type":"LineString","coordinates":[[82.2009703,26.7948344],[82.2008982,26.7949032],[82.2006642,26.7951671]]}},{"type":"Feature","properties":{"id":"way/844218435","kind":"road","class":"pedestrian","name":""},"geometry":{"type":"LineString","coordinates":[[82.2014021,26.795584],[82.2013695,26.7954174],[82.2012963,26.7952824],[82.2012297,26.7951459],[82.2011825,26.7950269],[82.2011323,26.7949329]]}},{"type":"Feature","properties":{"id":"way/844218446","kind":"road","class":"residential","name":""},"geometry":{"type":"LineString","coordinates":[[82.1491791,26.7810976],[82.1490431,26.7807951],[82.1489035,26.7804694],[82.148856,26.7803514]]}},{"type":"Feature","properties":{"id":"way/844218448","kind":"road","class":"residential","name":""},"geometry":{"type":"LineString","coordinates":[[82.1540388,26.7805305],[82.1540661,26.7805123],[82.1540877,26.7804991],[82.1541558,26.7804699],[82.154318,26.7804157],[82.1543635,26.7803972],[82.1544118,26.7803724],[82.1544719,26.7803413],[82.1545146,26.7803262],[82.1545707,26.7803126],[82.15476,26.7802927],[82.1548385,26.7802762],[82.1549697,26.7802362],[82.1550664,26.7802077],[82.1551459,26.7801959],[82.1552848,26.7801836],[82.1554354,26.7801732]]}},{"type":"Feature","properties":{"id":"way/844218449","kind":"road","class":"residential","name":""},"geometry":{"type":"LineString","coordinates":[[82.1552705,26.7790874],[82.1554474,26.7792519],[82.1554576,26.7792753],[82.1554502,26.7793157],[82.1553755,26.7794749],[82.1553659,26.7795322],[82.1553701,26.7795946],[82.1553925,26.7796569],[82.1554709,26.7798024],[82.1554774,26.7798389],[82.1554622,26.779904],[82.1554354,26.7801732],[82.1554391,26.7804055],[82.1554298,26.780437],[82.1554095,26.7804625],[82.1552844,26.7805449]]}},{"type":"Feature","properties":{"id":"way/844218450","kind":"road","class":"residential","name":""},"geometry":{"type":"LineString","coordinates":[[82.1554622,26.779904],[82.155558,26.7799786],[82.155648,26.7800486],[82.1557974,26.7801798],[82.1558946,26.7802831],[82.1559426,26.7803518],[82.1559607,26.7804131],[82.1559896,26.780564],[82.1560386,26.7807016],[82.1560806,26.7807911],[82.1561394,26.7808637],[82.1563082,26.7810169],[82.1564728,26.7811365],[82.1566819,26.7812691],[82.1568904,26.7814013],[82.1570296,26.7815165]]}},{"type":"Feature","properties":{"id":"way/844218451","kind":"road","class":"residential","name":""},"geometry":{"type":"LineString","coordinates":[[82.1573632,26.7816179],[82.1574193,26.781433],[82.1574259,26.7813693],[82.1574198,26.7812945],[82.1573911,26.781079],[82.1573826,26.7809927],[82.1573982,26.7809452],[82.1574473,26.7809244],[82.1575859,26.7809079],[82.1582767,26.7808529],[82.1587733,26.7808054]]}},{"type":"Feature","properties":{"id":"way/844218452","kind":"road","class":"residential","name":""},"geometry":{"type":"LineString","coordinates":[[82.1608716,26.7826543],[82.1609887,26.7823015],[82.1610113,26.7822334],[82.1610536,26.7820918],[82.1610614,26.7820653],[82.1610838,26.7819773],[82.1611074,26.7818829],[82.1611446,26.7818095],[82.1611758,26.781775],[82.1613233,26.7816802],[82.1613886,26.7816382],[82.1614188,26.78161],[82.1614256,26.7815725],[82.1614199,26.7815427],[82.1613572,26.7813845],[82.161354,26.7813611],[82.161359,26.781341],[82.1614243,26.781274],[82.1614369,26.781253],[82.1614412,26.781218],[82.1614294,26.7811371],[82.1614166,26.7810498],[82.1613999,26.7809614],[82.1613813,26.780907],[82.1613633,26.7808681],[82.1612302,26.7806293],[82.1611987,26.780579],[82.1611732,26.780555],[82.1611376,26.7805487],[82.161092,26.7805559],[82.1609288,26.7805851]]}},{"type":"Feature","properties":{"id":"way/844218455","kind":"road","class":"residential","name":""},"geometry":{"type":"LineString","coordinates":[[82.1618935,26.7817294],[82.1619864,26.7820043],[82.1620273,26.7821254],[82.1620267,26.7821701],[82.1620089,26.7822043],[82.1619619,26.7822312],[82.1618318,26.7822811],[82.1617323,26.7823101],[82.1616635,26.7823301],[82.1615986,26.782349],[82.1614593,26.7823735],[82.1614026,26.7823668],[82.1613383,26.7823269],[82.1613065,26.7822798],[82.1612486,26.782076],[82.161234,26.7820516],[82.1612137,26.7820362],[82.1610838,26.7819773],[82.1609712,26.7819006],[82.1606567,26.7816455],[82.1602387,26.7812934],[82.1601239,26.7811966],[82.1600367,26.7811371],[82.1599565,26.7810932],[82.1598826,26.7810805],[82.15983,26.7810866],[82.1597913,26.7810989],[82.159776,26.7811387],[82.1598034,26.7814411],[82.1598079,26.7816455],[82.1598096,26.7818152],[82.1597999,26.7819758],[82.1597851,26.7820599],[82.1597382,26.7823082]]}},{"type":"Feature","properties":{"id":"way/844218457","kind":"road","class":"residential","name":""},"geometry":{"type":"LineString","coordinates":[[82.1591509,26.7805772],[82.159108,26.780311],[82.1590583,26.7800468]]}},{"type":"Feature","properties":{"id":"way/844218458","kind":"road","class":"residential","name":""},"geometry":{"type":"LineString","coordinates":[[82.1596728,26.7805225],[82.1596053,26.7801961],[82.1595709,26.7800524]]}},{"type":"Feature","properties":{"id":"way/844218459","kind":"road","class":"residential","name":""},"geometry":{"type":"LineString","coordinates":[[82.16105,26.7797076],[82.1607183,26.7791112],[82.1604664,26.7786679]]}},{"type":"Feature","properties":{"id":"way/844218460","kind":"road","class":"residential","name":""},"geometry":{"type":"LineString","coordinates":[[82.1614465,26.7782933],[82.1609509,26.7773499],[82.160939,26.7773285],[82.1609191,26.7772858],[82.1608306,26.7773307],[82.1607742,26.7773534],[82.1607609,26.7773355],[82.160688,26.777192],[82.1605758,26.7769829]]}},{"type":"Feature","properties":{"id":"way/844218462","kind":"road","class":"residential","name":""},"geometry":{"type":"LineString","coordinates":[[82.1609903,26.7784847],[82.1614465,26.7782933],[82.1618001,26.7781503],[82.1618851,26.7780932],[82.1619166,26.7780254],[82.1619121,26.7779338],[82.161928,26.7778656],[82.1619867,26.777828],[82.1620718,26.7778078],[82.1621123,26.7777982],[82.1622549,26.7777385],[82.1624471,26.7776248],[82.1626083,26.7775294],[82.1628829,26.7773978],[82.1629195,26.7773943],[82.1629705,26.7773895],[82.1630247,26.7774189],[82.1632363,26.7777427],[82.1632739,26.7777665],[82.1633219,26.7777562],[82.1636256,26.7775711],[82.1637929,26.7774808],[82.1638549,26.77747],[82.1639054,26.7774946],[82.1639653,26.777561],[82.164168,26.7777882],[82.1642061,26.7778043],[82.1642492,26.7778136],[82.1642824,26.7778112],[82.1643716,26.7777738],[82.1644467,26.7777531],[82.1644939,26.7777769],[82.1645598,26.7778445],[82.1646618,26.7779569],[82.1646992,26.777998],[82.1647432,26.7780354],[82.1648048,26.7780728],[82.1651146,26.7782147],[82.1652658,26.7783145],[82.1653375,26.7783761],[82.1653875,26.7784387],[82.1654074,26.7784651],[82.1654908,26.7785897],[82.165617,26.7788178],[82.1656828,26.7789885],[82.1657463,26.7791509],[82.1657674,26.7792066],[82.1658878,26.779525],[82.1659528,26.7796839],[82.1659869,26.7797674],[82.1660237,26.7798687],[82.1660847,26.7800562],[82.1661002,26.7801038],[82.1661359,26.7802613],[82.1661343,26.7802978],[82.166096,26.7803334],[82.1659581,26.7803791],[82.1659068,26.7804027],[82.1658363,26.7804351],[82.1657216,26.7805036],[82.1655117,26.7806846],[82.1653417,26.7807995],[82.1651582,26.7809063]]}},{"type":"Feature","properties":{"id":"way/844218463","kind":"road","class":"residential","name":""},"geometry":{"type":"LineString","coordinates":[[82.1655117,26.7806846],[82.1655677,26.78085],[82.1656062,26.7809997],[82.1656405,26.7812334],[82.1656433,26.7817304],[82.1655933,26.7821453],[82.1655867,26.7822754],[82.1656019,26.782379],[82.1656593,26.7825905]]}},{"type":"Feature","properties":{"id":"way/844218464","kind":"road","class":"residential","name":""},"geometry":{"type":"LineString","coordinates":[[82.1712285,26.78154],[82.1713126,26.7818604],[82.1712839,26.7822018],[82.1712376,26.7826462],[82.1711932,26.7830613],[82.1711729,26.7833278]]}},{"type":"Feature","properties":{"id":"way/844218465","kind":"road","class":"residential","name":""},"geometry":{"type":"LineString","coordinates":[[82.1712839,26.7822018],[82.1709684,26.7822333],[82.1706884,26.7822693],[82.1704289,26.782307],[82.1698493,26.7824264],[82.1698259,26.7824449],[82.1698275,26.7824788],[82.170006,26.7829594],[82.1700556,26.7831205],[82.1700803,26.7832038],[82.1700976,26.7832918]]}},{"type":"Feature","properties":{"id":"way/844218466","kind":"road","class":"residential","name":""},"geometry":{"type":"LineString","coordinates":[[82.1719071,26.7837853],[82.171935,26.7836939],[82.1719559,26.7836351],[82.1719694,26.7835762],[82.171976,26.7833254]]}},{"type":"Feature","properties":{"id":"way/844218467","kind":"road","class":"residential","name":""},"geometry":{"type":"LineString","coordinates":[[82.1727022,26.7827905],[82.1726854,26.7830328],[82.1726866,26.7830822],[82.172696,26.7831484],[82.1727272,26.7832247],[82.1728617,26.7833899],[82.1729371,26.7834797],[82.1729617,26.7834947],[82.1729904,26.7835041],[82.1730938,26.7835089],[82.1731355,26.7834997]]}},{"type":"Feature","properties":{"id":"way/844218468","kind":"road","class":"residential","name":""},"geometry":{"type":"LineString","coordinates":[[82.1734524,26.7836435],[82.1734623,26.7835032],[82.1734682,26.7832768],[82.1735102,26.7828363],[82.1735132,26.7827718],[82.1735014,26.7826665],[82.1734741,26.7825757],[82.1734337,26.7824849],[82.173027,26.781904],[82.1729859,26.7818735],[82.1729056,26.7818546],[82.1727333,26.7818347],[82.1725283,26.7818178]]}},{"type":"Feature","properties":{"id":"way/844218469","kind":"road","class":"residential","name":""},"geometry":{"type":"LineString","coordinates":[[82.1731355,26.7834997],[82.1731556,26.7834691],[82.1731773,26.7831532],[82.1731702,26.7831193],[82.1731446,26.78311],[82.1726866,26.7830822]]}},{"type":"Feature","properties":{"id":"way/844218470","kind":"road","class":"residential","name":""},"geometry":{"type":"LineString","coordinates":[[82.1739061,26.783599],[82.1739208,26.7829263]]}},{"type":"Feature","properties":{"id":"way/844218471","kind":"road","class":"residential","name":""},"geometry":{"type":"LineString","coordinates":[[82.1740393,26.7847081],[82.1740149,26.7845828],[82.1739323,26.7843095],[82.1738167,26.7839411],[82.173669,26.7836266]]}},{"type":"Feature","properties":{"id":"way/844218472","kind":"road","class":"residential","name":""},"geometry":{"type":"LineString","coordinates":[[82.187393,26.7887298],[82.1873731,26.7886539],[82.18733,26.7885821],[82.1871665,26.7884076],[82.1869235,26.7882082],[82.1868237,26.7881275],[82.1866781,26.7880472],[82.1865422,26.7879532],[82.1865137,26.7879442],[82.1864852,26.7879505],[82.1864246,26.787984],[82.1863975,26.7879835]]}},{"type":"Feature","properties":{"id":"way/844218473","kind":"road","class":"residential","name":""},"geometry":{"type":"LineString","coordinates":[[82.1846687,26.7874387],[82.1853406,26.786749],[82.1854881,26.7868582],[82.1856697,26.7869925],[82.1856945,26.7870124]]}},{"type":"Feature","properties":{"id":"way/844218474","kind":"road","class":"residential","name":""},"geometry":{"type":"LineString","coordinates":[[82.1868237,26.7881275],[82.1875986,26.7879529],[82.1877694,26.787918],[82.1878001,26.7878977],[82.1878216,26.7878712],[82.1878227,26.7878397],[82.1878258,26.787754],[82.1878445,26.7875189],[82.1879189,26.7873585],[82.1880182,26.787198],[82.1881286,26.7871076],[82.1886578,26.7869646],[82.1886956,26.7869695],[82.1887225,26.7869826],[82.1888076,26.7870916]]}},{"type":"Feature","properties":{"id":"way/844218475","kind":"road","class":"residential","name":""},"geometry":{"type":"LineString","coordinates":[[82.1734337,26.7824849],[82.1735452,26.7824743],[82.1738365,26.7824171],[82.1738772,26.7824199],[82.1739092,26.7824338],[82.1739252,26.7824552],[82.1740005,26.7828213]]}},{"type":"Feature","properties":{"id":"way/844218476","kind":"road","class":"residential","name":""},"geometry":{"type":"LineString","coordinates":[[82.1735937,26.7846716],[82.1734561,26.7842118],[82.173389,26.7839584],[82.1733125,26.7836692]]}},{"type":"Feature","properties":{"id":"way/844218478","kind":"road","class":"residential","name":""},"geometry":{"type":"LineString","coordinates":[[82.1669857,26.785623],[82.166977,26.7850715],[82.1669744,26.7850006],[82.1669588,26.7849335],[82.1668454,26.7846782],[82.1664783,26.7839719],[82.1664465,26.7839176],[82.1663449,26.7837668],[82.16627,26.7835262],[82.1662611,26.783488],[82.1661444,26.7830495],[82.1661199,26.7830036],[82.1660778,26.7829721],[82.1659665,26.782946],[82.165873,26.782912],[82.165839,26.782878],[82.1658273,26.7828397],[82.165774,26.782579]]}},{"type":"Feature","properties":{"id":"way/844218480","kind":"road","class":"residential","name":""},"geometry":{"type":"LineString","coordinates":[[82.1657191,26.7850418],[82.1660124,26.7846394],[82.1662964,26.7841892],[82.1664783,26.7839719]]}},{"type":"Feature","properties":{"id":"way/844218481","kind":"road","class":"residential","name":""},"geometry":{"type":"LineString","coordinates":[[82.1685901,26.7840451],[82.1682277,26.7840684],[82.1679106,26.7840948],[82.1674895,26.7841298],[82.1672565,26.7841491]]}},{"type":"Feature","properties":{"id":"way/844218482","kind":"road","class":"residential","name":""},"geometry":{"type":"LineString","coordinates":[[82.1676344,26.7832513],[82.1675703,26.7835088],[82.1674956,26.7836022],[82.1674552,26.783614],[82.1672362,26.7836777],[82.1672198,26.7836981],[82.1672142,26.7837251],[82.1672565,26.7841491],[82.1673574,26.7848795],[82.1676043,26.7848577],[82.168098,26.7848141],[82.168337,26.784793],[82.1686927,26.7847616]]}},{"type":"Feature","properties":{"id":"way/844218483","kind":"road","class":"residential","name":""},"geometry":{"type":"LineString","coordinates":[[82.1682277,26.7840684],[82.1682228,26.7836759],[82.1675703,26.7835088]]}},{"type":"Feature","properties":{"id":"way/844218484","kind":"road","class":"residential","name":""},"geometry":{"type":"LineString","coordinates":[[82.168098,26.7848141],[82.1680279,26.7843577],[82.167972,26.7843546],[82.16795,26.7843413],[82.1679448,26.7843215],[82.167917,26.7841112],[82.1679106,26.7840948]]}},{"type":"Feature","properties":{"id":"way/844218485","kind":"road","class":"residential","name":""},"geometry":{"type":"LineString","coordinates":[[82.1680279,26.7843577],[82.1682487,26.7843245],[82.1682686,26.7843304],[82.1682803,26.7843473],[82.168337,26.784793],[82.1683799,26.7852268],[82.1683674,26.7852493]]}},{"type":"Feature","properties":{"id":"way/844218486","kind":"road","class":"residential","name":""},"geometry":{"type":"LineString","coordinates":[[82.1683674,26.7852493],[82.1683484,26.7852617],[82.1676648,26.7853437],[82.1675047,26.785368],[82.1674736,26.7853666],[82.1674424,26.7853537],[82.1674295,26.785336],[82.167421,26.7853169],[82.1673574,26.7848795]]}},{"type":"Feature","properties":{"id":"way/844218487","kind":"road","class":"residential","name":""},"geometry":{"type":"LineString","coordinates":[[82.1676648,26.7853437],[82.1676043,26.7848577]]}},{"type":"Feature","properties":{"id":"way/844218488","kind":"road","class":"residential","name":""},"geometry":{"type":"LineString","coordinates":[[82.1700806,26.78388],[82.1701732,26.7842502],[82.1701818,26.7842842],[82.1702639,26.7845977],[82.1703488,26.7848454]]}},{"type":"Feature","properties":{"id":"way/844218489","kind":"road","class":"residential","name":""},"geometry":{"type":"LineString","coordinates":[[82.1703488,26.7848454],[82.1703241,26.7848829],[82.1697079,26.7849764],[82.1696759,26.7849813],[82.1694329,26.7850421],[82.1691682,26.7851084],[82.1691099,26.785123],[82.168756,26.7851646]]}},{"type":"Feature","properties":{"id":"way/844218490","kind":"road","class":"residential","name":""},"geometry":{"type":"LineString","coordinates":[[82.168756,26.7851646],[82.1687769,26.785278],[82.1687694,26.7853097],[82.1687486,26.7853289],[82.168557,26.7853543]]}},{"type":"Feature","properties":{"id":"way/844218491","kind":"road","class":"residential","name":""},"geometry":{"type":"LineString","coordinates":[[82.1686471,26.784443],[82.1690515,26.7843919],[82.169181,26.7843755],[82.1693532,26.7843508],[82.169615,26.7843257],[82.1698785,26.7842874],[82.1701732,26.7842502]]}},{"type":"Feature","properties":{"id":"way/844218492","kind":"road","class":"residential","name":""},"geometry":{"type":"LineString","coordinates":[[82.1691682,26.7851084],[82.1690515,26.7843919]]}},{"type":"Feature","properties":{"id":"way/844218493","kind":"road","class":"residential","name":""},"geometry":{"type":"LineString","coordinates":[[82.169181,26.7843755],[82.1690653,26.7836087]]}},{"type":"Feature","properties":{"id":"way/844218494","kind":"road","class":"residential","name":""},"geometry":{"type":"LineString","coordinates":[[82.1698785,26.7842874],[82.1698311,26.7840966],[82.169778,26.7837991],[82.1697152,26.7834189]]}},{"type":"Feature","properties":{"id":"way/844218495","kind":"road","class":"residential","name":""},"geometry":{"type":"LineString","coordinates":[[82.1697152,26.7834189],[82.1697054,26.7833176],[82.169684,26.783231]]}},{"type":"Feature","properties":{"id":"way/844218496","kind":"road","class":"residential","name":""},"geometry":{"type":"LineString","coordinates":[[82.1718545,26.7814536],[82.1718415,26.7815271],[82.1717985,26.7818481],[82.1717846,26.7819738],[82.1717685,26.7821091],[82.1717513,26.7822531],[82.1717215,26.7824678],[82.1717144,26.782519],[82.1716939,26.7827027],[82.1716779,26.7828638],[82.1716597,26.783047]]}},{"type":"Feature","properties":{"id":"way/844218497","kind":"road","class":"residential","name":""},"geometry":{"type":"LineString","coordinates":[[82.1717985,26.7818481],[82.1725283,26.7818178]]}},{"type":"Feature","properties":{"id":"way/844218498","kind":"road","class":"residential","name":""},"geometry":{"type":"LineString","coordinates":[[82.1652349,26.7846559],[82.1649809,26.7847359],[82.1646444,26.784811]]}},{"type":"Feature","properties":{"id":"way/844218499","kind":"road","class":"residential","name":""},"geometry":{"type":"LineString","coordinates":[[82.1637173,26.7828509],[82.1637215,26.7827325],[82.1637341,26.7825724],[82.163793,26.7822734],[82.1638225,26.7822204],[82.1638616,26.7821873],[82.1640773,26.7820824]]}},{"type":"Feature","properties":{"id":"way/844218500","kind":"road","class":"residential","name":""},"geometry":{"type":"LineString","coordinates":[[82.1644159,26.7827499],[82.1643994,26.7826557],[82.164383,26.7826051],[82.1643606,26.7825704],[82.1642852,26.7825026],[82.1642278,26.7824385],[82.164184,26.78236],[82.1641313,26.7822432],[82.1640936,26.7821579],[82.1640773,26.7820824]]}},{"type":"Feature","properties":{"id":"way/844218501","kind":"road","class":"residential","name":""},"geometry":{"type":"LineString","coordinates":[[82.1640773,26.7820824],[82.1640627,26.7819947],[82.164048,26.7819605],[82.1640082,26.7819386],[82.1638822,26.7818966],[82.1637012,26.7818892],[82.163648,26.7818792],[82.1636019,26.7818542],[82.1634659,26.7817456],[82.1634262,26.7816947],[82.1631215,26.7811718],[82.1631153,26.7811314],[82.1631419,26.7811022],[82.1634866,26.7809297]]}},{"type":"Feature","properties":{"id":"way/844218502","kind":"road","class":"residential","name":""},"geometry":{"type":"LineString","coordinates":[[82.1636868,26.7812128],[82.1634866,26.7809297],[82.1633919,26.7807795],[82.1633832,26.7807597],[82.1633811,26.7807261],[82.1634049,26.7806492],[82.1634117,26.7806077],[82.163408,26.7805638],[82.1633956,26.7805141],[82.1633753,26.7804597],[82.1633183,26.7803303],[82.1630264,26.7798264],[82.1629821,26.77975],[82.1629606,26.7797045],[82.1628064,26.7793776],[82.1627083,26.7791697],[82.1626377,26.7790399],[82.1624446,26.7786184],[82.1623515,26.7783967],[82.1622129,26.7780667],[82.1621123,26.7777982]]}},{"type":"Feature","properties":{"id":"way/844218503","kind":"road","class":"residential","name":""},"geometry":{"type":"LineString","coordinates":[[82.1656433,26.7817304],[82.1657705,26.7817204],[82.1659153,26.7816946],[82.1660471,26.7816572],[82.1660983,26.7816383],[82.1663625,26.7815406],[82.1665399,26.7814585],[82.1668549,26.7813196],[82.166942,26.7812834],[82.1670196,26.7812522],[82.1670489,26.7812246],[82.1670558,26.7811925],[82.167038,26.7811444],[82.1668983,26.7809134]]}},{"type":"Feature","properties":{"id":"way/844218504","kind":"road","class":"residential","name":""},"geometry":{"type":"LineString","coordinates":[[82.1673,26.7810872],[82.167364,26.7810871],[82.167632,26.780996],[82.1681325,26.7807949],[82.1684705,26.7806591],[82.1685027,26.7806335],[82.1684937,26.7805923],[82.1683885,26.7803376],[82.1681805,26.7799034],[82.1680254,26.7795672],[82.1679239,26.7793753],[82.1679017,26.7793334],[82.1679019,26.7793047],[82.1679251,26.7792766],[82.1679731,26.7792413],[82.1680372,26.7792273],[82.1683924,26.7791369],[82.1686071,26.7790692],[82.1686397,26.779059],[82.1689599,26.7789679],[82.1689895,26.7789714],[82.1690098,26.7789968],[82.1694774,26.7800605],[82.1694989,26.7800866],[82.1695318,26.7800841],[82.1702631,26.7798198],[82.1702996,26.7798191],[82.1703301,26.7798432],[82.1704423,26.7800437],[82.1705286,26.7802021]]}},{"type":"Feature","properties":{"id":"way/844218505","kind":"road","class":"residential","name":""},"geometry":{"type":"LineString","coordinates":[[82.1705286,26.7802021],[82.1703947,26.7802476],[82.1702643,26.7802921],[82.1701832,26.7803272],[82.170154,26.7803443],[82.1700932,26.7803798],[82.1699539,26.7804953],[82.1698961,26.7805348],[82.1698561,26.7805621],[82.1696949,26.7806258],[82.1692543,26.7807859]]}},{"type":"Feature","properties":{"id":"way/844218506","kind":"road","class":"residential","name":""},"geometry":{"type":"LineString","coordinates":[[82.1741042,26.7813424],[82.1740955,26.7810266],[82.1739402,26.7803093],[82.1739654,26.7799694],[82.1739717,26.7798331]]}},{"type":"Feature","properties":{"id":"way/844218507","kind":"road","class":"residential","name":""},"geometry":{"type":"LineString","coordinates":[[82.1747297,26.7813805],[82.1746717,26.7810842],[82.1745828,26.7806949],[82.1745469,26.7805419],[82.1745177,26.7803606]]}},{"type":"Feature","properties":{"id":"way/844218508","kind":"road","class":"residential","name":""},"geometry":{"type":"LineString","coordinates":[[82.1745981,26.7803692],[82.1745874,26.7801264],[82.1745848,26.7801028],[82.174569,26.7800831],[82.1745452,26.7800699],[82.1739654,26.7799694]]}},{"type":"Feature","properties":{"id":"way/844218509","kind":"road","class":"residential","name":""},"geometry":{"type":"LineString","coordinates":[[82.175002,26.7802661],[82.1753179,26.7802328],[82.1757882,26.7801941],[82.1758152,26.7802029],[82.1758336,26.7802186],[82.1758407,26.780243],[82.1758609,26.7806334],[82.1758531,26.7806583],[82.1758373,26.7806775],[82.1758079,26.7806857],[82.17567,26.7806833],[82.1753316,26.7806774]]}},{"type":"Feature","properties":{"id":"way/844218510","kind":"road","class":"residential","name":""},"geometry":{"type":"LineString","coordinates":[[82.1528652,26.7851446],[82.1531607,26.7850982],[82.153315,26.7850739],[82.1533644,26.7850612],[82.153537,26.7850136],[82.1535909,26.7849911],[82.153653,26.7849511],[82.1536824,26.7849112],[82.153687,26.7848802],[82.1536608,26.7847996],[82.1535664,26.7844754]]}},{"type":"Feature","properties":{"id":"way/844218511","kind":"road","class":"unclassified","name":""},"geometry":{"type":"LineString","coordinates":[[82.1578053,26.7824428],[82.1577273,26.7829666],[82.1577126,26.7832967],[82.1577618,26.7835167],[82.1577618,26.783684],[82.1577608,26.7838257],[82.1577618,26.7839876],[82.1578851,26.7844761],[82.1578802,26.7848326],[82.1578604,26.785079],[82.1578506,26.7851802]]}},{"type":"Feature","properties":{"id":"way/844218512","kind":"road","class":"residential","name":""},"geometry":{"type":"LineString","coordinates":[[82.1578506,26.7851802],[82.1578557,26.7852705],[82.1578752,26.7853607],[82.1579139,26.7854194],[82.1579622,26.7854759],[82.1581414,26.7855807],[82.1586456,26.7859648]]}},{"type":"Feature","properties":{"id":"way/844218513","kind":"road","class":"residential","name":""},"geometry":{"type":"LineString","coordinates":[[82.1580061,26.7869193],[82.1580056,26.786883],[82.1579985,26.7863376]]}},{"type":"Feature","properties":{"id":"way/844218514","kind":"road","class":"residential","name":""},"geometry":{"type":"LineString","coordinates":[[82.163089,26.7862703],[82.1630326,26.7860956],[82.1627785,26.7861389],[82.1625058,26.7860455],[82.1619715,26.7860355],[82.1615852,26.7860427],[82.1614971,26.7860522],[82.1612941,26.7861112],[82.1610898,26.7861823],[82.1605033,26.786299],[82.1600836,26.7863318],[82.1599956,26.7863289],[82.1596066,26.7862074],[82.1593078,26.7861519],[82.1592759,26.7861358],[82.1592518,26.7861157],[82.1592256,26.7860322],[82.1591911,26.7859957],[82.1591473,26.7859661],[82.1590934,26.7859421],[82.159035,26.7859221],[82.1589103,26.7859095],[82.1587959,26.7859155],[82.1586456,26.7859648],[82.1582393,26.7862323],[82.1580248,26.7863263],[82.1579985,26.7863376],[82.157755,26.7863711],[82.1576121,26.7863727],[82.1574734,26.7863657],[82.1573633,26.7863057],[82.1572829,26.786239],[82.1572008,26.7861356],[82.1571409,26.7860322],[82.1571017,26.7858237],[82.1570811,26.7856186],[82.1570849,26.7855202],[82.1570961,26.7854252],[82.1572359,26.7849806],[82.1572902,26.7847822],[82.1573052,26.7846835],[82.1573127,26.7845848],[82.1573464,26.7841045],[82.157436,26.783851]]}},{"type":"Feature","properties":{"id":"way/844218515","kind":"road","class":"residential","name":""},"geometry":{"type":"LineString","coordinates":[[82.1577608,26.7838257],[82.157436,26.783851],[82.1573725,26.783731],[82.1573534,26.7836665],[82.1572717,26.7833908],[82.1572469,26.7832412],[82.1572457,26.7831726],[82.1572563,26.7830807],[82.1572703,26.7829586],[82.1572791,26.7828538],[82.1572753,26.7826625],[82.1572676,26.7824465]]}},{"type":"Feature","properties":{"id":"way/844218516","kind":"road","class":"residential","name":""},"geometry":{"type":"LineString","coordinates":[[82.1560713,26.7829834],[82.1560108,26.7828891],[82.1559842,26.7828366],[82.1559811,26.7827935],[82.1560398,26.7826509],[82.1560889,26.7825086],[82.1561316,26.7823416],[82.1561464,26.7821866],[82.1561373,26.7820047],[82.1561237,26.7818777],[82.1560637,26.7816129]]}},{"type":"Feature","properties":{"id":"way/844218517","kind":"road","class":"residential","name":""},"geometry":{"type":"LineString","coordinates":[[82.1595782,26.7827974],[82.1596232,26.7829844],[82.1596605,26.7831394],[82.1597073,26.7833372],[82.159725,26.7833937],[82.1597464,26.7834306],[82.1598091,26.7834833],[82.1598717,26.783536],[82.1598847,26.7835767],[82.1598579,26.7841815],[82.1598794,26.7845454],[82.1605892,26.7846836],[82.160945,26.7847528],[82.1611197,26.7847868],[82.1613814,26.7848327],[82.1614511,26.7848624],[82.1616341,26.7849404],[82.1618707,26.7850894],[82.1621021,26.7852878],[82.1624114,26.785553],[82.1627462,26.7858212],[82.1630079,26.7859936],[82.1630326,26.7860956]]}},{"type":"Feature","properties":{"id":"way/844218518","kind":"road","class":"residential","name":""},"geometry":{"type":"LineString","coordinates":[[82.160945,26.7847528],[82.1610405,26.7843179],[82.1610532,26.7842599],[82.1611038,26.783746],[82.1618311,26.7837202],[82.1617605,26.7841236],[82.1616854,26.7847841],[82.1616341,26.7849404]]}},{"type":"Feature","properties":{"id":"way/844218519","kind":"road","class":"residential","name":""},"geometry":{"type":"LineString","coordinates":[[82.1616854,26.7847841],[82.161824,26.7848202],[82.161938,26.7848552],[82.1620689,26.784859],[82.1620972,26.7848719],[82.1621176,26.7848903],[82.1621511,26.7849781],[82.162166,26.7849974],[82.1621897,26.7850152],[82.162249,26.7850342],[82.1623172,26.7850453],[82.1623731,26.7850401],[82.1624255,26.7850286]]}},{"type":"Feature","properties":{"id":"way/844218520","kind":"road","class":"residential","name":""},"geometry":{"type":"LineString","coordinates":[[82.1617605,26.7841236],[82.1628201,26.784172]]}},{"type":"Feature","properties":{"id":"way/844218521","kind":"road","class":"residential","name":""},"geometry":{"type":"LineString","coordinates":[[82.1618311,26.7837202],[82.1618187,26.7836118],[82.1617902,26.7834939],[82.1616569,26.7832384],[82.1616181,26.783193],[82.1615348,26.7831041],[82.1615147,26.7830627],[82.161511,26.7830142],[82.1615308,26.7828788]]}},{"type":"Feature","properties":{"id":"way/844218522","kind":"road","class":"residential","name":""},"geometry":{"type":"LineString","coordinates":[[82.1608796,26.7832386],[82.1613061,26.7832399],[82.1613863,26.7832369],[82.1614657,26.7832238],[82.1616181,26.783193]]}},{"type":"Feature","properties":{"id":"way/844218523","kind":"road","class":"residential","name":""},"geometry":{"type":"LineString","coordinates":[[82.1616569,26.7832384],[82.1618018,26.7833083],[82.1618975,26.7833268],[82.1620781,26.7833452],[82.1622991,26.7833683],[82.1625042,26.7833858]]}},{"type":"Feature","properties":{"id":"way/844218524","kind":"road","class":"residential","name":""},"geometry":{"type":"LineString","coordinates":[[82.1610405,26.7843179],[82.1605469,26.7842736],[82.1605222,26.7842592],[82.160501,26.7842303],[82.1605183,26.78405],[82.1605197,26.7839483],[82.1605286,26.7839205],[82.1605553,26.7839099],[82.1607743,26.7839287],[82.1607988,26.7839256],[82.1608195,26.7838989],[82.1608191,26.7837446],[82.160829,26.7837288],[82.1608476,26.7837148],[82.1611038,26.783746]]}},{"type":"Feature","properties":{"id":"way/844218525","kind":"road","class":"residential","name":""},"geometry":{"type":"LineString","coordinates":[[82.161511,26.7830142],[82.1610327,26.7829754],[82.1608558,26.7829621],[82.1606986,26.7829628],[82.1603819,26.7829611],[82.159971,26.7829432],[82.1598946,26.7829344],[82.1598476,26.7829161],[82.1598157,26.7828863],[82.1598068,26.7828485],[82.1598083,26.7828171]]}},{"type":"Feature","properties":{"id":"way/844218527","kind":"road","class":"residential","name":""},"geometry":{"type":"LineString","coordinates":[[82.1524603,26.7838661],[82.1523168,26.7834412],[82.1523046,26.7833837],[82.1522982,26.7833419],[82.1523007,26.7832815],[82.1523351,26.7831396],[82.152346,26.7830869],[82.1523501,26.7830287],[82.1523489,26.7829759],[82.1523331,26.7828978],[82.1523362,26.7828785],[82.1523557,26.7828693],[82.1525441,26.7828274],[82.1526,26.7828201],[82.1529328,26.7828029],[82.1529531,26.7827977],[82.152965,26.7827825],[82.1529706,26.7826642],[82.1529802,26.7826395],[82.1530049,26.782628],[82.1531451,26.7826051],[82.1532679,26.7825922],[82.1534834,26.7825761],[82.1535152,26.7825677],[82.1535317,26.7825549],[82.1535315,26.7825306],[82.1535086,26.7824528],[82.1534984,26.7824272],[82.1534808,26.7824071],[82.1534531,26.7823893],[82.1534377,26.7823655],[82.1533463,26.782095]]}},{"type":"Feature","properties":{"id":"way/844218528","kind":"road","class":"residential","name":""},"geometry":{"type":"LineString","coordinates":[[82.1570961,26.7854252],[82.156644,26.78545],[82.1565704,26.7851416],[82.1565194,26.7847726],[82.1564855,26.78453],[82.1563892,26.7844541],[82.1561684,26.7843581],[82.15614,26.7840093],[82.1560983,26.7835255],[82.1561576,26.7835208],[82.1562302,26.783528],[82.1564581,26.7835914],[82.1568093,26.7836494],[82.1569027,26.7836648],[82.1570743,26.7837041],[82.1573534,26.7836665]]}},{"type":"Feature","properties":{"id":"way/844218529","kind":"road","class":"residential","name":""},"geometry":{"type":"LineString","coordinates":[[82.1560983,26.7835255],[82.1559807,26.7833038],[82.1558638,26.7831131]]}},{"type":"Feature","properties":{"id":"way/844218530","kind":"road","class":"residential","name":""},"geometry":{"type":"LineString","coordinates":[[82.152358,26.7810309],[82.1523982,26.7811286],[82.1524228,26.781216],[82.1524586,26.7813872],[82.1524963,26.781647],[82.1525151,26.7816775],[82.152548,26.7816787],[82.1528735,26.7816306]]}},{"type":"Feature","properties":{"id":"way/844218534","kind":"road","class":"residential","name":""},"geometry":{"type":"LineString","coordinates":[[82.149675,26.7817931],[82.150034,26.7817269],[82.1504574,26.7816549],[82.150519,26.7816516],[82.1505525,26.7816637],[82.1505937,26.7817074],[82.1506228,26.7817818],[82.1508246,26.782235],[82.1510604,26.7821812],[82.1511384,26.7821688],[82.1512222,26.782164],[82.1515372,26.7821543],[82.1516255,26.7821548],[82.1516583,26.7821679],[82.1516883,26.7822017],[82.151725,26.7822796],[82.1517702,26.7823691],[82.1518238,26.782467]]}},{"type":"Feature","properties":{"id":"way/844218535","kind":"road","class":"tertiary","name":""},"geometry":{"type":"LineString","coordinates":[[82.1495419,26.781426],[82.1495979,26.7815757],[82.149675,26.7817931],[82.1497238,26.7819881],[82.1498925,26.7823605],[82.1499838,26.7825991],[82.1501204,26.7829127],[82.1501546,26.7829893]]}},{"type":"Feature","properties":{"id":"way/844218537","kind":"road","class":"residential","name":""},"geometry":{"type":"LineString","coordinates":[[82.1508246,26.782235],[82.1506044,26.7822921],[82.1505745,26.782293],[82.1505565,26.7822775],[82.1505162,26.7822161],[82.1504912,26.7822028],[82.1504683,26.782203],[82.1503668,26.7822122],[82.1502596,26.7822331],[82.150199,26.7822502],[82.1498925,26.7823605]]}},{"type":"Feature","properties":{"id":"way/844218538","kind":"road","class":"residential","name":""},"geometry":{"type":"LineString","coordinates":[[82.1537571,26.7799532],[82.1537007,26.7798792],[82.1536149,26.7797481],[82.1535997,26.7797076],[82.1535896,26.779652],[82.1535827,26.7795967],[82.1535718,26.7794978],[82.1535623,26.7794621],[82.1535391,26.7794403],[82.1535037,26.7794334],[82.1532781,26.7794338],[82.1530685,26.7794447],[82.1529845,26.7794556],[82.1529282,26.7794665],[82.1528407,26.7794884]]}},{"type":"Feature","properties":{"id":"way/844218542","kind":"road","class":"residential","name":""},"geometry":{"type":"LineString","coordinates":[[82.1596603,26.7787172],[82.1586611,26.7789857]]}},{"type":"Feature","properties":{"id":"way/844218543","kind":"road","class":"residential","name":""},"geometry":{"type":"LineString","coordinates":[[82.1521788,26.7787814],[82.1525339,26.7787639],[82.1526033,26.7787507],[82.1526458,26.7787248],[82.1526542,26.7786792],[82.1525766,26.7784136],[82.1525814,26.7783721],[82.1526181,26.7783434],[82.1528906,26.7783091],[82.1529335,26.7782912],[82.1529367,26.7782535],[82.1528724,26.7780341]]}},{"type":"Feature","properties":{"id":"way/844218545","kind":"road","class":"residential","name":""},"geometry":{"type":"LineString","coordinates":[[82.1523726,26.7781141],[82.1519615,26.7781374],[82.1518912,26.778126],[82.1518154,26.7780863],[82.1517617,26.7780402],[82.1517117,26.7780174],[82.1516531,26.7780177],[82.1515262,26.7780265],[82.1514971,26.7780423],[82.1514898,26.7780794],[82.1515291,26.7787964]]}},{"type":"Feature","properties":{"id":"way/844218547","kind":"road","class":"residential","name":""},"geometry":{"type":"LineString","coordinates":[[82.151014,26.7788161],[82.1515291,26.7787964],[82.1518414,26.7787892],[82.1521788,26.7787814]]}},{"type":"Feature","properties":{"id":"way/844218548","kind":"road","class":"residential","name":""},"geometry":{"type":"LineString","coordinates":[[82.1539358,26.786078],[82.1539003,26.7857956],[82.1538809,26.7856462],[82.1538621,26.785556],[82.1538393,26.7854911],[82.1538172,26.785449],[82.1537856,26.7853961],[82.153537,26.7850136]]}},{"type":"Feature","properties":{"id":"way/844218549","kind":"road","class":"residential","name":""},"geometry":{"type":"LineString","coordinates":[[82.1526076,26.7847402],[82.1523951,26.7848138],[82.15232,26.7848636],[82.152275,26.7849249],[82.1522378,26.7850207],[82.1522061,26.7851189],[82.1521934,26.7852237],[82.1522642,26.7854612],[82.1522503,26.7855503],[82.1522126,26.7856239],[82.1521763,26.7856949],[82.1520947,26.7858099],[82.151966,26.7859938],[82.1519112,26.7861463],[82.1518811,26.7861928],[82.1518325,26.7862094],[82.1516393,26.7862495],[82.1511719,26.7863534]]}},{"type":"Feature","properties":{"id":"way/844218550","kind":"road","class":"residential","name":""},"geometry":{"type":"LineString","coordinates":[[82.1529692,26.7854039],[82.1522126,26.7856239]]}},{"type":"Feature","properties":{"id":"way/844218551","kind":"road","class":"residential","name":""},"geometry":{"type":"LineString","coordinates":[[82.1516393,26.7862495],[82.1515883,26.7859248],[82.1514725,26.7857447],[82.1513695,26.7854727],[82.1513432,26.7851419],[82.1513311,26.7850972],[82.1513062,26.7850639],[82.1511892,26.7849594],[82.1510732,26.7847982],[82.1510504,26.7847825],[82.1510236,26.7847812],[82.150784,26.7848253]]}},{"type":"Feature","properties":{"id":"way/844218552","kind":"road","class":"residential","name":""},"geometry":{"type":"LineString","coordinates":[[82.1561684,26.7843581],[82.155932,26.7843145],[82.155726,26.7842808],[82.1555972,26.7842598],[82.1555696,26.7842512],[82.1553828,26.7841745],[82.155253,26.7841135],[82.1552162,26.7840905],[82.1551948,26.7840633],[82.1551796,26.7840138],[82.1551512,26.7839877],[82.1551167,26.7839761],[82.1550766,26.783967],[82.1549569,26.7839643],[82.1545344,26.7839831]]}},{"type":"Feature","properties":{"id":"way/844218575","kind":"road","class":"residential","name":""},"geometry":{"type":"LineString","coordinates":[[82.1497845,26.7731084],[82.1499149,26.7734724],[82.1499586,26.7736366],[82.1499592,26.773662],[82.1499443,26.7736865],[82.149836,26.7737466],[82.1498016,26.7737682],[82.1497747,26.7738026],[82.1496934,26.7740102],[82.1496719,26.7740653],[82.1496548,26.7740915]]}},{"type":"Feature","properties":{"id":"way/844218577","kind":"road","class":"residential","name":""},"geometry":{"type":"LineString","coordinates":[[82.1496548,26.7740915],[82.1495741,26.7738754],[82.1494277,26.7734683],[82.1493402,26.7732457],[82.1493219,26.7732164],[82.1492896,26.7732057],[82.1492192,26.7732069],[82.1491924,26.7731892],[82.1491436,26.7730932],[82.149117,26.773019],[82.1491033,26.7729688],[82.1490869,26.7729094]]}},{"type":"Feature","properties":{"id":"way/844218579","kind":"road","class":"residential","name":""},"geometry":{"type":"LineString","coordinates":[[82.1481268,26.7735159],[82.148,26.7735614]]}},{"type":"Feature","properties":{"id":"way/844218580","kind":"road","class":"residential","name":""},"geometry":{"type":"LineString","coordinates":[[82.148,26.7745294],[82.148065,26.774524],[82.1481789,26.7745089],[82.1482766,26.7744868],[82.1483527,26.7744612]]}},{"type":"Feature","properties":{"id":"way/844218581","kind":"road","class":"residential","name":""},"geometry":{"type":"LineString","coordinates":[[82.1485656,26.7743707],[82.1485896,26.7743868],[82.1486189,26.7743878],[82.1488183,26.7743384],[82.1493168,26.7742058],[82.1495633,26.7741319],[82.1496072,26.7741187],[82.1496548,26.7740915]]}},{"type":"Feature","properties":{"id":"way/844218587","kind":"road","class":"residential","name":""},"geometry":{"type":"LineString","coordinates":[[82.1768819,26.7741999],[82.1766479,26.7743769],[82.176441,26.7745042],[82.1758659,26.7747367],[82.1757113,26.7747994],[82.1753647,26.7749401],[82.1744804,26.7752991],[82.1744624,26.7753064],[82.1742405,26.7753955],[82.1736789,26.7756211],[82.1733031,26.775779],[82.1732267,26.7758096],[82.1729567,26.7759112],[82.172382,26.7761122],[82.1713722,26.7764954],[82.1713432,26.7765061],[82.1710339,26.7766202],[82.1704721,26.7768273],[82.1698172,26.7770509]]}},{"type":"Feature","properties":{"id":"way/844218588","kind":"road","class":"residential","name":""},"geometry":{"type":"LineString","coordinates":[[82.1630585,26.7732367],[82.1634326,26.7729935],[82.1642619,26.7724543],[82.164568,26.7722632],[82.1648239,26.7727189],[82.1648561,26.7727448],[82.1648973,26.7727354],[82.1649799,26.772689],[82.1650468,26.7726507],[82.1651433,26.7725972]]}},{"type":"Feature","properties":{"id":"way/844218589","kind":"road","class":"residential","name":""},"geometry":{"type":"LineString","coordinates":[[82.164568,26.7722632],[82.1645449,26.7722162],[82.1642755,26.7717945],[82.1640046,26.7714099]]}},{"type":"Feature","properties":{"id":"way/844218590","kind":"road","class":"residential","name":""},"geometry":{"type":"LineString","coordinates":[[82.1642619,26.7724543],[82.1636925,26.7716504]]}},{"type":"Feature","properties":{"id":"way/844218592","kind":"road","class":"residential","name":""},"geometry":{"type":"LineString","coordinates":[[82.1596546,26.771],[82.1598294,26.7713766],[82.1598478,26.7714117],[82.1599326,26.7715733],[82.1599766,26.7716572],[82.1601033,26.7718352]]}},{"type":"Feature","properties":{"id":"way/844218594","kind":"road","class":"residential","name":""},"geometry":{"type":"LineString","coordinates":[[82.1581167,26.7713342],[82.1580588,26.7711737],[82.1580308,26.7710816],[82.1580102,26.771]]}},{"type":"Feature","properties":{"id":"way/844218596","kind":"road","class":"residential","name":""},"geometry":{"type":"LineString","coordinates":[[82.148,26.7871145],[82.1480191,26.7871564],[82.1481427,26.7875727],[82.1482759,26.7881776],[82.1483693,26.7884202],[82.1485727,26.7887431]]}},{"type":"Feature","properties":{"id":"way/844491781","kind":"road","class":"tertiary","name":""},"geometry":{"type":"LineString","coordinates":[[82.1521427,26.7800445],[82.1521352,26.7799214],[82.1521277,26.779816],[82.1521359,26.7797208],[82.1521831,26.7794308],[82.1521922,26.7793419],[82.1521928,26.7792555],[82.1521788,26.7787814],[82.1521808,26.7787204],[82.1521911,26.7786587],[82.1522014,26.7786084],[82.1522414,26.7784706],[82.1523726,26.7781141],[82.1524734,26.7777629],[82.1525173,26.7775995],[82.1525429,26.7775045],[82.1525541,26.7774427],[82.1525617,26.7773606],[82.1525638,26.7771856],[82.1525893,26.777079],[82.152644,26.7769542],[82.1527179,26.776811],[82.1527501,26.7767367],[82.1527722,26.7766667],[82.1527938,26.7765679],[82.1528104,26.776479],[82.1528097,26.7764098],[82.1527989,26.7763346],[82.1527626,26.7761814],[82.1527043,26.7759736],[82.1526259,26.775685],[82.1524946,26.775258],[82.1524648,26.7751459],[82.1522691,26.7744556],[82.1521821,26.7741579],[82.1520946,26.7738934],[82.1520316,26.7737112],[82.1520254,26.7736917],[82.1519715,26.7735582],[82.1519155,26.7734198],[82.151896,26.7733386],[82.151894,26.7732832],[82.1518878,26.7732326],[82.1518679,26.7731893],[82.1517542,26.7730708],[82.1517425,26.7730307],[82.1517587,26.7729878],[82.1517856,26.7729466],[82.1519371,26.7727282],[82.1520008,26.7726804],[82.152083,26.7726112],[82.1521951,26.772522],[82.1524457,26.772329],[82.1527016,26.7721138],[82.1527477,26.7720682],[82.1527885,26.7720155],[82.1528673,26.7719021],[82.1529227,26.7718404],[82.1529941,26.7717715],[82.1530983,26.7716704],[82.1531476,26.7716142],[82.1532057,26.7715263],[82.1532243,26.7714564],[82.1532296,26.7713134]]}},{"type":"Feature","properties":{"id":"way/844491787","kind":"road","class":"residential","name":""},"geometry":{"type":"LineString","coordinates":[[82.1504918,26.7731576],[82.1503291,26.7731182],[82.1502319,26.7730946],[82.1500548,26.7730454],[82.1499885,26.7730269],[82.1497929,26.7729683],[82.1497205,26.772946],[82.1496032,26.7729093],[82.1495633,26.7728968],[82.1490318,26.7727281],[82.1489926,26.7727001],[82.1489759,26.7726689],[82.148916,26.7724444],[82.1487831,26.7719597]]}},{"type":"Feature","properties":{"id":"way/844491789","kind":"road","class":"residential","name":""},"geometry":{"type":"LineString","coordinates":[[82.151503,26.7713067],[82.1515078,26.7714018],[82.1515184,26.7714737],[82.1515377,26.771557],[82.1515628,26.7716378],[82.1516084,26.7718123],[82.151613,26.7718484],[82.1516031,26.7719166],[82.151616,26.7719715],[82.1517919,26.7723708]]}},{"type":"Feature","properties":{"id":"way/844491790","kind":"road","class":"residential","name":""},"geometry":{"type":"LineString","coordinates":[[82.1519371,26.7727282],[82.1518978,26.7726688],[82.1518719,26.7726475],[82.1518344,26.7726485],[82.151681,26.7726743],[82.1515859,26.7726867],[82.1515289,26.7726798],[82.1514852,26.7726551],[82.1514602,26.7726233],[82.151442,26.7725854],[82.1513409,26.7722943],[82.1513291,26.7722603],[82.1512497,26.7720372],[82.1510766,26.7714808],[82.1510576,26.7714084],[82.1510414,26.771324]]}},{"type":"Feature","properties":{"id":"way/844491791","kind":"road","class":"residential","name":""},"geometry":{"type":"LineString","coordinates":[[82.1537506,26.7713079],[82.1537564,26.7712093],[82.1537637,26.771]]}},{"type":"Feature","properties":{"id":"way/844491829","kind":"road","class":"residential","name":""},"geometry":{"type":"LineString","coordinates":[[82.1489974,26.7802775],[82.1491731,26.7802273],[82.1492306,26.7802173],[82.1492723,26.780217],[82.1495855,26.780218],[82.1496368,26.7802131],[82.1497184,26.7801892],[82.1498032,26.7801568],[82.1499365,26.7801007],[82.1501563,26.7800083],[82.1503676,26.7799368],[82.1504836,26.7799063],[82.150561,26.7798992],[82.1506418,26.7799025],[82.1507167,26.7799163],[82.1507896,26.7799267],[82.1508296,26.7799347],[82.151083,26.7799852],[82.1513151,26.7800357],[82.1514392,26.780061],[82.1514884,26.7800701],[82.1515378,26.7800846],[82.1515843,26.7800992],[82.1516816,26.7801384]]}},{"type":"Feature","properties":{"id":"way/844491833","kind":"road","class":"residential","name":""},"geometry":{"type":"LineString","coordinates":[[82.1496007,26.776528],[82.1494935,26.7763945],[82.1494385,26.7763375],[82.1493845,26.7763014],[82.1493552,26.7762785],[82.1493024,26.7762426],[82.1491744,26.7761562],[82.1491353,26.7761339],[82.1490758,26.7761046],[82.1490066,26.7760833],[82.1488942,26.776058],[82.1488022,26.7760408]]}},{"type":"Feature","properties":{"id":"way/844491836","kind":"road","class":"residential","name":""},"geometry":{"type":"LineString","coordinates":[[82.1520121,26.7743784],[82.1519887,26.7744672],[82.1519903,26.7745384],[82.1519986,26.7746125],[82.1520305,26.7747128],[82.152059,26.7747845],[82.1520775,26.7748413],[82.152107,26.7749586],[82.1521884,26.7753048],[82.152241,26.7752968],[82.1524946,26.775258]]}},{"type":"Feature","properties":{"id":"way/844491837","kind":"road","class":"residential","name":""},"geometry":{"type":"LineString","coordinates":[[82.1521884,26.7753048],[82.1518803,26.7753612],[82.1518517,26.7753583],[82.1518333,26.7753397],[82.151728,26.7750044]]}},{"type":"Feature","properties":{"id":"way/844491838","kind":"road","class":"residential","name":""},"geometry":{"type":"LineString","coordinates":[[82.1536067,26.7779262],[82.1535213,26.7775314]]}},{"type":"Feature","properties":{"id":"way/844491839","kind":"road","class":"residential","name":""},"geometry":{"type":"LineString","coordinates":[[82.1527626,26.7761814],[82.1530704,26.7761339],[82.153162,26.7761234],[82.1532291,26.7761338],[82.1532796,26.7761646],[82.153319,26.7762141],[82.1533629,26.7762799],[82.1534645,26.7764399],[82.1535131,26.7765249],[82.1535491,26.7766025],[82.1535764,26.7766931],[82.1536141,26.7768404]]}},{"type":"Feature","properties":{"id":"way/844491840","kind":"road","class":"residential","name":""},"geometry":{"type":"LineString","coordinates":[[82.1533629,26.7762799],[82.1534339,26.7762672],[82.153495,26.7762588],[82.1536412,26.7762403],[82.154084,26.7762148],[82.1541597,26.7762264],[82.1541956,26.776241],[82.1542392,26.7762588],[82.1542864,26.7763045],[82.1543569,26.7764333],[82.1544163,26.7765323],[82.1544899,26.7766101],[82.1545712,26.776674],[82.1546588,26.7767103],[82.15473,26.7767107],[82.1548144,26.7766937],[82.1548987,26.7766663],[82.1550455,26.7769512],[82.155102,26.7770868],[82.1551426,26.7771933],[82.1551512,26.777216],[82.155169,26.7772856],[82.1551687,26.7773504],[82.1551425,26.7773905],[82.1550875,26.7774397],[82.1546681,26.7777111],[82.1546086,26.7777546],[82.1545703,26.7777957],[82.1545505,26.7778832],[82.1545332,26.7781336],[82.1545105,26.7782458],[82.1544877,26.7783257],[82.1544226,26.7785115],[82.1544094,26.7785916],[82.1544259,26.7788658],[82.1544547,26.779198],[82.1544674,26.7792665],[82.1545384,26.7794505]]}},{"type":"Feature","properties":{"id":"way/844491842","kind":"road","class":"residential","name":""},"geometry":{"type":"LineString","coordinates":[[82.1548987,26.7766663],[82.1551347,26.7765723],[82.1561885,26.776141]]}},{"type":"Feature","properties":{"id":"way/844491843","kind":"road","class":"residential","name":""},"geometry":{"type":"LineString","coordinates":[[82.1573885,26.7778046],[82.1571076,26.7773947],[82.1569608,26.777144],[82.1568828,26.7770068],[82.1568676,26.7769861],[82.1568397,26.7769755],[82.1567411,26.7769813],[82.1567068,26.7769752],[82.1566854,26.7769634],[82.1565642,26.7767509],[82.1561885,26.776141],[82.1560236,26.7758394],[82.1559954,26.775806],[82.1559481,26.7757759],[82.155904,26.7757526],[82.1558642,26.7757192],[82.1558384,26.7756843],[82.155759,26.7755456],[82.1556639,26.7753842],[82.1555651,26.775218],[82.1555254,26.7751556],[82.1554853,26.7751107],[82.1554418,26.7750735],[82.155409,26.7750389],[82.1553758,26.7749882],[82.1552925,26.774837]]}},{"type":"Feature","properties":{"id":"way/844491844","kind":"road","class":"residential","name":""},"geometry":{"type":"LineString","coordinates":[[82.1556639,26.7753842],[82.1553384,26.7755237],[82.1552722,26.7755385],[82.1552099,26.7755359],[82.1551708,26.7754995],[82.1546608,26.7745718],[82.1546433,26.7745621],[82.1546188,26.7745667],[82.1545352,26.7746032],[82.1540249,26.7748308],[82.1539959,26.7748326],[82.1539732,26.7748137],[82.153868,26.7746134],[82.1538543,26.7745779],[82.1538487,26.7745407]]}},{"type":"Feature","properties":{"id":"way/844491845","kind":"road","class":"residential","name":""},"geometry":{"type":"LineString","coordinates":[[82.1565642,26.7767509],[82.1567627,26.7766608],[82.1567828,26.7766428],[82.1567793,26.7766204],[82.156686,26.7764995],[82.1566039,26.7763872],[82.1565902,26.7763685],[82.1565523,26.7763134],[82.1564905,26.776223],[82.1564295,26.7761316],[82.1563346,26.7759908],[82.1562986,26.7759336]]}},{"type":"Feature","properties":{"id":"way/844764485","kind":"road","class":"residential","name":""},"geometry":{"type":"LineString","coordinates":[[82.1547716,26.7729436],[82.1560793,26.7725737],[82.1561281,26.7725659],[82.1561701,26.7725876],[82.1564143,26.7730073],[82.1566082,26.7733614],[82.1566988,26.7735269],[82.1568214,26.7737507],[82.1569386,26.7739588],[82.1570941,26.7742675],[82.1571156,26.7743127],[82.157138,26.7743598],[82.1572404,26.7745749],[82.1573489,26.7748507],[82.157385,26.774938],[82.1574283,26.7749879],[82.1575179,26.7750228],[82.1580019,26.7751472],[82.1581213,26.7751765],[82.1581808,26.7752516],[82.1582479,26.7753162],[82.1591368,26.7756017]]}},{"type":"Feature","properties":{"id":"way/844764486","kind":"road","class":"tertiary","name":""},"geometry":{"type":"LineString","coordinates":[[82.1743035,26.7769096],[82.1743461,26.7769911],[82.1743887,26.7770511],[82.1744736,26.7771527],[82.1745262,26.7772269],[82.1746154,26.7773915],[82.1746557,26.7775381],[82.1747076,26.7777673],[82.1747577,26.7780416],[82.1747782,26.7781313],[82.1748262,26.7783418],[82.174851,26.7785044],[82.1748847,26.7786491],[82.1749233,26.7788144],[82.1749654,26.7790219],[82.1749963,26.7793172],[82.1750034,26.7795818],[82.1749946,26.7798086],[82.175002,26.7802661],[82.1750016,26.7803934],[82.1750047,26.7809288],[82.1750076,26.7814159]]}},{"type":"Feature","properties":{"id":"way/844764487","kind":"road","class":"residential","name":""},"geometry":{"type":"LineString","coordinates":[[82.1746154,26.7773915],[82.1755842,26.7770393]]}},{"type":"Feature","properties":{"id":"way/844764488","kind":"road","class":"residential","name":""},"geometry":{"type":"LineString","coordinates":[[82.1747577,26.7780416],[82.1753265,26.7779286],[82.1753801,26.7779178],[82.1756974,26.7778536],[82.1760301,26.7777863]]}},{"type":"Feature","properties":{"id":"way/844764489","kind":"road","class":"service","name":""},"geometry":{"type":"LineString","coordinates":[[82.1742216,26.7814297],[82.1742432,26.7817387],[82.1742839,26.7820752],[82.174347,26.7825971],[82.1744078,26.7830998]]}},{"type":"Feature","properties":{"id":"way/844764490","kind":"road","class":"residential","name":""},"geometry":{"type":"LineString","coordinates":[[82.1775516,26.783014],[82.1776379,26.7829979],[82.1782393,26.7828815]]}},{"type":"Feature","properties":{"id":"way/844764491","kind":"road","class":"residential","name":""},"geometry":{"type":"LineString","coordinates":[[82.1776137,26.7754872],[82.1776682,26.7754682],[82.1783781,26.7751981],[82.1785917,26.7751207],[82.1787991,26.7750658],[82.1790457,26.7749892],[82.1791657,26.7749443],[82.1793615,26.7748709],[82.1796558,26.7747608],[82.1799838,26.774651],[82.1801037,26.7746084],[82.1803938,26.7745054],[82.1805206,26.7744603],[82.1805964,26.7744436],[82.1807112,26.7744183],[82.1808594,26.7744043],[82.1809573,26.7744021],[82.1810844,26.7744282],[82.1812557,26.7744679],[82.1815814,26.7745434],[82.1816841,26.7745628],[82.1819791,26.7745844],[82.1821319,26.7745858],[82.1822688,26.7745635],[82.1823345,26.7745398],[82.1823946,26.7745181],[82.1832162,26.7742415],[82.1841418,26.7739667]]}},{"type":"Feature","properties":{"id":"way/844764493","kind":"road","class":"residential","name":""},"geometry":{"type":"LineString","coordinates":[[82.175432,26.7715166],[82.1758797,26.771332],[82.176685,26.771]]}},{"type":"Feature","properties":{"id":"way/846937664","kind":"road","class":"primary","name":""},"geometry":{"type":"LineString","coordinates":[[82.1496532,26.7812514],[82.150215,26.7810048],[82.1505148,26.7808587],[82.1506087,26.7808041],[82.1506995,26.7807439],[82.1510307,26.7805129],[82.1512502,26.7803552],[82.1513827,26.7802746],[82.1515296,26.7801994],[82.1516816,26.7801384],[82.1519214,26.7800855],[82.1519904,26.7800727],[82.1521427,26.7800445],[82.1523325,26.7800304],[82.1526278,26.7800198],[82.1537388,26.7799819]]}},{"type":"Feature","properties":{"id":"way/846937666","kind":"road","class":"unclassified","name":""},"geometry":{"type":"LineString","coordinates":[[82.2122296,26.7951402],[82.2120028,26.7951568],[82.2111534,26.7951849]]}},{"type":"Feature","properties":{"id":"way/846937667","kind":"road","class":"primary","name":""},"geometry":{"type":"LineString","coordinates":[[82.1996847,26.8056122],[82.1999867,26.8060675],[82.2001627,26.8063958],[82.2002052,26.8064743],[82.2002502,26.8065189],[82.2002888,26.8065319],[82.2003607,26.8065075],[82.200741,26.8063256],[82.2008022,26.8063086],[82.2008691,26.8063169],[82.2009296,26.8063523],[82.2010779,26.8064452],[82.2011665,26.8064751],[82.2012687,26.8064912],[82.2014235,26.8065004],[82.2016772,26.806437],[82.2019241,26.8063656],[82.2019986,26.8063637],[82.2020866,26.8063831],[82.2021506,26.8064242],[82.20233,26.8066042],[82.2024263,26.8066368],[82.2024972,26.8066413],[82.2025676,26.8066346],[82.2028302,26.8065577],[82.2030452,26.8064957],[82.2030989,26.8064925],[82.2031419,26.8065083],[82.2034193,26.8066766],[82.2034918,26.8067142],[82.2035499,26.8066898],[82.2037318,26.806613],[82.2037675,26.8065997],[82.2038276,26.8065419],[82.2039347,26.8063456],[82.2039688,26.8062841],[82.2040288,26.8062345],[82.2041184,26.8061776],[82.2042116,26.8061334],[82.2045397,26.8060183],[82.2046454,26.8059845],[82.2050734,26.8058906],[82.2051826,26.8058535],[82.2053569,26.8057769],[82.205436,26.8057361],[82.2055408,26.8056789],[82.2056865,26.805566],[82.2057834,26.805484],[82.2058821,26.8053783],[82.2059471,26.8052492],[82.2060446,26.8050058],[82.2060946,26.8049541],[82.2061698,26.8049118],[82.2065774,26.8047817],[82.2066318,26.8047731],[82.2066715,26.8047803],[82.2067,26.8048045],[82.2068338,26.8051734],[82.2068516,26.805198],[82.2068866,26.8052036],[82.2077871,26.8049471],[82.2078697,26.8049175]]}},{"type":"Feature","properties":{"id":"way/846937668","kind":"road","class":"residential","name":""},"geometry":{"type":"LineString","coordinates":[[82.2002502,26.8065189],[82.2002277,26.8065514],[82.2001794,26.8065842],[82.1997764,26.8067725],[82.1997367,26.8068],[82.1997026,26.8068539],[82.1996809,26.8069188],[82.1996632,26.8073699],[82.1996685,26.8074556],[82.199687,26.8075333],[82.1997724,26.8076603],[82.1999126,26.8078345],[82.1999553,26.8078526],[82.2000285,26.8078526],[82.2000834,26.807849],[82.2001688,26.8078236]]}},{"type":"Feature","properties":{"id":"way/846937669","kind":"road","class":"residential","name":""},"geometry":{"type":"LineString","coordinates":[[82.2012485,26.8076719],[82.2011739,26.8077322],[82.2009825,26.8078344],[82.2008303,26.8079252],[82.200675,26.808065],[82.200634,26.8081005],[82.2005234,26.8081964],[82.2004018,26.8083005],[82.2003426,26.8083336],[82.2002521,26.8083461],[82.2001657,26.8083367],[82.2000864,26.8083435],[82.1999885,26.8083726],[82.1999168,26.8083777],[82.1998471,26.808343],[82.1993949,26.8079898],[82.1989266,26.8075756],[82.1984846,26.8072593],[82.1976513,26.8067005],[82.1973884,26.8065242],[82.196737,26.806066],[82.1966314,26.8059895],[82.1965499,26.8059156],[82.1964834,26.8058469],[82.196438,26.8058066],[82.1963961,26.8057708],[82.1963642,26.8057579]]}},{"type":"Feature","properties":{"id":"way/846937670","kind":"road","class":"residential","name":""},"geometry":{"type":"LineString","coordinates":[[82.2152638,26.8076596],[82.2151189,26.8077308],[82.2138045,26.808427],[82.2133221,26.8086483]]}},{"type":"Feature","properties":{"id":"way/846937671","kind":"road","class":"residential","name":""},"geometry":{"type":"LineString","coordinates":[[82.2116586,26.806712],[82.2115254,26.8067873],[82.211386,26.8068705],[82.2103729,26.8075261],[82.2094742,26.8080932],[82.2090142,26.8083823],[82.2088547,26.8084795],[82.2087817,26.808528],[82.2087168,26.8085712]]}},{"type":"Feature","properties":{"id":"way/846937673","kind":"road","class":"residential","name":"Jhunki Ghat road"},"geometry":{"type":"LineString","coordinates":[[82.1976042,26.8067518],[82.1976513,26.8067005],[82.197822,26.8065015],[82.1979831,26.8062675],[82.198047,26.8061262],[82.1982015,26.8056021],[82.1982711,26.805339],[82.198316,26.8050556]]}},{"type":"Feature","properties":{"id":"way/846937674","kind":"road","class":"residential","name":"","access":"private","oneway":"yes"},"geometry":{"type":"LineString","coordinates":[[82.2060773,26.8105575],[82.2059814,26.8105397],[82.2059168,26.8105513],[82.2058527,26.8105863],[82.2058057,26.8106385],[82.2056098,26.8109447],[82.2055714,26.8110182]]}},{"type":"Feature","properties":{"id":"way/846937675","kind":"road","class":"tertiary","name":"","bridge":"yes"},"geometry":{"type":"LineString","coordinates":[[82.1914739,26.8024666],[82.1913701,26.8024139]]}},{"type":"Feature","properties":{"id":"way/846937676","kind":"road","class":"tertiary","name":"","access":"private"},"geometry":{"type":"LineString","coordinates":[[82.1963907,26.8061197],[82.1958861,26.8058678],[82.1955136,26.8056839],[82.1947637,26.8052863],[82.1942795,26.8050401],[82.1940141,26.8049073],[82.1933729,26.8045989],[82.1932961,26.8045473],[82.1928445,26.8043196],[82.1927124,26.8042618],[82.1926309,26.8042085],[82.1925744,26.8041496],[82.1922342,26.8036172],[82.1920346,26.8031266],[82.1919546,26.8029553],[82.1918503,26.8027912],[82.1917639,26.802685],[82.191599,26.8025518],[82.1914739,26.8024666]]}},{"type":"Feature","properties":{"id":"way/846938871","kind":"road","class":"residential","name":""},"geometry":{"type":"LineString","coordinates":[[82.157102,26.7754912],[82.157238,26.7755212],[82.1583595,26.7758089],[82.1587917,26.7759234],[82.1588071,26.775947],[82.1587959,26.7759762],[82.1577196,26.7772262],[82.1575793,26.7773929],[82.1574877,26.7775109],[82.1574645,26.7775573],[82.157465,26.7777153]]}},{"type":"Feature","properties":{"id":"way/846938873","kind":"road","class":"primary","name":""},"geometry":{"type":"LineString","coordinates":[[82.1519779,26.7885894],[82.1518431,26.7883934],[82.1516972,26.7880187]]}},{"type":"Feature","properties":{"id":"way/915505160","kind":"road","class":"footway","name":"","bridge":"yes"},"geometry":{"type":"LineString","coordinates":[[82.2017576,26.787917],[82.2016429,26.7881408],[82.2015108,26.7883922],[82.2014022,26.7886053]]}},{"type":"Feature","properties":{"id":"way/915505161","kind":"road","class":"steps","name":""},"geometry":{"type":"LineString","coordinates":[[82.2014619,26.7880696],[82.2016429,26.7881408]]}},{"type":"Feature","properties":{"id":"way/915505162","kind":"road","class":"steps","name":""},"geometry":{"type":"LineString","coordinates":[[82.2013204,26.7883114],[82.2015108,26.7883922]]}},{"type":"Feature","properties":{"id":"way/915505163","kind":"road","class":"steps","name":""},"geometry":{"type":"LineString","coordinates":[[82.201205,26.7885239],[82.2014022,26.7886053]]}},{"type":"Feature","properties":{"id":"way/915505164","kind":"road","class":"steps","name":""},"geometry":{"type":"LineString","coordinates":[[82.2015523,26.7878354],[82.2017576,26.787917]]}},{"type":"Feature","properties":{"id":"way/954544922","kind":"road","class":"residential","name":""},"geometry":{"type":"LineString","coordinates":[[82.1947212,26.8040473],[82.1948038,26.8035368]]}},{"type":"Feature","properties":{"id":"way/954545588","kind":"road","class":"residential","name":""},"geometry":{"type":"LineString","coordinates":[[82.1944513,26.804088],[82.1946151,26.8042776],[82.1947415,26.8044077],[82.1948512,26.8045391],[82.1948938,26.8046106],[82.1949664,26.8047324],[82.195058,26.8048637],[82.1950955,26.8049133],[82.1951638,26.8050078],[82.1954285,26.8053544],[82.1954384,26.8053601],[82.1954491,26.8053631],[82.1954629,26.8053644],[82.1954768,26.8053618],[82.1959628,26.8051963]]}},{"type":"Feature","properties":{"id":"way/954545589","kind":"road","class":"residential","name":""},"geometry":{"type":"LineString","coordinates":[[82.1947209,26.8050799],[82.1948403,26.8050836],[82.1949569,26.8050687],[82.1950514,26.8050526],[82.1951638,26.8050078]]}},{"type":"Feature","properties":{"id":"way/954545590","kind":"road","class":"residential","name":""},"geometry":{"type":"LineString","coordinates":[[82.1942795,26.8050401],[82.1943558,26.8048926],[82.1943652,26.80486],[82.1943617,26.8048274],[82.1943424,26.8047124],[82.1943486,26.804694],[82.1943576,26.8046829],[82.1943718,26.8046749],[82.1943852,26.8046693],[82.1945782,26.8046534],[82.1947176,26.8046382],[82.1948938,26.8046106]]}},{"type":"Feature","properties":{"id":"way/954548612","kind":"road","class":"residential","name":""},"geometry":{"type":"LineString","coordinates":[[82.1933729,26.8045989],[82.1936128,26.8043427],[82.1936422,26.8043161],[82.1936845,26.8042988],[82.1940667,26.8042167],[82.1941869,26.8041831],[82.1944141,26.8041088],[82.1944513,26.804088],[82.19448,26.8040643],[82.1945494,26.8039515]]}},{"type":"Feature","properties":{"id":"way/954548613","kind":"road","class":"residential","name":""},"geometry":{"type":"LineString","coordinates":[[82.1984839,26.824],[82.1982622,26.8237239],[82.1980396,26.8234375],[82.1977946,26.8231025],[82.1975351,26.8227487],[82.1973313,26.8224714],[82.1972288,26.8223193],[82.1970528,26.8220142],[82.1969499,26.8218123],[82.1969292,26.8217717],[82.1968334,26.8215918],[82.1967042,26.8213979],[82.1966396,26.8213125],[82.196594,26.8212757],[82.1965427,26.8212489],[82.196496,26.82123],[82.1964447,26.821217],[82.1961284,26.8211942],[82.1960542,26.8211915],[82.1957751,26.8211812],[82.1945139,26.8211871],[82.1944545,26.8211759],[82.194398,26.8211548],[82.1943596,26.8211266],[82.1943268,26.821096],[82.1941451,26.8208352],[82.1941096,26.8207767],[82.1940871,26.8207144],[82.194069,26.8206336],[82.194052,26.8204918],[82.1940189,26.8202329],[82.1940083,26.8202118],[82.193987,26.8201939],[82.1939384,26.8201573],[82.1938297,26.8200855],[82.1938055,26.8200468],[82.1937937,26.8200082],[82.1937901,26.8199395],[82.1939582,26.8191814],[82.194053,26.8188719],[82.1941108,26.8185526],[82.1941487,26.8184822],[82.1942026,26.8184147],[82.1942506,26.8183532],[82.1943212,26.8182974],[82.1947613,26.8180935],[82.1948089,26.8180618],[82.1948483,26.8180227],[82.1948654,26.8179741],[82.1948659,26.817923]]}},{"type":"Feature","properties":{"id":"way/954556176","kind":"road","class":"residential","name":""},"geometry":{"type":"LineString","coordinates":[[82.1960542,26.8211915],[82.195972,26.820898],[82.195779,26.8204545],[82.1957404,26.8203756],[82.1957346,26.8203522],[82.1957356,26.8203268],[82.1957405,26.8203072],[82.1957501,26.8202866],[82.1957652,26.8202741],[82.1957838,26.8202636],[82.1958112,26.8202521],[82.1958594,26.8202378],[82.1959318,26.8202292],[82.1961328,26.8202521],[82.1963331,26.8202665],[82.196495,26.8202492],[82.1967021,26.8201876],[82.1969114,26.8201048],[82.1970236,26.8200566],[82.1972393,26.8199796],[82.1975845,26.8198294],[82.1979716,26.8196843],[82.1981654,26.8196147],[82.1983109,26.8195647]]}},{"type":"Feature","properties":{"id":"way/954556177","kind":"road","class":"residential","name":""},"geometry":{"type":"LineString","coordinates":[[82.1940083,26.8202118],[82.1942707,26.820187],[82.1945302,26.8201313],[82.1946196,26.8201074],[82.1946634,26.8200911],[82.1946932,26.8200739],[82.1947033,26.820068],[82.1947684,26.8200149],[82.1948361,26.8199435],[82.1948833,26.819882],[82.1949093,26.8198587],[82.1949457,26.8198342],[82.194981,26.8198146],[82.1950224,26.819796],[82.195158,26.8197532],[82.1952303,26.8197258],[82.1953008,26.8196953],[82.1957442,26.8194781]]}},{"type":"Feature","properties":{"id":"way/954556178","kind":"road","class":"residential","name":""},"geometry":{"type":"LineString","coordinates":[[82.1946932,26.8200739],[82.1947488,26.8201368],[82.1947911,26.8202087],[82.1948326,26.8202835],[82.1948932,26.8203672],[82.194919,26.8203909],[82.194953,26.8204006],[82.1949862,26.8204028],[82.1951448,26.8203917],[82.1954577,26.820365],[82.1957356,26.8203268]]}},{"type":"Feature","properties":{"id":"way/954556179","kind":"road","class":"service","name":""},"geometry":{"type":"LineString","coordinates":[[82.194069,26.8206336],[82.1939847,26.820526],[82.1938465,26.8203817],[82.1937278,26.82036],[82.1935954,26.8203233],[82.1934319,26.8202952],[82.1933078,26.8202847],[82.1931129,26.8202134]]}},{"type":"Feature","properties":{"id":"way/954557835","kind":"road","class":"residential","name":""},"geometry":{"type":"LineString","coordinates":[[82.1930633,26.8039756],[82.1930073,26.8040955],[82.1929242,26.8042145],[82.1928445,26.8043196]]}},{"type":"Feature","properties":{"id":"way/954561763","kind":"road","class":"residential","name":""},"geometry":{"type":"LineString","coordinates":[[82.1782857,26.7841918],[82.1784102,26.7841378],[82.1784924,26.7841105],[82.1785851,26.7840894],[82.1788781,26.7840563],[82.1791904,26.7840039],[82.1794322,26.7839347],[82.1794639,26.7839354],[82.1794939,26.7839449],[82.1795224,26.7839655],[82.1795425,26.7839906],[82.1798109,26.7849543]]}},{"type":"Feature","properties":{"id":"way/954561764","kind":"road","class":"residential","name":""},"geometry":{"type":"LineString","coordinates":[[82.1777755,26.7835269],[82.1769562,26.7837243],[82.1767008,26.7837865],[82.1766427,26.7838259],[82.1766288,26.7838653],[82.1766241,26.783913],[82.1766775,26.7843276],[82.1767437,26.7846117],[82.1768479,26.7850072]]}},{"type":"Feature","properties":{"id":"way/954561765","kind":"road","class":"residential","name":""},"geometry":{"type":"LineString","coordinates":[[82.1757425,26.783812],[82.1757723,26.784384],[82.175789,26.7844206],[82.1758188,26.7844488],[82.1758524,26.7844588],[82.176428,26.784369],[82.1766775,26.7843276]]}},{"type":"Feature","properties":{"id":"way/954563982","kind":"road","class":"residential","name":""},"geometry":{"type":"LineString","coordinates":[[82.1790136,26.7834992],[82.1791006,26.7838594]]}},{"type":"Feature","properties":{"id":"way/954563983","kind":"road","class":"residential","name":""},"geometry":{"type":"LineString","coordinates":[[82.1805365,26.7842699],[82.1805455,26.7841589],[82.1805958,26.7835411],[82.1806555,26.7831341],[82.1807511,26.7823828]]}},{"type":"Feature","properties":{"id":"way/954565973","kind":"road","class":"residential","name":""},"geometry":{"type":"LineString","coordinates":[[82.1805455,26.7841589],[82.1802808,26.7841692],[82.1802483,26.7841545],[82.18023,26.784135],[82.1799937,26.7830484],[82.1798959,26.7825408],[82.1798479,26.7823117]]}},{"type":"Feature","properties":{"id":"way/954565974","kind":"road","class":"residential","name":""},"geometry":{"type":"LineString","coordinates":[[82.1805455,26.7841589],[82.1809604,26.7841769]]}},{"type":"Feature","properties":{"id":"way/954565975","kind":"road","class":"residential","name":""},"geometry":{"type":"LineString","coordinates":[[82.1936132,26.8008823],[82.1939096,26.8011786],[82.1941052,26.8013898],[82.1942541,26.8015333]]}},{"type":"Feature","properties":{"id":"way/954567134","kind":"road","class":"residential","name":""},"geometry":{"type":"LineString","coordinates":[[82.1929344,26.8013215],[82.1933926,26.801284],[82.1935144,26.8012787]]}},{"type":"Feature","properties":{"id":"way/954586174","kind":"road","class":"residential","name":""},"geometry":{"type":"LineString","coordinates":[[82.1940968,26.8028259],[82.194256,26.8028113],[82.1943368,26.8028105],[82.194381,26.8028191],[82.1944233,26.8028362],[82.1944983,26.8028757],[82.1945425,26.8029006],[82.1945507,26.8029092],[82.1945569,26.8029186],[82.1945598,26.8029899],[82.1945627,26.8030062],[82.1945762,26.8030199],[82.1945925,26.8030259],[82.1949983,26.8030379]]}},{"type":"Feature","properties":{"id":"way/954586175","kind":"road","class":"residential","name":""},"geometry":{"type":"LineString","coordinates":[[82.1941452,26.802404],[82.1942912,26.8024225],[82.1943224,26.8024315],[82.1943514,26.8024425],[82.1944053,26.8024728],[82.1944994,26.8025058],[82.1946406,26.8025506],[82.1948535,26.8026387],[82.1949538,26.8026718],[82.195031,26.8026921],[82.1950392,26.8026972],[82.1950452,26.8027033],[82.1950475,26.8027105],[82.1950476,26.8027196],[82.1950228,26.8028529]]}},{"type":"Feature","properties":{"id":"way/954586176","kind":"road","class":"residential","name":""},"geometry":{"type":"LineString","coordinates":[[82.1953334,26.8024762],[82.1953479,26.8027089],[82.1953634,26.8027606],[82.1953748,26.8027736],[82.1953944,26.8027828],[82.195411,26.8027828],[82.1957214,26.8027357],[82.1959346,26.8027061],[82.1960612,26.8026906]]}},{"type":"Feature","properties":{"id":"way/954587174","kind":"road","class":"residential","name":""},"geometry":{"type":"LineString","coordinates":[[82.1956021,26.801024],[82.1955243,26.8017688]]}},{"type":"Feature","properties":{"id":"way/954587175","kind":"road","class":"residential","name":""},"geometry":{"type":"LineString","coordinates":[[82.1924371,26.8012422],[82.1923206,26.8012624],[82.1921429,26.8012884],[82.1920638,26.8012884],[82.1920318,26.8012822],[82.191986,26.8012525],[82.1919485,26.8012165],[82.1919208,26.8011893],[82.191886,26.8011719],[82.1918166,26.8011607],[82.1916972,26.8011384],[82.191657,26.8011236],[82.1916153,26.801105],[82.1915903,26.8010839],[82.1915695,26.8010505],[82.1915598,26.8009972],[82.1915084,26.8007457],[82.1915068,26.8006898],[82.191509,26.8005476],[82.1915204,26.8005127],[82.1915448,26.8004735],[82.191574,26.8004358],[82.1916179,26.8004169],[82.1916749,26.8004097],[82.1919172,26.800369],[82.1921188,26.800324],[82.1922745,26.8002917]]}},{"type":"Feature","properties":{"id":"way/954588745","kind":"road","class":"residential","name":""},"geometry":{"type":"LineString","coordinates":[[82.1972683,26.7985463],[82.1967735,26.7986133],[82.196505,26.7986497],[82.1963507,26.7986706],[82.1960132,26.7987695],[82.1958297,26.7988313],[82.1956975,26.7988774]]}},{"type":"Feature","properties":{"id":"way/954603164","kind":"road","class":"residential","name":""},"geometry":{"type":"LineString","coordinates":[[82.1931585,26.7901516],[82.1928806,26.790282],[82.1928049,26.7903231],[82.1927156,26.7903725],[82.1926157,26.790419],[82.1925434,26.7904397],[82.1924695,26.7904461],[82.1923769,26.7904358],[82.1922582,26.7904229],[82.192167,26.7904216],[82.1921451,26.7904231],[82.1921075,26.7904256]]}},{"type":"Feature","properties":{"id":"way/954603920","kind":"road","class":"residential","name":""},"geometry":{"type":"LineString","coordinates":[[82.1916062,26.7886081],[82.1918093,26.7884962],[82.1920104,26.7883941]]}},{"type":"Feature","properties":{"id":"way/954605792","kind":"road","class":"residential","name":""},"geometry":{"type":"LineString","coordinates":[[82.1875403,26.7845987],[82.1878889,26.7842239]]}},{"type":"Feature","properties":{"id":"way/954605793","kind":"road","class":"residential","name":""},"geometry":{"type":"LineString","coordinates":[[82.1877682,26.7841371],[82.1878889,26.7842239],[82.1880998,26.7843924],[82.1884234,26.7846508],[82.1884447,26.7846575],[82.1884721,26.7846542],[82.1886033,26.7845359],[82.1888283,26.7843329]]}},{"type":"Feature","properties":{"id":"way/954605794","kind":"road","class":"residential","name":""},"geometry":{"type":"LineString","coordinates":[[82.1886033,26.7845359],[82.1882947,26.7842771],[82.1882547,26.7842671],[82.1882272,26.7842716],[82.188211,26.7842794],[82.1880998,26.7843924]]}},{"type":"Feature","properties":{"id":"way/954605795","kind":"road","class":"residential","name":""},"geometry":{"type":"LineString","coordinates":[[82.1890125,26.7856055],[82.1891513,26.7854585],[82.189168,26.78541],[82.1891575,26.7853578],[82.1891429,26.7853],[82.1891471,26.785244],[82.1891722,26.7851861],[82.1893283,26.7850029],[82.1895713,26.7847179]]}},{"type":"Feature","properties":{"id":"way/954605796","kind":"road","class":"residential","name":""},"geometry":{"type":"LineString","coordinates":[[82.1893283,26.7850029],[82.1893892,26.7850348],[82.1894151,26.7850406],[82.1894356,26.7850358],[82.1894561,26.7850165],[82.1896481,26.7847825]]}},{"type":"Feature","properties":{"id":"way/954607716","kind":"road","class":"residential","name":""},"geometry":{"type":"LineString","coordinates":[[82.1856861,26.7871651],[82.1860009,26.7875185],[82.1863724,26.7879697],[82.1863975,26.7879835]]}},{"type":"Feature","properties":{"id":"way/954607717","kind":"road","class":"residential","name":""},"geometry":{"type":"LineString","coordinates":[[82.1838098,26.7826443],[82.1837905,26.7832861],[82.1837944,26.7833472],[82.1838015,26.7833768],[82.1838091,26.7834084],[82.1838554,26.783502],[82.1838794,26.7835503],[82.1839622,26.7837174],[82.1839745,26.7837385],[82.1840553,26.7838776],[82.1841219,26.7840043],[82.1842519,26.7842936]]}},{"type":"Feature","properties":{"id":"way/954608928","kind":"road","class":"residential","name":""},"geometry":{"type":"LineString","coordinates":[[82.1840553,26.7838776],[82.1844525,26.7837172],[82.1846838,26.7836491],[82.1848445,26.7836075],[82.1849849,26.7835699],[82.185001,26.7835626],[82.1850146,26.7835497],[82.1850199,26.7835273],[82.1850184,26.7835034],[82.1848569,26.7831063],[82.1848508,26.78308],[82.1848532,26.783049],[82.1848707,26.7830016]]}},{"type":"Feature","properties":{"id":"way/954608929","kind":"road","class":"residential","name":""},"geometry":{"type":"LineString","coordinates":[[82.1846213,26.7833047],[82.1838794,26.7835503]]}},{"type":"Feature","properties":{"id":"way/954608930","kind":"road","class":"residential","name":""},"geometry":{"type":"LineString","coordinates":[[82.183031,26.78415],[82.1839745,26.7837385]]}},{"type":"Feature","properties":{"id":"way/954608931","kind":"road","class":"residential","name":""},"geometry":{"type":"LineString","coordinates":[[82.1832741,26.7844598],[82.1841219,26.7840043]]}},{"type":"Feature","properties":{"id":"way/954608932","kind":"road","class":"residential","name":""},"geometry":{"type":"LineString","coordinates":[[82.186043,26.7834776],[82.1859478,26.7836121],[82.1857926,26.7838263],[82.1856681,26.7839391],[82.1853921,26.7841485],[82.1853037,26.7842258],[82.1852459,26.784258],[82.1851756,26.7842805],[82.1850944,26.7842757],[82.1850439,26.7842693],[82.1849062,26.7842435],[82.184815,26.784237],[82.1846514,26.7842409],[82.1844155,26.7842628],[82.1843186,26.7842809],[82.1842519,26.7842936],[82.1842129,26.7843068],[82.1841492,26.7843416],[82.1840111,26.7844146],[82.1835354,26.7846987],[82.1835149,26.7847214],[82.1835122,26.7847459],[82.1835159,26.7847675],[82.1835716,26.7848835],[82.1837102,26.7851381],[82.183817,26.7854108],[82.1838386,26.7854549],[82.1839508,26.7856841],[82.1839857,26.7857369],[82.1839971,26.7857541],[82.184051,26.7858206],[82.1842233,26.7859615],[82.1843413,26.7860591],[82.1845101,26.7862169],[82.1845323,26.7862648],[82.1845582,26.7863033],[82.1845907,26.7863301],[82.1847694,26.7864394],[82.1848831,26.786513],[82.1849556,26.7865498],[82.185218,26.7866748],[82.1852804,26.7867082],[82.1853406,26.786749]]}},{"type":"Feature","properties":{"id":"way/954609890","kind":"road","class":"residential","name":""},"geometry":{"type":"LineString","coordinates":[[82.1845323,26.7862648],[82.1843607,26.7863458],[82.1843393,26.7863483],[82.1843067,26.7863441],[82.184275,26.7863283],[82.1842499,26.7863017],[82.1842219,26.7862826],[82.1841996,26.7862743],[82.1841744,26.7862709],[82.1841465,26.7862759],[82.1840459,26.7862826],[82.1839397,26.7862826],[82.1838829,26.7862826],[82.1838215,26.7863034],[82.1837758,26.7863316],[82.1836743,26.7864447],[82.1834869,26.786652],[82.183437,26.7866986],[82.1833882,26.7867391],[82.1833534,26.7867743],[82.1833088,26.7868282]]}},{"type":"Feature","properties":{"id":"way/954609891","kind":"road","class":"residential","name":""},"geometry":{"type":"LineString","coordinates":[[82.1839857,26.7857369],[82.1834364,26.7859041],[82.1832607,26.7859485],[82.1830822,26.7859825],[82.1830283,26.7859939],[82.1829774,26.786],[82.182586,26.7859687],[82.1825287,26.7859664],[82.1824713,26.7859564],[82.1820104,26.7857914],[82.1818414,26.7857292]]}},{"type":"Feature","properties":{"id":"way/954609892","kind":"road","class":"residential","name":""},"geometry":{"type":"LineString","coordinates":[[82.1818413,26.7856069],[82.1818414,26.7857292],[82.1817913,26.7860707],[82.1817693,26.7862205]]}},{"type":"Feature","properties":{"id":"way/954609893","kind":"road","class":"service","name":""},"geometry":{"type":"LineString","coordinates":[[82.1822898,26.7862521],[82.1817913,26.7860707]]}},{"type":"Feature","properties":{"id":"way/954611532","kind":"road","class":"residential","name":""},"geometry":{"type":"LineString","coordinates":[[82.1829774,26.786],[82.1830269,26.7862294],[82.1830317,26.7863406],[82.1830363,26.7864463],[82.1830187,26.7867077]]}},{"type":"Feature","properties":{"id":"way/954611533","kind":"road","class":"residential","name":""},"geometry":{"type":"LineString","coordinates":[[82.1830317,26.7863406],[82.1835768,26.7863309]]}},{"type":"Feature","properties":{"id":"way/954611534","kind":"road","class":"residential","name":""},"geometry":{"type":"LineString","coordinates":[[82.184815,26.784237],[82.1848263,26.7846803],[82.1848461,26.7847163],[82.1848816,26.7847507],[82.1849453,26.7847806],[82.1852327,26.7848403],[82.1854785,26.7848914],[82.1855958,26.7849243],[82.1856344,26.7849467],[82.1856545,26.7849752],[82.185693,26.7851132],[82.1857076,26.7851473],[82.1857601,26.7852326],[82.1858071,26.7853224],[82.1858307,26.7853575],[82.1858473,26.7853822],[82.1858758,26.7854256],[82.1860518,26.7859165]]}},{"type":"Feature","properties":{"id":"way/954611535","kind":"road","class":"residential","name":""},"geometry":{"type":"LineString","coordinates":[[82.1852327,26.7848403],[82.1852794,26.7850878],[82.185387,26.7853603],[82.1854026,26.7854344]]}},{"type":"Feature","properties":{"id":"way/954611536","kind":"road","class":"residential","name":""},"geometry":{"type":"LineString","coordinates":[[82.1848461,26.7847163],[82.18483,26.7847576],[82.184823,26.7848095],[82.184831,26.7848507],[82.1848931,26.7849697],[82.1850214,26.7851996],[82.1850906,26.7853025],[82.1851327,26.7853365],[82.1852079,26.7853813],[82.1854026,26.7854344],[82.1854374,26.7854386],[82.1855086,26.7854412],[82.1855838,26.7854287],[82.1858307,26.7853575]]}},{"type":"Feature","properties":{"id":"way/954611537","kind":"road","class":"residential","name":""},"geometry":{"type":"LineString","coordinates":[[82.1856762,26.7862495],[82.185682,26.7864133],[82.1856774,26.7864859],[82.1856681,26.7865169],[82.1856321,26.7865854],[82.1855311,26.7867781],[82.1854881,26.7868582]]}},{"type":"Feature","properties":{"id":"way/954612161","kind":"road","class":"residential","name":""},"geometry":{"type":"LineString","coordinates":[[82.1834799,26.7836367],[82.1838554,26.783502]]}},{"type":"Feature","properties":{"id":"way/954612162","kind":"road","class":"residential","name":""},"geometry":{"type":"LineString","coordinates":[[82.1833693,26.7835005],[82.1836508,26.7834199],[82.1838015,26.7833768]]}},{"type":"Feature","properties":{"id":"way/954612163","kind":"road","class":"residential","name":""},"geometry":{"type":"LineString","coordinates":[[82.1835824,26.7825888],[82.1835696,26.7828854],[82.1835945,26.7831482],[82.1836132,26.7832859],[82.1836508,26.7834199]]}},{"type":"Feature","properties":{"id":"way/954612164","kind":"road","class":"service","name":""},"geometry":{"type":"LineString","coordinates":[[82.1826092,26.7823996],[82.182604,26.7824668],[82.1825852,26.7828974],[82.1825792,26.7830357],[82.1825648,26.7837283],[82.1825611,26.7840923]]}},{"type":"Feature","properties":{"id":"way/954613781","kind":"road","class":"residential","name":""},"geometry":{"type":"LineString","coordinates":[[82.19275,26.7880757],[82.192817,26.7880492],[82.1932262,26.7878877],[82.1934154,26.7878178],[82.194255,26.78749],[82.1943249,26.7874489],[82.1943762,26.7873967],[82.1947634,26.7870211],[82.1947961,26.7870127],[82.1948334,26.7870169],[82.1949409,26.7870656],[82.195117,26.7871963],[82.1953163,26.7873437],[82.1954083,26.787406]]}},{"type":"Feature","properties":{"id":"way/954613782","kind":"road","class":"residential","name":""},"geometry":{"type":"LineString","coordinates":[[82.1932262,26.7878877],[82.1930125,26.7871377],[82.1930081,26.7871032],[82.1930153,26.7870749],[82.19303,26.7870552],[82.1930572,26.7870456],[82.1934129,26.7869209]]}},{"type":"Feature","properties":{"id":"way/954613783","kind":"road","class":"residential","name":""},"geometry":{"type":"LineString","coordinates":[[82.1918153,26.7863487],[82.1920382,26.7862967],[82.1922184,26.7862557],[82.1922718,26.7862567],[82.1924239,26.7862277],[82.192583,26.7861842]]}},{"type":"Feature","properties":{"id":"way/954613784","kind":"road","class":"residential","name":""},"geometry":{"type":"LineString","coordinates":[[82.1948062,26.7883234],[82.1949825,26.7886666],[82.1950778,26.7890407]]}},{"type":"Feature","properties":{"id":"way/954614946","kind":"road","class":"residential","name":""},"geometry":{"type":"LineString","coordinates":[[82.1951979,26.7877282],[82.1953479,26.7877863],[82.1953828,26.7878002],[82.1954197,26.7878123],[82.195478,26.7878037],[82.195511,26.7878002],[82.1955459,26.7878037],[82.1955615,26.787821],[82.1955809,26.7878678],[82.1956355,26.7880168],[82.1956489,26.7880533],[82.1957251,26.7882426],[82.1957382,26.7882752],[82.1958197,26.7884901],[82.1959064,26.7886627]]}},{"type":"Feature","properties":{"id":"way/954614947","kind":"road","class":"residential","name":""},"geometry":{"type":"LineString","coordinates":[[82.1956355,26.7880168],[82.1960594,26.7878907],[82.1961363,26.7878678],[82.1964638,26.7877498],[82.1966539,26.7877084]]}},{"type":"Feature","properties":{"id":"way/954614948","kind":"road","class":"residential","name":""},"geometry":{"type":"LineString","coordinates":[[82.1950009,26.7880311],[82.1952605,26.7883376],[82.1952974,26.7883462],[82.1953537,26.788348],[82.1957251,26.7882426]]}},{"type":"Feature","properties":{"id":"way/954614949","kind":"road","class":"residential","name":""},"geometry":{"type":"LineString","coordinates":[[82.1954692,26.7873154],[82.1959519,26.7866585]]}},{"type":"Feature","properties":{"id":"way/954616998","kind":"road","class":"residential","name":""},"geometry":{"type":"LineString","coordinates":[[82.1958427,26.7829877],[82.195767,26.7832331],[82.1957377,26.7833616],[82.1957197,26.7836066],[82.195872,26.7845181]]}},{"type":"Feature","properties":{"id":"way/954616999","kind":"road","class":"service","name":""},"geometry":{"type":"LineString","coordinates":[[82.1887902,26.786669],[82.1888593,26.7865163],[82.1888743,26.7864719],[82.188883,26.7864276],[82.1888488,26.7861661],[82.1887771,26.7859158],[82.1887772,26.7858801],[82.1887829,26.7858445],[82.1888551,26.7857122],[82.1889183,26.785627]]}},{"type":"Feature","properties":{"id":"way/954617000","kind":"road","class":"residential","name":""},"geometry":{"type":"LineString","coordinates":[[82.1830358,26.785686],[82.1834722,26.7855613],[82.1838386,26.7854549]]}},{"type":"Feature","properties":{"id":"way/954617001","kind":"road","class":"track","name":""},"geometry":{"type":"LineString","coordinates":[[82.1807895,26.784705],[82.1808094,26.7852625],[82.1808061,26.7856664],[82.1807702,26.7860023]]}},{"type":"Feature","properties":{"id":"way/954617002","kind":"road","class":"residential","name":""},"geometry":{"type":"LineString","coordinates":[[82.1878227,26.7878397],[82.1884352,26.7877869],[82.1884548,26.7877791],[82.1884674,26.787763],[82.188469,26.7877454],[82.1884586,26.7876833],[82.1884636,26.7876619],[82.1884894,26.7876458],[82.1889761,26.7875144]]}},{"type":"Feature","properties":{"id":"way/954617929","kind":"road","class":"residential","name":""},"geometry":{"type":"LineString","coordinates":[[82.1884548,26.7877791],[82.1885951,26.7881202],[82.1886086,26.7881371],[82.1886231,26.7881428],[82.1886484,26.788146],[82.1887044,26.7881282],[82.1887288,26.7881282],[82.1887523,26.7881363],[82.1887658,26.7881484],[82.1889816,26.7885653]]}},{"type":"Feature","properties":{"id":"way/954617930","kind":"road","class":"residential","name":""},"geometry":{"type":"LineString","coordinates":[[82.19395,26.7909167],[82.1936118,26.7909664],[82.1934251,26.7910043],[82.1933257,26.7910357],[82.1932868,26.7910518],[82.1932602,26.7910627],[82.1932166,26.7910887],[82.1931269,26.7911277],[82.1929911,26.7911796],[82.1926541,26.7913116],[82.1926141,26.7913192],[82.1925669,26.7913203],[82.1925208,26.7913073],[82.192482,26.7912867],[82.1924468,26.7912759],[82.1924105,26.7912748],[82.1923765,26.7912791],[82.192099,26.7913538],[82.1920541,26.7913614],[82.1920112,26.7913619],[82.1919696,26.7913624]]}},{"type":"Feature","properties":{"id":"way/954617931","kind":"road","class":"residential","name":""},"geometry":{"type":"LineString","coordinates":[[82.1931548,26.790604],[82.193134,26.79065],[82.1931283,26.7906872],[82.1931385,26.7907334],[82.1931779,26.7908008],[82.1932331,26.7909214],[82.1932579,26.7909898],[82.1932868,26.7910518]]}},{"type":"Feature","properties":{"id":"way/954619695","kind":"road","class":"residential","name":""},"geometry":{"type":"LineString","coordinates":[[82.189308,26.7909685],[82.1896,26.7908486],[82.1897848,26.7907727]]}},{"type":"Feature","properties":{"id":"way/954619696","kind":"road","class":"residential","name":""},"geometry":{"type":"LineString","coordinates":[[82.1894928,26.7913763],[82.1897235,26.791271],[82.1898775,26.7912008]]}},{"type":"Feature","properties":{"id":"way/954619697","kind":"road","class":"residential","name":""},"geometry":{"type":"LineString","coordinates":[[82.1897235,26.791271],[82.1896,26.7908486]]}},{"type":"Feature","properties":{"id":"way/954620330","kind":"road","class":"residential","name":""},"geometry":{"type":"LineString","coordinates":[[82.1922839,26.7961593],[82.192402,26.7960537],[82.1924699,26.7960083],[82.1925599,26.7959652],[82.1926264,26.7959373],[82.1927396,26.7959094]]}},{"type":"Feature","properties":{"id":"way/954620331","kind":"road","class":"residential","name":""},"geometry":{"type":"LineString","coordinates":[[82.1920364,26.7954398],[82.192174,26.7958533],[82.1922484,26.7960702],[82.1922839,26.7961593]]}},{"type":"Feature","properties":{"id":"way/954620332","kind":"road","class":"residential","name":""},"geometry":{"type":"LineString","coordinates":[[82.1932355,26.7963494],[82.1933348,26.7966118],[82.1934747,26.7968651],[82.19357,26.7970298],[82.193643,26.7971094],[82.1936957,26.7971601],[82.1937134,26.7971816],[82.1937221,26.7972071],[82.1937606,26.7973374],[82.1938135,26.7975426]]}},{"type":"Feature","properties":{"id":"way/954620658","kind":"road","class":"unclassified","name":"Temple path","access":"no","oneway":"no"},"geometry":{"type":"LineString","coordinates":[[82.1965099,26.7926995],[82.1969512,26.7927018],[82.1969547,26.7931863],[82.1968866,26.7931874],[82.1956031,26.7932094],[82.1956062,26.7932975],[82.1956076,26.7933743],[82.1956148,26.7937777],[82.1956242,26.7943016]]}},{"type":"Feature","properties":{"id":"way/954808775","kind":"road","class":"residential","name":""},"geometry":{"type":"LineString","coordinates":[[82.159971,26.7829432],[82.159927,26.7831881],[82.1599076,26.7833588],[82.1598717,26.783536]]}},{"type":"Feature","properties":{"id":"way/954809081","kind":"road","class":"tertiary","name":"Darsan Nagar Road"},"geometry":{"type":"LineString","coordinates":[[82.2052329,26.7753525],[82.2050657,26.775679],[82.2049583,26.7759112],[82.2048359,26.7762142],[82.204497,26.7771724],[82.2044751,26.7772342],[82.2044365,26.7773588],[82.2043618,26.7775996],[82.2043256,26.7778076],[82.2042707,26.7786993],[82.2042454,26.7790807],[82.204208,26.7794331],[82.2041768,26.7795493],[82.2041552,26.7796296],[82.2040888,26.7798283],[82.2039969,26.7800198],[82.2036928,26.7805567],[82.2036326,26.7806863],[82.2036105,26.7807576],[82.2035842,26.7808422],[82.2035482,26.7809961],[82.203487,26.7813376],[82.2034548,26.7815176],[82.2033081,26.7823926],[82.203238,26.7826855],[82.2032085,26.7829367],[82.2032257,26.7836301],[82.2032679,26.7852971],[82.2032914,26.7862537],[82.2033095,26.7867527],[82.2033204,26.7870621],[82.2033257,26.7872118],[82.2034736,26.7883273],[82.203499,26.7883979],[82.2035206,26.7884577],[82.2035273,26.7884997],[82.2035321,26.7885298],[82.2035397,26.7885778],[82.2035432,26.7886003],[82.2035306,26.7888114],[82.2035468,26.789045],[82.2037391,26.7896149],[82.2037998,26.7898766],[82.2038777,26.7901229],[82.2040133,26.7905517],[82.2040378,26.7906291],[82.2040587,26.7907078],[82.2040768,26.7907758],[82.2041633,26.7911415],[82.2042731,26.7916057],[82.2042797,26.7916339],[82.2043263,26.7917678],[82.2045085,26.7921315],[82.2046588,26.7925256],[82.2048149,26.7930083],[82.2050259,26.7937937],[82.2050562,26.7938942],[82.2051334,26.7942166],[82.2052088,26.7945319],[82.2052103,26.7946488],[82.2052174,26.7952114],[82.2046304,26.7975428],[82.204513,26.7980089],[82.2045034,26.7980472],[82.2044125,26.7984079],[82.2043997,26.798592],[82.2044072,26.798803]]}},{"type":"Feature","properties":{"id":"way/954812268","kind":"road","class":"residential","name":""},"geometry":{"type":"LineString","coordinates":[[82.1600727,26.7869011],[82.1600656,26.7868486],[82.1599956,26.7863289],[82.1599762,26.7862366],[82.1599018,26.7858145],[82.1598673,26.7853987],[82.1597944,26.7850089],[82.1597968,26.7849418],[82.1598103,26.7848747],[82.1598451,26.7847674],[82.1598715,26.7846602],[82.1598794,26.7845454]]}},{"type":"Feature","properties":{"id":"way/954812269","kind":"road","class":"residential","name":""},"geometry":{"type":"LineString","coordinates":[[82.1693532,26.7843508],[82.1694329,26.7850421]]}},{"type":"Feature","properties":{"id":"way/954812270","kind":"road","class":"residential","name":""},"geometry":{"type":"LineString","coordinates":[[82.169615,26.7843257],[82.1697079,26.7849764]]}},{"type":"Feature","properties":{"id":"way/954831300","kind":"road","class":"residential","name":""},"geometry":{"type":"LineString","coordinates":[[82.1674895,26.7841298],[82.1674552,26.783614]]}},{"type":"Feature","properties":{"id":"way/954831301","kind":"road","class":"residential","name":""},"geometry":{"type":"LineString","coordinates":[[82.1682348,26.7833967],[82.1682228,26.7836759]]}},{"type":"Feature","properties":{"id":"way/954834394","kind":"road","class":"residential","name":""},"geometry":{"type":"LineString","coordinates":[[82.1535362,26.7820438],[82.1537594,26.7826646],[82.1538625,26.7829513],[82.1539739,26.7832896],[82.1540408,26.7834537],[82.1540817,26.7836199]]}},{"type":"Feature","properties":{"id":"way/954834395","kind":"road","class":"residential","name":""},"geometry":{"type":"LineString","coordinates":[[82.153748,26.781987],[82.1537954,26.7820834],[82.1538266,26.7821325],[82.1538816,26.7821947],[82.1539678,26.7822405],[82.154153,26.7822978],[82.1542044,26.7823273],[82.154241,26.7823649],[82.1542667,26.7823944],[82.1542979,26.7824157],[82.1543474,26.7824222],[82.1544299,26.7824271],[82.1544648,26.7824435],[82.1544978,26.7824877],[82.1545234,26.782563],[82.1545565,26.7827136],[82.1545583,26.7828872],[82.154562,26.7829444],[82.1545736,26.7830118],[82.1547032,26.7835253]]}},{"type":"Feature","properties":{"id":"way/954834396","kind":"road","class":"residential","name":""},"geometry":{"type":"LineString","coordinates":[[82.1567513,26.7831899],[82.156793,26.7834991],[82.1568093,26.7836494]]}},{"type":"Feature","properties":{"id":"way/954834397","kind":"road","class":"residential","name":""},"geometry":{"type":"LineString","coordinates":[[82.1577608,26.7838257],[82.1578184,26.7838121],[82.1578761,26.7838019],[82.1580912,26.7837427],[82.1581746,26.7837322],[82.158258,26.7837286],[82.1583054,26.7837321],[82.1583418,26.7837424],[82.1583955,26.7837647],[82.1584454,26.7837963],[82.1585298,26.783846],[82.1586094,26.7838871],[82.1586563,26.7839025],[82.1587148,26.7839136],[82.1587772,26.7839205],[82.1590869,26.7838965]]}},{"type":"Feature","properties":{"id":"way/954837726","kind":"road","class":"residential","name":""},"geometry":{"type":"LineString","coordinates":[[82.1553414,26.7834132],[82.1554397,26.7836568],[82.1555419,26.7839295],[82.1555765,26.7841033],[82.155591,26.784184],[82.1555972,26.7842598]]}},{"type":"Feature","properties":{"id":"way/954838330","kind":"road","class":"service","name":""},"geometry":{"type":"LineString","coordinates":[[82.151935,26.7897402],[82.1520127,26.7896231],[82.1521128,26.7895183],[82.1522526,26.789395],[82.1523561,26.7892921]]}},{"type":"Feature","properties":{"id":"way/954838331","kind":"road","class":"residential","name":""},"geometry":{"type":"LineString","coordinates":[[82.1555159,26.7876274],[82.1557316,26.7883105],[82.1557317,26.7883418],[82.1557245,26.7883668],[82.1557093,26.788386],[82.1556901,26.7883993],[82.154867,26.7885622],[82.1545122,26.7886325],[82.1545028,26.7886346],[82.1541189,26.7887196],[82.1540261,26.7887378],[82.1537961,26.7888053],[82.1529846,26.7889863],[82.1528381,26.7890251],[82.1523174,26.7892315]]}},{"type":"Feature","properties":{"id":"way/954842534","kind":"road","class":"residential","name":""},"geometry":{"type":"LineString","coordinates":[[82.1537961,26.7888053],[82.1541092,26.7894795],[82.1544651,26.7902933],[82.154673,26.7907662],[82.1550309,26.7918673]]}},{"type":"Feature","properties":{"id":"way/954842535","kind":"road","class":"residential","name":""},"geometry":{"type":"LineString","coordinates":[[82.1541189,26.7887196],[82.1544461,26.7894281],[82.1547508,26.7901146],[82.154983,26.7906585],[82.1552115,26.791272],[82.1554102,26.7917578]]}},{"type":"Feature","properties":{"id":"way/954842536","kind":"road","class":"residential","name":""},"geometry":{"type":"LineString","coordinates":[[82.1545028,26.7886346],[82.1546066,26.7888665],[82.1548254,26.7893691],[82.1550262,26.7898012],[82.1552007,26.7901897],[82.1553262,26.7904799],[82.1553489,26.7905716],[82.155472,26.790912],[82.1556394,26.7914125],[82.1556919,26.7915578]]}},{"type":"Feature","properties":{"id":"way/954842537","kind":"road","class":"residential","name":""},"geometry":{"type":"LineString","coordinates":[[82.154867,26.7885622],[82.1550577,26.7889872],[82.1552879,26.7894904],[82.1555031,26.7899533]]}},{"type":"Feature","properties":{"id":"way/954842538","kind":"road","class":"residential","name":""},"geometry":{"type":"LineString","coordinates":[[82.173389,26.7839584],[82.1730265,26.7840336],[82.1730132,26.7840425],[82.1730069,26.784055],[82.1730029,26.7840696],[82.1730024,26.7840838],[82.1730065,26.7840981],[82.1731142,26.7844293],[82.1731476,26.7845453],[82.173153,26.784576],[82.1731829,26.7846581]]}},{"type":"Feature","properties":{"id":"way/954846030","kind":"road","class":"residential","name":""},"geometry":{"type":"LineString","coordinates":[[82.1697671,26.7854247],[82.1699976,26.7860786],[82.1702959,26.7870798]]}},{"type":"Feature","properties":{"id":"way/954846033","kind":"road","class":"residential","name":""},"geometry":{"type":"LineString","coordinates":[[82.1644027,26.7828738],[82.1643347,26.7828949],[82.1643153,26.7829072],[82.1643056,26.7829295],[82.1643056,26.7829666],[82.1643056,26.7830049],[82.1642945,26.7830271],[82.1642765,26.7830444],[82.1642364,26.7830741],[82.1641866,26.7831062],[82.164037,26.7831853],[82.1640176,26.7832014],[82.1640066,26.7832187],[82.164001,26.7832447],[82.1640024,26.7833497],[82.1639927,26.7833806],[82.163965,26.7834177],[82.1639567,26.783456],[82.163947,26.783545],[82.163947,26.7837403]]}},{"type":"Feature","properties":{"id":"way/954846725","kind":"road","class":"residential","name":""},"geometry":{"type":"LineString","coordinates":[[82.1621021,26.7852878],[82.1630282,26.7851346]]}},{"type":"Feature","properties":{"id":"way/954846726","kind":"road","class":"residential","name":""},"geometry":{"type":"LineString","coordinates":[[82.1614511,26.7848624],[82.1614361,26.7850443],[82.1614361,26.7851724],[82.1614477,26.7852386],[82.1614755,26.7853626],[82.1615265,26.7855032],[82.1616585,26.7858939]]}},{"type":"Feature","properties":{"id":"way/954848419","kind":"road","class":"residential","name":""},"geometry":{"type":"LineString","coordinates":[[82.1605892,26.7846836],[82.1605891,26.7848025],[82.1605943,26.7848564],[82.1606185,26.7849073],[82.1607531,26.7850336],[82.1608722,26.7851338],[82.1608964,26.7851769],[82.1609205,26.785237],[82.1610379,26.7856461],[82.1610828,26.7857239],[82.1612941,26.7861112]]}},{"type":"Feature","properties":{"id":"way/954848420","kind":"road","class":"residential","name":""},"geometry":{"type":"LineString","coordinates":[[82.1579622,26.7854759],[82.1579471,26.7855874],[82.1579198,26.7857441],[82.1579037,26.7858689],[82.1579005,26.7859312],[82.1579069,26.7859993],[82.1580008,26.7862657],[82.1580248,26.7863263]]}},{"type":"Feature","properties":{"id":"way/954848421","kind":"road","class":"residential","name":""},"geometry":{"type":"LineString","coordinates":[[82.1552873,26.786957],[82.1553078,26.7868628],[82.1553228,26.7868128],[82.1553475,26.7867628],[82.1553702,26.7867376],[82.1554084,26.7867148],[82.1558008,26.7866013],[82.1558218,26.7865807],[82.1558365,26.7865546],[82.1558324,26.7864975],[82.1558179,26.7864422],[82.1557231,26.7861419],[82.1557202,26.7861123],[82.1557162,26.7860725],[82.1557493,26.7855464],[82.1557686,26.7855222],[82.1558073,26.785508],[82.1559592,26.7854998],[82.1562981,26.7854837],[82.156644,26.78545]]}},{"type":"Feature","properties":{"id":"way/954848422","kind":"road","class":"residential","name":""},"geometry":{"type":"LineString","coordinates":[[82.1551009,26.784817],[82.1550921,26.7851588],[82.1551017,26.7854068],[82.1551095,26.7854539],[82.1551292,26.7854988],[82.1552007,26.785588],[82.1552285,26.7856311],[82.1552512,26.7856815],[82.1553817,26.7860823],[82.155394,26.7860961],[82.1554091,26.7861083],[82.1554307,26.7861145],[82.1554523,26.7861174],[82.1557202,26.7861123]]}},{"type":"Feature","properties":{"id":"way/954849785","kind":"road","class":"residential","name":""},"geometry":{"type":"LineString","coordinates":[[82.155726,26.7842808],[82.1557251,26.784818],[82.1557219,26.7849339]]}},{"type":"Feature","properties":{"id":"way/954849786","kind":"road","class":"residential","name":""},"geometry":{"type":"LineString","coordinates":[[82.1533644,26.7850612],[82.1534642,26.7853078],[82.1535701,26.7856023],[82.1536761,26.7859324],[82.1537701,26.7861555]]}},{"type":"Feature","properties":{"id":"way/954849787","kind":"road","class":"residential","name":""},"geometry":{"type":"LineString","coordinates":[[82.1529114,26.7843411],[82.1529491,26.7844477],[82.1530409,26.7847078],[82.1531255,26.7849528],[82.1531607,26.7850982]]}},{"type":"Feature","properties":{"id":"way/954850499","kind":"road","class":"residential","name":""},"geometry":{"type":"LineString","coordinates":[[82.1524639,26.7845852],[82.1525634,26.7845419],[82.1526575,26.784511],[82.1527822,26.7844875],[82.1529491,26.7844477]]}},{"type":"Feature","properties":{"id":"way/954852116","kind":"road","class":"residential","name":""},"geometry":{"type":"LineString","coordinates":[[82.148,26.7914014],[82.1481217,26.7914422],[82.1482221,26.7914754],[82.148295,26.791513],[82.148355,26.7915579],[82.1484878,26.791675],[82.1485721,26.791782],[82.1486093,26.7918399],[82.1486919,26.7920871],[82.1487138,26.7921708],[82.148747,26.7922979],[82.1488102,26.7924524],[82.1489773,26.7927977],[82.1490285,26.7929186],[82.1490737,26.7930812],[82.149144,26.7932913],[82.1492234,26.7934504],[82.1493433,26.7936991],[82.1494984,26.7939771],[82.1495733,26.7941113],[82.1496546,26.7942519],[82.1497564,26.794428],[82.1500041,26.7948107],[82.1501106,26.794931],[82.1503064,26.7952331],[82.150409,26.7954044],[82.1505106,26.7955739],[82.1507018,26.7958515],[82.1509321,26.7961127]]}},{"type":"Feature","properties":{"id":"way/954854326","kind":"road","class":"residential","name":""},"geometry":{"type":"LineString","coordinates":[[82.1496546,26.7942519],[82.1500538,26.7940869],[82.1501685,26.7940395],[82.1505482,26.7938741],[82.1506506,26.7938295],[82.1509096,26.7937135],[82.1510314,26.793659],[82.1512895,26.7935499],[82.1516136,26.793413]]}},{"type":"Feature","properties":{"id":"way/954854327","kind":"road","class":"residential","name":""},"geometry":{"type":"LineString","coordinates":[[82.1514273,26.7931223],[82.1516136,26.793413],[82.1519276,26.7938148],[82.1522881,26.794282],[82.1528626,26.7949753],[82.1530061,26.7951569],[82.1530379,26.795197],[82.1530499,26.7952066],[82.1530636,26.795215],[82.1530775,26.7952196],[82.1530925,26.7952214],[82.1531126,26.7952148],[82.1533433,26.7950926],[82.1533641,26.7950857],[82.1533768,26.7950872],[82.1533875,26.795095],[82.1536071,26.7954395]]}},{"type":"Feature","properties":{"id":"way/954854328","kind":"road","class":"residential","name":""},"geometry":{"type":"LineString","coordinates":[[82.1531126,26.7952148],[82.1533241,26.7955912]]}},{"type":"Feature","properties":{"id":"way/954854329","kind":"road","class":"residential","name":""},"geometry":{"type":"LineString","coordinates":[[82.1530061,26.7951569],[82.1527709,26.7952738],[82.1526818,26.7953181],[82.152494,26.7954125],[82.1524054,26.795457],[82.1522418,26.7955391]]}},{"type":"Feature","properties":{"id":"way/954854330","kind":"road","class":"residential","name":""},"geometry":{"type":"LineString","coordinates":[[82.1524054,26.795457],[82.1526105,26.7958067]]}},{"type":"Feature","properties":{"id":"way/954854331","kind":"road","class":"residential","name":""},"geometry":{"type":"LineString","coordinates":[[82.1527709,26.7952738],[82.1530404,26.7957436]]}},{"type":"Feature","properties":{"id":"way/954855460","kind":"road","class":"residential","name":""},"geometry":{"type":"LineString","coordinates":[[82.1512895,26.7935499],[82.1517152,26.7942458],[82.1520716,26.7947832],[82.1524107,26.7952818],[82.152494,26.7954125]]}},{"type":"Feature","properties":{"id":"way/954855461","kind":"road","class":"residential","name":""},"geometry":{"type":"LineString","coordinates":[[82.1509096,26.7937135],[82.1513557,26.7944869],[82.1513719,26.794523]]}},{"type":"Feature","properties":{"id":"way/954855462","kind":"road","class":"residential","name":""},"geometry":{"type":"LineString","coordinates":[[82.1505482,26.7938741],[82.1510157,26.7947375]]}},{"type":"Feature","properties":{"id":"way/954856187","kind":"road","class":"residential","name":""},"geometry":{"type":"LineString","coordinates":[[82.1530708,26.8008329],[82.1530012,26.8007212],[82.1529515,26.8006304],[82.1527452,26.8002531],[82.1525602,26.7999149],[82.1524,26.7996302],[82.1523452,26.7995397],[82.1520712,26.7990874],[82.1518186,26.7987036],[82.1511292,26.7976279],[82.1508611,26.7972232],[82.1507031,26.7969733],[82.1506685,26.7969397],[82.1506308,26.7969235],[82.1505601,26.7969114],[82.1503494,26.7968792],[82.150238,26.796847],[82.1501853,26.7968174],[82.1500874,26.796722],[82.1498361,26.79646],[82.1496464,26.7962585],[82.1495967,26.7961913],[82.1495681,26.7961598],[82.1495567,26.7961452]]}},{"type":"Feature","properties":{"id":"way/954856188","kind":"road","class":"residential","name":""},"geometry":{"type":"LineString","coordinates":[[82.1527452,26.8002531],[82.1531015,26.8001022],[82.1534451,26.7999567],[82.1538547,26.7997832],[82.1540705,26.7996918]]}},{"type":"Feature","properties":{"id":"way/954856189","kind":"road","class":"residential","name":""},"geometry":{"type":"LineString","coordinates":[[82.1523744,26.7989023],[82.1526865,26.7994092],[82.1531015,26.8001022],[82.1534717,26.8007003]]}},{"type":"Feature","properties":{"id":"way/954856190","kind":"road","class":"residential","name":""},"geometry":{"type":"LineString","coordinates":[[82.1527258,26.7987635],[82.1530397,26.7992742],[82.1534451,26.7999567],[82.15387,26.8006761]]}},{"type":"Feature","properties":{"id":"way/954856191","kind":"road","class":"residential","name":""},"geometry":{"type":"LineString","coordinates":[[82.1538547,26.7997832],[82.1541545,26.8005963]]}},{"type":"Feature","properties":{"id":"way/954856192","kind":"road","class":"residential","name":""},"geometry":{"type":"LineString","coordinates":[[82.1523452,26.7995397],[82.1526865,26.7994092],[82.1530397,26.7992742],[82.1535374,26.7990839]]}},{"type":"Feature","properties":{"id":"way/954857687","kind":"road","class":"residential","name":""},"geometry":{"type":"LineString","coordinates":[[82.1539358,26.786078],[82.1539529,26.786251],[82.1540394,26.7869558]]}},{"type":"Feature","properties":{"id":"way/954981279","kind":"road","class":"residential","name":""},"geometry":{"type":"LineString","coordinates":[[82.1627083,26.7791697],[82.1621211,26.7793905],[82.1620476,26.779406],[82.1619621,26.7794093],[82.1618886,26.7794055],[82.1618538,26.7794052],[82.1618089,26.7794125],[82.161715,26.7794473],[82.1614739,26.7795279]]}},{"type":"Feature","properties":{"id":"way/954981280","kind":"road","class":"residential","name":"","bridge":"yes"},"geometry":{"type":"LineString","coordinates":[[82.1614739,26.7795279],[82.161391,26.7795635]]}},{"type":"Feature","properties":{"id":"way/954981289","kind":"rail","class":"rail","name":"Barabanki - Jaunpur railway"},"geometry":{"type":"LineString","coordinates":[[82.2059838,26.771],[82.2061092,26.77151],[82.2062446,26.7719739],[82.2066071,26.7730024],[82.2066283,26.7730674],[82.2070093,26.7743856],[82.2072052,26.7750157],[82.2075577,26.7761742],[82.2077577,26.7768991],[82.2077883,26.7770059],[82.2082821,26.7785709],[82.2089534,26.7807326],[82.2092963,26.7818219],[82.2094783,26.7824675],[82.2095985,26.7830673],[82.209642,26.7835841],[82.2096254,26.7839302],[82.209593,26.7843822],[82.2094902,26.7849311],[82.2093472,26.7854345],[82.2091137,26.7859341],[82.2087367,26.7865503],[82.2084304,26.7869323],[82.2082296,26.7871242],[82.2080857,26.7872617],[82.2078523,26.7874689],[82.207711,26.7875756],[82.2076232,26.7876419],[82.2072607,26.7878663],[82.2068826,26.7880547],[82.2064717,26.7882139],[82.2059983,26.7883494],[82.205735,26.7884041],[82.2054496,26.7884485],[82.2050531,26.7884808],[82.2047183,26.7884954]]}},{"type":"Feature","properties":{"id":"way/955171500","kind":"road","class":"unclassified","name":""},"geometry":{"type":"LineString","coordinates":[[82.2452039,26.771],[82.2454393,26.7711938],[82.2456365,26.7714689],[82.2457628,26.7717302],[82.2458429,26.7720218],[82.245886,26.7721291],[82.2459661,26.7722391],[82.2462927,26.7725224],[82.2469243,26.7730396],[82.2474943,26.7735127],[82.247633,26.773664],[82.2477069,26.7738015],[82.2477254,26.7739913],[82.2477624,26.7741261],[82.2478363,26.7742334],[82.2480859,26.7745277],[82.2485283,26.7749465]]}},{"type":"Feature","properties":{"id":"way/955203366","kind":"road","class":"service","name":""},"geometry":{"type":"LineString","coordinates":[[82.1869429,26.771],[82.1875465,26.7718375]]}},{"type":"Feature","properties":{"id":"way/955203367","kind":"road","class":"service","name":"","access":"private","oneway":"yes"},"geometry":{"type":"LineString","coordinates":[[82.1878431,26.7717505],[82.1879034,26.7717365],[82.1880098,26.7717116],[82.1886925,26.7715521],[82.1888006,26.7715232],[82.1888171,26.7714904],[82.1887862,26.7713914],[82.1887418,26.7713057],[82.1886918,26.7712976],[82.1883066,26.7713635],[82.1879397,26.7714444],[82.1878542,26.7714633],[82.1878078,26.7714735]]}},{"type":"Feature","properties":{"id":"way/955204860","kind":"road","class":"residential","name":""},"geometry":{"type":"LineString","coordinates":[[82.1879807,26.7725346],[82.1892449,26.7721963],[82.1896858,26.7720698]]}},{"type":"Feature","properties":{"id":"way/955204861","kind":"road","class":"residential","name":""},"geometry":{"type":"LineString","coordinates":[[82.190133,26.771868],[82.1902985,26.7721424],[82.1903298,26.7721771],[82.1903694,26.7722211],[82.1904318,26.7722844],[82.1910229,26.7727516]]}},{"type":"Feature","properties":{"id":"way/955204862","kind":"road","class":"residential","name":""},"geometry":{"type":"LineString","coordinates":[[82.188217,26.7732967],[82.1889878,26.7730504],[82.1890729,26.7730276],[82.1891353,26.7730225],[82.1892402,26.7730402],[82.1893423,26.7730402],[82.1895011,26.7730175],[82.1895225,26.7730081],[82.189539,26.7729912],[82.1895397,26.7729646],[82.1893693,26.7724995],[82.1892449,26.7721963]]}},{"type":"Feature","properties":{"id":"way/955204863","kind":"road","class":"residential","name":""},"geometry":{"type":"LineString","coordinates":[[82.1893693,26.7724995],[82.1898323,26.7723377],[82.1899915,26.7722746],[82.1902985,26.7721424]]}},{"type":"Feature","properties":{"id":"way/955204864","kind":"road","class":"residential","name":""},"geometry":{"type":"LineString","coordinates":[[82.1898323,26.7723377],[82.1896858,26.7720698],[82.1896541,26.771944],[82.1896562,26.771919],[82.1896691,26.7719017],[82.1897787,26.7718442],[82.1897959,26.7718231],[82.1897959,26.7717981],[82.189624,26.7712589]]}},{"type":"Feature","properties":{"id":"way/955204865","kind":"road","class":"residential","name":""},"geometry":{"type":"LineString","coordinates":[[82.1910377,26.7717336],[82.190781,26.7712729],[82.1907785,26.7712398],[82.1907884,26.7712046],[82.1908279,26.771134],[82.1909643,26.771]]}},{"type":"Feature","properties":{"id":"way/955205643","kind":"road","class":"residential","name":""},"geometry":{"type":"LineString","coordinates":[[82.1913169,26.771],[82.1918062,26.7717884]]}},{"type":"Feature","properties":{"id":"way/955227016","kind":"road","class":"residential","name":""},"geometry":{"type":"LineString","coordinates":[[82.180465,26.7723228],[82.1807291,26.7725982],[82.1807807,26.7726405],[82.180828,26.7726692],[82.1809075,26.7726942],[82.1812364,26.7727517],[82.1813933,26.7727556],[82.1815889,26.7727402],[82.1816533,26.7727268],[82.1816985,26.7726999],[82.1817307,26.7726673],[82.1817544,26.7726309],[82.1817802,26.7725387],[82.1817974,26.772226],[82.1818124,26.7721876],[82.1818382,26.7721607],[82.1822831,26.7719266],[82.1825711,26.7717597],[82.1828888,26.7715374]]}},{"type":"Feature","properties":{"id":"way/955227017","kind":"road","class":"residential","name":""},"geometry":{"type":"LineString","coordinates":[[82.1834199,26.7751277],[82.183701,26.7749928],[82.1837219,26.7749874],[82.183757,26.7749961],[82.1837757,26.7750007],[82.1837946,26.7749985],[82.1838416,26.7749783],[82.1838909,26.7749479],[82.183937,26.7749133],[82.1839923,26.7748461],[82.1840448,26.7748008],[82.1843449,26.7746085],[82.1845012,26.7745062]]}},{"type":"Feature","properties":{"id":"way/955227018","kind":"road","class":"residential","name":""},"geometry":{"type":"LineString","coordinates":[[82.1849322,26.7751838],[82.1846778,26.7752719]]}},{"type":"Feature","properties":{"id":"way/955227019","kind":"road","class":"residential","name":""},"geometry":{"type":"LineString","coordinates":[[82.1849322,26.7751838],[82.1850523,26.7753598],[82.1850888,26.7754021],[82.1851318,26.7754347],[82.1852306,26.7754807],[82.1853425,26.7755045],[82.1856304,26.7755402],[82.1856992,26.7755383],[82.1857852,26.7755114],[82.1858857,26.7754516],[82.1860071,26.7753856],[82.1861699,26.7753215],[82.1865052,26.7752255],[82.1866514,26.775168],[82.1868933,26.7750661],[82.187006,26.7749914],[82.187135,26.7748993],[82.1874345,26.7747503],[82.1877748,26.7745832],[82.1878265,26.7745654],[82.187876,26.7745577],[82.1879233,26.7745673],[82.1880694,26.7746206],[82.1881751,26.7746615],[82.1882221,26.7746774],[82.1882739,26.7746973],[82.1883056,26.7747195],[82.1883222,26.7747496],[82.1883148,26.7747724]]}},{"type":"Feature","properties":{"id":"way/955227020","kind":"road","class":"residential","name":""},"geometry":{"type":"LineString","coordinates":[[82.1855706,26.771],[82.1855865,26.7711045],[82.1856037,26.7711755],[82.1856372,26.7712681],[82.185839,26.7717482],[82.1860319,26.7722977],[82.1860986,26.7724644],[82.1861536,26.7726019],[82.1862175,26.7727616],[82.1863672,26.7730772],[82.1863758,26.7731127],[82.1863737,26.7731328],[82.1863651,26.773151],[82.18635,26.7731654],[82.1862802,26.7732],[82.1862651,26.7732153],[82.1862598,26.7732278],[82.1862598,26.7732441],[82.1862855,26.7733285],[82.1863039,26.7733642],[82.186328,26.7733844],[82.1863471,26.7733939],[82.1863684,26.7733958],[82.1864041,26.7733898],[82.1866111,26.7733163],[82.1866926,26.7732682],[82.1867345,26.7732307],[82.186779,26.7732131],[82.1868407,26.7732021],[82.1870604,26.7732175],[82.1871543,26.7732109],[82.1872777,26.7731889],[82.1874673,26.7731556],[82.1876345,26.7731157],[82.1880436,26.7729891]]}},{"type":"Feature","properties":{"id":"way/955227022","kind":"road","class":"residential","name":""},"geometry":{"type":"LineString","coordinates":[[82.1856927,26.772617],[82.1860986,26.7724644]]}},{"type":"Feature","properties":{"id":"way/955227023","kind":"road","class":"residential","name":""},"geometry":{"type":"LineString","coordinates":[[82.1861536,26.7726019],[82.1867945,26.7723749]]}},{"type":"Feature","properties":{"id":"way/955227024","kind":"road","class":"residential","name":""},"geometry":{"type":"LineString","coordinates":[[82.1868668,26.7724695],[82.1878104,26.7721837]]}},{"type":"Feature","properties":{"id":"way/955227025","kind":"road","class":"residential","name":""},"geometry":{"type":"LineString","coordinates":[[82.1897697,26.7732192],[82.1897697,26.7734422],[82.1897745,26.7734894],[82.1897865,26.7735451],[82.1898609,26.7737188],[82.1898903,26.7737673],[82.1900074,26.7738791]]}},{"type":"Feature","properties":{"id":"way/955233179","kind":"road","class":"residential","name":""},"geometry":{"type":"LineString","coordinates":[[82.1928965,26.7713119],[82.1922007,26.7715441],[82.1920359,26.771611],[82.1919266,26.7716847],[82.1918062,26.7717884],[82.1917325,26.7718844],[82.1911772,26.772563],[82.1910229,26.7727516],[82.1907573,26.773079],[82.1904794,26.7734217],[82.1903958,26.7735156],[82.1900074,26.7738791],[82.1891938,26.7748552],[82.189098,26.7749427],[82.1888299,26.7751831]]}},{"type":"Feature","properties":{"id":"way/955233180","kind":"road","class":"residential","name":"","bridge":"yes"},"geometry":{"type":"LineString","coordinates":[[82.1930013,26.7712769],[82.1928965,26.7713119]]}},{"type":"Feature","properties":{"id":"way/955233181","kind":"road","class":"residential","name":""},"geometry":{"type":"LineString","coordinates":[[82.1917325,26.7718844],[82.1918059,26.7719758],[82.191855,26.7720587],[82.1921754,26.7726812],[82.1922095,26.7727378],[82.1922396,26.7727675],[82.1922665,26.7727816],[82.1923236,26.7727844],[82.1924614,26.7727717],[82.1924931,26.7727788],[82.1925343,26.7727943],[82.1925534,26.7728127],[82.1925819,26.7728594],[82.1926865,26.7731028],[82.1927217,26.7732373],[82.1927321,26.7733381],[82.1927384,26.773635],[82.1927045,26.7739027],[82.1926694,26.7741801],[82.192638,26.7745367],[82.1926108,26.7747775],[82.1925663,26.7749837],[82.1925602,26.775025],[82.1925637,26.7750745],[82.1925849,26.7751226],[82.1926213,26.7751733],[82.1926903,26.7752666],[82.1927217,26.7753301],[82.1927342,26.7753712],[82.1927259,26.7754104],[82.1926945,26.775444],[82.1926401,26.7755056],[82.1926192,26.7755485],[82.192615,26.7755971],[82.1926297,26.7756438],[82.1926778,26.7757128],[82.1928343,26.775878],[82.1930035,26.7760756]]}},{"type":"Feature","properties":{"id":"way/955236463","kind":"road","class":"residential","name":""},"geometry":{"type":"LineString","coordinates":[[82.1931856,26.776025],[82.1932467,26.7760687],[82.1932844,26.7760818],[82.1933366,26.7760837],[82.1935478,26.7760631],[82.1936022,26.7760668],[82.1936566,26.7760837],[82.1937089,26.7761173],[82.194102,26.7764701],[82.1943843,26.7767445],[82.194447,26.7767893],[82.194631,26.7768827],[82.1947565,26.7769685],[82.194859,26.7770544],[82.1948924,26.7770955],[82.1949112,26.777144],[82.1949623,26.7775788],[82.19499,26.7778126],[82.195077,26.7781582],[82.1950869,26.7782548],[82.1950764,26.7788895],[82.1950681,26.779065],[82.1950597,26.7791341],[82.1950325,26.779205],[82.1948882,26.7794216],[82.194859,26.7794869],[82.1948443,26.779556],[82.1948422,26.7796194],[82.1949112,26.7800731],[82.1950158,26.7805734],[82.1950241,26.7807152],[82.1950221,26.7813406],[82.1950346,26.7816804],[82.1950137,26.7817998],[82.194951,26.7819865],[82.1949405,26.7820425],[82.1949405,26.7821079],[82.1949677,26.782246],[82.1950848,26.7826156],[82.1951099,26.7827239],[82.1951133,26.7828269]]}},{"type":"Feature","properties":{"id":"way/955236464","kind":"road","class":"residential","name":""},"geometry":{"type":"LineString","coordinates":[[82.1955076,26.7829086],[82.1955864,26.7828244],[82.1956513,26.7827815],[82.1957089,26.7827579],[82.195733,26.7827429],[82.1957465,26.78272],[82.1957478,26.7826921],[82.1956561,26.7820738]]}},{"type":"Feature","properties":{"id":"way/955236465","kind":"road","class":"residential","name":""},"geometry":{"type":"LineString","coordinates":[[82.1948924,26.7770955],[82.1949188,26.7769447]]}},{"type":"Feature","properties":{"id":"way/955236466","kind":"road","class":"residential","name":""},"geometry":{"type":"LineString","coordinates":[[82.1955037,26.7756695],[82.1955996,26.7757492],[82.1956456,26.7757697],[82.195746,26.7758033],[82.1957962,26.7758313],[82.1958338,26.7758612],[82.1958966,26.7759844],[82.1959237,26.7760087],[82.195953,26.7760199],[82.1960241,26.7760143],[82.1964528,26.7759471],[82.1965469,26.7759377],[82.196599,26.7759419],[82.1969547,26.7760199],[82.1970399,26.7760369],[82.1971063,26.77604],[82.1972229,26.776039],[82.1973348,26.7760244],[82.1975365,26.7759974],[82.1975609,26.7759901],[82.1975726,26.7759786],[82.1975808,26.7759661],[82.1975822,26.7759448],[82.197343,26.775309],[82.197335,26.775242],[82.1973403,26.7751679],[82.1973912,26.7749264],[82.1974256,26.7747542]]}},{"type":"Feature","properties":{"id":"way/955236467","kind":"road","class":"residential","name":""},"geometry":{"type":"LineString","coordinates":[[82.1951022,26.7760727],[82.1952284,26.7761566],[82.1952666,26.7761696],[82.1953139,26.7761696],[82.1957035,26.7760867],[82.1957417,26.7760884],[82.1957727,26.7760981],[82.1957981,26.7761176],[82.1958145,26.7761501],[82.195911,26.7764297],[82.195922,26.7764496],[82.1959372,26.7764607],[82.1959579,26.7764644],[82.196249,26.7764016]]}},{"type":"Feature","properties":{"id":"way/955236468","kind":"road","class":"service","name":""},"geometry":{"type":"LineString","coordinates":[[82.195077,26.7781582],[82.1958228,26.777918]]}},{"type":"Feature","properties":{"id":"way/955236469","kind":"road","class":"residential","name":"","bridge":"yes"},"geometry":{"type":"LineString","coordinates":[[82.1949188,26.7769447],[82.1949376,26.7768812]]}},{"type":"Feature","properties":{"id":"way/955236470","kind":"road","class":"residential","name":""},"geometry":{"type":"LineString","coordinates":[[82.1949376,26.7768812],[82.194946,26.7768345],[82.1949439,26.7767897],[82.194854,26.7764388],[82.194854,26.7763492],[82.1948617,26.7762687],[82.1948743,26.7762277],[82.1948973,26.7761885],[82.1951022,26.7760727],[82.1953489,26.7758991],[82.1953908,26.7758431],[82.1954472,26.775746],[82.1955037,26.7756695],[82.1955727,26.775578],[82.195602,26.7755481],[82.1957003,26.7754809],[82.1958111,26.7754007],[82.1958487,26.7753521],[82.1959413,26.7751153],[82.1959428,26.7750675],[82.1959311,26.7750286],[82.1956859,26.7745473],[82.1956124,26.7744031]]}},{"type":"Feature","properties":{"id":"way/955236471","kind":"road","class":"residential","name":""},"geometry":{"type":"LineString","coordinates":[[82.1950952,26.7755928],[82.1949736,26.7751631],[82.1948986,26.7749524],[82.1948671,26.7748642]]}},{"type":"Feature","properties":{"id":"way/955236472","kind":"road","class":"residential","name":""},"geometry":{"type":"LineString","coordinates":[[82.1948986,26.7749524],[82.1950925,26.7749641],[82.1951489,26.7749593],[82.1951871,26.7749495],[82.1952927,26.7749024],[82.1953237,26.7749024],[82.1953401,26.7749105],[82.1953546,26.7749398],[82.1953877,26.7750194],[82.195486,26.7752901],[82.1955069,26.7753387],[82.195535,26.7753743],[82.1957003,26.7754809]]}},{"type":"Feature","properties":{"id":"way/955236473","kind":"road","class":"residential","name":"","surface":"unpaved"},"geometry":{"type":"LineString","coordinates":[[82.1944425,26.7724996],[82.1945819,26.7728985],[82.1946295,26.7730202],[82.194764,26.7732434],[82.1949737,26.773539],[82.1953875,26.7741105],[82.1956124,26.7744031]]}},{"type":"Feature","properties":{"id":"way/955236474","kind":"road","class":"residential","name":""},"geometry":{"type":"LineString","coordinates":[[82.1932656,26.7731622],[82.1937706,26.7731055],[82.193823,26.773108],[82.1938671,26.7731228],[82.193903,26.7731573],[82.1940437,26.7734036],[82.194462,26.7740574],[82.1946026,26.774281],[82.1946649,26.7744319],[82.1948671,26.7748642]]}},{"type":"Feature","properties":{"id":"way/955236475","kind":"road","class":"residential","name":""},"geometry":{"type":"LineString","coordinates":[[82.1927045,26.7739027],[82.192985,26.7739081],[82.1930287,26.7739114],[82.1930669,26.7739228],[82.1931598,26.7739959],[82.1932544,26.7740804],[82.1933454,26.7742186]]}},{"type":"Feature","properties":{"id":"way/955236476","kind":"road","class":"residential","name":""},"geometry":{"type":"LineString","coordinates":[[82.1933903,26.7742717],[82.193471,26.7743681],[82.193573,26.7745501],[82.1937368,26.7749353],[82.1940095,26.7755524]]}},{"type":"Feature","properties":{"id":"way/955236477","kind":"road","class":"residential","name":"","bridge":"yes"},"geometry":{"type":"LineString","coordinates":[[82.1933454,26.7742186],[82.1933903,26.7742717]]}},{"type":"Feature","properties":{"id":"way/955239301","kind":"road","class":"residential","name":"","surface":"unpaved"},"geometry":{"type":"LineString","coordinates":[[82.1955601,26.7734383],[82.1961177,26.7732162],[82.1961578,26.7732127],[82.1961959,26.773218],[82.196226,26.7732431],[82.1966291,26.7739336]]}},{"type":"Feature","properties":{"id":"way/955239302","kind":"road","class":"residential","name":""},"geometry":{"type":"LineString","coordinates":[[82.1900074,26.7738791],[82.1901505,26.7740918],[82.1901804,26.7741186],[82.1902104,26.7741309],[82.1902346,26.7741313],[82.1903348,26.774133],[82.1906666,26.7740857],[82.1907518,26.7740774],[82.1907933,26.7740857],[82.1908371,26.7741073],[82.1908901,26.7741597],[82.1909339,26.7741782],[82.1911827,26.7742153],[82.1912956,26.774207],[82.1913878,26.7741865],[82.1916504,26.7741145],[82.1919761,26.7740694],[82.1923163,26.773991],[82.19242,26.7739972],[82.1924937,26.7739869],[82.1925997,26.7739499],[82.1927045,26.7739027]]}},{"type":"Feature","properties":{"id":"way/955239303","kind":"road","class":"residential","name":""},"geometry":{"type":"LineString","coordinates":[[82.192638,26.7745367],[82.1928448,26.7745092],[82.192864,26.7745014],[82.1928745,26.7744873],[82.1928954,26.7743096]]}},{"type":"Feature","properties":{"id":"way/955239304","kind":"road","class":"residential","name":""},"geometry":{"type":"LineString","coordinates":[[82.1907933,26.7740857],[82.1908188,26.7738996],[82.1908293,26.7738778],[82.190845,26.7738669],[82.1910266,26.7738201],[82.1910406,26.7738061],[82.1910423,26.7737874],[82.1910266,26.7737546],[82.1908162,26.7733612],[82.1908091,26.7733367],[82.1908094,26.7733155],[82.1908453,26.7732576],[82.1908488,26.7732364],[82.1908465,26.773214],[82.1907573,26.773079]]}},{"type":"Feature","properties":{"id":"way/955270671","kind":"road","class":"primary","name":"","oneway":"yes"},"geometry":{"type":"LineString","coordinates":[[82.1767886,26.7740636],[82.1768819,26.7741999],[82.1769943,26.7743953],[82.1771241,26.7746261],[82.1774374,26.7751832],[82.1776137,26.7754872],[82.1778836,26.775962],[82.1781158,26.7764144],[82.1784337,26.7769629],[82.1788057,26.7775373],[82.1791897,26.7781426],[82.1794886,26.778615]]}},{"type":"Feature","properties":{"id":"way/955270672","kind":"road","class":"primary","name":"","oneway":"yes"},"geometry":{"type":"LineString","coordinates":[[82.1756181,26.7720343],[82.1756985,26.7720023],[82.1769376,26.7714934],[82.1773754,26.7713017],[82.1777841,26.7711227],[82.1780795,26.771]]}},{"type":"Feature","properties":{"id":"way/955270673","kind":"road","class":"residential","name":""},"geometry":{"type":"LineString","coordinates":[[82.1777841,26.7711227],[82.1783306,26.7720909]]}},{"type":"Feature","properties":{"id":"way/955270674","kind":"road","class":"residential","name":""},"geometry":{"type":"LineString","coordinates":[[82.1789181,26.771],[82.1793076,26.7716692],[82.1796557,26.772341],[82.1797745,26.7725703],[82.1797992,26.7726153],[82.1803001,26.7735058]]}},{"type":"Feature","properties":{"id":"way/955270675","kind":"road","class":"residential","name":""},"geometry":{"type":"LineString","coordinates":[[82.1808227,26.7721798],[82.1807346,26.772215],[82.180465,26.7723228],[82.1803794,26.7723583]]}},{"type":"Feature","properties":{"id":"way/955270676","kind":"road","class":"residential","name":"","oneway":"yes"},"geometry":{"type":"LineString","coordinates":[[82.1803794,26.7723583],[82.1802976,26.7723552],[82.1797745,26.7725703],[82.1791847,26.7728156],[82.1791243,26.7728407],[82.1785443,26.7730893],[82.1784541,26.7731227]]}},{"type":"Feature","properties":{"id":"way/955270677","kind":"road","class":"residential","name":"","oneway":"yes"},"geometry":{"type":"LineString","coordinates":[[82.1767818,26.7739074],[82.1772851,26.7736807],[82.1776863,26.7735072],[82.1781737,26.7732851],[82.1784794,26.7731618],[82.1785733,26.7731239]]}},{"type":"Feature","properties":{"id":"way/955270678","kind":"road","class":"residential","name":"","oneway":"yes"},"geometry":{"type":"LineString","coordinates":[[82.1784541,26.7731227],[82.1772602,26.7736369],[82.1767504,26.7738498]]}},{"type":"Feature","properties":{"id":"way/955270680","kind":"road","class":"residential","name":"","oneway":"yes"},"geometry":{"type":"LineString","coordinates":[[82.1785733,26.7731239],[82.1788628,26.7730027],[82.1792034,26.7728581],[82.1797992,26.7726153],[82.1801274,26.7724858],[82.18033,26.7724059],[82.1803794,26.7723583]]}},{"type":"Feature","properties":{"id":"way/955270682","kind":"road","class":"service","name":"","oneway":"yes"},"geometry":{"type":"LineString","coordinates":[[82.1771827,26.7745995],[82.1773634,26.7745157],[82.1774323,26.7744434],[82.1774486,26.7743825],[82.177431,26.7743361],[82.1773659,26.7742997],[82.177317,26.7742789],[82.1772644,26.7742841],[82.1770539,26.7743675]]}},{"type":"Feature","properties":{"id":"way/955270683","kind":"road","class":"residential","name":""},"geometry":{"type":"LineString","coordinates":[[82.1788628,26.7730027],[82.179263,26.7739184]]}},{"type":"Feature","properties":{"id":"way/955270684","kind":"road","class":"residential","name":""},"geometry":{"type":"LineString","coordinates":[[82.1791847,26.7728156],[82.1792034,26.7728581],[82.1797498,26.774054],[82.1799838,26.774651]]}},{"type":"Feature","properties":{"id":"way/955270685","kind":"road","class":"residential","name":""},"geometry":{"type":"LineString","coordinates":[[82.1801274,26.7724858],[82.1806674,26.773452],[82.1806877,26.7734797],[82.18072,26.7734961],[82.1807545,26.7734961],[82.1810647,26.7733736],[82.181296,26.7732822]]}},{"type":"Feature","properties":{"id":"way/955270686","kind":"road","class":"residential","name":""},"geometry":{"type":"LineString","coordinates":[[82.1810647,26.7733736],[82.1812088,26.7736744],[82.1812319,26.773697],[82.1812641,26.7737155],[82.1812918,26.7737423],[82.1813655,26.7738616],[82.1816841,26.7745628]]}},{"type":"Feature","properties":{"id":"way/955270687","kind":"road","class":"residential","name":""},"geometry":{"type":"LineString","coordinates":[[82.1823946,26.7745181],[82.1820054,26.7737867],[82.1819535,26.7737083],[82.1819032,26.7736516],[82.1818767,26.7736138],[82.1817444,26.7732428],[82.1817439,26.7732062],[82.1817619,26.7731794],[82.18179,26.7731489],[82.1818041,26.7731185],[82.1817981,26.7730791],[82.1816533,26.7727268]]}},{"type":"Feature","properties":{"id":"way/955270688","kind":"road","class":"residential","name":""},"geometry":{"type":"LineString","coordinates":[[82.1846778,26.7752719],[82.1847548,26.7754488],[82.1848617,26.775702],[82.1850449,26.7761538],[82.1851207,26.7763614],[82.1851881,26.7765459],[82.1852023,26.7766253],[82.1852194,26.7767812],[82.1852412,26.7768714],[82.185273,26.7769418],[82.1853601,26.7770946]]}},{"type":"Feature","properties":{"id":"way/955270689","kind":"road","class":"residential","name":""},"geometry":{"type":"LineString","coordinates":[[82.1846778,26.7752719],[82.1845165,26.7749352],[82.1843449,26.7746085]]}},{"type":"Feature","properties":{"id":"way/955276753","kind":"road","class":"residential","name":""},"geometry":{"type":"LineString","coordinates":[[82.1855451,26.7759875],[82.1853425,26.7755045]]}},{"type":"Feature","properties":{"id":"way/955276754","kind":"road","class":"residential","name":""},"geometry":{"type":"LineString","coordinates":[[82.1852938,26.7744569],[82.1858857,26.7754516]]}},{"type":"Feature","properties":{"id":"way/955276755","kind":"road","class":"residential","name":""},"geometry":{"type":"LineString","coordinates":[[82.1859908,26.7739376],[82.1864894,26.7746324],[82.1866931,26.7748651],[82.1868933,26.7750661]]}},{"type":"Feature","properties":{"id":"way/955276756","kind":"road","class":"residential","name":""},"geometry":{"type":"LineString","coordinates":[[82.1873203,26.7765376],[82.1874319,26.7764144],[82.1878089,26.7759964],[82.1878311,26.7759606],[82.187838,26.7759256],[82.187838,26.7758845],[82.1878173,26.7758413],[82.1877942,26.7757714],[82.1877896,26.7757385],[82.1877965,26.7757035],[82.1878403,26.7756377],[82.1881884,26.7753292],[82.1885477,26.7749659]]}},{"type":"Feature","properties":{"id":"way/955276757","kind":"road","class":"residential","name":""},"geometry":{"type":"LineString","coordinates":[[82.1878403,26.7756377],[82.1876882,26.7754772],[82.1876813,26.7754525],[82.1876836,26.7754237],[82.1876998,26.775399],[82.1883148,26.7747724]]}},{"type":"Feature","properties":{"id":"way/955276758","kind":"road","class":"residential","name":""},"geometry":{"type":"LineString","coordinates":[[82.1881884,26.7753292],[82.1885706,26.7764688]]}},{"type":"Feature","properties":{"id":"way/955276759","kind":"road","class":"residential","name":""},"geometry":{"type":"LineString","coordinates":[[82.1891938,26.7748552],[82.1897415,26.7747097],[82.1900571,26.7746295]]}},{"type":"Feature","properties":{"id":"way/955276760","kind":"road","class":"residential","name":""},"geometry":{"type":"LineString","coordinates":[[82.1902346,26.7741313],[82.1902791,26.7745393],[82.1902968,26.7747015]]}},{"type":"Feature","properties":{"id":"way/955276761","kind":"road","class":"residential","name":""},"geometry":{"type":"LineString","coordinates":[[82.1902791,26.7745393],[82.1907235,26.7743796],[82.19074,26.7743707],[82.1907435,26.7743582],[82.1907435,26.7743068],[82.1907435,26.7742896],[82.190754,26.7742756],[82.1908867,26.7742226],[82.1909076,26.774207],[82.1909339,26.7741782]]}},{"type":"Feature","properties":{"id":"way/955276762","kind":"road","class":"residential","name":""},"geometry":{"type":"LineString","coordinates":[[82.1920947,26.7744049],[82.1919761,26.7740694]]}},{"type":"Feature","properties":{"id":"way/955276763","kind":"road","class":"residential","name":""},"geometry":{"type":"LineString","coordinates":[[82.1905553,26.773909],[82.19053,26.7737609],[82.1905162,26.7737074],[82.1904954,26.773658],[82.1903958,26.7735156]]}},{"type":"Feature","properties":{"id":"way/955276764","kind":"road","class":"residential","name":""},"geometry":{"type":"LineString","coordinates":[[82.1919213,26.7761646],[82.1919849,26.7759008],[82.1920048,26.7757394],[82.1920101,26.7756672],[82.1920184,26.7754557],[82.1920245,26.7753091],[82.1920397,26.7752684],[82.1920701,26.7752412],[82.1922282,26.7751598],[82.1924531,26.7750377],[82.1925602,26.775025]]}},{"type":"Feature","properties":{"id":"way/955276765","kind":"road","class":"residential","name":""},"geometry":{"type":"LineString","coordinates":[[82.1909361,26.7756804],[82.1920048,26.7757394]]}},{"type":"Feature","properties":{"id":"way/955280657","kind":"road","class":"residential","name":""},"geometry":{"type":"LineString","coordinates":[[82.189367,26.7768945],[82.1898362,26.7768126],[82.1898847,26.7768086],[82.1899228,26.7768122],[82.1899609,26.7768409],[82.1900371,26.7769053],[82.1900712,26.7769197],[82.1901134,26.7769214],[82.1902518,26.7768874],[82.1904904,26.776814],[82.1905927,26.7767549],[82.190693,26.7766976],[82.1907873,26.7766618],[82.1908836,26.7766439],[82.191038,26.7766385],[82.1911002,26.7766242],[82.1913148,26.7765078],[82.1918527,26.7762903],[82.1918864,26.7762647],[82.1919009,26.7762352],[82.1919213,26.7761646]]}},{"type":"Feature","properties":{"id":"way/955280658","kind":"road","class":"residential","name":""},"geometry":{"type":"LineString","coordinates":[[82.1788057,26.7775373],[82.1788602,26.7775115],[82.1792995,26.7773171],[82.1793235,26.7773018],[82.1793235,26.7772792],[82.1793235,26.7772483],[82.1793304,26.7772278],[82.1793465,26.7772154],[82.1796599,26.7771292],[82.1800493,26.7770221]]}},{"type":"Feature","properties":{"id":"way/955280659","kind":"road","class":"residential","name":""},"geometry":{"type":"LineString","coordinates":[[82.1796599,26.7771292],[82.1797404,26.7773376],[82.1797685,26.7773823],[82.1799951,26.7777262],[82.1802258,26.7779965],[82.180288,26.7780539],[82.1803261,26.7781022],[82.1804793,26.7783693]]}},{"type":"Feature","properties":{"id":"way/955280660","kind":"road","class":"residential","name":""},"geometry":{"type":"LineString","coordinates":[[82.1824907,26.7777433],[82.1818507,26.776881],[82.1817447,26.7766959],[82.1817309,26.7766383],[82.1817309,26.7765724],[82.1817494,26.7765148],[82.1818369,26.7764202],[82.1821288,26.7761895],[82.1824406,26.7759882],[82.1825396,26.7759224],[82.1825696,26.7758813],[82.1825742,26.7758401],[82.182542,26.7756139],[82.1825166,26.7755275],[82.1824406,26.7753855],[82.182201,26.7748528],[82.1821825,26.7747602],[82.1821894,26.7747088],[82.1822079,26.7746779],[82.1822838,26.7746075],[82.1823345,26.7745398]]}},{"type":"Feature","properties":{"id":"way/955280661","kind":"road","class":"residential","name":""},"geometry":{"type":"LineString","coordinates":[[82.1809284,26.7739991],[82.1810844,26.7744282]]}},{"type":"Feature","properties":{"id":"way/955280662","kind":"road","class":"residential","name":""},"geometry":{"type":"LineString","coordinates":[[82.1797498,26.774054],[82.1802719,26.7738683],[82.180314,26.7738665],[82.1803421,26.7738791],[82.180362,26.7739094],[82.1805964,26.7744436]]}},{"type":"Feature","properties":{"id":"way/955280663","kind":"road","class":"residential","name":""},"geometry":{"type":"LineString","coordinates":[[82.1802512,26.7741955],[82.1803938,26.7745054]]}},{"type":"Feature","properties":{"id":"way/955280664","kind":"road","class":"residential","name":""},"geometry":{"type":"LineString","coordinates":[[82.1816392,26.7751952],[82.1821288,26.7761895]]}},{"type":"Feature","properties":{"id":"way/955280665","kind":"road","class":"service","name":""},"geometry":{"type":"LineString","coordinates":[[82.1825396,26.7759224],[82.1826614,26.7759481],[82.1827075,26.7759517],[82.1827497,26.7759463],[82.183224,26.7757562]]}},{"type":"Feature","properties":{"id":"way/955280666","kind":"road","class":"residential","name":""},"geometry":{"type":"LineString","coordinates":[[82.1805052,26.7751098],[82.1808297,26.7757809],[82.1810973,26.7763374],[82.1811157,26.7763639],[82.1811434,26.7763845],[82.1811757,26.7763886],[82.1813462,26.7763536],[82.1813899,26.7763557],[82.1814337,26.7763742],[82.1815904,26.7765058],[82.1816526,26.776549],[82.1817309,26.7765724]]}},{"type":"Feature","properties":{"id":"way/955280667","kind":"road","class":"residential","name":""},"geometry":{"type":"LineString","coordinates":[[82.1794261,26.7742089],[82.1796558,26.7747608]]}},{"type":"Feature","properties":{"id":"way/955280668","kind":"road","class":"residential","name":""},"geometry":{"type":"LineString","coordinates":[[82.1791657,26.7749443],[82.1789914,26.7745542],[82.1789914,26.7745282],[82.1790073,26.7745108],[82.1791287,26.7744704],[82.1791552,26.7744707],[82.1791758,26.7744825],[82.1791897,26.7745025],[82.1793615,26.7748709]]}},{"type":"Feature","properties":{"id":"way/955280669","kind":"road","class":"residential","name":""},"geometry":{"type":"LineString","coordinates":[[82.1784616,26.7742691],[82.1787991,26.7750658]]}},{"type":"Feature","properties":{"id":"way/955280670","kind":"road","class":"residential","name":""},"geometry":{"type":"LineString","coordinates":[[82.1781948,26.7748139],[82.1783781,26.7751981]]}},{"type":"Feature","properties":{"id":"way/955284194","kind":"road","class":"residential","name":""},"geometry":{"type":"LineString","coordinates":[[82.1796557,26.772341],[82.179911,26.7722355],[82.1802095,26.7721123],[82.1806003,26.7719501]]}},{"type":"Feature","properties":{"id":"way/955284195","kind":"road","class":"residential","name":""},"geometry":{"type":"LineString","coordinates":[[82.1796957,26.7710404],[82.1798868,26.7714479],[82.1800663,26.7718188],[82.1802095,26.7721123]]}},{"type":"Feature","properties":{"id":"way/955284196","kind":"road","class":"residential","name":""},"geometry":{"type":"LineString","coordinates":[[82.1800663,26.7718188],[82.1805341,26.771891],[82.1805642,26.7719054],[82.1805862,26.7719233],[82.1806003,26.7719501],[82.1807346,26.772215]]}},{"type":"Feature","properties":{"id":"way/955284197","kind":"road","class":"residential","name":""},"geometry":{"type":"LineString","coordinates":[[82.1795596,26.7715697],[82.179911,26.7722355]]}},{"type":"Feature","properties":{"id":"way/955284198","kind":"road","class":"service","name":""},"geometry":{"type":"LineString","coordinates":[[82.1834374,26.771086],[82.1838661,26.7719207]]}},{"type":"Feature","properties":{"id":"way/955284199","kind":"road","class":"residential","name":""},"geometry":{"type":"LineString","coordinates":[[82.1832703,26.7724038],[82.183854,26.7722139],[82.1838905,26.7722139],[82.1839178,26.7722356],[82.1839969,26.7723957],[82.1840242,26.7724201],[82.1840637,26.7724283],[82.1842553,26.772393],[82.1842887,26.7723984],[82.1843161,26.7724174],[82.1845167,26.7728164]]}},{"type":"Feature","properties":{"id":"way/955284200","kind":"road","class":"residential","name":""},"geometry":{"type":"LineString","coordinates":[[82.1835333,26.7728838],[82.1841176,26.7726778]]}},{"type":"Feature","properties":{"id":"way/955284201","kind":"road","class":"residential","name":""},"geometry":{"type":"LineString","coordinates":[[82.1810445,26.7749605],[82.1813735,26.7748476],[82.1814076,26.7748244],[82.1814116,26.7748029],[82.1814056,26.7747796],[82.1813133,26.7746524],[82.1812912,26.7746023],[82.1812557,26.7744679]]}},{"type":"Feature","properties":{"id":"way/955284202","kind":"road","class":"residential","name":""},"geometry":{"type":"LineString","coordinates":[[82.1801037,26.7746084],[82.1802346,26.7749415],[82.1802723,26.7750447]]}},{"type":"Feature","properties":{"id":"way/955284203","kind":"road","class":"residential","name":""},"geometry":{"type":"LineString","coordinates":[[82.1781158,26.7764144],[82.1781832,26.7763961],[82.1790144,26.7761744],[82.1791544,26.7761371],[82.1791861,26.7761158],[82.1792071,26.7760931],[82.179234,26.7760705],[82.1798901,26.775856],[82.1799057,26.7758365],[82.1799119,26.7758117],[82.1798065,26.775547]]}},{"type":"Feature","properties":{"id":"way/955284204","kind":"road","class":"residential","name":""},"geometry":{"type":"LineString","coordinates":[[82.1785917,26.7751207],[82.1790144,26.7761744]]}},{"type":"Feature","properties":{"id":"way/955284205","kind":"road","class":"residential","name":""},"geometry":{"type":"LineString","coordinates":[[82.1760277,26.7739082],[82.176441,26.7745042]]}},{"type":"Feature","properties":{"id":"way/955284206","kind":"road","class":"residential","name":""},"geometry":{"type":"LineString","coordinates":[[82.1707906,26.771],[82.1707928,26.7710052]]}},{"type":"Feature","properties":{"id":"way/955284208","kind":"road","class":"residential","name":""},"geometry":{"type":"LineString","coordinates":[[82.1732011,26.771],[82.1732861,26.7711691]]}},{"type":"Feature","properties":{"id":"way/955284211","kind":"road","class":"residential","name":""},"geometry":{"type":"LineString","coordinates":[[82.1757512,26.771],[82.1758797,26.771332]]}},{"type":"Feature","properties":{"id":"way/955288509","kind":"road","class":"residential","name":""},"geometry":{"type":"LineString","coordinates":[[82.174482,26.771],[82.1745092,26.7710229],[82.1745382,26.7710447],[82.1745852,26.7710799],[82.1746369,26.7711423],[82.1747509,26.7713687]]}},{"type":"Feature","properties":{"id":"way/955288510","kind":"road","class":"residential","name":""},"geometry":{"type":"LineString","coordinates":[[82.1742496,26.7718071],[82.1740163,26.7712101],[82.1739348,26.771]]}},{"type":"Feature","properties":{"id":"way/955288511","kind":"road","class":"residential","name":""},"geometry":{"type":"LineString","coordinates":[[82.1740163,26.7712101],[82.1743174,26.7711147],[82.1745382,26.7710447]]}},{"type":"Feature","properties":{"id":"way/955288512","kind":"road","class":"residential","name":""},"geometry":{"type":"LineString","coordinates":[[82.172874,26.7715057],[82.1730807,26.7720432],[82.1730999,26.7720642],[82.1731344,26.7720745],[82.1731874,26.7720724],[82.1738856,26.7719017],[82.1742496,26.7718071],[82.1745445,26.7717275],[82.1748072,26.7716569]]}},{"type":"Feature","properties":{"id":"way/955288513","kind":"road","class":"residential","name":""},"geometry":{"type":"LineString","coordinates":[[82.1745445,26.7717275],[82.1743174,26.7711147]]}},{"type":"Feature","properties":{"id":"way/955288514","kind":"road","class":"service","name":""},"geometry":{"type":"LineString","coordinates":[[82.1748823,26.7719924],[82.1751055,26.772396]]}},{"type":"Feature","properties":{"id":"way/955288515","kind":"road","class":"residential","name":""},"geometry":{"type":"LineString","coordinates":[[82.1738856,26.7719017],[82.174198,26.7727371]]}},{"type":"Feature","properties":{"id":"way/955288516","kind":"road","class":"residential","name":""},"geometry":{"type":"LineString","coordinates":[[82.1743434,26.772229],[82.1745139,26.7726299]]}},{"type":"Feature","properties":{"id":"way/955288517","kind":"road","class":"residential","name":""},"geometry":{"type":"LineString","coordinates":[[82.1744502,26.7726515],[82.1747193,26.7731844]]}},{"type":"Feature","properties":{"id":"way/955288518","kind":"road","class":"residential","name":""},"geometry":{"type":"LineString","coordinates":[[82.174781,26.7725334],[82.1750233,26.7730313]]}},{"type":"Feature","properties":{"id":"way/955288519","kind":"road","class":"residential","name":""},"geometry":{"type":"LineString","coordinates":[[82.1751055,26.772396],[82.1753286,26.7727588]]}},{"type":"Feature","properties":{"id":"way/955288520","kind":"road","class":"primary_link","name":""},"geometry":{"type":"LineString","coordinates":[[82.1757618,26.7723007],[82.175839,26.7722624]]}},{"type":"Feature","properties":{"id":"way/955288521","kind":"road","class":"residential","name":""},"geometry":{"type":"LineString","coordinates":[[82.1753224,26.7740368],[82.1757113,26.7747994]]}},{"type":"Feature","properties":{"id":"way/955288522","kind":"road","class":"residential","name":""},"geometry":{"type":"LineString","coordinates":[[82.1758659,26.7747367],[82.1761361,26.7752933],[82.1761675,26.775312],[82.1762199,26.775312],[82.1768136,26.7750595],[82.1768686,26.7750458],[82.176899,26.7750539],[82.1769507,26.7751191],[82.1771051,26.7753296],[82.177173,26.7754841],[82.1773429,26.7758709]]}},{"type":"Feature","properties":{"id":"way/955288523","kind":"road","class":"residential","name":""},"geometry":{"type":"LineString","coordinates":[[82.1771051,26.7753296],[82.1774374,26.7751832]]}},{"type":"Feature","properties":{"id":"way/955288524","kind":"road","class":"residential","name":""},"geometry":{"type":"LineString","coordinates":[[82.1760715,26.7766101],[82.1758325,26.7761747],[82.1758261,26.776147],[82.1758318,26.7761193],[82.1758547,26.7760974],[82.1764925,26.7757899],[82.1768562,26.7756265],[82.177173,26.7754841]]}},{"type":"Feature","properties":{"id":"way/955288525","kind":"road","class":"residential","name":""},"geometry":{"type":"LineString","coordinates":[[82.1768562,26.7756265],[82.1770272,26.7760357]]}},{"type":"Feature","properties":{"id":"way/955288526","kind":"road","class":"residential","name":""},"geometry":{"type":"LineString","coordinates":[[82.1760301,26.7777863],[82.1759035,26.7773535],[82.1758636,26.7771715],[82.1758253,26.7769971],[82.1758153,26.7769452],[82.1758238,26.7769031],[82.1759792,26.7767652],[82.1760295,26.7766848],[82.1760715,26.7766101],[82.1761229,26.776537],[82.1761803,26.7764722],[82.1765403,26.7761626],[82.1765509,26.7761343],[82.1765535,26.7761012],[82.1764925,26.7757899]]}},{"type":"Feature","properties":{"id":"way/955288527","kind":"road","class":"residential","name":""},"geometry":{"type":"LineString","coordinates":[[82.1748137,26.7741476],[82.1749488,26.7741374],[82.17497,26.7741395],[82.1749861,26.7741473],[82.1749982,26.774161],[82.1751469,26.7744791],[82.1752307,26.7746584],[82.1753647,26.7749401]]}},{"type":"Feature","properties":{"id":"way/955288528","kind":"road","class":"residential","name":""},"geometry":{"type":"LineString","coordinates":[[82.1747599,26.7748575],[82.1750361,26.7747407],[82.1752307,26.7746584]]}},{"type":"Feature","properties":{"id":"way/955291955","kind":"road","class":"residential","name":""},"geometry":{"type":"LineString","coordinates":[[82.1729505,26.7731235],[82.1730919,26.773247],[82.1731649,26.7732904],[82.1733716,26.7733637],[82.173738,26.7734358],[82.1738727,26.7734527],[82.1742685,26.7735021],[82.1743825,26.773518],[82.1744499,26.7735184],[82.1745043,26.7735092],[82.1746611,26.7735231],[82.1748423,26.7736314]]}},{"type":"Feature","properties":{"id":"way/955291956","kind":"road","class":"residential","name":""},"geometry":{"type":"LineString","coordinates":[[82.172442,26.7732266],[82.1726501,26.7738126],[82.1727173,26.7739706],[82.1727547,26.7740462],[82.1727877,26.7740757],[82.172837,26.7740818],[82.1728918,26.7740685],[82.1738416,26.7736379]]}},{"type":"Feature","properties":{"id":"way/955291957","kind":"road","class":"residential","name":""},"geometry":{"type":"LineString","coordinates":[[82.1739409,26.7738194],[82.1738416,26.7736379],[82.173738,26.7734358]]}},{"type":"Feature","properties":{"id":"way/955291958","kind":"road","class":"residential","name":""},"geometry":{"type":"LineString","coordinates":[[82.1736677,26.772907],[82.1738727,26.7734527]]}},{"type":"Feature","properties":{"id":"way/955291959","kind":"road","class":"residential","name":""},"geometry":{"type":"LineString","coordinates":[[82.1737498,26.7743579],[82.1740568,26.775036],[82.1742405,26.7753955]]}},{"type":"Feature","properties":{"id":"way/955291960","kind":"road","class":"residential","name":""},"geometry":{"type":"LineString","coordinates":[[82.1751469,26.7744791],[82.1750165,26.7745292],[82.1749864,26.7745346],[82.1749643,26.7745238],[82.1749498,26.7745043],[82.1748137,26.7741476],[82.174737,26.7738971],[82.1747397,26.773865],[82.1747558,26.7738417],[82.174828,26.7737934],[82.174852,26.7737755],[82.1748661,26.7737522],[82.1748423,26.7736314]]}},{"type":"Feature","properties":{"id":"way/955291961","kind":"road","class":"residential","name":""},"geometry":{"type":"LineString","coordinates":[[82.1745262,26.7772269],[82.1749869,26.7770312],[82.175374,26.7768915],[82.1754282,26.7768861],[82.1754843,26.7769004],[82.1755224,26.7769273],[82.1755465,26.7769667],[82.1755842,26.7770393],[82.1756187,26.7770992],[82.1756448,26.7771207],[82.1756869,26.7771368],[82.1758636,26.7771715]]}},{"type":"Feature","properties":{"id":"way/955291962","kind":"road","class":"residential","name":""},"geometry":{"type":"LineString","coordinates":[[82.1760301,26.7777863],[82.1761477,26.7781736]]}},{"type":"Feature","properties":{"id":"way/955291963","kind":"road","class":"residential","name":""},"geometry":{"type":"LineString","coordinates":[[82.1749608,26.7775784],[82.1751774,26.7775228],[82.1752074,26.7775331],[82.1752228,26.7775526],[82.1753265,26.7779286]]}},{"type":"Feature","properties":{"id":"way/955291964","kind":"road","class":"residential","name":""},"geometry":{"type":"LineString","coordinates":[[82.1758485,26.7783736],[82.1756974,26.7778536],[82.1756077,26.7775159]]}},{"type":"Feature","properties":{"id":"way/955291965","kind":"road","class":"residential","name":""},"geometry":{"type":"LineString","coordinates":[[82.1753801,26.7779178],[82.1755045,26.7784161]]}},{"type":"Feature","properties":{"id":"way/955296644","kind":"road","class":"residential","name":""},"geometry":{"type":"LineString","coordinates":[[82.1709144,26.7789036],[82.171022,26.7789209],[82.1711532,26.7789247],[82.1712132,26.7789219],[82.1712758,26.778919],[82.1714501,26.778894],[82.1717729,26.7788287],[82.1720284,26.7787752],[82.1727508,26.7786535],[82.1728811,26.7786231],[82.1730889,26.7785607],[82.1733681,26.7784596],[82.1735009,26.7783958],[82.173668,26.778307],[82.1738831,26.778202],[82.1739287,26.7781939],[82.1739683,26.778202],[82.1740078,26.7782373],[82.1740767,26.7783638],[82.1743716,26.7789039]]}},{"type":"Feature","properties":{"id":"way/955296645","kind":"road","class":"residential","name":""},"geometry":{"type":"LineString","coordinates":[[82.1740767,26.7783638],[82.1747782,26.7781313]]}},{"type":"Feature","properties":{"id":"way/955296646","kind":"road","class":"residential","name":""},"geometry":{"type":"LineString","coordinates":[[82.1732343,26.7765862],[82.1733152,26.7768142],[82.1734734,26.7772599]]}},{"type":"Feature","properties":{"id":"way/955296647","kind":"road","class":"tertiary","name":""},"geometry":{"type":"LineString","coordinates":[[82.1733031,26.775779],[82.1734218,26.7759258],[82.1735961,26.7761439],[82.1736329,26.7761768],[82.1737689,26.7762529],[82.1739163,26.7763085],[82.1739624,26.776327],[82.173997,26.7763661],[82.1740657,26.7765077],[82.1742581,26.7769325]]}},{"type":"Feature","properties":{"id":"way/955296648","kind":"road","class":"residential","name":""},"geometry":{"type":"LineString","coordinates":[[82.1740002,26.7762199],[82.1736789,26.7756211]]}},{"type":"Feature","properties":{"id":"way/955296649","kind":"road","class":"residential","name":""},"geometry":{"type":"LineString","coordinates":[[82.1742389,26.776089],[82.1741251,26.7758787],[82.1741278,26.7758456],[82.174141,26.775822],[82.1745544,26.7756403],[82.1745742,26.7756266],[82.1745848,26.7756101],[82.1745909,26.7755879],[82.1745845,26.7755597],[82.1744804,26.7752991]]}},{"type":"Feature","properties":{"id":"way/955296650","kind":"road","class":"residential","name":""},"geometry":{"type":"LineString","coordinates":[[82.1715931,26.7778646],[82.1711912,26.7773317],[82.1711752,26.7772943],[82.1711772,26.7772621],[82.1712092,26.7772389],[82.1717491,26.7770006],[82.1718063,26.7769581],[82.171835,26.7769123],[82.171867,26.7768641],[82.1719329,26.7768177],[82.1721468,26.776716],[82.1724347,26.7766196],[82.1725682,26.7765748],[82.1727753,26.7764979],[82.1728084,26.7764771],[82.1728661,26.7764228],[82.1729208,26.7763359],[82.1729999,26.7762165],[82.1730394,26.7761758],[82.1731245,26.7761188],[82.1732459,26.7760384],[82.1734218,26.7759258]]}},{"type":"Feature","properties":{"id":"way/955296651","kind":"road","class":"residential","name":""},"geometry":{"type":"LineString","coordinates":[[82.1733152,26.7768142],[82.1735029,26.7767983],[82.173529,26.7767894],[82.173549,26.7767697],[82.1736012,26.7763722],[82.1736329,26.7761768]]}},{"type":"Feature","properties":{"id":"way/955296652","kind":"road","class":"residential","name":""},"geometry":{"type":"LineString","coordinates":[[82.1748847,26.7786491],[82.175267,26.7785776]]}},{"type":"Feature","properties":{"id":"way/955296653","kind":"road","class":"residential","name":""},"geometry":{"type":"LineString","coordinates":[[82.1730889,26.7785607],[82.1733406,26.7788136],[82.1735231,26.7790118],[82.1738762,26.7794075],[82.1740786,26.7796342]]}},{"type":"Feature","properties":{"id":"way/955296654","kind":"road","class":"residential","name":""},"geometry":{"type":"LineString","coordinates":[[82.1778457,26.7781629],[82.1780011,26.7781248],[82.1783241,26.7780348],[82.1784806,26.7779838],[82.1785016,26.7779632],[82.1785097,26.7779444],[82.1785052,26.7779164],[82.1784405,26.7777415],[82.1784485,26.7777085],[82.1784776,26.7776825],[82.1788057,26.7775373]]}},{"type":"Feature","properties":{"id":"way/955296655","kind":"road","class":"residential","name":""},"geometry":{"type":"LineString","coordinates":[[82.1787158,26.7779849],[82.1790913,26.7786923]]}},{"type":"Feature","properties":{"id":"way/955296656","kind":"road","class":"residential","name":""},"geometry":{"type":"LineString","coordinates":[[82.1779119,26.7777958],[82.1780011,26.7781248]]}},{"type":"Feature","properties":{"id":"way/955296657","kind":"road","class":"residential","name":""},"geometry":{"type":"LineString","coordinates":[[82.1783241,26.7780348],[82.178404,26.7782218],[82.1787524,26.7788117]]}},{"type":"Feature","properties":{"id":"way/955296658","kind":"road","class":"residential","name":""},"geometry":{"type":"LineString","coordinates":[[82.1773108,26.7778504],[82.1774802,26.7782238],[82.1774949,26.7782374],[82.177519,26.7782428],[82.1776012,26.7782428],[82.1776293,26.7782536],[82.1776453,26.7782733],[82.177894,26.7788731],[82.1780004,26.7790773],[82.1781068,26.7792387]]}},{"type":"Feature","properties":{"id":"way/955296659","kind":"road","class":"track","name":""},"geometry":{"type":"LineString","coordinates":[[82.1763447,26.779209],[82.17635,26.7795398],[82.1763606,26.7795752],[82.176395,26.7796201],[82.1765167,26.7797075],[82.176612,26.7797406],[82.1767893,26.7797997],[82.1768396,26.7798115],[82.1769111,26.7798186],[82.1774589,26.779776],[82.177596,26.779765],[82.1776985,26.7797297],[82.1777706,26.7796743]]}},{"type":"Feature","properties":{"id":"way/955296661","kind":"road","class":"residential","name":""},"geometry":{"type":"LineString","coordinates":[[82.1909757,26.7801561],[82.1914542,26.7800153],[82.1924732,26.779779],[82.1925711,26.7797412],[82.1927193,26.7796585],[82.1930547,26.7794106],[82.1930768,26.7793856],[82.1930808,26.7793569],[82.1930768,26.77933],[82.1929665,26.7789218],[82.1929665,26.7788842],[82.1929765,26.7788519],[82.1930226,26.7788054],[82.1934838,26.778517],[82.1935022,26.7784882],[82.1935022,26.7784656],[82.1934884,26.7784285],[82.1933962,26.778229],[82.1933185,26.7781204],[82.1932701,26.7780772],[82.1932355,26.7780423],[82.1932032,26.7779908],[82.1930927,26.7776699],[82.1930074,26.7774149],[82.1929539,26.7772901],[82.1928415,26.7770282],[82.1927184,26.7768192],[82.1926848,26.7767923],[82.1926427,26.7767816],[82.1925884,26.7767596],[82.1925627,26.7767402],[82.1925436,26.7767106],[82.1922857,26.7761346]]}},{"type":"Feature","properties":{"id":"way/955296662","kind":"road","class":"service","name":""},"geometry":{"type":"LineString","coordinates":[[82.1926848,26.7767923],[82.1930346,26.776683]]}},{"type":"Feature","properties":{"id":"way/955296663","kind":"road","class":"residential","name":""},"geometry":{"type":"LineString","coordinates":[[82.1933962,26.778229],[82.1935548,26.7782082],[82.1936194,26.7781918],[82.1937184,26.7781527],[82.1946055,26.777729],[82.1949623,26.7775788]]}},{"type":"Feature","properties":{"id":"way/955296664","kind":"road","class":"residential","name":""},"geometry":{"type":"LineString","coordinates":[[82.1897035,26.7784983],[82.1903702,26.7782713],[82.190963,26.7780162],[82.1911694,26.7779311],[82.1913521,26.7778697],[82.1918311,26.7777326],[82.1921143,26.7777208],[82.1924346,26.7776995],[82.1926024,26.7776755],[82.1926301,26.7776611],[82.1926439,26.7776385],[82.1926416,26.7774307],[82.1926485,26.7773567],[82.1926647,26.777332],[82.1927061,26.7773237],[82.1929539,26.7772901]]}},{"type":"Feature","properties":{"id":"way/955296665","kind":"road","class":"service","name":""},"geometry":{"type":"LineString","coordinates":[[82.1906738,26.7789485],[82.1904296,26.7784466],[82.1903941,26.7783473],[82.1903702,26.7782713]]}},{"type":"Feature","properties":{"id":"way/955296666","kind":"road","class":"residential","name":""},"geometry":{"type":"LineString","coordinates":[[82.1898772,26.7791727],[82.1902169,26.7790561]]}},{"type":"Feature","properties":{"id":"way/955300708","kind":"road","class":"service","name":""},"geometry":{"type":"LineString","coordinates":[[82.1932916,26.7818566],[82.1931963,26.7819228],[82.1931751,26.7819441],[82.1931698,26.78197],[82.1931804,26.7820173],[82.1933392,26.7825158],[82.1934764,26.7830087]]}},{"type":"Feature","properties":{"id":"way/955300709","kind":"road","class":"service","name":""},"geometry":{"type":"LineString","coordinates":[[82.1876054,26.7807573],[82.1872682,26.7807813],[82.1872365,26.7807908],[82.1872179,26.780812],[82.1872074,26.7808546],[82.1872496,26.7812439],[82.1872497,26.7812444],[82.1872688,26.7814123],[82.1872757,26.7814349],[82.1872896,26.7814493],[82.1873126,26.7814534],[82.18763,26.7814213]]}},{"type":"Feature","properties":{"id":"way/955300710","kind":"road","class":"service","name":""},"geometry":{"type":"LineString","coordinates":[[82.1872496,26.7812439],[82.1875499,26.7812189],[82.1875809,26.7812113],[82.1876097,26.7811954],[82.1876766,26.7811654],[82.1877204,26.7811531],[82.1878172,26.7811407],[82.1886351,26.7811161],[82.1886697,26.7811243],[82.1886881,26.7811449],[82.1887066,26.7811757],[82.1887296,26.7812909],[82.188831,26.7822103],[82.1889153,26.7830307],[82.1889132,26.7832927]]}},{"type":"Feature","properties":{"id":"way/955300711","kind":"road","class":"service","name":""},"geometry":{"type":"LineString","coordinates":[[82.1876589,26.7817432],[82.18763,26.7814213],[82.1876097,26.7811954]]}},{"type":"Feature","properties":{"id":"way/955300712","kind":"road","class":"service","name":""},"geometry":{"type":"LineString","coordinates":[[82.1886881,26.7811449],[82.1887438,26.7811193],[82.1888179,26.7811004],[82.1892175,26.7810484],[82.1892705,26.7810295],[82.1892996,26.7810082],[82.1893261,26.7809704],[82.1893711,26.7805286],[82.1893763,26.7804435],[82.1893605,26.7803585],[82.1893031,26.779969],[82.189293,26.7796541],[82.1893011,26.7796147],[82.1893532,26.7794893]]}},{"type":"Feature","properties":{"id":"way/955300713","kind":"road","class":"primary","name":"Chowk Ayodhya Road","oneway":"yes","display_name":"Ram Path (Chowk Ayodhya Road)"},"geometry":{"type":"LineString","coordinates":[[82.1915569,26.7872615],[82.1919873,26.7875552],[82.1920059,26.7875679],[82.1920259,26.7875815],[82.19275,26.7880757],[82.1937254,26.7888198],[82.1944576,26.7894202],[82.1948661,26.7897484],[82.1951741,26.78993],[82.1956357,26.7901557],[82.1962435,26.7903915],[82.1963693,26.7904446],[82.1964225,26.7904677],[82.1965436,26.7905182],[82.1971685,26.7907877],[82.1980705,26.7911586],[82.1983468,26.7912864],[82.1986149,26.7914247],[82.1988757,26.7915792],[82.1989866,26.7916448],[82.1993837,26.7919155],[82.1996167,26.7920743],[82.1998146,26.7922063],[82.2008153,26.7931367],[82.2009209,26.7932348],[82.2012905,26.7935784],[82.2017543,26.794002],[82.2019625,26.7942301],[82.2022886,26.7945872],[82.2024592,26.7947912],[82.2028389,26.7958057],[82.2030873,26.7964197],[82.2035216,26.7974398],[82.2036529,26.7976824],[82.2037611,26.7978792],[82.2038753,26.7980823],[82.2043663,26.7989575]]}},{"type":"Feature","properties":{"id":"way/955300714","kind":"road","class":"primary","name":"Chowk Ayodhya Road","oneway":"yes","display_name":"Ram Path (Chowk Ayodhya Road)"},"geometry":{"type":"LineString","coordinates":[[82.1779733,26.7820396],[82.1781506,26.7820674],[82.1788528,26.7821778],[82.1790888,26.7822121],[82.1798479,26.7823117],[82.1807511,26.7823828],[82.1810536,26.7824175],[82.1813278,26.7824487],[82.1817554,26.7824565],[82.182604,26.7824668],[82.1828562,26.7824814],[82.1832683,26.7825255],[82.1835824,26.7825888],[82.1837008,26.7826158],[82.1838098,26.7826443],[82.1848707,26.7830016],[82.1849619,26.7830367],[82.1857613,26.7833428],[82.186043,26.7834776],[82.1861899,26.7835572],[82.1863514,26.7836549],[82.1865847,26.7838226],[82.1867744,26.7840078],[82.1872149,26.7844173],[82.1875048,26.7846687],[82.1877165,26.7848234],[82.1879435,26.7849664],[82.1889183,26.785627],[82.1891968,26.7858053],[82.18987,26.7862258],[82.1907132,26.7867171],[82.1915569,26.7872615]]}},{"type":"Feature","properties":{"id":"way/955300715","kind":"road","class":"primary","name":"Chowk Ayodhya Road","oneway":"yes","display_name":"Ram Path (Chowk Ayodhya Road)"},"geometry":{"type":"LineString","coordinates":[[82.1915951,26.7872093],[82.1907555,26.7866766],[82.1900374,26.7862635],[82.1894525,26.7858952],[82.1890125,26.7856055],[82.1887955,26.7854627],[82.1879617,26.7848976],[82.1877725,26.7847634],[82.1875403,26.7845987],[82.1874553,26.7845371],[82.1871825,26.7842994],[82.1867438,26.7838941],[82.1864338,26.7836291],[82.1861588,26.7834615],[82.1858096,26.783292],[82.1849872,26.7829753],[82.184094,26.7826685],[82.1837229,26.7825555],[82.1833999,26.7824834],[82.1832842,26.78246],[82.1829939,26.7824249],[82.1826092,26.7823996],[82.1822998,26.7823957],[82.1819145,26.7823968],[82.1815992,26.7823977],[82.1813198,26.7823899],[82.1810491,26.7823684],[82.180582,26.7823236],[82.1796235,26.7822561],[82.1794781,26.782223],[82.1784971,26.7820958],[82.1779432,26.7820012]]}},{"type":"Feature","properties":{"id":"way/955300716","kind":"road","class":"residential","name":""},"geometry":{"type":"LineString","coordinates":[[82.1799937,26.7830484],[82.1806555,26.7831341],[82.1810124,26.7831827],[82.1810378,26.7831934],[82.1810528,26.7832081],[82.1810632,26.7832361],[82.1810498,26.7833241],[82.1810244,26.7834815],[82.1809811,26.7837963],[82.1809604,26.7841769],[82.1809561,26.7842546]]}},{"type":"Feature","properties":{"id":"way/955300717","kind":"road","class":"residential","name":""},"geometry":{"type":"LineString","coordinates":[[82.1790136,26.7834992],[82.17932,26.7834244],[82.1795125,26.7833706]]}},{"type":"Feature","properties":{"id":"way/955300718","kind":"road","class":"residential","name":""},"geometry":{"type":"LineString","coordinates":[[82.1782393,26.7828815],[82.1783773,26.7832423],[82.1784237,26.7833757],[82.1784489,26.7833942],[82.1784831,26.7834073],[82.1786441,26.7833763],[82.1787039,26.7833648],[82.1788568,26.7833356],[82.1788857,26.7833398],[82.1789146,26.7833479],[82.1790136,26.7834992]]}},{"type":"Feature","properties":{"id":"way/955300719","kind":"road","class":"residential","name":""},"geometry":{"type":"LineString","coordinates":[[82.1782393,26.7828815],[82.1781107,26.7824376]]}},{"type":"Feature","properties":{"id":"way/955304550","kind":"road","class":"residential","name":""},"geometry":{"type":"LineString","coordinates":[[82.1787039,26.7833648],[82.1784301,26.7826028],[82.1784265,26.7825585],[82.1784416,26.7825249],[82.1784842,26.7825026],[82.1790433,26.7823795],[82.1790752,26.7823596],[82.1790954,26.7823262],[82.1790888,26.7822121]]}},{"type":"Feature","properties":{"id":"way/955304551","kind":"road","class":"service","name":""},"geometry":{"type":"LineString","coordinates":[[82.1825852,26.7828974],[82.1829701,26.7828624]]}},{"type":"Feature","properties":{"id":"way/955304552","kind":"road","class":"service","name":""},"geometry":{"type":"LineString","coordinates":[[82.1819278,26.7820155],[82.1819145,26.7823968]]}},{"type":"Feature","properties":{"id":"way/955304553","kind":"road","class":"service","name":""},"geometry":{"type":"LineString","coordinates":[[82.1790813,26.7810268],[82.1792467,26.7811744],[82.1792864,26.7812335],[82.179336,26.7814078],[82.1794419,26.7818921],[82.1794781,26.782223]]}},{"type":"Feature","properties":{"id":"way/955304554","kind":"road","class":"service","name":""},"geometry":{"type":"LineString","coordinates":[[82.1794419,26.7818921],[82.1797573,26.7818407]]}},{"type":"Feature","properties":{"id":"way/955304555","kind":"road","class":"residential","name":""},"geometry":{"type":"LineString","coordinates":[[82.1750047,26.7809288],[82.1753445,26.7809931],[82.1756879,26.7810581],[82.1758444,26.7810877]]}},{"type":"Feature","properties":{"id":"way/955304556","kind":"road","class":"residential","name":""},"geometry":{"type":"LineString","coordinates":[[82.1753445,26.7809931],[82.1753316,26.7806774],[82.1753179,26.7802328]]}},{"type":"Feature","properties":{"id":"way/955304557","kind":"road","class":"residential","name":""},"geometry":{"type":"LineString","coordinates":[[82.17567,26.7806833],[82.1756879,26.7810581]]}},{"type":"Feature","properties":{"id":"way/955304558","kind":"road","class":"residential","name":""},"geometry":{"type":"LineString","coordinates":[[82.1734395,26.7802236],[82.1734944,26.7798827]]}},{"type":"Feature","properties":{"id":"way/955304559","kind":"road","class":"residential","name":""},"geometry":{"type":"LineString","coordinates":[[82.1736624,26.7802332],[82.1737148,26.7799099]]}},{"type":"Feature","properties":{"id":"way/955304560","kind":"road","class":"service","name":""},"geometry":{"type":"LineString","coordinates":[[82.1734535,26.7807685],[82.173369,26.7813638]]}},{"type":"Feature","properties":{"id":"way/955304561","kind":"road","class":"service","name":""},"geometry":{"type":"LineString","coordinates":[[82.1752821,26.7815286],[82.1752456,26.7818244],[82.1752422,26.7819278],[82.1752422,26.7820755],[82.1752819,26.7822438],[82.1753803,26.782638],[82.1753967,26.7826747],[82.1755146,26.7829385],[82.175511,26.7829711],[82.1754972,26.7829919],[82.175471,26.7830011],[82.1750694,26.7829991]]}},{"type":"Feature","properties":{"id":"way/955304562","kind":"road","class":"service","name":""},"geometry":{"type":"LineString","coordinates":[[82.174347,26.7825971],[82.1753803,26.782638]]}},{"type":"Feature","properties":{"id":"way/955304563","kind":"road","class":"service","name":""},"geometry":{"type":"LineString","coordinates":[[82.1753967,26.7826747],[82.1758824,26.7826559]]}},{"type":"Feature","properties":{"id":"way/955304564","kind":"road","class":"service","name":""},"geometry":{"type":"LineString","coordinates":[[82.1742432,26.7817387],[82.1752456,26.7818244]]}},{"type":"Feature","properties":{"id":"way/955304565","kind":"road","class":"service","name":""},"geometry":{"type":"LineString","coordinates":[[82.1736431,26.7820984],[82.1742839,26.7820752]]}},{"type":"Feature","properties":{"id":"way/955304566","kind":"road","class":"service","name":""},"geometry":{"type":"LineString","coordinates":[[82.17687,26.7825943],[82.1768444,26.7818388]]}},{"type":"Feature","properties":{"id":"way/955308359","kind":"road","class":"residential","name":""},"geometry":{"type":"LineString","coordinates":[[82.1866618,26.7761715],[82.1870605,26.7765947]]}},{"type":"Feature","properties":{"id":"way/955308360","kind":"road","class":"residential","name":""},"geometry":{"type":"LineString","coordinates":[[82.1843274,26.7766243],[82.1851207,26.7763614]]}},{"type":"Feature","properties":{"id":"way/955308361","kind":"road","class":"residential","name":""},"geometry":{"type":"LineString","coordinates":[[82.1846483,26.7762773],[82.1850449,26.7761538]]}},{"type":"Feature","properties":{"id":"way/955308362","kind":"road","class":"residential","name":""},"geometry":{"type":"LineString","coordinates":[[82.1839925,26.7757124],[82.1847548,26.7754488]]}},{"type":"Feature","properties":{"id":"way/955308363","kind":"road","class":"residential","name":""},"geometry":{"type":"LineString","coordinates":[[82.1840537,26.775944],[82.1848617,26.775702]]}},{"type":"Feature","properties":{"id":"way/955308364","kind":"road","class":"service","name":""},"geometry":{"type":"LineString","coordinates":[[82.1847727,26.7768047],[82.1849108,26.7771792]]}},{"type":"Feature","properties":{"id":"way/955308365","kind":"road","class":"residential","name":""},"geometry":{"type":"LineString","coordinates":[[82.1846283,26.7797637],[82.1848447,26.7796827],[82.1853048,26.7795104],[82.1853917,26.7794751],[82.1857481,26.7793303],[82.1862576,26.7791029],[82.1863204,26.7790645],[82.1863472,26.7790336],[82.1864494,26.7787986],[82.1865652,26.7784442],[82.1866082,26.7783674],[82.1867009,26.7782522],[82.1867957,26.778158],[82.1868762,26.778078],[82.1869689,26.7779539],[82.1870747,26.7777619],[82.1871475,26.7775463],[82.1871773,26.7773987],[82.1871839,26.77726],[82.1871938,26.7772067],[82.1872534,26.777059],[82.1872567,26.7770088],[82.1872425,26.7768037],[82.1872487,26.7766969],[82.1872779,26.7766138],[82.1873203,26.7765376]]}},{"type":"Feature","properties":{"id":"way/955308366","kind":"road","class":"residential","name":""},"geometry":{"type":"LineString","coordinates":[[82.1851093,26.7827731],[82.1850645,26.7827286],[82.1849767,26.7826771],[82.1847536,26.7825876],[82.1847085,26.782554],[82.1846784,26.782516],[82.1846583,26.7824623],[82.1846408,26.7822966],[82.1846157,26.7821713],[82.1845781,26.7819833],[82.1845731,26.7819168],[82.1845931,26.7817594],[82.1846157,26.7816229],[82.1846207,26.781558],[82.1846132,26.7814752],[82.1845931,26.7813834],[82.1844527,26.7810611],[82.1841541,26.7806177],[82.1841327,26.780586],[82.1841143,26.7805351],[82.1840616,26.780318],[82.1840215,26.7801658],[82.1839789,26.7800539],[82.1839212,26.7799434],[82.1838998,26.7799029],[82.1837357,26.7796375],[82.1836479,26.7795167],[82.1836228,26.7794674],[82.1836092,26.7794241],[82.1835526,26.7791675],[82.1835376,26.779116],[82.1834975,26.7790444],[82.1833646,26.7788407],[82.1833332,26.7787773],[82.1832653,26.7785867],[82.1832317,26.7785318],[82.183149,26.7784534],[82.1829572,26.77832],[82.1827403,26.7781692],[82.1826876,26.7781222],[82.182635,26.7780528],[82.1824907,26.7777433]]}},{"type":"Feature","properties":{"id":"way/955308367","kind":"road","class":"residential","name":""},"geometry":{"type":"LineString","coordinates":[[82.1832653,26.7785867],[82.1835656,26.7784196],[82.1836822,26.7783546],[82.1840314,26.7781559],[82.1845706,26.7778636],[82.1848892,26.7777038],[82.1851774,26.7775869],[82.1855342,26.7774517],[82.1855532,26.7774446],[82.1856161,26.7774212],[82.1858256,26.7773589],[82.1859129,26.7773491],[82.1860221,26.7773608],[82.186177,26.7773998],[82.1864477,26.7775167],[82.1865443,26.777539],[82.1866463,26.7775362],[82.1867249,26.7775128],[82.1869191,26.7774096],[82.1870937,26.7773082],[82.1871839,26.77726]]}},{"type":"Feature","properties":{"id":"way/955308368","kind":"road","class":"residential","name":""},"geometry":{"type":"LineString","coordinates":[[82.1853938,26.7789314],[82.1851331,26.7790285],[82.1851156,26.7790441],[82.1851069,26.7790655],[82.1851135,26.7790928],[82.1853048,26.7795104]]}},{"type":"Feature","properties":{"id":"way/955308369","kind":"road","class":"residential","name":""},"geometry":{"type":"LineString","coordinates":[[82.1850645,26.7827286],[82.185097,26.7826299],[82.1851141,26.7825587],[82.1851445,26.7824348],[82.1851692,26.7822839],[82.185173,26.7820786],[82.1851293,26.7818344],[82.1850869,26.7815949],[82.1850856,26.7815214],[82.185097,26.7814255],[82.1851198,26.7813441],[82.1851236,26.7812983],[82.1851179,26.7812339],[82.1850362,26.7808946],[82.1850001,26.7807216],[82.1849735,26.7806198],[82.1849279,26.7805197],[82.1848405,26.780328],[82.1848025,26.7802347],[82.1847531,26.7800888],[82.1846283,26.7797637],[82.1845459,26.7795626],[82.1845094,26.7794962],[82.1844775,26.7794697],[82.1844357,26.7794544],[82.1843939,26.7794375],[82.1843388,26.7793984],[82.1842951,26.7793425],[82.1841507,26.7790931],[82.1840611,26.7789006],[82.1839383,26.7786852],[82.1838603,26.7785712],[82.1838304,26.7785513],[82.1837978,26.7785503],[82.1837527,26.7785637],[82.183715,26.7785637],[82.183685,26.7785525],[82.1835656,26.7784196]]}},{"type":"Feature","properties":{"id":"way/955308370","kind":"road","class":"residential","name":""},"geometry":{"type":"LineString","coordinates":[[82.1849279,26.7805197],[82.1853504,26.7803783],[82.1856704,26.7802711],[82.1856923,26.7802536],[82.185701,26.7802321],[82.185701,26.7802048],[82.1855547,26.7798034],[82.1853917,26.7794751]]}},{"type":"Feature","properties":{"id":"way/955308371","kind":"road","class":"residential","name":""},"geometry":{"type":"LineString","coordinates":[[82.1847531,26.7800888],[82.1851681,26.7799411],[82.1855547,26.7798034]]}},{"type":"Feature","properties":{"id":"way/955308372","kind":"road","class":"residential","name":""},"geometry":{"type":"LineString","coordinates":[[82.1851681,26.7799411],[82.1853504,26.7803783]]}},{"type":"Feature","properties":{"id":"way/955308373","kind":"road","class":"service","name":""},"geometry":{"type":"LineString","coordinates":[[82.1798985,26.7785101],[82.1801934,26.7790195]]}},{"type":"Feature","properties":{"id":"way/955308374","kind":"road","class":"residential","name":""},"geometry":{"type":"LineString","coordinates":[[82.1825903,26.7812435],[82.1829686,26.7810531],[82.1831162,26.7809754],[82.1831646,26.780956],[82.1835206,26.7808193],[82.183788,26.7807174],[82.1841327,26.780586]]}},{"type":"Feature","properties":{"id":"way/955308375","kind":"road","class":"residential","name":""},"geometry":{"type":"LineString","coordinates":[[82.1836896,26.7812169],[82.1835206,26.7808193]]}},{"type":"Feature","properties":{"id":"way/955308376","kind":"road","class":"residential","name":""},"geometry":{"type":"LineString","coordinates":[[82.1831646,26.780956],[82.1833774,26.7814477],[82.183384,26.7814758],[82.183384,26.7815097],[82.183379,26.7815836],[82.183379,26.7816249],[82.183384,26.7816618],[82.1834022,26.7817209],[82.1834849,26.781876],[82.1835147,26.7819144],[82.1835808,26.7819601],[82.1836305,26.7819779],[82.1836966,26.7819808],[82.184124,26.7819496],[82.1845731,26.7819168]]}},{"type":"Feature","properties":{"id":"way/955308377","kind":"road","class":"residential","name":""},"geometry":{"type":"LineString","coordinates":[[82.1841333,26.782264],[82.184124,26.7819496]]}},{"type":"Feature","properties":{"id":"way/955308378","kind":"road","class":"residential","name":""},"geometry":{"type":"LineString","coordinates":[[82.1829686,26.7810531],[82.1831635,26.7815274],[82.1831809,26.7815482],[82.1832085,26.781562],[82.183379,26.7815836]]}},{"type":"Feature","properties":{"id":"way/955308379","kind":"road","class":"residential","name":""},"geometry":{"type":"LineString","coordinates":[[82.1831162,26.7809754],[82.1829101,26.7805205],[82.1827535,26.7802368],[82.1826317,26.7799954],[82.1825586,26.7798514],[82.1825564,26.7798144],[82.1825695,26.779791],[82.1826864,26.7797189],[82.1829646,26.7795748],[82.183065,26.7795163],[82.1831479,26.7794637],[82.1831938,26.77945],[82.183268,26.7794403],[82.1834055,26.7794403],[82.1834994,26.7794345],[82.1836092,26.7794241]]}},{"type":"Feature","properties":{"id":"way/955308380","kind":"road","class":"residential","name":""},"geometry":{"type":"LineString","coordinates":[[82.1819589,26.7800382],[82.1820976,26.7803418],[82.1821204,26.7803706],[82.1821451,26.7803876],[82.1821888,26.7804029],[82.182242,26.7804012],[82.1825707,26.7802824],[82.1827535,26.7802368]]}},{"type":"Feature","properties":{"id":"way/955308381","kind":"road","class":"residential","name":""},"geometry":{"type":"LineString","coordinates":[[82.1807614,26.7805427],[82.1809144,26.780245],[82.1810021,26.7801421],[82.1811726,26.7799966],[82.1812804,26.7799361],[82.1814259,26.7798757],[82.1816358,26.7798152],[82.181822,26.7797615],[82.1822513,26.7796352],[82.1825294,26.7795424],[82.1825598,26.7795373],[82.1825826,26.779543],[82.1825967,26.779558],[82.1826864,26.7797189]]}},{"type":"Feature","properties":{"id":"way/955308382","kind":"road","class":"residential","name":""},"geometry":{"type":"LineString","coordinates":[[82.1810519,26.779498],[82.1812804,26.7799361]]}},{"type":"Feature","properties":{"id":"way/955308383","kind":"road","class":"residential","name":""},"geometry":{"type":"LineString","coordinates":[[82.1814656,26.7794488],[82.1816358,26.7798152]]}},{"type":"Feature","properties":{"id":"way/955308384","kind":"road","class":"residential","name":""},"geometry":{"type":"LineString","coordinates":[[82.1816511,26.7792898],[82.1820861,26.7791547],[82.182644,26.7789653],[82.1829172,26.7788825],[82.1833332,26.7787773]]}},{"type":"Feature","properties":{"id":"way/955308385","kind":"road","class":"residential","name":""},"geometry":{"type":"LineString","coordinates":[[82.1822513,26.7796352],[82.1820861,26.7791547]]}},{"type":"Feature","properties":{"id":"way/955308386","kind":"road","class":"residential","name":""},"geometry":{"type":"LineString","coordinates":[[82.1835376,26.779116],[82.1836053,26.779103],[82.1836737,26.779081],[82.1840611,26.7789006]]}},{"type":"Feature","properties":{"id":"way/955308387","kind":"road","class":"residential","name":""},"geometry":{"type":"LineString","coordinates":[[82.1853601,26.7770946],[82.1855342,26.7774517]]}},{"type":"Feature","properties":{"id":"way/955308388","kind":"road","class":"residential","name":""},"geometry":{"type":"LineString","coordinates":[[82.1855532,26.7774446],[82.1858096,26.7777872]]}},{"type":"Feature","properties":{"id":"way/955310222","kind":"road","class":"residential","name":""},"geometry":{"type":"LineString","coordinates":[[82.1851774,26.7775869],[82.1853486,26.7780114],[82.18536,26.7780284],[82.185379,26.7780386],[82.1854056,26.7780386],[82.1855899,26.777986],[82.1856165,26.777986],[82.1856412,26.7779962],[82.1856545,26.7780131],[82.1857381,26.7782167],[82.1857514,26.7782303],[82.185778,26.7782387],[82.185816,26.7782353],[82.1860611,26.7781743],[82.1864183,26.7781658],[82.1867957,26.778158]]}},{"type":"Feature","properties":{"id":"way/955310223","kind":"road","class":"residential","name":""},"geometry":{"type":"LineString","coordinates":[[82.184443,26.7788481],[82.1848447,26.7796827]]}},{"type":"Feature","properties":{"id":"way/955310224","kind":"road","class":"residential","name":""},"geometry":{"type":"LineString","coordinates":[[82.1838998,26.7799029],[82.1841441,26.779788],[82.1842161,26.7797412],[82.1842903,26.7796906],[82.1845459,26.7795626]]}},{"type":"Feature","properties":{"id":"way/955310225","kind":"road","class":"residential","name":""},"geometry":{"type":"LineString","coordinates":[[82.1835619,26.7800532],[82.1839212,26.7799434]]}},{"type":"Feature","properties":{"id":"way/955310226","kind":"road","class":"residential","name":""},"geometry":{"type":"LineString","coordinates":[[82.1841541,26.7806177],[82.1845499,26.7804638]]}},{"type":"Feature","properties":{"id":"way/955310227","kind":"road","class":"residential","name":""},"geometry":{"type":"LineString","coordinates":[[82.1840649,26.781264],[82.183788,26.7807174]]}},{"type":"Feature","properties":{"id":"way/955310228","kind":"road","class":"residential","name":""},"geometry":{"type":"LineString","coordinates":[[82.183384,26.7814758],[82.183568,26.7814025],[82.1835873,26.7814008],[82.1836082,26.7814093],[82.1836253,26.7814347],[82.1836861,26.7815942]]}},{"type":"Feature","properties":{"id":"way/955310229","kind":"road","class":"residential","name":""},"geometry":{"type":"LineString","coordinates":[[82.1850856,26.7815214],[82.1856123,26.7814199],[82.1856599,26.7814177],[82.1856925,26.7814378],[82.1857201,26.7814804],[82.1859558,26.7824115],[82.1860109,26.7826756],[82.1860212,26.7827819],[82.1859964,26.7829866]]}},{"type":"Feature","properties":{"id":"way/955310230","kind":"road","class":"residential","name":""},"geometry":{"type":"LineString","coordinates":[[82.186098,26.7784558],[82.1861493,26.7786759],[82.1861769,26.7787542],[82.186212,26.7788236],[82.1863472,26.7790336]]}},{"type":"Feature","properties":{"id":"way/955310231","kind":"road","class":"residential","name":""},"geometry":{"type":"LineString","coordinates":[[82.1863315,26.7777658],[82.1865221,26.7777417],[82.1865436,26.7777328],[82.1865519,26.7777255],[82.1865569,26.7777107],[82.1865443,26.777539]]}},{"type":"Feature","properties":{"id":"way/955313917","kind":"road","class":"residential","name":""},"geometry":{"type":"LineString","coordinates":[[82.1791897,26.7781426],[82.1792319,26.7781255],[82.1797169,26.7779419]]}},{"type":"Feature","properties":{"id":"way/955313928","kind":"road","class":"residential","name":""},"geometry":{"type":"LineString","coordinates":[[82.1817823,26.7741462],[82.1819791,26.7745844]]}},{"type":"Feature","properties":{"id":"way/955313929","kind":"road","class":"service","name":""},"geometry":{"type":"LineString","coordinates":[[82.1836456,26.7776919],[82.1835321,26.7773845]]}},{"type":"Feature","properties":{"id":"way/955313930","kind":"road","class":"residential","name":""},"geometry":{"type":"LineString","coordinates":[[82.1829572,26.77832],[82.1833088,26.7781443]]}},{"type":"Feature","properties":{"id":"way/955313931","kind":"road","class":"residential","name":""},"geometry":{"type":"LineString","coordinates":[[82.1877063,26.7769708],[82.1874915,26.7765269]]}},{"type":"Feature","properties":{"id":"way/955314789","kind":"road","class":"residential","name":""},"geometry":{"type":"LineString","coordinates":[[82.1903298,26.7721771],[82.1905781,26.7720559],[82.1906283,26.7720306],[82.1906741,26.7719916],[82.190715,26.7719446],[82.190732,26.7719316],[82.1907522,26.7719303],[82.1907752,26.7719342],[82.1907946,26.7719453],[82.1908164,26.7719726],[82.1909715,26.7722186],[82.1911772,26.772563]]}},{"type":"Feature","properties":{"id":"way/955314790","kind":"road","class":"residential","name":""},"geometry":{"type":"LineString","coordinates":[[82.1950325,26.779205],[82.1951993,26.7791764],[82.1952354,26.7791747],[82.1952658,26.7791849],[82.1952962,26.7792052],[82.1953285,26.779246],[82.1953988,26.7794054],[82.1956827,26.780205]]}},{"type":"Feature","properties":{"id":"way/955561626","kind":"road","class":"unclassified","name":""},"geometry":{"type":"LineString","coordinates":[[82.2252546,26.7764418],[82.225214,26.7764563],[82.2250879,26.7764799],[82.2249781,26.7764824],[82.2248451,26.7764493],[82.2247092,26.7763822],[82.22458,26.7762924],[82.2244293,26.7761547],[82.2239803,26.7757413],[82.2236163,26.7754353],[82.2234802,26.7753387],[82.2232791,26.7752131],[82.2223688,26.7746023],[82.2221987,26.7744929],[82.2217674,26.7742156],[82.2209334,26.7735873],[82.2202987,26.7731325],[82.2200889,26.7729945],[82.2199249,26.7729071],[82.2197563,26.7728794],[82.2191145,26.7728512],[82.2170143,26.7727533],[82.2167599,26.7727834],[82.2160133,26.773041],[82.2158338,26.773085]]}},{"type":"Feature","properties":{"id":"way/955561627","kind":"road","class":"unclassified","name":""},"geometry":{"type":"LineString","coordinates":[[82.2252546,26.7764418],[82.2253115,26.7763964],[82.2255128,26.7761986],[82.2259559,26.7756593],[82.2262612,26.7753079],[82.2263126,26.7752642],[82.2263546,26.7752454],[82.226399,26.7752475],[82.2264784,26.7752829],[82.2265858,26.7753184],[82.2266979,26.775335],[82.226894,26.7753455],[82.2269921,26.7753392],[82.2270902,26.7753184],[82.2275294,26.775116],[82.2278253,26.7749545],[82.2282132,26.7747428],[82.2283406,26.7746891],[82.2287157,26.7745848],[82.2290363,26.7744879],[82.2292396,26.7744153],[82.229394,26.7743282],[82.2296945,26.774139],[82.229741,26.7741155],[82.2297888,26.7740981],[82.2298277,26.7740934],[82.2298666,26.7740997],[82.229902,26.7741186],[82.229941,26.7741534],[82.2299856,26.7742244],[82.2300029,26.7742861],[82.2300513,26.7744877],[82.2300613,26.7745294],[82.230096,26.7746298],[82.2301474,26.7747361],[82.2304066,26.7751197],[82.230879,26.7758403],[82.2310439,26.7760581],[82.2312308,26.7762603],[82.2312917,26.7763061],[82.2313306,26.7763267],[82.2313749,26.7763346],[82.2314262,26.7763235],[82.2318152,26.7761393]]}},{"type":"Feature","properties":{"id":"way/955561628","kind":"road","class":"unclassified","name":""},"geometry":{"type":"LineString","coordinates":[[82.2287339,26.7777649],[82.2280427,26.7784139],[82.2279043,26.7785256],[82.2277659,26.7786627],[82.2276441,26.7788722],[82.2275755,26.7789706],[82.2275068,26.7790473],[82.2274163,26.7791116],[82.2273043,26.7791714],[82.2269897,26.7792647],[82.2269197,26.7792969],[82.226868,26.7793436],[82.2268255,26.7794044],[82.2267528,26.7795479],[82.2266338,26.7798655],[82.2265665,26.7799674],[82.2263914,26.7801695],[82.2262581,26.7803058],[82.2261188,26.7804188],[82.2258401,26.7806194],[82.225699,26.7807008],[82.225604,26.7807556],[82.2255621,26.7808089],[82.2255471,26.7808807],[82.2255415,26.7809572],[82.2255293,26.7810048],[82.2255081,26.7810305],[82.2254871,26.7810542],[82.2253785,26.7811814]]}},{"type":"Feature","properties":{"id":"way/955565246","kind":"road","class":"residential","name":""},"geometry":{"type":"LineString","coordinates":[[82.2273847,26.7856686],[82.2279224,26.7854189],[82.2284727,26.7852503],[82.2285129,26.7852264],[82.2285397,26.7852],[82.2285478,26.7851641],[82.2285563,26.7844261],[82.2286118,26.7839145],[82.2286055,26.7834404],[82.2286136,26.7834005],[82.2286278,26.7833787],[82.2286542,26.7833606],[82.228827,26.7833315],[82.2289571,26.7833025],[82.2292559,26.7832045],[82.2294926,26.783151],[82.229551,26.7831218],[82.2296,26.7830801],[82.2297355,26.7829071],[82.2297845,26.7828591],[82.2298499,26.7828112],[82.2301254,26.7826653],[82.2303706,26.782561],[82.2304873,26.7825068],[82.2305527,26.7824631],[82.2306718,26.7823672],[82.2307122,26.7823344],[82.2307494,26.7823107],[82.2307817,26.7823064]]}},{"type":"Feature","properties":{"id":"way/955565247","kind":"road","class":"residential","name":""},"geometry":{"type":"LineString","coordinates":[[82.2303057,26.7818936],[82.2302732,26.7819626],[82.2302691,26.7819826],[82.2302793,26.782008],[82.2302996,26.7820315],[82.2305506,26.7822183],[82.2306242,26.7822579],[82.2307103,26.7822922],[82.2307494,26.7823107]]}},{"type":"Feature","properties":{"id":"way/955565248","kind":"road","class":"residential","name":""},"geometry":{"type":"LineString","coordinates":[[82.2393615,26.7768911],[82.2399223,26.7759719],[82.2400394,26.7757821],[82.2401565,26.7756446],[82.2404646,26.7753695],[82.2406433,26.775221],[82.2407419,26.7751109],[82.2407973,26.7750257],[82.2411547,26.7743875],[82.2414872,26.7738552],[82.2415553,26.7737741],[82.2416754,26.7736448],[82.2418942,26.773455],[82.2423872,26.7730231],[82.2426583,26.7727838],[82.2428031,26.7726408],[82.2428524,26.772572],[82.2429017,26.7724812],[82.2431174,26.7719063],[82.2432036,26.7715845],[82.2432283,26.7715102],[82.2432591,26.7714525],[82.2433515,26.7713259],[82.2436381,26.7710178],[82.2436516,26.771]]}},{"type":"Feature","properties":{"id":"way/955566720","kind":"road","class":"residential","name":""},"geometry":{"type":"LineString","coordinates":[[82.2374296,26.771],[82.2375212,26.7711019],[82.2377042,26.7713161],[82.2377306,26.7713378],[82.2377753,26.7713596],[82.2378526,26.7713741],[82.2380314,26.7714141],[82.2380762,26.771434],[82.2381107,26.7714594],[82.2382164,26.7715937],[82.2382774,26.7716554],[82.238314,26.7716809],[82.2383587,26.7716954],[82.2384046,26.7716962],[82.2385448,26.7716714],[82.2386003,26.7716714],[82.2386757,26.7716852],[82.2388291,26.7717302],[82.2388921,26.7717411],[82.2389491,26.7717411],[82.2390222,26.7717266],[82.2392987,26.7716576],[82.2397845,26.7715506],[82.2401057,26.7714598],[82.2401463,26.771458],[82.2401748,26.7714689],[82.2401992,26.7714979],[82.2403008,26.7717321],[82.2404045,26.7719389],[82.2406098,26.7723963],[82.2406586,26.7725469],[82.2406769,26.7726504],[82.2406687,26.7727175],[82.2406545,26.7727538],[82.2406261,26.7727901],[82.2405508,26.7728373],[82.2401911,26.7729843],[82.2401565,26.7730115],[82.2401423,26.773046],[82.2401362,26.7730859],[82.2401443,26.7731186],[82.2401992,26.7732238],[82.2405305,26.7736957],[82.2407114,26.7739207],[82.2407399,26.7739371],[82.2407846,26.7739461],[82.2408334,26.7739371],[82.2410773,26.7738318],[82.2411647,26.7738082],[82.2412318,26.7738028],[82.241305,26.7738118],[82.2414872,26.7738552]]}},{"type":"Feature","properties":{"id":"way/955568200","kind":"road","class":"residential","name":""},"geometry":{"type":"LineString","coordinates":[[82.2199249,26.7729071],[82.2202626,26.7726245],[82.2208033,26.7722197],[82.221153,26.771953],[82.2212424,26.7718749],[82.2214863,26.7715973],[82.2217485,26.7713014],[82.2219687,26.771]]}},{"type":"Feature","properties":{"id":"way/955568201","kind":"road","class":"residential","name":""},"geometry":{"type":"LineString","coordinates":[[82.2299856,26.7742244],[82.2301252,26.7741737],[82.2301991,26.7741338],[82.2302639,26.7740801],[82.2304318,26.7739123],[82.2305534,26.773743],[82.2305871,26.7737035],[82.2306472,26.7736482],[82.2306915,26.773615],[82.2307215,26.7735786],[82.230741,26.773536],[82.2307799,26.7733369],[82.2308012,26.7732895],[82.2308419,26.77322],[82.2308843,26.7731758],[82.2310525,26.7730604],[82.2312648,26.7729309],[82.2314878,26.7727713],[82.2316311,26.7726449],[82.2316931,26.7725754],[82.2317373,26.7724996],[82.2317833,26.7723906],[82.2318081,26.7722831],[82.2318205,26.7720588],[82.2318169,26.7719577],[82.2318045,26.7718961],[82.2317745,26.7717902],[82.2317373,26.7717033],[82.231638,26.7715486],[82.2315639,26.7714331],[82.231509,26.7713178],[82.2314949,26.7712742],[82.2314182,26.7710381],[82.2314065,26.771]]}},{"type":"Feature","properties":{"id":"way/955568202","kind":"road","class":"residential","name":""},"geometry":{"type":"LineString","coordinates":[[82.2314182,26.7710381],[82.231682,26.771]]}},{"type":"Feature","properties":{"id":"way/955568203","kind":"road","class":"residential","name":""},"geometry":{"type":"LineString","coordinates":[[82.2314949,26.7712742],[82.2320071,26.7711526]]}},{"type":"Feature","properties":{"id":"way/955568204","kind":"road","class":"residential","name":""},"geometry":{"type":"LineString","coordinates":[[82.231638,26.7715486],[82.2319847,26.7714666]]}},{"type":"Feature","properties":{"id":"way/955568205","kind":"road","class":"residential","name":""},"geometry":{"type":"LineString","coordinates":[[82.2307215,26.7735786],[82.2308583,26.7737328],[82.2310303,26.7739259],[82.2310708,26.7739579],[82.2311035,26.7739704],[82.2311409,26.7739725],[82.2311736,26.7739642],[82.231316,26.7738599]]}},{"type":"Feature","properties":{"id":"way/955568206","kind":"road","class":"residential","name":""},"geometry":{"type":"LineString","coordinates":[[82.2308583,26.7737328],[82.2310965,26.7736327],[82.2311595,26.7735931],[82.231288,26.7734909],[82.2314888,26.7732908],[82.231632,26.7731293]]}},{"type":"Feature","properties":{"id":"way/955568207","kind":"road","class":"residential","name":""},"geometry":{"type":"LineString","coordinates":[[82.2300513,26.7744877],[82.2303159,26.7743437],[82.2303719,26.7743208],[82.2304537,26.774302],[82.2305354,26.7742749],[82.2307339,26.7741644],[82.2308553,26.7740686],[82.2310303,26.7739259]]}},{"type":"Feature","properties":{"id":"way/955568208","kind":"road","class":"service","name":""},"geometry":{"type":"LineString","coordinates":[[82.2275294,26.775116],[82.2279074,26.775344],[82.2279297,26.7753621],[82.2279399,26.7753839],[82.2279419,26.7754111],[82.2278545,26.7755618]]}},{"type":"Feature","properties":{"id":"way/955570535","kind":"road","class":"residential","name":""},"geometry":{"type":"LineString","coordinates":[[82.2345867,26.7796147],[82.2347642,26.7795001],[82.2349253,26.7794167],[82.2350295,26.7793738],[82.2350465,26.77936],[82.2350557,26.7793463],[82.2350542,26.7793311],[82.2350003,26.7792514],[82.2349926,26.7792128],[82.2349972,26.7791771],[82.2350064,26.7791221],[82.2350095,26.7790987],[82.2350064,26.7790781],[82.234991,26.7790506],[82.2347569,26.7788525],[82.2345319,26.7786737],[82.234478,26.7786228],[82.2344657,26.7785953],[82.2344565,26.7785596],[82.2344534,26.7785101],[82.2344934,26.7783203],[82.2345473,26.7781607],[82.2346459,26.7779091],[82.2347106,26.7778087],[82.234857,26.7775528],[82.2349741,26.7773658],[82.2351235,26.7771664],[82.2351913,26.7770619],[82.2352298,26.7769807],[82.2353376,26.7767593],[82.2353684,26.7766451],[82.2354285,26.7763508],[82.2354532,26.7762532],[82.2354809,26.7761775],[82.2355456,26.7760551],[82.2355857,26.775985],[82.2356041,26.7759258],[82.2356319,26.7757071],[82.2356442,26.7756343],[82.2356627,26.7755861],[82.2357289,26.7754701]]}},{"type":"Feature","properties":{"id":"way/955570536","kind":"road","class":"service","name":""},"geometry":{"type":"LineString","coordinates":[[82.2311397,26.7771431],[82.2316021,26.7772764],[82.2316504,26.777298],[82.2316772,26.7773243],[82.2316933,26.7773602],[82.2317255,26.777559]]}},{"type":"Feature","properties":{"id":"way/955570537","kind":"road","class":"service","name":""},"geometry":{"type":"LineString","coordinates":[[82.230207,26.7782409],[82.2302528,26.778293],[82.2302913,26.7783301],[82.2303299,26.7783549],[82.2304007,26.7783824],[82.23082,26.7785093]]}},{"type":"Feature","properties":{"id":"way/955570538","kind":"road","class":"residential","name":""},"geometry":{"type":"LineString","coordinates":[[82.2278253,26.7749545],[82.2279584,26.775042],[82.2283204,26.7752579],[82.2283975,26.7753115],[82.2284606,26.7753707],[82.228553,26.7754862],[82.2285839,26.7755137],[82.22861,26.7755233],[82.2286501,26.7755247],[82.2288334,26.7754793],[82.2289027,26.7754683],[82.2289459,26.7754697],[82.2290183,26.7754793]]}},{"type":"Feature","properties":{"id":"way/955574625","kind":"road","class":"track","name":"","surface":"unpaved"},"geometry":{"type":"LineString","coordinates":[[82.2332621,26.7747977],[82.2332151,26.7746716],[82.2332104,26.7746393],[82.2332127,26.774608],[82.2332374,26.7745563],[82.2336387,26.7739096],[82.2340449,26.7731174],[82.2343392,26.7726025],[82.2348599,26.7717207],[82.2353262,26.771]]}},{"type":"Feature","properties":{"id":"way/955574626","kind":"road","class":"service","name":""},"geometry":{"type":"LineString","coordinates":[[82.2239803,26.7757413],[82.2240872,26.7752802],[82.2241563,26.7748573],[82.2242993,26.774429]]}},{"type":"Feature","properties":{"id":"way/955574627","kind":"road","class":"residential","name":""},"geometry":{"type":"LineString","coordinates":[[82.2238666,26.771],[82.2239068,26.7711148]]}},{"type":"Feature","properties":{"id":"way/955574628","kind":"road","class":"track","name":"","surface":"unpaved"},"geometry":{"type":"LineString","coordinates":[[82.2239068,26.7711148],[82.2239306,26.7716567],[82.2239659,26.7726489],[82.2239592,26.7726681],[82.2239457,26.7726777],[82.2239283,26.7726848],[82.2239055,26.7726837],[82.2237486,26.772607],[82.2237178,26.7725986],[82.2236909,26.7725962],[82.2236561,26.7725998],[82.2236333,26.7726094],[82.2235904,26.7726465],[82.2233425,26.7730373],[82.2230151,26.7735729],[82.2228753,26.7738399],[82.2226311,26.7742933],[82.2225054,26.7745161],[82.2224754,26.7745493],[82.222447,26.7745682],[82.2223688,26.7746023]]}},{"type":"Feature","properties":{"id":"way/955574629","kind":"road","class":"residential","name":"","surface":"unpaved"},"geometry":{"type":"LineString","coordinates":[[82.2192826,26.7713924],[82.2192318,26.7718085],[82.2191145,26.7728512]]}},{"type":"Feature","properties":{"id":"way/955574630","kind":"road","class":"residential","name":"","surface":"unpaved"},"geometry":{"type":"LineString","coordinates":[[82.2188529,26.771389],[82.2192078,26.7713924],[82.2192826,26.7713924],[82.2194826,26.7713924],[82.2195083,26.771384],[82.2195293,26.7713694],[82.219541,26.7713402],[82.2195565,26.771]]}},{"type":"Feature","properties":{"id":"way/955574631","kind":"road","class":"residential","name":"","surface":"unpaved"},"geometry":{"type":"LineString","coordinates":[[82.2192258,26.771],[82.2192078,26.7713924]]}},{"type":"Feature","properties":{"id":"way/955574632","kind":"road","class":"residential","name":"","surface":"unpaved"},"geometry":{"type":"LineString","coordinates":[[82.2188781,26.771],[82.2188771,26.7710142],[82.2188529,26.771389],[82.2188327,26.771671],[82.2188388,26.7716934],[82.2188552,26.7717125],[82.218882,26.771723],[82.2190321,26.7717442],[82.2191028,26.7717571],[82.2191587,26.7717732],[82.2192318,26.7718085]]}},{"type":"Feature","properties":{"id":"way/955574633","kind":"road","class":"service","name":""},"geometry":{"type":"LineString","coordinates":[[82.2221872,26.7769441],[82.2220958,26.7768135],[82.2220795,26.7767627],[82.2220734,26.7767118],[82.2220815,26.7764796],[82.2221202,26.7757754],[82.2221446,26.7751239],[82.2221712,26.7746829],[82.2221987,26.7744929]]}},{"type":"Feature","properties":{"id":"way/955574634","kind":"road","class":"residential","name":""},"geometry":{"type":"LineString","coordinates":[[82.2259578,26.7799079],[82.2263914,26.7801695]]}},{"type":"Feature","properties":{"id":"way/955574635","kind":"road","class":"service","name":""},"geometry":{"type":"LineString","coordinates":[[82.2249077,26.7802955],[82.2255832,26.780022],[82.2255967,26.7800146],[82.2256044,26.7799994],[82.225604,26.7799837],[82.2255813,26.779899]]}},{"type":"Feature","properties":{"id":"way/955574636","kind":"road","class":"residential","name":""},"geometry":{"type":"LineString","coordinates":[[82.2256986,26.7801549],[82.2256335,26.7803364],[82.2256288,26.7803808],[82.225699,26.7807008]]}},{"type":"Feature","properties":{"id":"way/955574637","kind":"road","class":"residential","name":""},"geometry":{"type":"LineString","coordinates":[[82.2280427,26.7784139],[82.2281346,26.7785074],[82.228312,26.7787034],[82.2286145,26.7790925],[82.2286369,26.7791052],[82.2286673,26.7791107],[82.2286978,26.7791089],[82.2287629,26.7790834],[82.2287954,26.7790744],[82.2288259,26.7790762],[82.2288645,26.7790907],[82.2289072,26.779127],[82.2290454,26.7792903],[82.2290942,26.7793375],[82.2292264,26.7794119],[82.2295313,26.7795716],[82.229546,26.7795842],[82.2295514,26.7795998],[82.22955,26.7796178],[82.2295272,26.7796872],[82.2295259,26.7797111],[82.2295326,26.7797339],[82.2295487,26.7797602],[82.2296345,26.779862]]}},{"type":"Feature","properties":{"id":"way/955574638","kind":"road","class":"residential","name":""},"geometry":{"type":"LineString","coordinates":[[82.2255293,26.7810048],[82.2255775,26.7810389],[82.22562,26.7810816],[82.2256943,26.7811985],[82.2258712,26.7815855]]}},{"type":"Feature","properties":{"id":"way/955574639","kind":"road","class":"residential","name":""},"geometry":{"type":"LineString","coordinates":[[82.2262596,26.7831509],[82.2263683,26.7829697],[82.2264085,26.7829242],[82.2264622,26.7828979],[82.2265668,26.7828883],[82.2267975,26.7829362],[82.2269235,26.782941],[82.2270308,26.7829266],[82.2271622,26.7828835]]}},{"type":"Feature","properties":{"id":"way/955584150","kind":"road","class":"service","name":""},"geometry":{"type":"LineString","coordinates":[[82.2168169,26.7794487],[82.2171873,26.7793141],[82.2172737,26.7792703],[82.217318,26.7792349],[82.217325,26.7792078],[82.217318,26.7791619],[82.2172661,26.778921],[82.2172527,26.7788324],[82.2172527,26.7787486],[82.2172848,26.7785499],[82.2174163,26.7779153],[82.2175019,26.7776208]]}},{"type":"Feature","properties":{"id":"way/955584151","kind":"road","class":"residential","name":""},"geometry":{"type":"LineString","coordinates":[[82.2194014,26.777453],[82.2193573,26.7774632],[82.2193188,26.7774645],[82.2189614,26.7774247],[82.2189013,26.777426],[82.2188859,26.7774315],[82.2188751,26.7774439],[82.2188705,26.7774618],[82.2188582,26.7777025],[82.218852,26.7777231],[82.2188351,26.7777355],[82.2187983,26.777738],[82.2184674,26.7777001],[82.2178771,26.7776669],[82.217523,26.7776301],[82.2175019,26.7776208],[82.217494,26.7776019],[82.2175531,26.7772089],[82.2176201,26.7768162],[82.2177569,26.776208],[82.2178539,26.7758805],[82.217891,26.7757554],[82.2179742,26.7755207],[82.21806,26.7753459],[82.2182022,26.775128],[82.2183198,26.7749752]]}},{"type":"Feature","properties":{"id":"way/955584152","kind":"road","class":"residential","name":""},"geometry":{"type":"LineString","coordinates":[[82.2192821,26.7782784],[82.2193388,26.7780747],[82.2193791,26.7778382],[82.2194014,26.777453],[82.2194091,26.7774101],[82.219499,26.7769584],[82.2195512,26.7765934],[82.2195539,26.776409],[82.2195359,26.7760792],[82.2195412,26.7760089],[82.2195516,26.7759557],[82.2196009,26.7758124]]}},{"type":"Feature","properties":{"id":"way/955584153","kind":"road","class":"residential","name":""},"geometry":{"type":"LineString","coordinates":[[82.2133086,26.7831108],[82.2141538,26.7831028],[82.214288,26.7830883],[82.2144221,26.7830592],[82.2145197,26.7830157],[82.214845,26.782827],[82.2151622,26.7826413],[82.2155897,26.7823912],[82.2156822,26.7823692],[82.2157383,26.782366],[82.2157711,26.7823781],[82.2160015,26.7825581],[82.2160922,26.7826314],[82.2165028,26.7829283],[82.2166153,26.7830321],[82.2166833,26.7831242],[82.2167431,26.7831945],[82.2170461,26.7834627],[82.2177408,26.7840637],[82.2183282,26.7844947],[82.2186555,26.7847197],[82.2192268,26.7851005],[82.2193797,26.7852154],[82.2194467,26.7853231],[82.2195218,26.7854429],[82.219554,26.785474],[82.219613,26.7854979],[82.2197847,26.7855171],[82.2201012,26.7854788],[82.220702,26.7853447],[82.2210614,26.7853064],[82.2216969,26.7852198]]}},{"type":"Feature","properties":{"id":"way/955584154","kind":"road","class":"service","name":""},"geometry":{"type":"LineString","coordinates":[[82.2186555,26.7847197],[82.218689,26.7846547],[82.2187077,26.7846047],[82.2188051,26.7841373],[82.2188369,26.7839746],[82.218883,26.7836144],[82.2189166,26.783398],[82.218936,26.7833254],[82.2190688,26.7828435]]}},{"type":"Feature","properties":{"id":"way/955585435","kind":"road","class":"service","name":""},"geometry":{"type":"LineString","coordinates":[[82.2367918,26.7790189],[82.2367677,26.7790798],[82.2367443,26.7791152],[82.2365575,26.7793174],[82.2365318,26.7793508],[82.2365108,26.7793925],[82.2365038,26.7794383],[82.2365178,26.779824],[82.2365132,26.7800929],[82.2364921,26.7803368],[82.2364968,26.780366],[82.2365108,26.7803931],[82.2365343,26.7804125],[82.2369301,26.7805606]]}},{"type":"Feature","properties":{"id":"way/955585436","kind":"road","class":"service","name":""},"geometry":{"type":"LineString","coordinates":[[82.2367776,26.7808032],[82.2372715,26.7809734]]}},{"type":"Feature","properties":{"id":"way/955585437","kind":"road","class":"residential","name":""},"geometry":{"type":"LineString","coordinates":[[82.2381239,26.7779562],[82.2383313,26.7784739],[82.2383744,26.7785427],[82.2385408,26.7787875]]}},{"type":"Feature","properties":{"id":"way/955586453","kind":"road","class":"residential","name":""},"geometry":{"type":"LineString","coordinates":[[82.1489789,26.7843557],[82.1487419,26.7838565],[82.149358,26.7836304],[82.1494075,26.7836278]]}},{"type":"Feature","properties":{"id":"way/955588222","kind":"road","class":"residential","name":""},"geometry":{"type":"LineString","coordinates":[[82.223439,26.7822201],[82.2234834,26.782045],[82.223488,26.7820179],[82.223481,26.7819887],[82.2234554,26.7819512],[82.2234203,26.7819157],[82.2234157,26.7818886],[82.2234157,26.7818595],[82.2234622,26.7816484]]}},{"type":"Feature","properties":{"id":"way/955588225","kind":"road","class":"service","name":""},"geometry":{"type":"LineString","coordinates":[[82.2309055,26.776798],[82.2310411,26.7766508],[82.2310565,26.7766302],[82.2310657,26.7766123],[82.2310703,26.7765903],[82.2310642,26.7765697],[82.2310164,26.7764803],[82.2310149,26.7764555],[82.231021,26.7764321],[82.2310334,26.7764156],[82.2312308,26.7762603]]}},{"type":"Feature","properties":{"id":"way/955610110","kind":"road","class":"residential","name":""},"geometry":{"type":"LineString","coordinates":[[82.1480262,26.7862126],[82.148068,26.7863554],[82.1482105,26.7867376],[82.1483166,26.7870843],[82.1483776,26.7872582],[82.1484085,26.7873455],[82.148453,26.7874376],[82.1485105,26.7875319],[82.1486253,26.7877092]]}},{"type":"Feature","properties":{"id":"way/955650750","kind":"road","class":"residential","name":""},"geometry":{"type":"LineString","coordinates":[[82.1491088,26.7850975],[82.1494816,26.7854109],[82.1495927,26.7855575],[82.1496457,26.7856319],[82.1496911,26.7857086],[82.1497498,26.7858582],[82.1498552,26.7861131],[82.1499668,26.7864234],[82.1503391,26.787217]]}},{"type":"Feature","properties":{"id":"way/955767029","kind":"road","class":"residential","name":""},"geometry":{"type":"LineString","coordinates":[[82.148,26.7957126],[82.1480567,26.7957645],[82.1486313,26.7962671]]}},{"type":"Feature","properties":{"id":"way/955767031","kind":"road","class":"residential","name":""},"geometry":{"type":"LineString","coordinates":[[82.148,26.7961758],[82.1483525,26.7964805]]}},{"type":"Feature","properties":{"id":"way/955781257","kind":"road","class":"residential","name":""},"geometry":{"type":"LineString","coordinates":[[82.1497712,26.8018019],[82.14981,26.8017485],[82.1498426,26.8016866],[82.1498782,26.8016014],[82.1498966,26.8015092],[82.1498979,26.8014413],[82.1498866,26.8013735],[82.1495579,26.8007739]]}},{"type":"Feature","properties":{"id":"way/955781258","kind":"road","class":"residential","name":""},"geometry":{"type":"LineString","coordinates":[[82.1507406,26.800916],[82.1507291,26.8011357],[82.1507031,26.8014303],[82.1506662,26.8016707],[82.1506536,26.8017811],[82.1506333,26.8019363]]}},{"type":"Feature","properties":{"id":"way/955795582","kind":"road","class":"residential","name":""},"geometry":{"type":"LineString","coordinates":[[82.150409,26.7954044],[82.1501598,26.7956409],[82.1495567,26.7961452],[82.1492596,26.7963688],[82.1492581,26.7963924],[82.1492683,26.7964172],[82.1495041,26.7966786],[82.1496241,26.796804],[82.1496256,26.7968223],[82.1496153,26.7968445],[82.1495275,26.7969229],[82.1495172,26.7969347],[82.1495128,26.7969595],[82.1495187,26.7969844],[82.149608,26.7971268],[82.1498291,26.797464],[82.1503371,26.7982742]]}},{"type":"Feature","properties":{"id":"way/955798241","kind":"road","class":"residential","name":""},"geometry":{"type":"LineString","coordinates":[[82.1494984,26.7939771],[82.1489047,26.7943786],[82.1488491,26.7944165]]}},{"type":"Feature","properties":{"id":"way/955798242","kind":"road","class":"residential","name":""},"geometry":{"type":"LineString","coordinates":[[82.1496093,26.7956639],[82.1488491,26.7944165],[82.148753,26.7942526],[82.1487311,26.7942379],[82.1487019,26.7942379],[82.1484208,26.794391],[82.1480799,26.794575],[82.148,26.7946217]]}},{"type":"Feature","properties":{"id":"way/955822326","kind":"road","class":"unclassified","name":""},"geometry":{"type":"LineString","coordinates":[[82.2129426,26.801001],[82.2133468,26.8009573],[82.2135621,26.8009282],[82.2137935,26.8009104],[82.2140593,26.800914],[82.2140931,26.8009105],[82.2146138,26.8011333],[82.2146526,26.8011499],[82.2147875,26.8011971]]}},{"type":"Feature","properties":{"id":"way/955822327","kind":"road","class":"unclassified","name":"","bridge":"yes"},"geometry":{"type":"LineString","coordinates":[[82.2147875,26.8011971],[82.2149054,26.801243]]}},{"type":"Feature","properties":{"id":"way/955822338","kind":"road","class":"primary","name":""},"geometry":{"type":"LineString","coordinates":[[82.2144901,26.804263],[82.2145443,26.8043618]]}},{"type":"Feature","properties":{"id":"way/955822339","kind":"road","class":"primary","name":"","bridge":"yes"},"geometry":{"type":"LineString","coordinates":[[82.2143844,26.8041318],[82.2144901,26.804263]]}},{"type":"Feature","properties":{"id":"way/955822340","kind":"road","class":"residential","name":""},"geometry":{"type":"LineString","coordinates":[[82.2153892,26.8018572],[82.215426,26.8018022],[82.2155805,26.8014562]]}},{"type":"Feature","properties":{"id":"way/955822341","kind":"road","class":"residential","name":"","bridge":"yes"},"geometry":{"type":"LineString","coordinates":[[82.2153392,26.8019114],[82.2153892,26.8018572]]}},{"type":"Feature","properties":{"id":"way/955822343","kind":"road","class":"residential","name":"","bridge":"yes"},"geometry":{"type":"LineString","coordinates":[[82.2157323,26.8022011],[82.2158024,26.8020941]]}},{"type":"Feature","properties":{"id":"way/956456861","kind":"road","class":"residential","name":""},"geometry":{"type":"LineString","coordinates":[[82.2032085,26.7829367],[82.2032653,26.7829326],[82.2039036,26.7828865],[82.2041473,26.7828689],[82.204255,26.7828526],[82.2042814,26.782838],[82.2042896,26.7828199],[82.2042319,26.7823978]]}},{"type":"Feature","properties":{"id":"way/956456862","kind":"road","class":"residential","name":""},"geometry":{"type":"LineString","coordinates":[[82.2056235,26.7746904],[82.2056834,26.7746784],[82.2060382,26.7746071],[82.2062877,26.7745664],[82.2065264,26.774552],[82.2065935,26.7745425],[82.2068054,26.7744682],[82.2070093,26.7743856],[82.2070937,26.7743551],[82.2072987,26.7742821],[82.2073375,26.7742683],[82.2077649,26.7740817],[82.2078059,26.7740718],[82.2079879,26.7740687]]}},{"type":"Feature","properties":{"id":"way/956458989","kind":"road","class":"residential","name":""},"geometry":{"type":"LineString","coordinates":[[82.2086579,26.7739518],[82.2089109,26.7746456],[82.208925,26.7746661],[82.2089427,26.7746804],[82.2089693,26.7746867],[82.2090829,26.7746613],[82.209295,26.7746139],[82.2093534,26.7746052],[82.2094932,26.7745974]]}},{"type":"Feature","properties":{"id":"way/956458990","kind":"road","class":"residential","name":""},"geometry":{"type":"LineString","coordinates":[[82.2082687,26.7750533],[82.208935,26.7748222],[82.2089535,26.7748125],[82.2089658,26.7747988],[82.208971,26.7747792],[82.2089693,26.7746867]]}},{"type":"Feature","properties":{"id":"way/956458991","kind":"road","class":"residential","name":""},"geometry":{"type":"LineString","coordinates":[[82.2083809,26.7752993],[82.2088972,26.7751342],[82.2089299,26.7751271],[82.2089652,26.7751303],[82.2090095,26.7751492],[82.2090962,26.7751872],[82.2091387,26.7751951],[82.2091794,26.7751951],[82.2094299,26.7751596]]}},{"type":"Feature","properties":{"id":"way/956458992","kind":"road","class":"primary","name":""},"geometry":{"type":"LineString","coordinates":[[82.2100674,26.7761549],[82.2106481,26.7764179],[82.2111518,26.7766634],[82.211469,26.7768489],[82.2116994,26.7770348],[82.2118308,26.7771742],[82.211972,26.7773622],[82.2121553,26.7776789],[82.2122258,26.7778927],[82.2122641,26.7780737],[82.2123106,26.7784801],[82.2123788,26.7789407],[82.212508,26.7795715],[82.2128099,26.7808714],[82.2128408,26.7810043],[82.2131505,26.7823158],[82.2131835,26.7824818],[82.2133086,26.7831108],[82.2134922,26.7840833],[82.2136056,26.7846842],[82.213627,26.7847973],[82.2136081,26.7851263],[82.213466,26.7855633],[82.2133008,26.7858162],[82.2132421,26.785906],[82.2127009,26.7865353],[82.2125308,26.7867331],[82.2123884,26.7868993],[82.2122388,26.7871557],[82.2119265,26.7879954],[82.2117205,26.7884656],[82.2115776,26.7887483],[82.2115051,26.7888846],[82.2113006,26.7891876],[82.2111844,26.7895501],[82.211177,26.7919054],[82.2111899,26.7921481],[82.2112071,26.7927134],[82.2115435,26.7932363],[82.2116457,26.7934285],[82.211832,26.7937787],[82.2118773,26.7938638],[82.2119382,26.7939782],[82.2121064,26.7943285],[82.2121491,26.7945148],[82.2121992,26.7950849],[82.2122296,26.7951402],[82.2122809,26.7951498],[82.212967,26.7952096],[82.2130712,26.7952439],[82.2130777,26.7953369],[82.2129554,26.7959563],[82.2127656,26.7966474],[82.2125098,26.7976652],[82.2124859,26.7977483],[82.2124722,26.797796],[82.2122312,26.7985019],[82.2122173,26.7986098],[82.212194,26.7988903],[82.2121872,26.7989722],[82.21223,26.7992701],[82.212329,26.799674],[82.2123639,26.7998166],[82.2124214,26.8001539],[82.2124598,26.8005052],[82.2124625,26.8008562],[82.2124785,26.80094],[82.2125234,26.800967],[82.2128714,26.8009856],[82.2129426,26.801001],[82.2129667,26.8010578],[82.2130165,26.8015394],[82.2130475,26.801626],[82.2130924,26.8017514],[82.2137986,26.8030313],[82.2139254,26.803261],[82.2141242,26.8037416],[82.214283,26.8040009],[82.2143844,26.8041318]]}},{"type":"Feature","properties":{"id":"way/956458994","kind":"road","class":"residential","name":""},"geometry":{"type":"LineString","coordinates":[[82.208471,26.7839835],[82.2086904,26.7839195],[82.2087735,26.7838848],[82.2089209,26.7838096],[82.2089346,26.7838026],[82.2090283,26.7837647],[82.2093362,26.7836743],[82.209532,26.7836216],[82.209642,26.7835841],[82.2100699,26.7835379],[82.2107524,26.7834465],[82.2116784,26.7832498],[82.2124778,26.7831027],[82.2126544,26.7830824],[82.2128529,26.7830752],[82.2133086,26.7831108]]}},{"type":"Feature","properties":{"id":"way/956458995","kind":"road","class":"residential","name":""},"geometry":{"type":"LineString","coordinates":[[82.2104821,26.7811586],[82.210544,26.7813292],[82.2105847,26.7814097],[82.2107506,26.7816926],[82.2107647,26.7817082],[82.2107868,26.7817186],[82.2108172,26.7817322],[82.2108359,26.7817478],[82.2109313,26.7818872],[82.2109526,26.7819162],[82.210976,26.7819335],[82.2110096,26.7819453],[82.2110431,26.7819498],[82.2112129,26.7819716],[82.2115795,26.7820362],[82.2115934,26.7820527],[82.2115966,26.7820729],[82.2115971,26.7826848],[82.2116093,26.7828046],[82.2116784,26.7832498]]}},{"type":"Feature","properties":{"id":"way/956458996","kind":"road","class":"service","name":""},"geometry":{"type":"LineString","coordinates":[[82.2126088,26.7824201],[82.2128726,26.7825264],[82.2129193,26.7825306],[82.2129614,26.7825285],[82.2131835,26.7824818]]}},{"type":"Feature","properties":{"id":"way/956458997","kind":"road","class":"service","name":""},"geometry":{"type":"LineString","coordinates":[[82.2121846,26.7814141],[82.2125359,26.7811986],[82.2128408,26.7810043]]}},{"type":"Feature","properties":{"id":"way/956458998","kind":"road","class":"residential","name":""},"geometry":{"type":"LineString","coordinates":[[82.212508,26.7795715],[82.2128094,26.7793845],[82.2129173,26.7793323],[82.2131853,26.7792278],[82.2133871,26.7791686],[82.2136991,26.7790813],[82.2137512,26.7790672],[82.2140911,26.7789747],[82.2142356,26.778919],[82.2144153,26.7788435],[82.2145345,26.7787786],[82.2147239,26.778659]]}},{"type":"Feature","properties":{"id":"way/956458999","kind":"road","class":"residential","name":""},"geometry":{"type":"LineString","coordinates":[[82.2142179,26.7783611],[82.2145345,26.7787786]]}},{"type":"Feature","properties":{"id":"way/956459000","kind":"road","class":"residential","name":""},"geometry":{"type":"LineString","coordinates":[[82.2142552,26.7804332],[82.2142255,26.7802669],[82.2142238,26.7801695],[82.2142399,26.7798966],[82.2142345,26.7796355],[82.2142103,26.7794057],[82.2141835,26.7792788],[82.2140911,26.7789747]]}},{"type":"Feature","properties":{"id":"way/956459001","kind":"road","class":"residential","name":""},"geometry":{"type":"LineString","coordinates":[[82.213839,26.7796356],[82.2136991,26.7790813]]}},{"type":"Feature","properties":{"id":"way/956459002","kind":"road","class":"residential","name":""},"geometry":{"type":"LineString","coordinates":[[82.2121553,26.7776789],[82.2123382,26.7776413],[82.2125177,26.7775853],[82.2130994,26.7773329],[82.2131439,26.7773186],[82.2131865,26.7773186],[82.2132801,26.7773512],[82.2133146,26.7773549],[82.2133492,26.7773476],[82.2136166,26.7771715],[82.2137918,26.7770567],[82.2140145,26.7769322],[82.2142854,26.7767717],[82.214634,26.7765371]]}},{"type":"Feature","properties":{"id":"way/956459003","kind":"road","class":"residential","name":""},"geometry":{"type":"LineString","coordinates":[[82.2137512,26.7790672],[82.2136724,26.7786656],[82.2136541,26.7785748],[82.2136338,26.7785186],[82.2135951,26.7784605],[82.2134488,26.7782881],[82.2133309,26.7781012],[82.21324,26.7779598],[82.21303,26.777633]]}},{"type":"Feature","properties":{"id":"way/956459004","kind":"road","class":"residential","name":""},"geometry":{"type":"LineString","coordinates":[[82.2123106,26.7784801],[82.2129624,26.7783713],[82.2132525,26.7783217],[82.2134488,26.7782881]]}},{"type":"Feature","properties":{"id":"way/956459005","kind":"road","class":"residential","name":""},"geometry":{"type":"LineString","coordinates":[[82.2132525,26.7783217],[82.213331,26.7788839],[82.2133871,26.7791686]]}},{"type":"Feature","properties":{"id":"way/956459006","kind":"road","class":"residential","name":""},"geometry":{"type":"LineString","coordinates":[[82.2133871,26.7791686],[82.2136117,26.7800955]]}},{"type":"Feature","properties":{"id":"way/956460023","kind":"road","class":"residential","name":""},"geometry":{"type":"LineString","coordinates":[[82.1487138,26.7921708],[82.148288,26.7924674],[82.148,26.792668]]}},{"type":"Feature","properties":{"id":"way/956460024","kind":"road","class":"residential","name":""},"geometry":{"type":"LineString","coordinates":[[82.148,26.7944758],[82.1480799,26.794575]]}},{"type":"Feature","properties":{"id":"way/956461176","kind":"road","class":"residential","name":""},"geometry":{"type":"LineString","coordinates":[[82.2149692,26.7849],[82.2152827,26.7846553],[82.2155033,26.7844315],[82.2156693,26.7842563],[82.2159967,26.7838448],[82.2160792,26.7837256],[82.2161686,26.7835774],[82.2161747,26.7835566],[82.2161697,26.7835207],[82.2161613,26.7834489],[82.2161224,26.7833164],[82.2159757,26.7828606],[82.2159394,26.7827336],[82.2159394,26.7826955],[82.2159475,26.7826628],[82.2160015,26.7825581]]}},{"type":"Feature","properties":{"id":"way/956461177","kind":"road","class":"residential","name":""},"geometry":{"type":"LineString","coordinates":[[82.2147453,26.7833665],[82.215034,26.7832104],[82.2152413,26.7830907],[82.215469,26.7829891],[82.215532,26.7829528],[82.2155889,26.7829201],[82.215649,26.7828973],[82.215723,26.7828823],[82.2159757,26.7828606]]}},{"type":"Feature","properties":{"id":"way/956461178","kind":"road","class":"residential","name":""},"geometry":{"type":"LineString","coordinates":[[82.2157711,26.7823781],[82.2157763,26.7822926],[82.2157763,26.7822473],[82.2157396,26.7820937],[82.2156999,26.7819478],[82.2156708,26.7818571],[82.2155413,26.7816291],[82.2155307,26.7816053],[82.2155294,26.7815813],[82.2155374,26.7815562],[82.2155669,26.7815238],[82.2156773,26.7814732],[82.215847,26.781381]]}},{"type":"Feature","properties":{"id":"way/956461179","kind":"road","class":"residential","name":""},"geometry":{"type":"LineString","coordinates":[[82.2151622,26.7826413],[82.2152474,26.7827656],[82.2152628,26.7827753],[82.2152905,26.782778],[82.2155154,26.782712]]}},{"type":"Feature","properties":{"id":"way/956462417","kind":"road","class":"residential","name":""},"geometry":{"type":"LineString","coordinates":[[82.2139952,26.7785947],[82.2142356,26.778919]]}},{"type":"Feature","properties":{"id":"way/956462418","kind":"road","class":"residential","name":""},"geometry":{"type":"LineString","coordinates":[[82.21324,26.7779598],[82.213482,26.7778068],[82.2135156,26.7777717],[82.2135248,26.7777456],[82.2135202,26.7776837],[82.2135017,26.7776155],[82.2134663,26.7775461],[82.2134316,26.7775011],[82.2133431,26.7774182],[82.2133276,26.7773976],[82.2133146,26.7773549]]}},{"type":"Feature","properties":{"id":"way/956462419","kind":"road","class":"residential","name":""},"geometry":{"type":"LineString","coordinates":[[82.2057865,26.774051],[82.2065669,26.7740102],[82.2065882,26.7740165],[82.2066041,26.7740307],[82.2066625,26.7742329]]}},{"type":"Feature","properties":{"id":"way/956463788","kind":"road","class":"residential","name":""},"geometry":{"type":"LineString","coordinates":[[82.148288,26.7924674],[82.1485325,26.7927555]]}},{"type":"Feature","properties":{"id":"way/956463789","kind":"road","class":"residential","name":""},"geometry":{"type":"LineString","coordinates":[[82.148,26.7927275],[82.1481897,26.7929545]]}},{"type":"Feature","properties":{"id":"way/956463791","kind":"road","class":"residential","name":""},"geometry":{"type":"LineString","coordinates":[[82.1496073,26.7933279],[82.1500538,26.7940869]]}},{"type":"Feature","properties":{"id":"way/956463913","kind":"road","class":"residential","name":""},"geometry":{"type":"LineString","coordinates":[[82.2092103,26.7710763],[82.2091723,26.771]]}},{"type":"Feature","properties":{"id":"way/956463914","kind":"road","class":"residential","name":""},"geometry":{"type":"LineString","coordinates":[[82.2089068,26.7712633],[82.2087684,26.771]]}},{"type":"Feature","properties":{"id":"way/956463915","kind":"road","class":"residential","name":""},"geometry":{"type":"LineString","coordinates":[[82.207424,26.7712101],[82.2074694,26.7711382],[82.2074735,26.7711192],[82.2074715,26.7711002],[82.2074583,26.771063],[82.2074542,26.7710458],[82.2074573,26.7710313],[82.2074677,26.7710226],[82.2075314,26.771]]}},{"type":"Feature","properties":{"id":"way/956463916","kind":"road","class":"residential","name":""},"geometry":{"type":"LineString","coordinates":[[82.2064465,26.7712854],[82.206525,26.7712779],[82.2072248,26.7712112],[82.2073869,26.7712037],[82.207424,26.7712101],[82.2074541,26.7712243],[82.2074842,26.771248],[82.2076311,26.7714518],[82.2076629,26.7714865],[82.2077319,26.7715402],[82.2078169,26.7716034],[82.2078434,26.7716271],[82.2078611,26.7716587],[82.2078717,26.7717077],[82.2079584,26.7722701],[82.2079991,26.7724028],[82.2080186,26.7724565],[82.2080363,26.772477],[82.2080605,26.7724881],[82.2081036,26.7724923],[82.2082715,26.7724785],[82.2083039,26.7724813],[82.2083285,26.7724895],[82.2083486,26.7725074],[82.2085519,26.7727013],[82.2085904,26.7727288],[82.2086258,26.7727398],[82.2086736,26.7727439],[82.2090294,26.7726449],[82.2090839,26.7726391],[82.2091281,26.7726454],[82.2093104,26.772715],[82.2094254,26.772745],[82.2094802,26.7727655],[82.2095015,26.7727797],[82.2095156,26.7728066],[82.2095545,26.7729804],[82.2095669,26.7730009],[82.2095917,26.7730214],[82.2096658,26.7730538]]}},{"type":"Feature","properties":{"id":"way/956463917","kind":"road","class":"residential","name":""},"geometry":{"type":"LineString","coordinates":[[82.2072987,26.7742821],[82.2072836,26.774108],[82.2072306,26.7738477],[82.2072324,26.773813],[82.207243,26.7737972],[82.2072695,26.7737862],[82.2073804,26.7737651],[82.2078196,26.7736933],[82.2079735,26.77366],[82.2084095,26.7735289],[82.2088151,26.7734289],[82.2088734,26.7734061],[82.2089154,26.7733769],[82.2089783,26.7733228],[82.2090709,26.7732804],[82.2093239,26.7732137],[82.2094475,26.7731936],[82.2096397,26.77318]]}},{"type":"Feature","properties":{"id":"way/956463918","kind":"road","class":"residential","name":""},"geometry":{"type":"LineString","coordinates":[[82.2073375,26.7742683],[82.2074911,26.7744059],[82.2075138,26.7744295],[82.2075304,26.7744522],[82.2075704,26.7745356],[82.2075826,26.7745456],[82.207597,26.7745474],[82.2076456,26.7745494],[82.2076686,26.7745589],[82.2076863,26.7745794],[82.2077641,26.7747279],[82.2077995,26.7747753],[82.2079039,26.7748733],[82.2079281,26.7749065],[82.2083533,26.7759708]]}},{"type":"Feature","properties":{"id":"way/956466586","kind":"road","class":"residential","name":""},"geometry":{"type":"LineString","coordinates":[[82.2059206,26.7756178],[82.2065333,26.7753519],[82.2065982,26.7753283],[82.2068691,26.7752301],[82.2070496,26.775159],[82.2070885,26.7751353],[82.2072052,26.7750157],[82.2072403,26.7749746],[82.2072496,26.7749554],[82.2072496,26.7749265],[82.2070937,26.7743551]]}},{"type":"Feature","properties":{"id":"way/956466587","kind":"road","class":"residential","name":""},"geometry":{"type":"LineString","coordinates":[[82.2044751,26.7772342],[82.2045517,26.7772446],[82.204958,26.7772996],[82.2052075,26.7773454],[82.205457,26.7773976],[82.2055225,26.7774023],[82.2056499,26.7773976],[82.2059613,26.7773439],[82.2062704,26.7772731],[82.2065204,26.7772159],[82.2067221,26.7771843],[82.2070701,26.7771446],[82.2071238,26.7771385],[82.2071963,26.7771227],[82.2073839,26.7770595],[82.207598,26.7769995],[82.2076564,26.776992],[82.2077396,26.7769956],[82.2077883,26.7770059],[82.2079219,26.7770387],[82.2079689,26.7770639],[82.2079903,26.7770854],[82.2080171,26.7771381],[82.2080346,26.7771513],[82.2080614,26.7771561],[82.2084235,26.7771213],[82.208457,26.7771225],[82.2084892,26.7771321],[82.2085441,26.7771561],[82.2085817,26.7771704],[82.2086648,26.7771788],[82.2091665,26.7771885],[82.2092639,26.7771838],[82.2095365,26.7771475],[82.2098142,26.7771064],[82.2100381,26.7770586],[82.210388,26.7769831],[82.2107466,26.7768836],[82.2108121,26.7768615],[82.2109077,26.7768173],[82.2111518,26.7766634]]}},{"type":"Feature","properties":{"id":"way/956466588","kind":"road","class":"residential","name":""},"geometry":{"type":"LineString","coordinates":[[82.2099431,26.7764724],[82.2100081,26.7768517],[82.2100381,26.7770586]]}},{"type":"Feature","properties":{"id":"way/956466589","kind":"road","class":"residential","name":""},"geometry":{"type":"LineString","coordinates":[[82.2104153,26.7786302],[82.2102859,26.7780113],[82.2102828,26.7779013],[82.2103043,26.777805],[82.2103352,26.777761],[82.2104029,26.777728],[82.2105816,26.777673],[82.2106124,26.777651],[82.2106186,26.777618],[82.2106124,26.7775795],[82.210388,26.7769831]]}},{"type":"Feature","properties":{"id":"way/956466590","kind":"road","class":"residential","name":""},"geometry":{"type":"LineString","coordinates":[[82.2059991,26.783053],[82.2064402,26.7831056],[82.2065395,26.7831095],[82.2066333,26.7831063],[82.2067376,26.7830921],[82.2068757,26.7830479],[82.2071588,26.7829168],[82.2072013,26.7828805],[82.207234,26.7828347],[82.2072473,26.7828031],[82.2072508,26.7827762],[82.207196,26.7824208],[82.207127,26.7821507],[82.2070827,26.7820448],[82.2070615,26.7819864],[82.2070473,26.781909],[82.207035,26.7818774],[82.2069689,26.7817949]]}},{"type":"Feature","properties":{"id":"way/956466591","kind":"road","class":"residential","name":""},"geometry":{"type":"LineString","coordinates":[[82.2072508,26.7827762],[82.2075757,26.7827099],[82.2076213,26.7827075],[82.207691,26.7827183],[82.2077835,26.7827243],[82.2079485,26.7827315],[82.2080222,26.7827446],[82.2080973,26.7827734],[82.2081295,26.7827973],[82.2081496,26.7828356],[82.2082145,26.7829775],[82.2082534,26.7830407],[82.2083082,26.7831023],[82.2083419,26.7831466],[82.2083684,26.7831908],[82.2084038,26.7832966],[82.2084409,26.7835636],[82.208471,26.7839835]]}},{"type":"Feature","properties":{"id":"way/956468888","kind":"road","class":"residential","name":""},"geometry":{"type":"LineString","coordinates":[[82.2039969,26.7800198],[82.2040686,26.7800326],[82.2045502,26.7801187],[82.2046086,26.7801234],[82.2046546,26.7801218],[82.2047271,26.7800997],[82.2048297,26.780046],[82.2049789,26.7799282],[82.2050014,26.7798896],[82.2050173,26.7798343],[82.2050315,26.7797854],[82.2050492,26.7797553],[82.2050828,26.7797285],[82.2052933,26.7796321],[82.2053535,26.779599],[82.2053907,26.7795705],[82.2054172,26.7795374],[82.2054313,26.7794947],[82.2054349,26.7794608],[82.2053694,26.7790334],[82.2053659,26.7788755],[82.2053747,26.7788376],[82.2053942,26.7788091],[82.2054526,26.7787649],[82.2054968,26.7787459],[82.2055676,26.7787301],[82.2059551,26.7787222],[82.2060761,26.7787094],[82.2061328,26.7786936],[82.2061876,26.7786668],[82.2062637,26.7786052],[82.2063239,26.7785783],[82.2064123,26.7785546],[82.2064477,26.7785578],[82.2064743,26.778572],[82.2065185,26.7786146],[82.2065415,26.7786273],[82.2065716,26.7786336],[82.2066736,26.7786165],[82.2067028,26.7786152],[82.2067352,26.7786262],[82.2067506,26.7786427],[82.206863,26.7788613],[82.2070475,26.779358],[82.20708,26.7795159],[82.2071023,26.779652],[82.2071166,26.7799387],[82.2071308,26.7800303],[82.2071633,26.7802018],[82.2071674,26.7802653],[82.2071613,26.7803252],[82.207141,26.7803905],[82.2070475,26.7806046],[82.2070332,26.7806591],[82.2070231,26.780748],[82.2070312,26.7809258],[82.2070312,26.7811962],[82.2069926,26.7815155],[82.2069763,26.7817496],[82.2069689,26.7817949],[82.2069566,26.7818183],[82.2069288,26.7818458],[82.2068857,26.7818678],[82.2066562,26.7819476],[82.2065992,26.7819709],[82.2064898,26.7820204],[82.2064143,26.7820452],[82.2063342,26.7820658],[82.2059943,26.7821233]]}},{"type":"Feature","properties":{"id":"way/956468889","kind":"road","class":"residential","name":""},"geometry":{"type":"LineString","coordinates":[[82.2053722,26.7838538],[82.2054682,26.7837369],[82.2055408,26.7836722],[82.2056823,26.7835837],[82.2057513,26.7835316],[82.205792,26.7834874],[82.205815,26.7834416],[82.205907,26.7832141],[82.2059566,26.7831177],[82.2059991,26.783053],[82.2061176,26.7828603],[82.2061424,26.7828081],[82.2061565,26.7827655],[82.2061583,26.7827292],[82.2061441,26.7826556],[82.2061067,26.7825228],[82.2059943,26.7821233],[82.2058823,26.7818651],[82.2058221,26.781644],[82.2057814,26.7814196],[82.2057814,26.781347],[82.2057903,26.7810579],[82.2057991,26.7809142],[82.2058097,26.7808636],[82.2058681,26.7805935],[82.2059256,26.7803871],[82.2059504,26.7803239],[82.2060119,26.7802046],[82.2060857,26.7800886],[82.2061372,26.780027],[82.2061596,26.7799943],[82.2061738,26.7799653],[82.2061758,26.7799345],[82.2060602,26.7794048],[82.2060558,26.7793961],[82.206047,26.7793914],[82.2060284,26.7793906],[82.2057144,26.7794392],[82.2056545,26.7794473],[82.2055752,26.7794528],[82.2054349,26.7794608]]}},{"type":"Feature","properties":{"id":"way/956468890","kind":"road","class":"residential","name":""},"geometry":{"type":"LineString","coordinates":[[82.2061372,26.780027],[82.2062738,26.7800222],[82.2063091,26.7800175],[82.206349,26.7800025],[82.2064224,26.7799614],[82.2064436,26.7799559],[82.2064675,26.7799535],[82.2065038,26.779959],[82.2065984,26.7799985],[82.2066312,26.7800072],[82.2067022,26.7800108],[82.2071308,26.7800303]]}},{"type":"Feature","properties":{"id":"way/956468891","kind":"road","class":"residential","name":""},"geometry":{"type":"LineString","coordinates":[[82.2049789,26.7799282],[82.2052293,26.7801381],[82.2052762,26.7801668],[82.2053499,26.7801955],[82.2055042,26.7802338],[82.2055793,26.7802434],[82.2057335,26.7802398],[82.2060119,26.7802046]]}},{"type":"Feature","properties":{"id":"way/956468892","kind":"road","class":"service","name":""},"geometry":{"type":"LineString","coordinates":[[82.2017805,26.7810761],[82.2023269,26.7811449]]}},{"type":"Feature","properties":{"id":"way/956468893","kind":"road","class":"residential","name":""},"geometry":{"type":"LineString","coordinates":[[82.2023269,26.7811449],[82.203487,26.7813376]]}},{"type":"Feature","properties":{"id":"way/956468894","kind":"road","class":"residential","name":""},"geometry":{"type":"LineString","coordinates":[[82.2036764,26.7771757],[82.2040409,26.7771963],[82.2040656,26.7771899],[82.2040904,26.7771726],[82.2041099,26.7771536],[82.2041293,26.777141],[82.2041559,26.7771378],[82.204497,26.7771724]]}},{"type":"Feature","properties":{"id":"way/956468895","kind":"road","class":"residential","name":""},"geometry":{"type":"LineString","coordinates":[[82.2037208,26.776866],[82.2036189,26.7761261],[82.2034858,26.7754064]]}},{"type":"Feature","properties":{"id":"way/956476765","kind":"road","class":"residential","name":""},"geometry":{"type":"LineString","coordinates":[[82.2001092,26.7739521],[82.2004903,26.7737316]]}},{"type":"Feature","properties":{"id":"way/956476766","kind":"road","class":"residential","name":""},"geometry":{"type":"LineString","coordinates":[[82.1995762,26.7733721],[82.1998808,26.7731843],[82.2002418,26.7729963],[82.2005921,26.7728225],[82.2008601,26.7726771],[82.2011202,26.772527],[82.201214,26.7724717],[82.2013821,26.7723943],[82.2015858,26.7723183],[82.2019045,26.7722047],[82.2020294,26.7721599],[82.2023047,26.7720516],[82.2026113,26.7719334],[82.2029347,26.7718275],[82.2032726,26.7717138]]}},{"type":"Feature","properties":{"id":"way/956476767","kind":"road","class":"track","name":"","surface":"unpaved"},"geometry":{"type":"LineString","coordinates":[[82.2032236,26.7715015],[82.2039523,26.7712071],[82.2044244,26.771]]}},{"type":"Feature","properties":{"id":"way/956476768","kind":"road","class":"residential","name":""},"geometry":{"type":"LineString","coordinates":[[82.2005921,26.7728225],[82.2002658,26.7722793],[82.2000128,26.7718765],[82.1999296,26.7717438],[82.1999236,26.7717281],[82.1999223,26.7717065],[82.199929,26.7716885],[82.1999531,26.7716694],[82.2003314,26.7714996],[82.2007735,26.7713167],[82.2011216,26.7711462],[82.2014656,26.771]]}},{"type":"Feature","properties":{"id":"way/956476769","kind":"road","class":"residential","name":""},"geometry":{"type":"LineString","coordinates":[[82.2015014,26.7715289],[82.2015278,26.7713492],[82.201538,26.7713256],[82.2015604,26.771302],[82.2017506,26.7712367],[82.2021498,26.7710861]]}},{"type":"Feature","properties":{"id":"way/956476770","kind":"road","class":"residential","name":""},"geometry":{"type":"LineString","coordinates":[[82.2015973,26.771],[82.2016707,26.7710787],[82.2016969,26.7711117],[82.2017154,26.7711516],[82.2017506,26.7712367],[82.2018263,26.7714542]]}},{"type":"Feature","properties":{"id":"way/956482418","kind":"road","class":"residential","name":""},"geometry":{"type":"LineString","coordinates":[[82.2133955,26.7713278],[82.2134731,26.7712937],[82.2135198,26.7712828],[82.2135746,26.771281],[82.2143012,26.7712973],[82.2143377,26.7712919],[82.2143661,26.7712756],[82.2143783,26.7712502],[82.2143887,26.771]]}},{"type":"Feature","properties":{"id":"way/956482420","kind":"road","class":"residential","name":""},"geometry":{"type":"LineString","coordinates":[[82.2147622,26.7712887],[82.2147746,26.771]]}},{"type":"Feature","properties":{"id":"way/956482423","kind":"road","class":"service","name":""},"geometry":{"type":"LineString","coordinates":[[82.2113144,26.7713549],[82.2115124,26.771]]}},{"type":"Feature","properties":{"id":"way/956482424","kind":"road","class":"unclassified","name":""},"geometry":{"type":"LineString","coordinates":[[82.2154729,26.7730487],[82.2161102,26.773477],[82.2170648,26.7741187],[82.2183198,26.7749752],[82.2196009,26.7758124],[82.2198314,26.7759691],[82.2201727,26.7762012],[82.220616,26.7765421],[82.2222086,26.7779323],[82.2231115,26.7787207],[82.2237842,26.779349],[82.2238516,26.779412],[82.2242038,26.7798325],[82.2245622,26.7803301],[82.2251149,26.7813197],[82.2257209,26.7825846],[82.2257766,26.7827008],[82.2260216,26.7832458],[82.2264525,26.7842045],[82.2269568,26.7852868],[82.2275898,26.7867617],[82.2279975,26.7876907],[82.2280314,26.7878481],[82.2277831,26.7880942],[82.2275187,26.7885163],[82.2273335,26.7888045],[82.2270359,26.7890706],[82.226681,26.7893513],[82.2258839,26.7898169],[82.2253689,26.7902766],[82.2244033,26.7903054],[82.2237545,26.7904463],[82.2234055,26.7904777],[82.2233275,26.7904391],[82.2230596,26.7904282],[82.2226545,26.7904777],[82.2224122,26.7905503],[82.221915,26.7907803],[82.2217747,26.790813],[82.2216926,26.79079],[82.2216024,26.7907058],[82.2215022,26.7905861],[82.2214102,26.7905632],[82.2213246,26.7905938],[82.2211362,26.7906767],[82.2210525,26.7907348],[82.2209313,26.7908189],[82.2207623,26.7908764],[82.2205853,26.7908764],[82.2202903,26.7907974],[82.2199228,26.7907663],[82.2197565,26.790783],[82.2197162,26.7908119],[82.2194974,26.7909688],[82.2193821,26.791043],[82.2191031,26.7912418],[82.218917,26.791312],[82.2187088,26.7913615],[82.2186112,26.7914509],[82.2186246,26.7916305],[82.218682,26.7918499],[82.2186954,26.7920941],[82.2186418,26.7922043],[82.2185146,26.7923009],[82.2181659,26.7924182],[82.2179659,26.7924916],[82.2176559,26.7927369],[82.2176078,26.7927845],[82.2175795,26.7928699],[82.2175777,26.7929285],[82.2175725,26.7930952],[82.2175336,26.7931645],[82.2174466,26.7932348],[82.2171853,26.7933727],[82.2171302,26.7934043],[82.2167884,26.7936001],[82.216523,26.7937766],[82.216342,26.793897],[82.2160828,26.794005],[82.2160213,26.7940004],[82.2159496,26.7939755],[82.2158352,26.7939236],[82.2157825,26.7939162],[82.2157116,26.7939622],[82.2156649,26.7940417],[82.215567,26.7944668],[82.2155059,26.7946403],[82.2154419,26.7947254],[82.2151324,26.7947574],[82.2149786,26.7947742],[82.2145076,26.7948258],[82.2144109,26.7948364],[82.2139452,26.794905],[82.2138698,26.7949148],[82.2134774,26.7949657],[82.2133244,26.795031],[82.2132508,26.795093],[82.213152,26.7951763],[82.2130712,26.7952439]]}},{"type":"Feature","properties":{"id":"way/956485004","kind":"road","class":"unclassified","name":""},"geometry":{"type":"LineString","coordinates":[[82.2122491,26.771],[82.2126293,26.7712316],[82.213457,26.7717291],[82.2146506,26.7724909],[82.2154729,26.7730487]]}},{"type":"Feature","properties":{"id":"way/956485005","kind":"road","class":"residential","name":""},"geometry":{"type":"LineString","coordinates":[[82.2111518,26.7766634],[82.2111954,26.7766145],[82.2112168,26.7765786],[82.2112249,26.7765427],[82.2112189,26.7758422],[82.2112168,26.7755936]]}},{"type":"Feature","properties":{"id":"way/956485006","kind":"road","class":"residential","name":""},"geometry":{"type":"LineString","coordinates":[[82.2112189,26.7758422],[82.2115436,26.7758135],[82.2116534,26.7757992],[82.2117498,26.7757777],[82.2118863,26.7757251],[82.2125103,26.7754453]]}},{"type":"Feature","properties":{"id":"way/956485007","kind":"road","class":"residential","name":""},"geometry":{"type":"LineString","coordinates":[[82.2116994,26.7770348],[82.2121821,26.7768766],[82.2123889,26.7768089],[82.2124952,26.7767582],[82.2128434,26.776531],[82.2128943,26.7765071],[82.2129237,26.7765024],[82.2129639,26.7765143],[82.2130094,26.7765502],[82.2136166,26.7771715]]}},{"type":"Feature","properties":{"id":"way/956485008","kind":"road","class":"residential","name":""},"geometry":{"type":"LineString","coordinates":[[82.2121821,26.7768766],[82.2123622,26.7772392],[82.2125177,26.7775853]]}},{"type":"Feature","properties":{"id":"way/956486654","kind":"road","class":"residential","name":""},"geometry":{"type":"LineString","coordinates":[[82.2063262,26.7718695],[82.2065015,26.772085],[82.206534,26.7721466],[82.2065746,26.7722825],[82.2066192,26.772529],[82.2066192,26.7726286],[82.2066071,26.7728171],[82.2066172,26.7728714],[82.2066395,26.7729276],[82.2067065,26.7730001],[82.2067418,26.7730233],[82.2068043,26.7730644],[82.206865,26.7731177],[82.2069228,26.7732259],[82.2069582,26.7732972],[82.2069964,26.7733348],[82.2070562,26.7733532],[82.2072766,26.773346],[82.2076828,26.7732982],[82.2078464,26.773265],[82.207894,26.7732478],[82.2082589,26.7731163],[82.2083141,26.7731028],[82.2083526,26.773101],[82.2084014,26.7731209],[82.2084669,26.7731455]]}},{"type":"Feature","properties":{"id":"way/956486655","kind":"road","class":"residential","name":""},"geometry":{"type":"LineString","coordinates":[[82.2073804,26.7737651],[82.2072766,26.773346]]}},{"type":"Feature","properties":{"id":"way/956486656","kind":"road","class":"residential","name":""},"geometry":{"type":"LineString","coordinates":[[82.2082589,26.7731163],[82.2083753,26.7733468],[82.2083855,26.7733813],[82.2084095,26.7735289]]}},{"type":"Feature","properties":{"id":"way/956489455","kind":"road","class":"residential","name":""},"geometry":{"type":"LineString","coordinates":[[82.2055842,26.7826748],[82.2061441,26.7826556]]}},{"type":"Feature","properties":{"id":"way/956489456","kind":"road","class":"residential","name":""},"geometry":{"type":"LineString","coordinates":[[82.205639,26.7825316],[82.2061067,26.7825228]]}},{"type":"Feature","properties":{"id":"way/956489457","kind":"road","class":"residential","name":""},"geometry":{"type":"LineString","coordinates":[[82.2072599,26.787753],[82.207259,26.7877095],[82.2072358,26.7876214],[82.2072237,26.7875408],[82.2072378,26.7873923],[82.2072799,26.7871972],[82.2072899,26.7870952],[82.2072698,26.7870469],[82.2071876,26.786952],[82.2071295,26.7868679],[82.2070604,26.786662],[82.2069861,26.7862968],[82.206945,26.786095],[82.2069073,26.7856097],[82.2068813,26.7853976],[82.2067077,26.7844062],[82.2066443,26.7841328],[82.2066455,26.7838271],[82.206667,26.7835952],[82.2067253,26.7831798],[82.2067376,26.7830921]]}},{"type":"Feature","properties":{"id":"way/956489458","kind":"road","class":"residential","name":""},"geometry":{"type":"LineString","coordinates":[[82.2067253,26.7831798],[82.2069212,26.783191],[82.206955,26.7832047],[82.2069811,26.783224],[82.2069965,26.7832514],[82.2070227,26.7833489],[82.2070396,26.7833736],[82.2070642,26.783386],[82.2071488,26.7834011],[82.2072303,26.7834025],[82.2072626,26.7833929],[82.2072918,26.7833654],[82.2073472,26.7833173],[82.2073749,26.7833009],[82.2074225,26.7832871],[82.2074796,26.7832726],[82.2074971,26.783259],[82.2075041,26.7832445],[82.2074773,26.7831154],[82.2074808,26.7830936],[82.2074912,26.783079],[82.2075111,26.7830686],[82.20763,26.7830415]]}},{"type":"Feature","properties":{"id":"way/956489459","kind":"road","class":"residential","name":""},"geometry":{"type":"LineString","coordinates":[[82.207035,26.7818774],[82.207353,26.7818627],[82.2074391,26.781853],[82.2076714,26.7817885],[82.2082113,26.7816306],[82.2084558,26.7815633],[82.2084743,26.7815482],[82.2084789,26.7815345],[82.2084743,26.7815194],[82.2082721,26.7809751],[82.2082533,26.780834],[82.2082698,26.7806749],[82.2082804,26.7805803],[82.2082751,26.7805251],[82.208261,26.7804541],[82.2082594,26.7804277],[82.2082681,26.7804092]]}},{"type":"Feature","properties":{"id":"way/956489460","kind":"road","class":"residential","name":"","bridge":"yes"},"geometry":{"type":"LineString","coordinates":[[82.2082681,26.7804092],[82.2083003,26.780375]]}},{"type":"Feature","properties":{"id":"way/956489461","kind":"road","class":"residential","name":""},"geometry":{"type":"LineString","coordinates":[[82.2083003,26.780375],[82.2083185,26.7803538],[82.2083281,26.7803287],[82.2083319,26.7802964],[82.2082306,26.7795067]]}},{"type":"Feature","properties":{"id":"way/956489462","kind":"road","class":"residential","name":""},"geometry":{"type":"LineString","coordinates":[[82.2057814,26.7814196],[82.2063983,26.7813559],[82.2065861,26.7813365]]}},{"type":"Feature","properties":{"id":"way/956489463","kind":"road","class":"residential","name":""},"geometry":{"type":"LineString","coordinates":[[82.2063983,26.7813559],[82.2064799,26.7817497]]}},{"type":"Feature","properties":{"id":"way/956489464","kind":"road","class":"residential","name":""},"geometry":{"type":"LineString","coordinates":[[82.2034548,26.7815176],[82.2035394,26.7815117],[82.2040049,26.7814792],[82.2040746,26.7814887],[82.2042031,26.7815294],[82.2042727,26.7815461],[82.204578,26.7815557],[82.2046182,26.7815653],[82.204651,26.7815818],[82.2046733,26.781609],[82.2047545,26.7818228],[82.2047789,26.7818554],[82.2048194,26.7818862],[82.2049047,26.781917],[82.2050752,26.781946],[82.2052375,26.7819533],[82.205408,26.781937],[82.2054742,26.781927],[82.2058823,26.7818651]]}},{"type":"Feature","properties":{"id":"way/956489465","kind":"road","class":"residential","name":""},"geometry":{"type":"LineString","coordinates":[[82.2033081,26.7823926],[82.2033661,26.7823965],[82.2037489,26.7824225],[82.2038891,26.7824246],[82.2040873,26.7824032],[82.2042319,26.7823978],[82.2046964,26.7824225],[82.2047202,26.7824279],[82.2047344,26.7824442],[82.2047384,26.7824714],[82.2047161,26.7827522]]}},{"type":"Feature","properties":{"id":"way/956491093","kind":"road","class":"residential","name":""},"geometry":{"type":"LineString","coordinates":[[82.2016562,26.7756579],[82.2016401,26.7757698],[82.2016377,26.7758301],[82.2016471,26.7758967],[82.2017382,26.7762308],[82.2018895,26.7767855]]}},{"type":"Feature","properties":{"id":"way/956491094","kind":"road","class":"residential","name":""},"geometry":{"type":"LineString","coordinates":[[82.2013207,26.7763172],[82.2017382,26.7762308],[82.2022043,26.7761423]]}},{"type":"Feature","properties":{"id":"way/956491095","kind":"road","class":"residential","name":""},"geometry":{"type":"LineString","coordinates":[[82.1990518,26.783184],[82.1991162,26.7829997],[82.1991349,26.782945],[82.1992088,26.7827178],[82.19925,26.7825911],[82.1993009,26.7824716],[82.1993544,26.7823855],[82.1996383,26.7820532],[82.1998874,26.7817137],[82.2001846,26.7813981],[82.2008863,26.7807048],[82.2010759,26.7805201],[82.2011514,26.7804466],[82.2013603,26.780229],[82.2017352,26.7799063],[82.2020003,26.7796672],[82.2020539,26.7796074],[82.2021101,26.7795309],[82.2024074,26.7790791],[82.2026886,26.778773],[82.2028075,26.7786436],[82.2029155,26.7785016],[82.2030689,26.7782997],[82.2031546,26.7781514],[82.2033742,26.7777832],[82.2034116,26.777733],[82.2034545,26.7777019],[82.203477,26.7776911],[82.2035081,26.7776876],[82.2037464,26.7776709],[82.2038133,26.7776589],[82.2038776,26.7776302],[82.2042338,26.7773935],[82.2042793,26.777372],[82.2043464,26.7773558],[82.2044365,26.7773588]]}},{"type":"Feature","properties":{"id":"way/956491096","kind":"road","class":"residential","name":""},"geometry":{"type":"LineString","coordinates":[[82.2028516,26.7771952],[82.2028982,26.777418],[82.2029551,26.7776318],[82.2029693,26.7776499],[82.2029875,26.7776626],[82.2030281,26.7776681],[82.2033874,26.7776318],[82.2034178,26.7776373],[82.2034453,26.7776519],[82.203477,26.7776911]]}},{"type":"Feature","properties":{"id":"way/956491097","kind":"road","class":"residential","name":""},"geometry":{"type":"LineString","coordinates":[[82.2056485,26.7782194],[82.2056152,26.7777087],[82.2056192,26.7776622],[82.205637,26.7775978],[82.2056499,26.7773976]]}},{"type":"Feature","properties":{"id":"way/956491098","kind":"road","class":"residential","name":""},"geometry":{"type":"LineString","coordinates":[[82.2067231,26.7780346],[82.2065223,26.7779976],[82.2064674,26.7780023],[82.2064286,26.7780155],[82.2063188,26.7780681],[82.2061808,26.7781721],[82.206057,26.7782662],[82.2060247,26.7782813],[82.2059878,26.7782868],[82.2058709,26.7782854],[82.2057979,26.7782786],[82.2057655,26.7782687],[82.2056485,26.7782194],[82.2056102,26.7782089],[82.2055858,26.7782071],[82.205461,26.7782225],[82.2053636,26.778237],[82.2053413,26.7782315],[82.2053253,26.778213],[82.2052659,26.7777765],[82.2052712,26.7777481],[82.2052853,26.7777276],[82.2053189,26.7777102],[82.2056192,26.7776622]]}},{"type":"Feature","properties":{"id":"way/956491099","kind":"road","class":"residential","name":""},"geometry":{"type":"LineString","coordinates":[[82.2094052,26.7778166],[82.2094971,26.7774507],[82.2095183,26.777315],[82.2095365,26.7771475]]}},{"type":"Feature","properties":{"id":"way/956494350","kind":"road","class":"residential","name":""},"geometry":{"type":"LineString","coordinates":[[82.2097366,26.7783186],[82.2097454,26.7781536],[82.2097656,26.7778829],[82.2098022,26.7773374],[82.2098142,26.7771064]]}},{"type":"Feature","properties":{"id":"way/956494351","kind":"road","class":"residential","name":""},"geometry":{"type":"LineString","coordinates":[[82.2082054,26.7760086],[82.2083154,26.7763225],[82.2083276,26.7763388],[82.2083519,26.7763442],[82.2085995,26.7763189],[82.2086361,26.7763261],[82.2086584,26.7763406],[82.2086787,26.7763714],[82.2086868,26.7764131],[82.2086888,26.7769567],[82.2086827,26.7769838],[82.2086624,26.7770074],[82.2085346,26.777069],[82.2084958,26.7770916],[82.208457,26.7771225]]}},{"type":"Feature","properties":{"id":"way/956494352","kind":"road","class":"residential","name":""},"geometry":{"type":"LineString","coordinates":[[82.2085441,26.7771561],[82.208495,26.7772078],[82.2084727,26.7772458],[82.2084645,26.7772784],[82.2085011,26.7775973]]}},{"type":"Feature","properties":{"id":"way/956494353","kind":"road","class":"residential","name":""},"geometry":{"type":"LineString","coordinates":[[82.20665,26.7762781],[82.2070701,26.7771446]]}},{"type":"Feature","properties":{"id":"way/956494354","kind":"road","class":"residential","name":""},"geometry":{"type":"LineString","coordinates":[[82.206863,26.7788613],[82.2070275,26.7787771],[82.2071453,26.7787029],[82.2073705,26.7785905],[82.2074801,26.7785525],[82.2075999,26.7785343],[82.2078982,26.778509],[82.2080119,26.7785072],[82.2080992,26.7785199],[82.2082209,26.7785597],[82.2082821,26.7785709],[82.208427,26.7786012],[82.2085125,26.7786261],[82.2085794,26.7786352],[82.2087053,26.7786315],[82.2089752,26.7786243]]}},{"type":"Feature","properties":{"id":"way/956494355","kind":"road","class":"residential","name":""},"geometry":{"type":"LineString","coordinates":[[82.2017352,26.7799063],[82.2022948,26.780026],[82.2027769,26.780167],[82.20281,26.7801927],[82.2028283,26.7802163],[82.2028405,26.7802417]]}},{"type":"Feature","properties":{"id":"way/956494356","kind":"road","class":"residential","name":""},"geometry":{"type":"LineString","coordinates":[[82.2028486,26.7802791],[82.2028608,26.7803341],[82.2028831,26.7803576],[82.2029176,26.7803757],[82.2031835,26.7804265],[82.2032119,26.7804392],[82.203222,26.7804573],[82.203222,26.7804845],[82.2031855,26.7806095],[82.2031848,26.7806279],[82.2031956,26.7806443],[82.2032202,26.7806512],[82.2033842,26.7806793],[82.2034417,26.7806951],[82.2036105,26.7807576]]}},{"type":"Feature","properties":{"id":"way/956494357","kind":"road","class":"residential","name":"","bridge":"yes"},"geometry":{"type":"LineString","coordinates":[[82.2028405,26.7802417],[82.2028486,26.7802791]]}},{"type":"Feature","properties":{"id":"way/956494358","kind":"road","class":"residential","name":""},"geometry":{"type":"LineString","coordinates":[[82.2036928,26.7805567],[82.2037399,26.780587],[82.2041634,26.7808599],[82.2042182,26.7808961],[82.2042588,26.7809414],[82.2042974,26.7810229],[82.2043136,26.7810664],[82.2043339,26.7810882],[82.2043684,26.7811008],[82.2046018,26.7811117]]}},{"type":"Feature","properties":{"id":"way/956494359","kind":"road","class":"residential","name":""},"geometry":{"type":"LineString","coordinates":[[82.2028075,26.7786436],[82.2029949,26.7786948],[82.2030801,26.7787166],[82.2032608,26.7787492],[82.203965,26.7788144]]}},{"type":"Feature","properties":{"id":"way/956494360","kind":"road","class":"residential","name":""},"geometry":{"type":"LineString","coordinates":[[82.2022251,26.7784162],[82.2026655,26.7782368],[82.2026893,26.7782338],[82.2027098,26.7782399],[82.2027246,26.7782568],[82.2027383,26.7782803],[82.2027626,26.7783328],[82.2027829,26.7783643],[82.2029155,26.7785016]]}},{"type":"Feature","properties":{"id":"way/956503378","kind":"road","class":"residential","name":""},"geometry":{"type":"LineString","coordinates":[[82.1959428,26.7750675],[82.1965448,26.7748213],[82.1965787,26.7748124],[82.1966263,26.7748096],[82.196754,26.7748234],[82.1968155,26.7748261],[82.1972176,26.7747811],[82.1974256,26.7747542],[82.1974738,26.774748],[82.1975508,26.7747524],[82.1975936,26.7747608],[82.1976298,26.7747739],[82.1977288,26.774823],[82.1977811,26.7748433],[82.1978413,26.7748564],[82.1979511,26.7748624],[82.198148,26.7748516],[82.1984144,26.7748098],[82.1985309,26.7747751],[82.1987666,26.7747046],[82.1989594,26.7746293],[82.1990143,26.7745946],[82.1990719,26.7745456],[82.1991201,26.7745169],[82.1991951,26.7744882],[82.1996383,26.7743376],[82.1996975,26.7743119],[82.1997359,26.7742817],[82.1997911,26.7742221]]}},{"type":"Feature","properties":{"id":"way/956503379","kind":"road","class":"residential","name":""},"geometry":{"type":"LineString","coordinates":[[82.1987666,26.7747046],[82.1990169,26.7753777]]}},{"type":"Feature","properties":{"id":"way/956503380","kind":"road","class":"residential","name":""},"geometry":{"type":"LineString","coordinates":[[82.1965685,26.7721402],[82.1967955,26.7724703],[82.1970755,26.7728067],[82.197217,26.7730044],[82.1972662,26.77308],[82.1973324,26.7731994],[82.1973862,26.7733272],[82.1974501,26.7735447]]}},{"type":"Feature","properties":{"id":"way/956503381","kind":"road","class":"residential","name":""},"geometry":{"type":"LineString","coordinates":[[82.1971189,26.7736738],[82.1972879,26.7739609],[82.1973531,26.7740462],[82.1975396,26.7743626]]}},{"type":"Feature","properties":{"id":"way/956503382","kind":"road","class":"residential","name":""},"geometry":{"type":"LineString","coordinates":[[82.1973531,26.7740462],[82.1976511,26.773925],[82.1978276,26.773867],[82.1978621,26.773867],[82.1978946,26.7738815],[82.1979393,26.7739159],[82.19799,26.7739866],[82.1980326,26.7740772],[82.1980521,26.7741829]]}},{"type":"Feature","properties":{"id":"way/956503383","kind":"road","class":"residential","name":""},"geometry":{"type":"LineString","coordinates":[[82.1982597,26.7743346],[82.1988006,26.7740682],[82.199187,26.7738638]]}},{"type":"Feature","properties":{"id":"way/956503384","kind":"road","class":"residential","name":""},"geometry":{"type":"LineString","coordinates":[[82.198439,26.7735667],[82.1985987,26.7734559],[82.1989084,26.7732753],[82.1991806,26.7731162],[82.1993353,26.773023]]}},{"type":"Feature","properties":{"id":"way/956503385","kind":"road","class":"service","name":""},"geometry":{"type":"LineString","coordinates":[[82.2012994,26.7754835],[82.2018147,26.7751972],[82.201831,26.7751773],[82.201835,26.7751646],[82.201833,26.775141],[82.2017884,26.7750341]]}},{"type":"Feature","properties":{"id":"way/956503386","kind":"road","class":"track","name":"","surface":"unpaved"},"geometry":{"type":"LineString","coordinates":[[82.201214,26.7724717],[82.2015577,26.773069],[82.2018545,26.7735833],[82.2020785,26.7739785],[82.2022958,26.7743461],[82.2026492,26.7749565],[82.2028064,26.7752184],[82.2029783,26.775538]]}},{"type":"Feature","properties":{"id":"way/956503387","kind":"road","class":"residential","name":""},"geometry":{"type":"LineString","coordinates":[[82.2049583,26.7759112],[82.205026,26.7759202],[82.2050991,26.7759299],[82.205155,26.7759319],[82.2052063,26.7759257],[82.2053695,26.7758716],[82.2059206,26.7756178]]}},{"type":"Feature","properties":{"id":"way/956503388","kind":"road","class":"residential","name":""},"geometry":{"type":"LineString","coordinates":[[82.2053695,26.7758716],[82.2055475,26.7762588],[82.2057066,26.7765396],[82.2059186,26.7768913],[82.2059429,26.7769205],[82.2059736,26.7769342],[82.2060013,26.7769383],[82.2061428,26.7769177],[82.2061674,26.7769177],[82.2061828,26.7769287],[82.2061967,26.7769452],[82.206209,26.7769782],[82.2062704,26.7772731]]}},{"type":"Feature","properties":{"id":"way/956503389","kind":"road","class":"residential","name":""},"geometry":{"type":"LineString","coordinates":[[82.207894,26.7732478],[82.2078722,26.7731096],[82.2078743,26.773077],[82.2078844,26.7730462],[82.2079595,26.7729429],[82.2080184,26.7728795],[82.2080305,26.7728486],[82.2080305,26.7728178],[82.2079433,26.7726221],[82.2079412,26.7725895],[82.2079554,26.7725569],[82.2080363,26.772477]]}},{"type":"Feature","properties":{"id":"way/956503390","kind":"road","class":"residential","name":""},"geometry":{"type":"LineString","coordinates":[[82.2067418,26.7730233],[82.2069113,26.772938],[82.2069681,26.772909],[82.207029,26.7728909],[82.2072218,26.7728655]]}},{"type":"Feature","properties":{"id":"way/956506776","kind":"road","class":"track","name":"","surface":"unpaved"},"geometry":{"type":"LineString","coordinates":[[82.1970755,26.7728067],[82.1971009,26.7727754],[82.1971196,26.7727574],[82.1971812,26.7727287],[82.1974356,26.7726176],[82.1975628,26.7725566],[82.1976097,26.7725303],[82.1976659,26.7724896],[82.1977864,26.772382],[82.1980663,26.7720975],[82.1982417,26.7719433],[82.1983398,26.7718753]]}},{"type":"Feature","properties":{"id":"way/956506777","kind":"road","class":"service","name":""},"geometry":{"type":"LineString","coordinates":[[82.1976159,26.7760603],[82.1981094,26.7759608],[82.1985191,26.7758652]]}},{"type":"Feature","properties":{"id":"way/956506778","kind":"road","class":"service","name":""},"geometry":{"type":"LineString","coordinates":[[82.1975609,26.7759901],[82.1975943,26.7760252],[82.1976159,26.7760603],[82.1976336,26.7761178],[82.1976523,26.7761386],[82.1976872,26.776149],[82.1977362,26.776149],[82.1986874,26.7759991],[82.1987223,26.7760012],[82.198748,26.7760158],[82.198769,26.7760533],[82.1988226,26.7762905],[82.1988949,26.7765715],[82.1988972,26.7766548],[82.1988879,26.776815],[82.1988995,26.777019],[82.1989322,26.777223],[82.1989298,26.7772896],[82.1989135,26.7774415],[82.1987993,26.7777954],[82.1987154,26.778016],[82.1987119,26.7780552],[82.198718,26.7781023],[82.1987504,26.7781567],[82.1989128,26.7782998],[82.1989372,26.7783306],[82.1989493,26.7783687],[82.1989717,26.7786676]]}},{"type":"Feature","properties":{"id":"way/956506779","kind":"road","class":"residential","name":""},"geometry":{"type":"LineString","coordinates":[[82.196149,26.7774801],[82.1967599,26.7772301],[82.1969,26.7771703],[82.1969223,26.7771522],[82.1969284,26.7771359],[82.1968147,26.7766956],[82.196697,26.7762824],[82.196599,26.7759419]]}},{"type":"Feature","properties":{"id":"way/956506780","kind":"road","class":"track","name":"","surface":"unpaved"},"geometry":{"type":"LineString","coordinates":[[82.1967599,26.7772301],[82.1968772,26.7774547],[82.1970466,26.7777971],[82.1973128,26.7783178]]}},{"type":"Feature","properties":{"id":"way/956506781","kind":"road","class":"residential","name":""},"geometry":{"type":"LineString","coordinates":[[82.2004916,26.7756861],[82.200372,26.7752683],[82.2003787,26.7752404],[82.2003899,26.7752169],[82.2004088,26.7751965],[82.2007041,26.7749648]]}},{"type":"Feature","properties":{"id":"way/956506782","kind":"road","class":"residential","name":""},"geometry":{"type":"LineString","coordinates":[[82.2144246,26.7817747],[82.2144701,26.7820186],[82.2144889,26.7820808],[82.2146549,26.782382],[82.214845,26.782827]]}},{"type":"Feature","properties":{"id":"way/956506783","kind":"road","class":"service","name":""},"geometry":{"type":"LineString","coordinates":[[82.2170143,26.7727533],[82.2169654,26.7721077],[82.2169724,26.7720848],[82.2169934,26.7720619],[82.2170587,26.7720411],[82.217117,26.7720203],[82.2171543,26.771987],[82.2172149,26.7718454],[82.2172382,26.7717351],[82.2172662,26.7716956],[82.2173035,26.7716602],[82.2173361,26.7716269]]}},{"type":"Feature","properties":{"id":"way/956514149","kind":"road","class":"residential","name":""},"geometry":{"type":"LineString","coordinates":[[82.1968343,26.7733353],[82.1970847,26.7736892]]}},{"type":"Feature","properties":{"id":"way/956514150","kind":"road","class":"residential","name":""},"geometry":{"type":"LineString","coordinates":[[82.1956859,26.7745473],[82.1967153,26.7741523],[82.196734,26.7741419],[82.1967409,26.7741273],[82.1967363,26.7741023],[82.1966291,26.7739336]]}},{"type":"Feature","properties":{"id":"way/956514151","kind":"road","class":"service","name":""},"geometry":{"type":"LineString","coordinates":[[82.1984926,26.7828804],[82.1988943,26.7829378],[82.1991162,26.7829997]]}},{"type":"Feature","properties":{"id":"way/956514152","kind":"road","class":"service","name":""},"geometry":{"type":"LineString","coordinates":[[82.1986131,26.7816061],[82.1986292,26.7817376],[82.1986533,26.7817807],[82.1986988,26.7817998],[82.1987827,26.7818173],[82.1988037,26.7818346],[82.1988125,26.7818597],[82.1988101,26.7818956],[82.1987042,26.7822492],[82.1986908,26.7823377],[82.1986935,26.7824046],[82.1987344,26.7824811],[82.198802,26.782536],[82.1988724,26.7825786],[82.1992088,26.7827178]]}},{"type":"Feature","properties":{"id":"way/956514153","kind":"road","class":"residential","name":""},"geometry":{"type":"LineString","coordinates":[[82.1961412,26.7830662],[82.1961789,26.7828491],[82.1961976,26.7827388],[82.1961999,26.7826348],[82.1961766,26.7821603]]}},{"type":"Feature","properties":{"id":"way/956514154","kind":"road","class":"service","name":""},"geometry":{"type":"LineString","coordinates":[[82.1991349,26.782945],[82.199845,26.7830158],[82.2000325,26.7830636],[82.2002896,26.7831927],[82.2004496,26.783252],[82.2005511,26.7832877],[82.2006187,26.7832877],[82.2006961,26.7832762],[82.2010765,26.7831742]]}},{"type":"Feature","properties":{"id":"way/956514155","kind":"road","class":"service","name":""},"geometry":{"type":"LineString","coordinates":[[82.2004089,26.7825731],[82.2010765,26.7831742],[82.2011741,26.7832645],[82.2012563,26.7833434],[82.2013201,26.7834225],[82.201399,26.7835865],[82.2014626,26.7838105],[82.2015038,26.7840208]]}},{"type":"Feature","properties":{"id":"way/956514156","kind":"road","class":"service","name":""},"geometry":{"type":"LineString","coordinates":[[82.2011741,26.7832645],[82.2014561,26.7825942]]}},{"type":"Feature","properties":{"id":"way/956514157","kind":"road","class":"track","name":"","surface":"unpaved"},"geometry":{"type":"LineString","coordinates":[[82.1996207,26.7805505],[82.2001965,26.7804908],[82.2004857,26.780486],[82.2008285,26.7805003],[82.2010759,26.7805201]]}},{"type":"Feature","properties":{"id":"way/956514159","kind":"road","class":"residential","name":""},"geometry":{"type":"LineString","coordinates":[[82.2062901,26.7747831],[82.2065333,26.7753519]]}},{"type":"Feature","properties":{"id":"way/956514160","kind":"road","class":"residential","name":""},"geometry":{"type":"LineString","coordinates":[[82.2054593,26.7750352],[82.2055232,26.7750378],[82.205845,26.7750507]]}},{"type":"Feature","properties":{"id":"way/956514161","kind":"road","class":"residential","name":""},"geometry":{"type":"LineString","coordinates":[[82.2065982,26.7753283],[82.2068127,26.7757054]]}},{"type":"Feature","properties":{"id":"way/956514162","kind":"road","class":"residential","name":""},"geometry":{"type":"LineString","coordinates":[[82.2041768,26.7795493],[82.2046518,26.7796001]]}},{"type":"Feature","properties":{"id":"way/956514163","kind":"road","class":"service","name":""},"geometry":{"type":"LineString","coordinates":[[82.2054614,26.7823701],[82.2054742,26.781927]]}},{"type":"Feature","properties":{"id":"way/956514164","kind":"road","class":"residential","name":""},"geometry":{"type":"LineString","coordinates":[[82.2038891,26.7824246],[82.2039036,26.7828865]]}},{"type":"Feature","properties":{"id":"way/956514165","kind":"road","class":"residential","name":""},"geometry":{"type":"LineString","coordinates":[[82.209362,26.7755898],[82.2100196,26.775516]]}},{"type":"Feature","properties":{"id":"way/956514678","kind":"road","class":"residential","name":""},"geometry":{"type":"LineString","coordinates":[[82.2088659,26.7738577],[82.2090829,26.7746613]]}},{"type":"Feature","properties":{"id":"way/956516141","kind":"road","class":"residential","name":""},"geometry":{"type":"LineString","coordinates":[[82.2118028,26.7786557],[82.2123106,26.7784801]]}},{"type":"Feature","properties":{"id":"way/956516142","kind":"road","class":"residential","name":""},"geometry":{"type":"LineString","coordinates":[[82.2128099,26.7808714],[82.2134235,26.7806066],[82.2135791,26.7805444],[82.213681,26.780518],[82.2137735,26.7805214],[82.2138569,26.7805287],[82.2139573,26.7805287],[82.2141157,26.7805176]]}},{"type":"Feature","properties":{"id":"way/956516143","kind":"road","class":"residential","name":""},"geometry":{"type":"LineString","coordinates":[[82.2144504,26.7806582],[82.214487,26.7806455],[82.2145053,26.7806255],[82.2145073,26.7806056],[82.2144524,26.780435],[82.2144422,26.7804168],[82.214426,26.780406],[82.2143975,26.780406],[82.2142552,26.7804332]]}},{"type":"Feature","properties":{"id":"way/956516144","kind":"road","class":"residential","name":""},"geometry":{"type":"LineString","coordinates":[[82.2142552,26.7804332],[82.2141373,26.7804622],[82.2141211,26.7804749],[82.2141129,26.7804985],[82.2141157,26.7805176],[82.2141394,26.78068],[82.2141597,26.7806999],[82.2141861,26.7807108],[82.2144504,26.7806582]]}},{"type":"Feature","properties":{"id":"way/956516145","kind":"road","class":"residential","name":""},"geometry":{"type":"LineString","coordinates":[[82.2166153,26.7830321],[82.2169172,26.782784]]}},{"type":"Feature","properties":{"id":"way/956516146","kind":"road","class":"service","name":""},"geometry":{"type":"LineString","coordinates":[[82.2171795,26.7758914],[82.2178539,26.7758805]]}},{"type":"Feature","properties":{"id":"way/956536443","kind":"road","class":"residential","name":""},"geometry":{"type":"LineString","coordinates":[[82.2039009,26.7820157],[82.2038985,26.7822811],[82.2038902,26.7823589],[82.2038866,26.7823877],[82.2038891,26.7824246]]}},{"type":"Feature","properties":{"id":"way/956536444","kind":"road","class":"residential","name":"","bridge":"yes"},"geometry":{"type":"LineString","coordinates":[[82.1989661,26.7834279],[82.1990518,26.783184]]}},{"type":"Feature","properties":{"id":"way/956536445","kind":"road","class":"residential","name":""},"geometry":{"type":"LineString","coordinates":[[82.1987015,26.7837394],[82.1989286,26.7834733],[82.1989661,26.7834279]]}},{"type":"Feature","properties":{"id":"way/956536446","kind":"road","class":"service","name":""},"geometry":{"type":"LineString","coordinates":[[82.2023423,26.7825785],[82.2025966,26.7825723],[82.2028464,26.7825682],[82.2029944,26.7825682],[82.203029,26.7825671],[82.2030591,26.7825702],[82.2030857,26.7825847],[82.20314,26.782626],[82.203238,26.7826855]]}},{"type":"Feature","properties":{"id":"way/957418858","kind":"road","class":"residential","name":""},"geometry":{"type":"LineString","coordinates":[[82.1578547,26.771],[82.1579842,26.7713615]]}},{"type":"Feature","properties":{"id":"way/957418859","kind":"road","class":"residential","name":""},"geometry":{"type":"LineString","coordinates":[[82.1583052,26.771],[82.1584004,26.7712598]]}},{"type":"Feature","properties":{"id":"way/957418861","kind":"road","class":"residential","name":""},"geometry":{"type":"LineString","coordinates":[[82.1590208,26.771],[82.1590597,26.7710802]]}},{"type":"Feature","properties":{"id":"way/957423255","kind":"road","class":"residential","name":""},"geometry":{"type":"LineString","coordinates":[[82.1551839,26.771],[82.1552002,26.7711175],[82.1552069,26.7711967],[82.1552101,26.7713653]]}},{"type":"Feature","properties":{"id":"way/957423256","kind":"road","class":"residential","name":""},"geometry":{"type":"LineString","coordinates":[[82.1553627,26.7713902],[82.1553571,26.7711478],[82.1553522,26.7710991],[82.155341,26.7710561],[82.1553208,26.771]]}},{"type":"Feature","properties":{"id":"way/957425788","kind":"road","class":"residential","name":""},"geometry":{"type":"LineString","coordinates":[[82.1532296,26.7713134],[82.1532153,26.7710545],[82.1532216,26.771]]}},{"type":"Feature","properties":{"id":"way/957425789","kind":"road","class":"residential","name":""},"geometry":{"type":"LineString","coordinates":[[82.15297,26.7713047],[82.1529217,26.771]]}},{"type":"Feature","properties":{"id":"way/957425790","kind":"road","class":"residential","name":""},"geometry":{"type":"LineString","coordinates":[[82.1515268,26.771],[82.1515305,26.7710233]]}},{"type":"Feature","properties":{"id":"way/957441027","kind":"road","class":"residential","name":""},"geometry":{"type":"MultiLineString","coordinates":[[[82.1636925,26.7716504],[82.1634613,26.7712545],[82.1634173,26.7711609],[82.1633383,26.771]],[[82.1631315,26.771],[82.1630637,26.771023],[82.1629356,26.7710684],[82.1628095,26.7711271],[82.1624331,26.7713295]]]}},{"type":"Feature","properties":{"id":"way/957441028","kind":"road","class":"residential","name":""},"geometry":{"type":"LineString","coordinates":[[82.1641229,26.7734326],[82.1639637,26.7735335],[82.1639263,26.7735572],[82.1635681,26.7737843]]}},{"type":"Feature","properties":{"id":"way/957442926","kind":"road","class":"residential","name":""},"geometry":{"type":"LineString","coordinates":[[82.1641229,26.7734326],[82.1645663,26.7741142]]}},{"type":"Feature","properties":{"id":"way/957442927","kind":"road","class":"residential","name":""},"geometry":{"type":"LineString","coordinates":[[82.1634326,26.7729935],[82.1639263,26.7735572],[82.1644932,26.7741587]]}},{"type":"Feature","properties":{"id":"way/957442928","kind":"road","class":"residential","name":""},"geometry":{"type":"LineString","coordinates":[[82.1641229,26.7734326],[82.1645082,26.7732104],[82.164735,26.7730795]]}},{"type":"Feature","properties":{"id":"way/957442929","kind":"road","class":"residential","name":""},"geometry":{"type":"LineString","coordinates":[[82.164735,26.7730795],[82.164786,26.773075],[82.1648152,26.7730906],[82.1648502,26.773141],[82.1651141,26.7735568],[82.1652332,26.7737444]]}},{"type":"Feature","properties":{"id":"way/957442930","kind":"road","class":"residential","name":""},"geometry":{"type":"LineString","coordinates":[[82.1645663,26.7741142],[82.1649468,26.7738857],[82.1652332,26.7737444],[82.1653051,26.7737138],[82.1654724,26.7736513]]}},{"type":"Feature","properties":{"id":"way/957442931","kind":"road","class":"residential","name":""},"geometry":{"type":"LineString","coordinates":[[82.1654724,26.7736513],[82.1656681,26.7739695],[82.1658897,26.7743299]]}},{"type":"Feature","properties":{"id":"way/957442932","kind":"road","class":"residential","name":""},"geometry":{"type":"LineString","coordinates":[[82.1645082,26.7732104],[82.1649468,26.7738857]]}},{"type":"Feature","properties":{"id":"way/957442933","kind":"road","class":"residential","name":""},"geometry":{"type":"LineString","coordinates":[[82.1652253,26.7742169],[82.1654712,26.7746412]]}},{"type":"Feature","properties":{"id":"way/957442934","kind":"road","class":"residential","name":""},"geometry":{"type":"LineString","coordinates":[[82.1644284,26.7746763],[82.1647539,26.7744629],[82.1649219,26.7743677],[82.1650249,26.7743145],[82.1651441,26.7742581],[82.1652253,26.7742169],[82.1656681,26.7739695]]}},{"type":"Feature","properties":{"id":"way/957442935","kind":"road","class":"residential","name":""},"geometry":{"type":"LineString","coordinates":[[82.1649219,26.7743677],[82.1651676,26.7747307]]}},{"type":"Feature","properties":{"id":"way/957442936","kind":"road","class":"residential","name":""},"geometry":{"type":"LineString","coordinates":[[82.1650655,26.775207],[82.1651397,26.7751409],[82.1652174,26.7750871],[82.165478,26.7749795],[82.165791,26.7748822],[82.1662129,26.7747642],[82.1666251,26.7746514],[82.1667925,26.7746138],[82.1668429,26.7746115],[82.1669304,26.7746115],[82.1670179,26.7746288],[82.1671279,26.7746843],[82.1672219,26.7747394]]}},{"type":"Feature","properties":{"id":"way/957442937","kind":"road","class":"residential","name":""},"geometry":{"type":"LineString","coordinates":[[82.1656519,26.7733235],[82.1659582,26.7731566],[82.1660055,26.7731566],[82.1660483,26.7731968],[82.1663728,26.7736755],[82.1666338,26.7740533]]}},{"type":"Feature","properties":{"id":"way/957442938","kind":"road","class":"residential","name":""},"geometry":{"type":"LineString","coordinates":[[82.1667925,26.7746138],[82.1667028,26.7744626],[82.1665276,26.7741675],[82.166525,26.7741282],[82.166548,26.7741076],[82.1666338,26.7740533],[82.166833,26.7739488],[82.1670251,26.773848]]}},{"type":"Feature","properties":{"id":"way/957442939","kind":"road","class":"residential","name":""},"geometry":{"type":"LineString","coordinates":[[82.166833,26.7739488],[82.1670729,26.7743422]]}},{"type":"Feature","properties":{"id":"way/957442940","kind":"road","class":"residential","name":""},"geometry":{"type":"LineString","coordinates":[[82.1658105,26.7735909],[82.1656519,26.7733235],[82.165556,26.7731711],[82.1651433,26.7725972],[82.1649693,26.7723102],[82.1649637,26.7722737],[82.1649795,26.7722436],[82.1650358,26.7722034],[82.1652914,26.772086],[82.1656664,26.7719138],[82.1658916,26.7718274],[82.1659794,26.7717912],[82.1660492,26.7717771],[82.1661326,26.7717731],[82.1662609,26.7717691],[82.1663578,26.771755],[82.1664839,26.7717268],[82.1666884,26.7716779],[82.166729,26.771679],[82.1667501,26.7716924],[82.1667744,26.7717209],[82.1668544,26.7718785],[82.1669399,26.7720573],[82.1669675,26.7720887],[82.1670025,26.7721005],[82.1670481,26.7720979],[82.1671084,26.7720796],[82.1673629,26.7719717],[82.1678084,26.7717828]]}},{"type":"Feature","properties":{"id":"way/957442941","kind":"road","class":"residential","name":""},"geometry":{"type":"LineString","coordinates":[[82.1627716,26.7729468],[82.163295,26.7725561]]}},{"type":"Feature","properties":{"id":"way/957457907","kind":"road","class":"residential","name":""},"geometry":{"type":"LineString","coordinates":[[82.1655485,26.771],[82.1657179,26.7713998]]}},{"type":"Feature","properties":{"id":"way/957457908","kind":"road","class":"residential","name":""},"geometry":{"type":"LineString","coordinates":[[82.1659958,26.771],[82.1660785,26.7712063]]}},{"type":"Feature","properties":{"id":"way/957457910","kind":"road","class":"service","name":""},"geometry":{"type":"LineString","coordinates":[[82.167183,26.771],[82.167225,26.7711583]]}},{"type":"Feature","properties":{"id":"way/957457911","kind":"road","class":"residential","name":""},"geometry":{"type":"LineString","coordinates":[[82.1671236,26.7714844],[82.1673629,26.7719717]]}},{"type":"Feature","properties":{"id":"way/957457912","kind":"road","class":"residential","name":""},"geometry":{"type":"LineString","coordinates":[[82.1652914,26.772086],[82.1656306,26.7725845]]}},{"type":"Feature","properties":{"id":"way/957457913","kind":"road","class":"residential","name":""},"geometry":{"type":"LineString","coordinates":[[82.1656664,26.7719138],[82.1657336,26.7720276],[82.1657487,26.7720833],[82.165753,26.7721889],[82.1657681,26.7722389],[82.165884,26.7724215],[82.1659251,26.7724617],[82.165959,26.7724772],[82.165997,26.7724788],[82.1660264,26.772468],[82.1662283,26.7723586]]}},{"type":"Feature","properties":{"id":"way/957457914","kind":"road","class":"residential","name":""},"geometry":{"type":"LineString","coordinates":[[82.1648561,26.7727448],[82.1649713,26.7729267]]}},{"type":"Feature","properties":{"id":"way/957457915","kind":"road","class":"residential","name":""},"geometry":{"type":"LineString","coordinates":[[82.1672708,26.7737522],[82.1675117,26.7742983]]}},{"type":"Feature","properties":{"id":"way/957457916","kind":"road","class":"residential","name":""},"geometry":{"type":"LineString","coordinates":[[82.1660158,26.7761506],[82.1662642,26.7759657],[82.1663388,26.7759137],[82.1663713,26.7758933],[82.1664593,26.7758486],[82.1665853,26.7757901],[82.1666623,26.7757692]]}},{"type":"Feature","properties":{"id":"way/957457917","kind":"road","class":"residential","name":""},"geometry":{"type":"LineString","coordinates":[[82.1660692,26.7755435],[82.1663388,26.7759137]]}},{"type":"Feature","properties":{"id":"way/957457918","kind":"road","class":"residential","name":""},"geometry":{"type":"LineString","coordinates":[[82.1672219,26.7747394],[82.1673417,26.774833],[82.1673882,26.7748845],[82.1674123,26.7749346],[82.1675149,26.7751981],[82.1675179,26.7752274],[82.1675074,26.77525],[82.1674821,26.775274],[82.1673714,26.7753699],[82.1673589,26.7753879],[82.1673566,26.7754121],[82.1673773,26.7754996]]}},{"type":"Feature","properties":{"id":"way/957457919","kind":"road","class":"residential","name":""},"geometry":{"type":"LineString","coordinates":[[82.1672166,26.7751604],[82.1673589,26.7753879]]}},{"type":"Feature","properties":{"id":"way/957462751","kind":"road","class":"residential","name":""},"geometry":{"type":"LineString","coordinates":[[82.1669264,26.7755458],[82.1670752,26.7757705]]}},{"type":"Feature","properties":{"id":"way/957462752","kind":"road","class":"residential","name":""},"geometry":{"type":"LineString","coordinates":[[82.1666087,26.7761797],[82.166688,26.7761778],[82.1667252,26.7761698],[82.1667878,26.7761459],[82.1671259,26.7760094],[82.1671678,26.7759862],[82.1671898,26.7759594],[82.1671997,26.7759296],[82.1672197,26.7758797],[82.1672473,26.775855],[82.167655,26.7756407],[82.1677993,26.7755792],[82.1678651,26.775542],[82.1678859,26.775509],[82.1678971,26.7754546],[82.1679212,26.7754288],[82.1679661,26.7754031],[82.1680575,26.775373],[82.1681489,26.7753501],[82.1682243,26.7753386],[82.1682853,26.7753429],[82.168327,26.7753615],[82.1683709,26.7753934]]}},{"type":"Feature","properties":{"id":"way/957462753","kind":"road","class":"residential","name":""},"geometry":{"type":"LineString","coordinates":[[82.1682314,26.7760835],[82.1681383,26.7757928],[82.1681335,26.7757542],[82.1681399,26.775704],[82.1681496,26.775674],[82.1682504,26.7755089],[82.1683151,26.775434],[82.1683709,26.7753934],[82.1684187,26.7753722],[82.1684763,26.7753559],[82.168555,26.7753378],[82.1686781,26.7753089],[82.168774,26.775289],[82.1691413,26.7752186]]}},{"type":"Feature","properties":{"id":"way/957462754","kind":"road","class":"residential","name":""},"geometry":{"type":"LineString","coordinates":[[82.1680588,26.7743198],[82.1682943,26.7747961],[82.1683137,26.7748214],[82.1683405,26.774832],[82.1683822,26.7748253],[82.1685834,26.7747761],[82.1686117,26.7747801],[82.1686326,26.7748001],[82.168646,26.7748347],[82.1686604,26.7748858],[82.168774,26.775289]]}},{"type":"Feature","properties":{"id":"way/957462755","kind":"road","class":"residential","name":""},"geometry":{"type":"LineString","coordinates":[[82.168555,26.7753378],[82.1685871,26.7754167],[82.1686564,26.7755795]]}},{"type":"Feature","properties":{"id":"way/957462756","kind":"road","class":"residential","name":""},"geometry":{"type":"LineString","coordinates":[[82.1686604,26.7748858],[82.1689987,26.774794]]}},{"type":"Feature","properties":{"id":"way/957462757","kind":"road","class":"residential","name":""},"geometry":{"type":"LineString","coordinates":[[82.1679773,26.7739268],[82.1680978,26.7739197],[82.16821,26.7739169],[82.1683047,26.7739283],[82.1684073,26.773967],[82.1684715,26.7739985],[82.1685805,26.774083],[82.1686952,26.7742018],[82.1687714,26.7742748],[82.1688456,26.7743377]]}},{"type":"Feature","properties":{"id":"way/957462758","kind":"road","class":"residential","name":""},"geometry":{"type":"LineString","coordinates":[[82.1682555,26.776522],[82.1686651,26.7763614],[82.1690885,26.7761954],[82.1694185,26.7760659]]}},{"type":"Feature","properties":{"id":"way/957462759","kind":"road","class":"residential","name":""},"geometry":{"type":"LineString","coordinates":[[82.1686651,26.7763614],[82.1688695,26.7767634],[82.1689791,26.7769702]]}},{"type":"Feature","properties":{"id":"way/957462760","kind":"road","class":"residential","name":""},"geometry":{"type":"LineString","coordinates":[[82.1690885,26.7761954],[82.1692051,26.7764832]]}},{"type":"Feature","properties":{"id":"way/957462761","kind":"road","class":"residential","name":""},"geometry":{"type":"LineString","coordinates":[[82.168173,26.7763263],[82.1693528,26.7758649]]}},{"type":"Feature","properties":{"id":"way/957462762","kind":"road","class":"residential","name":""},"geometry":{"type":"LineString","coordinates":[[82.1685463,26.7773064],[82.1686335,26.7772747],[82.1686865,26.7772504],[82.1687121,26.7772332],[82.1687169,26.7772131],[82.1687055,26.777176],[82.1685896,26.7769132],[82.1685855,26.7768921],[82.1685979,26.7768748],[82.1686409,26.7768538],[82.1688695,26.7767634]]}},{"type":"Feature","properties":{"id":"way/957462763","kind":"road","class":"residential","name":""},"geometry":{"type":"LineString","coordinates":[[82.1694275,26.7775163],[82.1693138,26.7772202],[82.1692905,26.7771629],[82.1692685,26.7770987],[82.1692705,26.7770648],[82.1692885,26.7770434],[82.1693517,26.7770211],[82.1697462,26.7769061]]}},{"type":"Feature","properties":{"id":"way/957462764","kind":"road","class":"residential","name":""},"geometry":{"type":"LineString","coordinates":[[82.167869,26.7776328],[82.1681932,26.7778789],[82.1684016,26.7780133],[82.1684624,26.7780463],[82.1685082,26.7780711],[82.1686355,26.7781414],[82.1686709,26.7781484],[82.1686972,26.7781385],[82.1687221,26.7781188],[82.1687512,26.7781114],[82.1687816,26.7781237],[82.1688273,26.7781719],[82.1689533,26.7783227],[82.1689935,26.7783536],[82.1690337,26.7783685],[82.1690973,26.7783845],[82.1695697,26.7784942],[82.1696269,26.7785094],[82.1702466,26.7786602],[82.1704501,26.7787183],[82.1705014,26.7787307],[82.1705332,26.7787307],[82.1705803,26.778727],[82.170653,26.7787651]]}},{"type":"Feature","properties":{"id":"way/957462765","kind":"road","class":"residential","name":""},"geometry":{"type":"LineString","coordinates":[[82.169772,26.7781304],[82.1699592,26.7780913],[82.1702475,26.7780291]]}},{"type":"Feature","properties":{"id":"way/957462766","kind":"road","class":"residential","name":""},"geometry":{"type":"LineString","coordinates":[[82.1699592,26.7780913],[82.1698784,26.7778422]]}},{"type":"Feature","properties":{"id":"way/957462767","kind":"road","class":"residential","name":""},"geometry":{"type":"LineString","coordinates":[[82.1691406,26.7780823],[82.1692579,26.7780314],[82.1693408,26.7780114],[82.1693891,26.778016],[82.1694098,26.7780376],[82.1694564,26.7781254],[82.1695281,26.7782641],[82.1695548,26.7783319],[82.1695652,26.7783859],[82.1695697,26.7784942]]}},{"type":"Feature","properties":{"id":"way/957462768","kind":"road","class":"residential","name":""},"geometry":{"type":"LineString","coordinates":[[82.1682769,26.777661],[82.1684996,26.7779199],[82.1685288,26.7779564],[82.168535,26.7779804],[82.1685205,26.7780007],[82.1684624,26.7780463]]}},{"type":"Feature","properties":{"id":"way/957462769","kind":"road","class":"residential","name":""},"geometry":{"type":"LineString","coordinates":[[82.1679305,26.776949],[82.1683591,26.7773023],[82.1683972,26.7773199],[82.1684371,26.777317],[82.1685056,26.777303],[82.1685463,26.7773064],[82.1685664,26.7773328],[82.1687671,26.7777149]]}},{"type":"Feature","properties":{"id":"way/957462770","kind":"road","class":"residential","name":""},"geometry":{"type":"LineString","coordinates":[[82.1689109,26.7773463],[82.1691022,26.7772864],[82.1693138,26.7772202]]}},{"type":"Feature","properties":{"id":"way/957462771","kind":"road","class":"residential","name":""},"geometry":{"type":"LineString","coordinates":[[82.1691022,26.7772864],[82.1692044,26.7775768]]}},{"type":"Feature","properties":{"id":"way/957468486","kind":"road","class":"primary","name":""},"geometry":{"type":"LineString","coordinates":[[82.1609267,26.7738751],[82.1608815,26.773922],[82.1606124,26.7741807],[82.160426,26.7743695],[82.160246,26.7745772],[82.1601082,26.7747383],[82.1599953,26.7748702],[82.1598749,26.7750012],[82.159771,26.775105],[82.1594193,26.7754766]]}},{"type":"Feature","properties":{"id":"way/957468487","kind":"road","class":"residential","name":""},"geometry":{"type":"LineString","coordinates":[[82.159495,26.7755704],[82.1596376,26.7756719],[82.1597545,26.7757145],[82.1597873,26.775714],[82.1598194,26.775685],[82.1598625,26.7756103],[82.1599686,26.775458],[82.1600044,26.7754367],[82.1600312,26.7754447],[82.1600535,26.7754753],[82.1602444,26.7757537],[82.1603531,26.7758717],[82.1603814,26.7758957],[82.1604216,26.775913],[82.1605051,26.7759316],[82.1606138,26.7759382],[82.1607003,26.7759316],[82.1607942,26.7759143],[82.1608612,26.775889],[82.161122,26.7757773],[82.1612233,26.7757347],[82.1612472,26.7757107],[82.1612531,26.7756828],[82.1612502,26.7756535],[82.1612174,26.7755883],[82.1610073,26.7752331],[82.1609419,26.7750983],[82.1609208,26.7750548],[82.1608978,26.7750055],[82.1607167,26.7746171],[82.1606675,26.7744867],[82.1606437,26.7744016],[82.1606332,26.7743284],[82.1606124,26.7741807]]}},{"type":"Feature","properties":{"id":"way/957468488","kind":"road","class":"residential","name":""},"geometry":{"type":"LineString","coordinates":[[82.1601082,26.7747383],[82.1602708,26.7750048],[82.1602884,26.7750512],[82.1603056,26.7751317],[82.1603083,26.7751851],[82.1603088,26.7752579],[82.1603147,26.7753023],[82.1603339,26.7753418],[82.1603669,26.7753615],[82.1604071,26.7753567],[82.1604571,26.7753316],[82.1605627,26.7752774],[82.1609419,26.7750983]]}},{"type":"Feature","properties":{"id":"way/957468489","kind":"road","class":"residential","name":""},"geometry":{"type":"LineString","coordinates":[[82.1619483,26.7739563],[82.1622149,26.7743969],[82.162239,26.774428],[82.1622766,26.7744424],[82.1623329,26.774428],[82.1625112,26.7743341]]}},{"type":"Feature","properties":{"id":"way/957468490","kind":"road","class":"residential","name":""},"geometry":{"type":"LineString","coordinates":[[82.1608978,26.7750055],[82.1614328,26.7748462],[82.161717,26.7747561],[82.1617878,26.7747348],[82.1619169,26.7746695],[82.1619449,26.774633],[82.1619449,26.7746003],[82.1619147,26.7745389],[82.1617017,26.7741527],[82.1616931,26.7741085],[82.1617103,26.7740778],[82.1617641,26.7740413],[82.1619483,26.7739563],[82.1621064,26.7738859],[82.1621684,26.7738574],[82.1622084,26.7738627],[82.1622344,26.7738877],[82.1625112,26.7743341],[82.1625563,26.7744054]]}},{"type":"Feature","properties":{"id":"way/957468491","kind":"road","class":"residential","name":""},"geometry":{"type":"LineString","coordinates":[[82.1621759,26.7728444],[82.1623769,26.7730621]]}},{"type":"Feature","properties":{"id":"way/957468492","kind":"road","class":"residential","name":""},"geometry":{"type":"LineString","coordinates":[[82.1628724,26.7770789],[82.1630568,26.7770018],[82.1631406,26.7769751],[82.1632277,26.7769601],[82.1633207,26.7769534],[82.1633914,26.7769337],[82.1634319,26.7769128],[82.1634887,26.7768504],[82.1635448,26.7768218],[82.163617,26.776796],[82.1639298,26.7767502],[82.1641784,26.7766857],[82.1642649,26.7766535],[82.164366,26.7765995],[82.1644173,26.7765583],[82.164443,26.776524],[82.1644574,26.7764667],[82.1644719,26.7763135],[82.1644815,26.7762061],[82.1644751,26.7761316],[82.164451,26.7760543],[82.1643917,26.7759111],[82.1642393,26.775629],[82.1642361,26.7755947],[82.1642489,26.7755689],[82.1642906,26.7755374],[82.1644004,26.7754756],[82.1646338,26.7753441],[82.1646707,26.7753198],[82.1648959,26.7751387]]}},{"type":"Feature","properties":{"id":"way/957468493","kind":"road","class":"residential","name":""},"geometry":{"type":"LineString","coordinates":[[82.1641088,26.7763546],[82.1644815,26.7762061]]}},{"type":"Feature","properties":{"id":"way/957468494","kind":"road","class":"residential","name":""},"geometry":{"type":"LineString","coordinates":[[82.1649947,26.7754529],[82.1651988,26.7753306]]}},{"type":"Feature","properties":{"id":"way/957468495","kind":"road","class":"residential","name":""},"geometry":{"type":"LineString","coordinates":[[82.1644173,26.7765583],[82.1644797,26.7765932],[82.1645225,26.7766065],[82.1645893,26.7766114],[82.1646952,26.7766114],[82.1648457,26.7765949],[82.1649295,26.7765828],[82.1650482,26.7765683],[82.1651467,26.7765683],[82.16526,26.7765783],[82.1653802,26.7765983],[82.1654233,26.7766214],[82.1654596,26.7766584],[82.1655922,26.7768643],[82.1656176,26.7768907],[82.1656581,26.7769034],[82.1657875,26.7769142],[82.1659295,26.7769269],[82.1659601,26.7769296],[82.1660741,26.7769481],[82.1661759,26.7769774],[82.1662173,26.7769959],[82.1663416,26.7770621],[82.1664003,26.7771022],[82.1664434,26.7771192],[82.1665177,26.7771222],[82.1666316,26.7770991],[82.1667846,26.7770747]]}},{"type":"Feature","properties":{"id":"way/957468496","kind":"road","class":"residential","name":""},"geometry":{"type":"LineString","coordinates":[[82.1645876,26.7771123],[82.1647656,26.7770364],[82.164825,26.7770006],[82.164865,26.776972],[82.1648955,26.7769405],[82.1649324,26.7768875],[82.1649484,26.7768217],[82.1649468,26.7767587],[82.1649295,26.7765828],[82.1649212,26.7763964],[82.1649228,26.7763649],[82.1649372,26.7763262],[82.1649661,26.7762776],[82.165011,26.7762389],[82.1651393,26.7761473],[82.1651938,26.7761172],[82.1653658,26.7760298],[82.1653963,26.7760199],[82.1654184,26.7760224],[82.1654392,26.7760384],[82.1655001,26.7761039],[82.1655486,26.776146],[82.1657037,26.7762782]]}},{"type":"Feature","properties":{"id":"way/957468497","kind":"road","class":"residential","name":""},"geometry":{"type":"LineString","coordinates":[[82.1654233,26.7766214],[82.165444,26.776595],[82.1654512,26.7765737],[82.1654488,26.7765502],[82.1654081,26.7764755],[82.1654069,26.7764542],[82.1654177,26.776435],[82.1654524,26.7764125],[82.1657037,26.7762782],[82.1659835,26.7761199]]}},{"type":"Feature","properties":{"id":"way/957468498","kind":"road","class":"residential","name":""},"geometry":{"type":"LineString","coordinates":[[82.1659295,26.7769269],[82.1660109,26.7768143],[82.1660911,26.7767298],[82.16616,26.7766797],[82.1662194,26.7766425],[82.1664069,26.7765331]]}},{"type":"Feature","properties":{"id":"way/957468499","kind":"road","class":"residential","name":""},"geometry":{"type":"LineString","coordinates":[[82.1652852,26.7768016],[82.1653567,26.7769493],[82.1653776,26.7769639],[82.1654178,26.7769706],[82.1655057,26.7769732],[82.165546,26.7769852],[82.1655907,26.7770211],[82.1656309,26.777081],[82.1657103,26.7772755],[82.1657413,26.7773118],[82.1657629,26.7773182],[82.165788,26.7773172],[82.1659218,26.777299],[82.1660509,26.7772852],[82.166107,26.7772866],[82.1662228,26.7772917],[82.1662835,26.7772909],[82.166354,26.7772824],[82.1663925,26.7772766],[82.1664535,26.777268],[82.1665417,26.7772652],[82.1666235,26.7772623],[82.1667456,26.7772475]]}},{"type":"Feature","properties":{"id":"way/957468500","kind":"road","class":"residential","name":""},"geometry":{"type":"LineString","coordinates":[[82.1662835,26.7772909],[82.1662875,26.7773801],[82.1662995,26.777442],[82.1663162,26.7774719],[82.1663425,26.7774964],[82.1663843,26.7775199],[82.1664154,26.7775412],[82.1664334,26.7775573],[82.1664483,26.7775903],[82.1664585,26.7776394]]}},{"type":"Feature","properties":{"id":"way/957468501","kind":"road","class":"residential","name":""},"geometry":{"type":"LineString","coordinates":[[82.1637639,26.7754958],[82.1641483,26.7752804],[82.1641954,26.7752724],[82.1642425,26.7752924],[82.1644004,26.7754756]]}},{"type":"Feature","properties":{"id":"way/957480104","kind":"road","class":"residential","name":""},"geometry":{"type":"LineString","coordinates":[[82.17004,26.771],[82.1701317,26.7713934],[82.1701574,26.7715395],[82.1701718,26.7716813],[82.1701766,26.7719591],[82.1701713,26.7723318]]}},{"type":"Feature","properties":{"id":"way/957480106","kind":"road","class":"residential","name":""},"geometry":{"type":"LineString","coordinates":[[82.1675137,26.7711599],[82.1677979,26.7710774],[82.1680646,26.771]]}},{"type":"Feature","properties":{"id":"way/957480115","kind":"road","class":"residential","name":""},"geometry":{"type":"LineString","coordinates":[[82.170513,26.771],[82.1705351,26.7710532]]}},{"type":"Feature","properties":{"id":"way/957480116","kind":"road","class":"service","name":""},"geometry":{"type":"LineString","coordinates":[[82.169052,26.771],[82.1691294,26.7710437]]}},{"type":"Feature","properties":{"id":"way/957480117","kind":"road","class":"residential","name":""},"geometry":{"type":"LineString","coordinates":[[82.1677979,26.7710774],[82.1678685,26.7712399],[82.1678894,26.7712612],[82.1679266,26.7712625],[82.1679758,26.7712492],[82.1683171,26.7711494]]}},{"type":"Feature","properties":{"id":"way/957490552","kind":"road","class":"residential","name":""},"geometry":{"type":"LineString","coordinates":[[82.1728583,26.7731439],[82.1729143,26.7724831]]}},{"type":"Feature","properties":{"id":"way/957490553","kind":"road","class":"residential","name":""},"geometry":{"type":"LineString","coordinates":[[82.1708354,26.7720028],[82.1709929,26.7725604]]}},{"type":"Feature","properties":{"id":"way/957490554","kind":"road","class":"service","name":""},"geometry":{"type":"LineString","coordinates":[[82.1690711,26.771909],[82.1690855,26.7714804]]}},{"type":"Feature","properties":{"id":"way/957490555","kind":"road","class":"residential","name":""},"geometry":{"type":"LineString","coordinates":[[82.1708634,26.7725216],[82.1710866,26.7730511]]}},{"type":"Feature","properties":{"id":"way/957490556","kind":"road","class":"residential","name":""},"geometry":{"type":"LineString","coordinates":[[82.169531,26.7725916],[82.1695925,26.7727259],[82.1699191,26.7734382]]}},{"type":"Feature","properties":{"id":"way/957490557","kind":"road","class":"residential","name":""},"geometry":{"type":"LineString","coordinates":[[82.1691499,26.7729408],[82.1695925,26.7727259]]}},{"type":"Feature","properties":{"id":"way/957490558","kind":"road","class":"residential","name":""},"geometry":{"type":"LineString","coordinates":[[82.170297,26.7723713],[82.1703296,26.7724851],[82.1703493,26.7725474],[82.1703881,26.772642],[82.1705236,26.7729033],[82.1706596,26.7731927]]}},{"type":"Feature","properties":{"id":"way/957490559","kind":"road","class":"residential","name":""},"geometry":{"type":"LineString","coordinates":[[82.1694131,26.7730321],[82.169641,26.7735304]]}},{"type":"Feature","properties":{"id":"way/957490560","kind":"road","class":"residential","name":""},"geometry":{"type":"LineString","coordinates":[[82.1688217,26.774261],[82.1690469,26.7742042],[82.1690763,26.7742073],[82.1691039,26.7742273],[82.1691695,26.7743521]]}},{"type":"Feature","properties":{"id":"way/957490561","kind":"road","class":"residential","name":""},"geometry":{"type":"LineString","coordinates":[[82.1691397,26.7736966],[82.1692905,26.7740402]]}},{"type":"Feature","properties":{"id":"way/957490562","kind":"road","class":"residential","name":""},"geometry":{"type":"LineString","coordinates":[[82.1696133,26.7735396],[82.1698877,26.7741559]]}},{"type":"Feature","properties":{"id":"way/957490563","kind":"road","class":"residential","name":""},"geometry":{"type":"LineString","coordinates":[[82.1697551,26.7734926],[82.1700352,26.7741161]]}},{"type":"Feature","properties":{"id":"way/957490564","kind":"road","class":"residential","name":""},"geometry":{"type":"LineString","coordinates":[[82.1693365,26.7736314],[82.1695411,26.7740937]]}},{"type":"Feature","properties":{"id":"way/957490565","kind":"road","class":"residential","name":""},"geometry":{"type":"LineString","coordinates":[[82.1704655,26.773257],[82.1707377,26.773823]]}},{"type":"Feature","properties":{"id":"way/957490566","kind":"road","class":"residential","name":""},"geometry":{"type":"LineString","coordinates":[[82.1702039,26.7733438],[82.1704099,26.7737499]]}},{"type":"Feature","properties":{"id":"way/957490567","kind":"road","class":"residential","name":""},"geometry":{"type":"LineString","coordinates":[[82.1710364,26.7730678],[82.1711285,26.7732749]]}},{"type":"Feature","properties":{"id":"way/957490568","kind":"road","class":"residential","name":""},"geometry":{"type":"LineString","coordinates":[[82.1729153,26.7746103],[82.1725691,26.7747349],[82.1722586,26.7748467],[82.1718873,26.7749958],[82.1718212,26.7750234],[82.1714669,26.7751713],[82.1714433,26.7752039],[82.1714476,26.7752481],[82.1714954,26.7754541],[82.1715573,26.7756976]]}},{"type":"Feature","properties":{"id":"way/957490569","kind":"road","class":"residential","name":""},"geometry":{"type":"LineString","coordinates":[[82.1727877,26.7740757],[82.1727815,26.7741829],[82.1727963,26.7742924],[82.1728145,26.7743623],[82.1728564,26.7744775],[82.1729153,26.7746103],[82.1730304,26.774848]]}},{"type":"Feature","properties":{"id":"way/957490570","kind":"road","class":"residential","name":""},"geometry":{"type":"LineString","coordinates":[[82.1725691,26.7747349],[82.1727364,26.7750743]]}},{"type":"Feature","properties":{"id":"way/957490571","kind":"road","class":"residential","name":""},"geometry":{"type":"LineString","coordinates":[[82.1718212,26.7750234],[82.1719812,26.775307],[82.172382,26.7761122]]}},{"type":"Feature","properties":{"id":"way/957490572","kind":"road","class":"residential","name":""},"geometry":{"type":"LineString","coordinates":[[82.1730425,26.7753219],[82.1732267,26.7758096]]}},{"type":"Feature","properties":{"id":"way/957490573","kind":"road","class":"residential","name":""},"geometry":{"type":"LineString","coordinates":[[82.1691113,26.7751285],[82.169543,26.7749564],[82.1697734,26.7748751],[82.170054,26.774776],[82.1702762,26.7747013],[82.170536,26.774624],[82.1706833,26.774575],[82.1710674,26.7744283],[82.1713648,26.7743072],[82.1713908,26.7742787],[82.1713868,26.7742519],[82.1712209,26.7739021]]}},{"type":"Feature","properties":{"id":"way/957490574","kind":"road","class":"residential","name":""},"geometry":{"type":"LineString","coordinates":[[82.1706833,26.774575],[82.1708937,26.7749618],[82.1710375,26.7752325]]}},{"type":"Feature","properties":{"id":"way/957490575","kind":"road","class":"residential","name":""},"geometry":{"type":"LineString","coordinates":[[82.1702422,26.7752888],[82.1705387,26.7751397]]}},{"type":"Feature","properties":{"id":"way/957490576","kind":"road","class":"residential","name":""},"geometry":{"type":"LineString","coordinates":[[82.1697734,26.7748751],[82.1699999,26.7754343]]}},{"type":"Feature","properties":{"id":"way/957490577","kind":"road","class":"residential","name":""},"geometry":{"type":"LineString","coordinates":[[82.1704843,26.7749999],[82.1705387,26.7751397],[82.1706478,26.7753399],[82.1713432,26.7765061]]}},{"type":"Feature","properties":{"id":"way/957490578","kind":"road","class":"residential","name":""},"geometry":{"type":"LineString","coordinates":[[82.1705707,26.7757824],[82.1710339,26.7766202]]}},{"type":"Feature","properties":{"id":"way/957490579","kind":"road","class":"residential","name":""},"geometry":{"type":"LineString","coordinates":[[82.1694525,26.7761686],[82.1698911,26.7760091],[82.1702029,26.7758958]]}},{"type":"Feature","properties":{"id":"way/957490580","kind":"road","class":"residential","name":""},"geometry":{"type":"LineString","coordinates":[[82.1698911,26.7760091],[82.1700296,26.7762967]]}},{"type":"Feature","properties":{"id":"way/957492119","kind":"road","class":"residential","name":""},"geometry":{"type":"LineString","coordinates":[[82.1718063,26.7769581],[82.1722338,26.7774595]]}},{"type":"Feature","properties":{"id":"way/957492120","kind":"road","class":"service","name":""},"geometry":{"type":"LineString","coordinates":[[82.1710639,26.778633],[82.1712132,26.7789219]]}},{"type":"Feature","properties":{"id":"way/957492121","kind":"road","class":"residential","name":""},"geometry":{"type":"LineString","coordinates":[[82.1717551,26.7777473],[82.1720223,26.7781874]]}},{"type":"Feature","properties":{"id":"way/957492122","kind":"road","class":"residential","name":""},"geometry":{"type":"LineString","coordinates":[[82.1728811,26.7786231],[82.1731324,26.7792114],[82.1731645,26.7793016],[82.173195,26.7793274],[82.1732319,26.779336],[82.1732768,26.7793417],[82.1738762,26.7794075]]}},{"type":"Feature","properties":{"id":"way/957502576","kind":"road","class":"residential","name":""},"geometry":{"type":"LineString","coordinates":[[82.1636655,26.771],[82.1639517,26.7714507]]}},{"type":"Feature","properties":{"id":"way/957502577","kind":"road","class":"residential","name":""},"geometry":{"type":"LineString","coordinates":[[82.1624331,26.7713295],[82.1624187,26.7713615],[82.1624273,26.7714019],[82.1624854,26.7714902],[82.1626099,26.7716714],[82.1629695,26.7722044]]}},{"type":"Feature","properties":{"id":"way/957502578","kind":"road","class":"residential","name":""},"geometry":{"type":"LineString","coordinates":[[82.1626099,26.7716714],[82.163027,26.7714718],[82.1631553,26.7714105]]}},{"type":"Feature","properties":{"id":"way/957502579","kind":"road","class":"residential","name":""},"geometry":{"type":"LineString","coordinates":[[82.1628925,26.7712453],[82.163027,26.7714718]]}},{"type":"Feature","properties":{"id":"way/957502580","kind":"road","class":"residential","name":""},"geometry":{"type":"LineString","coordinates":[[82.1601033,26.7718352],[82.1603063,26.7721804],[82.1606083,26.7720172],[82.1605925,26.7719797],[82.1604824,26.7717911],[82.1603631,26.7715381],[82.1602765,26.7713659],[82.1602513,26.771316],[82.1602263,26.7712511],[82.160186,26.7711647],[82.1601101,26.771]]}},{"type":"Feature","properties":{"id":"way/957502581","kind":"road","class":"residential","name":""},"geometry":{"type":"LineString","coordinates":[[82.1605358,26.771],[82.1605699,26.7710798],[82.1606347,26.7712316],[82.1606769,26.7713303],[82.1607419,26.7714644],[82.1608204,26.7716106],[82.16092,26.77181],[82.1609505,26.771871],[82.1609952,26.7719619],[82.161005,26.7720077],[82.1610049,26.772047],[82.1609859,26.7720767],[82.1609258,26.7721191],[82.1608165,26.7721827]]}},{"type":"Feature","properties":{"id":"way/957502582","kind":"road","class":"residential","name":""},"geometry":{"type":"LineString","coordinates":[[82.1602765,26.7713659],[82.1606347,26.7712316]]}},{"type":"Feature","properties":{"id":"way/957502583","kind":"road","class":"residential","name":""},"geometry":{"type":"LineString","coordinates":[[82.16092,26.77181],[82.1612229,26.7716648]]}},{"type":"Feature","properties":{"id":"way/957502584","kind":"road","class":"residential","name":""},"geometry":{"type":"LineString","coordinates":[[82.1605699,26.7710798],[82.160774,26.7710271],[82.1608172,26.7710287],[82.160846,26.7710496],[82.1609324,26.7711958],[82.1612229,26.7716648],[82.1614164,26.7719829]]}},{"type":"Feature","properties":{"id":"way/957502585","kind":"road","class":"residential","name":""},"geometry":{"type":"LineString","coordinates":[[82.1592705,26.7723684],[82.159249,26.7723422],[82.1591708,26.7722092],[82.1591427,26.7721419],[82.1591427,26.772113],[82.1591553,26.7720905],[82.1592573,26.7720112],[82.1592812,26.7719925],[82.1593082,26.7719556],[82.1593676,26.771848],[82.1594108,26.7718062],[82.1594756,26.771766],[82.1596159,26.7716937],[82.1599326,26.7715733]]}},{"type":"Feature","properties":{"id":"way/957502586","kind":"road","class":"residential","name":""},"geometry":{"type":"LineString","coordinates":[[82.1595043,26.771544],[82.1598478,26.7714117]]}},{"type":"Feature","properties":{"id":"way/957502587","kind":"road","class":"residential","name":""},"geometry":{"type":"LineString","coordinates":[[82.1592573,26.7720112],[82.1594105,26.772279],[82.1594122,26.7723044],[82.1593905,26.7723223],[82.1593118,26.7723615],[82.1592705,26.7723684]]}},{"type":"Feature","properties":{"id":"way/957502588","kind":"road","class":"residential","name":""},"geometry":{"type":"LineString","coordinates":[[82.1581167,26.7713342],[82.1582235,26.7716262],[82.1582218,26.7716605],[82.1581968,26.7716769],[82.1579389,26.771741],[82.1583038,26.7724011],[82.1585152,26.772579],[82.158644,26.77262]]}},{"type":"Feature","properties":{"id":"way/957502589","kind":"road","class":"residential","name":""},"geometry":{"type":"LineString","coordinates":[[82.1571582,26.771476],[82.15721,26.7716765],[82.1572371,26.7717371],[82.1572739,26.7717924],[82.1572971,26.7718287],[82.1573262,26.7718892],[82.1573417,26.7719635],[82.1573514,26.7720604],[82.1573669,26.7721416],[82.1573872,26.7721875],[82.1575866,26.772507],[82.1576635,26.7726502],[82.157707,26.772731]]}},{"type":"Feature","properties":{"id":"way/957502590","kind":"road","class":"residential","name":""},"geometry":{"type":"LineString","coordinates":[[82.1569386,26.7739588],[82.1572883,26.7738178],[82.1575463,26.7737096],[82.1576405,26.7736816],[82.1577008,26.773668],[82.1577863,26.7736345],[82.1578872,26.7735855]]}},{"type":"Feature","properties":{"id":"way/957502591","kind":"road","class":"residential","name":""},"geometry":{"type":"LineString","coordinates":[[82.1573872,26.7721875],[82.1569359,26.7723586],[82.1569096,26.7723743],[82.1569009,26.7724024],[82.1569184,26.7724352],[82.1570216,26.7726258],[82.1570514,26.7726398],[82.1570951,26.7726227],[82.1571249,26.7726148],[82.1571529,26.7726336],[82.1572036,26.7727414],[82.1572314,26.7727512],[82.1572718,26.7727414],[82.1573488,26.7727132],[82.1573812,26.7727093],[82.1574058,26.7727171],[82.1574212,26.7727449],[82.1578872,26.7735855],[82.1579209,26.773618],[82.1579577,26.7736267],[82.1580003,26.7736111],[82.1582087,26.7735262]]}},{"type":"Feature","properties":{"id":"way/957502592","kind":"road","class":"residential","name":"","bridge":"yes"},"geometry":{"type":"LineString","coordinates":[[82.1582087,26.7735262],[82.1583191,26.7734904]]}},{"type":"Feature","properties":{"id":"way/957502593","kind":"road","class":"residential","name":""},"geometry":{"type":"LineString","coordinates":[[82.1583191,26.7734904],[82.1583876,26.7734814],[82.1585716,26.7734676],[82.158651,26.7734469],[82.1589647,26.7733448],[82.1590315,26.773321],[82.159095,26.7733051],[82.1591326,26.7733071],[82.1591575,26.7733256],[82.1592759,26.7735068],[82.1592937,26.7735341],[82.1593085,26.7735567],[82.1594658,26.7737976],[82.1596628,26.7740992],[82.159773,26.7742679],[82.1598297,26.7743419],[82.1599067,26.7744159],[82.1600872,26.7745733]]}},{"type":"Feature","properties":{"id":"way/957522752","kind":"road","class":"residential","name":""},"geometry":{"type":"LineString","coordinates":[[82.1582553,26.7720147],[82.1584813,26.7723675],[82.158644,26.77262],[82.1587301,26.7727536],[82.159095,26.7733051]]}},{"type":"Feature","properties":{"id":"way/957522753","kind":"road","class":"residential","name":""},"geometry":{"type":"LineString","coordinates":[[82.1595411,26.7751784],[82.1596443,26.7750644],[82.1599599,26.7747193],[82.1600872,26.7745733],[82.1601611,26.7744834],[82.1603693,26.7742568],[82.160539,26.7740819],[82.1606885,26.773947],[82.1608471,26.7737987],[82.1608804,26.7737784],[82.1610214,26.7737798]]}},{"type":"Feature","properties":{"id":"way/957522754","kind":"road","class":"residential","name":""},"geometry":{"type":"LineString","coordinates":[[82.1565536,26.7723662],[82.1566823,26.7726174],[82.156791,26.7728465],[82.1567929,26.7728851],[82.1567816,26.7729154],[82.1567835,26.7729574],[82.1568061,26.7730112],[82.1569965,26.773398]]}},{"type":"Feature","properties":{"id":"way/957522755","kind":"road","class":"residential","name":""},"geometry":{"type":"LineString","coordinates":[[82.1566988,26.7735269],[82.1569965,26.773398],[82.157146,26.7733333]]}},{"type":"Feature","properties":{"id":"way/957522756","kind":"road","class":"residential","name":""},"geometry":{"type":"LineString","coordinates":[[82.1547276,26.7730954],[82.1550376,26.7730978],[82.1550725,26.7731114],[82.1550921,26.7731309],[82.155127,26.7732088],[82.1551651,26.7733972],[82.1552485,26.7738106],[82.1552468,26.7738372],[82.1552048,26.7738638],[82.1551243,26.7738841],[82.1549283,26.7739294],[82.1548863,26.7739403],[82.1548496,26.7739684],[82.1548233,26.7740044],[82.1547744,26.7741434]]}},{"type":"Feature","properties":{"id":"way/957522757","kind":"road","class":"residential","name":""},"geometry":{"type":"LineString","coordinates":[[82.1546396,26.7733597],[82.1539171,26.7731145],[82.1538669,26.7731184],[82.1538298,26.7731477],[82.1537927,26.7732548],[82.1536168,26.773819]]}},{"type":"Feature","properties":{"id":"way/957522758","kind":"road","class":"residential","name":""},"geometry":{"type":"LineString","coordinates":[[82.153459,26.7737801],[82.1536168,26.773819],[82.153686,26.7738417],[82.1544085,26.774038],[82.1547744,26.7741434],[82.1549567,26.7742054],[82.1550013,26.7742271],[82.1550459,26.7742633],[82.1550824,26.7742741],[82.155127,26.7742705],[82.1552871,26.7742343],[82.1555202,26.774171]]}},{"type":"Feature","properties":{"id":"way/957522759","kind":"road","class":"residential","name":""},"geometry":{"type":"LineString","coordinates":[[82.1546213,26.7734134],[82.1548178,26.7734205],[82.154984,26.7734187],[82.1550691,26.7734132],[82.1551651,26.7733972]]}},{"type":"Feature","properties":{"id":"way/957522760","kind":"road","class":"residential","name":""},"geometry":{"type":"LineString","coordinates":[[82.151894,26.7732832],[82.1521487,26.7733239],[82.1522349,26.7733316],[82.1523236,26.7733325],[82.1524005,26.7733232],[82.1526186,26.7732842],[82.153018,26.7731999],[82.153344,26.7731322],[82.1534526,26.7731074],[82.1535865,26.7730668],[82.1536572,26.7730375],[82.1537507,26.7729765],[82.1538442,26.7728796],[82.1539908,26.7727555],[82.154064,26.7727036],[82.1541626,26.7726404],[82.1542813,26.7725705],[82.1544582,26.7724916],[82.1547434,26.7723907]]}},{"type":"Feature","properties":{"id":"way/957522761","kind":"road","class":"residential","name":""},"geometry":{"type":"LineString","coordinates":[[82.156019,26.7736219],[82.1566082,26.7733614]]}},{"type":"Feature","properties":{"id":"way/957522762","kind":"road","class":"residential","name":""},"geometry":{"type":"LineString","coordinates":[[82.1568574,26.7744438],[82.157138,26.7743598]]}},{"type":"Feature","properties":{"id":"way/957522763","kind":"road","class":"residential","name":""},"geometry":{"type":"LineString","coordinates":[[82.1571156,26.7743127],[82.1574553,26.7741905],[82.1575323,26.774167],[82.157733,26.7741217],[82.1578485,26.7740837],[82.1580095,26.7740135],[82.1581221,26.7739643],[82.1582701,26.7738919]]}},{"type":"Feature","properties":{"id":"way/957522764","kind":"road","class":"residential","name":""},"geometry":{"type":"LineString","coordinates":[[82.1580019,26.7751472],[82.158302,26.7749642],[82.1583264,26.7749439],[82.1583264,26.7749221],[82.1583053,26.7748916],[82.1581681,26.7746949],[82.1581586,26.7746669],[82.1581572,26.7746456],[82.1581726,26.7746281],[82.1583607,26.7745216]]}},{"type":"Feature","properties":{"id":"way/957522765","kind":"road","class":"residential","name":""},"geometry":{"type":"LineString","coordinates":[[82.1580095,26.7740135],[82.1581534,26.7742844]]}},{"type":"Feature","properties":{"id":"way/957526737","kind":"road","class":"residential","name":""},"geometry":{"type":"LineString","coordinates":[[82.1586222,26.7741193],[82.1590986,26.7739495],[82.1591766,26.7739172],[82.1594658,26.7737976]]}},{"type":"Feature","properties":{"id":"way/957526738","kind":"road","class":"residential","name":""},"geometry":{"type":"LineString","coordinates":[[82.1586478,26.7737412],[82.1592759,26.7735068]]}},{"type":"Feature","properties":{"id":"way/957526739","kind":"road","class":"residential","name":""},"geometry":{"type":"LineString","coordinates":[[82.1591766,26.7739172],[82.1593616,26.7742557],[82.1594313,26.7743831],[82.1595275,26.7745592]]}},{"type":"Feature","properties":{"id":"way/957526740","kind":"road","class":"residential","name":""},"geometry":{"type":"LineString","coordinates":[[82.1593616,26.7742557],[82.1596628,26.7740992]]}},{"type":"Feature","properties":{"id":"way/957526741","kind":"road","class":"residential","name":""},"geometry":{"type":"LineString","coordinates":[[82.1593375,26.7746767],[82.1594596,26.7748674],[82.1594982,26.774918],[82.1595633,26.7749885],[82.1596443,26.7750644]]}},{"type":"Feature","properties":{"id":"way/957526742","kind":"road","class":"residential","name":""},"geometry":{"type":"LineString","coordinates":[[82.1589272,26.774616],[82.1594313,26.7743831]]}},{"type":"Feature","properties":{"id":"way/957526743","kind":"road","class":"service","name":""},"geometry":{"type":"LineString","coordinates":[[82.1618839,26.7722091],[82.1623629,26.7726959]]}},{"type":"Feature","properties":{"id":"way/957526744","kind":"road","class":"service","name":""},"geometry":{"type":"LineString","coordinates":[[82.1615047,26.7724687],[82.1616478,26.7725113],[82.1617266,26.7725473],[82.1617889,26.7725899],[82.1620636,26.772928]]}},{"type":"Feature","properties":{"id":"way/957526746","kind":"road","class":"residential","name":""},"geometry":{"type":"LineString","coordinates":[[82.1593085,26.7735567],[82.1597895,26.7733972],[82.160018,26.7733107],[82.1603086,26.7731928],[82.1603406,26.7731622],[82.1603566,26.7731357],[82.1603451,26.7730847],[82.1600526,26.7725868]]}},{"type":"Feature","properties":{"id":"way/957526747","kind":"road","class":"residential","name":""},"geometry":{"type":"LineString","coordinates":[[82.1595634,26.7727926],[82.159718,26.7727275],[82.1600526,26.7725868],[82.1601716,26.7725384],[82.1602481,26.7725072],[82.1603882,26.7724508],[82.1604297,26.7724438],[82.1604691,26.7724632],[82.1605007,26.7725054],[82.1607947,26.772923]]}},{"type":"Feature","properties":{"id":"way/957526748","kind":"road","class":"residential","name":""},"geometry":{"type":"LineString","coordinates":[[82.159718,26.7727275],[82.160018,26.7733107]]}},{"type":"Feature","properties":{"id":"way/957526749","kind":"road","class":"residential","name":""},"geometry":{"type":"LineString","coordinates":[[82.152083,26.7726112],[82.1522058,26.7728483],[82.1522511,26.7729635],[82.1522696,26.7730162],[82.1522819,26.7730777],[82.1522856,26.7731315],[82.1522967,26.7732062],[82.1523236,26.7733325]]}},{"type":"Feature","properties":{"id":"way/957526750","kind":"road","class":"residential","name":""},"geometry":{"type":"LineString","coordinates":[[82.1504918,26.7731576],[82.1507754,26.7732274],[82.1510581,26.7732969],[82.1513189,26.773367],[82.1519715,26.7735582]]}},{"type":"Feature","properties":{"id":"way/957526751","kind":"road","class":"residential","name":""},"geometry":{"type":"LineString","coordinates":[[82.1519715,26.7735582],[82.1530334,26.7738329],[82.153111,26.7738532],[82.1531509,26.7738494],[82.1531751,26.7738316],[82.1532051,26.7737909],[82.153319,26.7735454]]}},{"type":"Feature","properties":{"id":"way/957526752","kind":"road","class":"residential","name":""},"geometry":{"type":"LineString","coordinates":[[82.1526521,26.7734038],[82.1526186,26.7732842],[82.15261,26.7732488],[82.1526136,26.7732255],[82.1526348,26.7732085],[82.1528621,26.7731355],[82.1528844,26.7731193],[82.152895,26.7730985],[82.1529141,26.7730122],[82.1529258,26.7729857],[82.1529927,26.7728624],[82.1530086,26.7728207],[82.1530192,26.7727591],[82.1530256,26.7726832],[82.1530267,26.7725562],[82.1530309,26.7725164],[82.1530394,26.7724756],[82.1531031,26.7723154],[82.1531143,26.7722785],[82.1531296,26.7722278],[82.1531464,26.7721454]]}},{"type":"Feature","properties":{"id":"way/957526753","kind":"road","class":"residential","name":""},"geometry":{"type":"LineString","coordinates":[[82.1531143,26.7722785],[82.1535218,26.7723593],[82.1535659,26.7723682],[82.1536058,26.7723847],[82.1537098,26.7724559]]}},{"type":"Feature","properties":{"id":"way/957526754","kind":"road","class":"residential","name":""},"geometry":{"type":"LineString","coordinates":[[82.1535659,26.7723682],[82.1536842,26.7721608],[82.1536956,26.7721303],[82.1536956,26.7720934],[82.1536526,26.7719636]]}},{"type":"Feature","properties":{"id":"way/957526755","kind":"road","class":"residential","name":""},"geometry":{"type":"LineString","coordinates":[[82.1539441,26.7717298],[82.1540065,26.771955],[82.154011,26.7719766],[82.1540053,26.7720033],[82.1539883,26.7720173],[82.1536956,26.7721303]]}},{"type":"Feature","properties":{"id":"way/957529067","kind":"road","class":"residential","name":""},"geometry":{"type":"LineString","coordinates":[[82.2127009,26.7865353],[82.2131207,26.7865509],[82.2140895,26.786628],[82.2143653,26.7866434],[82.2146418,26.7866588],[82.2148354,26.7866782],[82.2152384,26.7867187],[82.2155243,26.7867474],[82.2158824,26.7868032],[82.2162773,26.7869015],[82.2165664,26.7869958],[82.2173474,26.7873502],[82.2176994,26.7875385],[82.2179775,26.7876873],[82.218215,26.7878586],[82.2184582,26.7880339],[82.2185384,26.7880918],[82.218785,26.7882923],[82.2190714,26.7885251],[82.2194899,26.7889296],[82.2200078,26.7894535],[82.2203875,26.7898599],[82.2210525,26.7907348]]}},{"type":"Feature","properties":{"id":"way/957529068","kind":"road","class":"residential","name":""},"geometry":{"type":"LineString","coordinates":[[82.2176994,26.7875385],[82.2176886,26.7880377],[82.2176794,26.7884829],[82.2176728,26.788799],[82.2176575,26.7895354]]}},{"type":"Feature","properties":{"id":"way/957529069","kind":"road","class":"residential","name":""},"geometry":{"type":"LineString","coordinates":[[82.2173474,26.7873502],[82.2173818,26.7878644],[82.2173896,26.7882804],[82.217375,26.7887876],[82.21736,26.7893074],[82.2173786,26.7893882],[82.2174111,26.7894421],[82.2174529,26.7894774],[82.2176575,26.7895354],[82.2178755,26.7896162],[82.2179023,26.7896293]]}},{"type":"Feature","properties":{"id":"way/957529070","kind":"road","class":"residential","name":""},"geometry":{"type":"LineString","coordinates":[[82.217375,26.7887876],[82.2176728,26.788799],[82.2177478,26.78883],[82.2179227,26.7889282],[82.2180559,26.7889692],[82.2184339,26.7890855],[82.2187999,26.7891981]]}},{"type":"Feature","properties":{"id":"way/957529071","kind":"road","class":"residential","name":""},"geometry":{"type":"LineString","coordinates":[[82.2179227,26.7889282],[82.2179023,26.7896293],[82.2178845,26.7897149],[82.2178278,26.7899878],[82.2177739,26.7903182],[82.2177178,26.7906616],[82.2175375,26.7913101],[82.2174629,26.7915785],[82.2173879,26.7918417]]}},{"type":"Feature","properties":{"id":"way/957529072","kind":"road","class":"residential","name":""},"geometry":{"type":"LineString","coordinates":[[82.2186112,26.7914509],[82.2182951,26.7914268],[82.2179952,26.7914424],[82.2177803,26.7914736],[82.2175903,26.7915316],[82.2174629,26.7915785],[82.2168031,26.7917748]]}},{"type":"Feature","properties":{"id":"way/957529073","kind":"road","class":"residential","name":""},"geometry":{"type":"LineString","coordinates":[[82.2175375,26.7913101],[82.217384,26.7913062],[82.2173412,26.7912896],[82.217302,26.7912663],[82.2172909,26.791238],[82.2172927,26.7906807]]}},{"type":"Feature","properties":{"id":"way/957529074","kind":"road","class":"residential","name":""},"geometry":{"type":"LineString","coordinates":[[82.2178845,26.7897149],[82.218161,26.7898489],[82.2184545,26.7900222],[82.2187436,26.7901956],[82.2189831,26.790342],[82.219078,26.7903843],[82.2192636,26.7904479],[82.2193714,26.7904999],[82.2194448,26.79055],[82.2197162,26.7908119]]}},{"type":"Feature","properties":{"id":"way/957529075","kind":"road","class":"residential","name":""},"geometry":{"type":"LineString","coordinates":[[82.218161,26.7898489],[82.2184339,26.7890855],[82.218785,26.7882923]]}},{"type":"Feature","properties":{"id":"way/957529076","kind":"road","class":"residential","name":""},"geometry":{"type":"LineString","coordinates":[[82.2180559,26.7889692],[82.2182239,26.7885785],[82.2184582,26.7880339]]}},{"type":"Feature","properties":{"id":"way/957529077","kind":"road","class":"residential","name":""},"geometry":{"type":"LineString","coordinates":[[82.2180269,26.788526],[82.218215,26.7878586]]}},{"type":"Feature","properties":{"id":"way/957529078","kind":"road","class":"residential","name":""},"geometry":{"type":"LineString","coordinates":[[82.2176794,26.7884829],[82.2180269,26.788526],[82.2182239,26.7885785]]}},{"type":"Feature","properties":{"id":"way/957529079","kind":"road","class":"service","name":""},"geometry":{"type":"LineString","coordinates":[[82.2134922,26.7840833],[82.2138926,26.7840354],[82.2143889,26.7840028]]}},{"type":"Feature","properties":{"id":"way/957529080","kind":"road","class":"residential","name":""},"geometry":{"type":"LineString","coordinates":[[82.2133008,26.7858162],[82.2134005,26.7857816],[82.2135282,26.7857051],[82.2136046,26.7856745],[82.2136793,26.7856425],[82.2137245,26.7856133],[82.2137962,26.7855104],[82.2139442,26.7851962],[82.2139924,26.7851294],[82.2140454,26.7850891],[82.2141498,26.7850376],[82.2143959,26.7849556],[82.2148663,26.7847248]]}},{"type":"Feature","properties":{"id":"way/957529081","kind":"road","class":"service","name":""},"geometry":{"type":"LineString","coordinates":[[82.2100704,26.7852225],[82.2105236,26.785168],[82.211403,26.7850583],[82.2115519,26.7850397],[82.2118305,26.7849986],[82.2120007,26.7849735],[82.2136056,26.7846842]]}},{"type":"Feature","properties":{"id":"way/957529082","kind":"road","class":"service","name":""},"geometry":{"type":"LineString","coordinates":[[82.2113776,26.7856504],[82.2114124,26.7854209],[82.211403,26.7850583]]}},{"type":"Feature","properties":{"id":"way/957529083","kind":"road","class":"service","name":""},"geometry":{"type":"LineString","coordinates":[[82.2118305,26.7849986],[82.2117431,26.7847018],[82.2115808,26.7842061],[82.2114184,26.7836929]]}},{"type":"Feature","properties":{"id":"way/957529084","kind":"road","class":"residential","name":""},"geometry":{"type":"LineString","coordinates":[[82.2142691,26.787922],[82.2145554,26.7872932],[82.2148354,26.7866782]]}},{"type":"Feature","properties":{"id":"way/957529085","kind":"road","class":"residential","name":""},"geometry":{"type":"LineString","coordinates":[[82.2138587,26.7877658],[82.2141406,26.7871412],[82.2143653,26.7866434]]}},{"type":"Feature","properties":{"id":"way/957529086","kind":"road","class":"residential","name":""},"geometry":{"type":"LineString","coordinates":[[82.2141406,26.7871412],[82.2145554,26.7872932],[82.2149221,26.787431],[82.21528,26.7875314]]}},{"type":"Feature","properties":{"id":"way/957529087","kind":"road","class":"residential","name":""},"geometry":{"type":"LineString","coordinates":[[82.2146433,26.7879786],[82.2149221,26.787431],[82.2152384,26.7867187]]}},{"type":"Feature","properties":{"id":"way/957529088","kind":"road","class":"residential","name":""},"geometry":{"type":"LineString","coordinates":[[82.2150235,26.7880648],[82.21528,26.7875314],[82.215449,26.7871704]]}},{"type":"Feature","properties":{"id":"way/957529089","kind":"road","class":"residential","name":""},"geometry":{"type":"LineString","coordinates":[[82.2161696,26.7941962],[82.2164555,26.7940251]]}},{"type":"Feature","properties":{"id":"way/957529090","kind":"road","class":"residential","name":""},"geometry":{"type":"LineString","coordinates":[[82.2157825,26.7939162],[82.215892,26.7936061]]}},{"type":"Feature","properties":{"id":"way/957530068","kind":"road","class":"residential","name":""},"geometry":{"type":"LineString","coordinates":[[82.1524522,26.7734513],[82.1526521,26.7734038],[82.1529362,26.7733427],[82.153074,26.773321],[82.1531261,26.7733158],[82.1531759,26.7733148]]}},{"type":"Feature","properties":{"id":"way/957530069","kind":"road","class":"residential","name":""},"geometry":{"type":"LineString","coordinates":[[82.151613,26.7718484],[82.1517716,26.7717681],[82.1518268,26.7717502],[82.151854,26.7717439],[82.1519037,26.7717323],[82.1520639,26.771711],[82.1521145,26.771698],[82.1521736,26.7716825]]}},{"type":"Feature","properties":{"id":"way/957530070","kind":"road","class":"residential","name":""},"geometry":{"type":"LineString","coordinates":[[82.1523027,26.7721043],[82.1524457,26.772329]]}},{"type":"Feature","properties":{"id":"way/957530071","kind":"road","class":"residential","name":""},"geometry":{"type":"LineString","coordinates":[[82.1522189,26.7712901],[82.1522812,26.7715539]]}},{"type":"Feature","properties":{"id":"way/957530072","kind":"road","class":"residential","name":""},"geometry":{"type":"LineString","coordinates":[[82.1507786,26.7724106],[82.1513409,26.7722943]]}},{"type":"Feature","properties":{"id":"way/957530073","kind":"road","class":"residential","name":""},"geometry":{"type":"LineString","coordinates":[[82.151854,26.7717439],[82.1520072,26.7721057]]}},{"type":"Feature","properties":{"id":"way/957530074","kind":"road","class":"residential","name":""},"geometry":{"type":"LineString","coordinates":[[82.1519136,26.772147],[82.1520072,26.7721057],[82.1520718,26.7720791],[82.15224,26.7720057]]}},{"type":"Feature","properties":{"id":"way/957530075","kind":"road","class":"residential","name":""},"geometry":{"type":"LineString","coordinates":[[82.150742,26.7729181],[82.150961,26.773148],[82.1510045,26.7732032],[82.1510313,26.7732456],[82.1510581,26.7732969]]}},{"type":"Feature","properties":{"id":"way/957533759","kind":"road","class":"residential","name":""},"geometry":{"type":"LineString","coordinates":[[82.2158416,26.8015387],[82.2160053,26.8011985],[82.216166,26.8008646],[82.2165159,26.8001375],[82.2166,26.7999971],[82.2166243,26.7999566],[82.2166663,26.7998916],[82.2167084,26.799864],[82.2167617,26.7998665],[82.216986,26.7999616],[82.2176841,26.800322]]}},{"type":"Feature","properties":{"id":"way/957533760","kind":"road","class":"residential","name":""},"geometry":{"type":"LineString","coordinates":[[82.2150893,26.8013011],[82.2152458,26.8009329],[82.2153654,26.8006515],[82.2153924,26.8006174],[82.2154239,26.8006094],[82.2154981,26.8006174],[82.216166,26.8008646]]}},{"type":"Feature","properties":{"id":"way/957705236","kind":"road","class":"residential","name":""},"geometry":{"type":"LineString","coordinates":[[82.2097038,26.8086876],[82.2110576,26.8081804],[82.2113396,26.8080804],[82.2120181,26.8078255]]}},{"type":"Feature","properties":{"id":"way/957705237","kind":"road","class":"residential","name":""},"geometry":{"type":"LineString","coordinates":[[82.2110576,26.8081804],[82.2112161,26.8084918],[82.2113713,26.8087968],[82.21154,26.8091184],[82.2115796,26.8092087],[82.2116126,26.809266],[82.211645,26.8093482]]}},{"type":"Feature","properties":{"id":"way/957705238","kind":"road","class":"residential","name":""},"geometry":{"type":"LineString","coordinates":[[82.2097038,26.8086876],[82.2098384,26.8090675],[82.2100557,26.8096806],[82.210167,26.8099947]]}},{"type":"Feature","properties":{"id":"way/957705239","kind":"road","class":"residential","name":""},"geometry":{"type":"LineString","coordinates":[[82.2087763,26.8100183],[82.2088565,26.8099993],[82.2093305,26.8098794],[82.2100557,26.8096806]]}},{"type":"Feature","properties":{"id":"way/957705952","kind":"road","class":"residential","name":""},"geometry":{"type":"LineString","coordinates":[[82.1538281,26.7805468],[82.1533781,26.7806426],[82.1527715,26.7807717],[82.1523278,26.7808662]]}},{"type":"Feature","properties":{"id":"way/957706823","kind":"road","class":"residential","name":""},"geometry":{"type":"LineString","coordinates":[[82.2172632,26.8027819],[82.2177013,26.803474],[82.2177438,26.8035278],[82.2177438,26.8035565],[82.2177197,26.8035972],[82.2176527,26.8036451],[82.2174005,26.80376],[82.217371,26.8037959],[82.2173576,26.8038294],[82.2173764,26.8038797],[82.2178836,26.8045746],[82.2182857,26.8051256]]}},{"type":"Feature","properties":{"id":"way/957706824","kind":"road","class":"residential","name":""},"geometry":{"type":"LineString","coordinates":[[82.2169901,26.8040952],[82.2174864,26.8048134],[82.2177546,26.805127],[82.2178055,26.8051677],[82.2178538,26.8052227],[82.2178753,26.8052675],[82.21787,26.8053505]]}},{"type":"Feature","properties":{"id":"way/957706825","kind":"road","class":"residential","name":""},"geometry":{"type":"LineString","coordinates":[[82.2174864,26.8048134],[82.2178836,26.8045746]]}},{"type":"Feature","properties":{"id":"way/957706826","kind":"road","class":"service","name":""},"geometry":{"type":"LineString","coordinates":[[82.218738,26.8048509],[82.2189428,26.8050288],[82.2189803,26.8050528],[82.2190313,26.8050671],[82.219101,26.8050623],[82.2192244,26.8050144]]}},{"type":"Feature","properties":{"id":"way/957706827","kind":"road","class":"residential","name":""},"geometry":{"type":"LineString","coordinates":[[82.2167905,26.8051175],[82.216996,26.8053113],[82.2173371,26.8056388]]}},{"type":"Feature","properties":{"id":"way/957706828","kind":"road","class":"residential","name":""},"geometry":{"type":"LineString","coordinates":[[82.2162125,26.8062184],[82.216209,26.8061906],[82.2162006,26.8061249],[82.216206,26.8059884],[82.2162341,26.8058604],[82.2162784,26.8056988]]}},{"type":"Feature","properties":{"id":"way/957706829","kind":"road","class":"residential","name":""},"geometry":{"type":"LineString","coordinates":[[82.213772,26.8053571],[82.2141157,26.8058954],[82.21418,26.806032],[82.2142451,26.8061704],[82.2144392,26.8068771],[82.2145151,26.8072118],[82.2145928,26.80753],[82.2146549,26.8077516]]}},{"type":"Feature","properties":{"id":"way/957706830","kind":"road","class":"residential","name":""},"geometry":{"type":"LineString","coordinates":[[82.2129618,26.8058844],[82.2132961,26.8062556],[82.2134317,26.8064289],[82.2135796,26.8066764],[82.2137306,26.8069569],[82.2139123,26.8073171],[82.2140356,26.8075454],[82.2141157,26.8076559],[82.2141493,26.8076748],[82.2142042,26.8076748],[82.2142767,26.8076543],[82.2145928,26.80753]]}},{"type":"Feature","properties":{"id":"way/957706831","kind":"road","class":"residential","name":""},"geometry":{"type":"LineString","coordinates":[[82.2137306,26.8069569],[82.2140506,26.8068369],[82.2141474,26.806793],[82.2141754,26.8067659],[82.2141754,26.8067284],[82.2141194,26.8066367],[82.2137341,26.8061032],[82.2133627,26.8056221]]}},{"type":"Feature","properties":{"id":"way/957706832","kind":"road","class":"residential","name":""},"geometry":{"type":"LineString","coordinates":[[82.2140506,26.8068369],[82.2142933,26.8072786]]}},{"type":"Feature","properties":{"id":"way/957706833","kind":"road","class":"residential","name":""},"geometry":{"type":"LineString","coordinates":[[82.2127348,26.8060509],[82.2133998,26.8071537],[82.2139228,26.8080707],[82.2139462,26.808102],[82.2139835,26.8081103],[82.2140396,26.8080978],[82.2146549,26.8077516],[82.2150623,26.8075226]]}},{"type":"Feature","properties":{"id":"way/957706834","kind":"road","class":"residential","name":""},"geometry":{"type":"LineString","coordinates":[[82.2115254,26.8067873],[82.2128675,26.8086206]]}},{"type":"Feature","properties":{"id":"way/957706835","kind":"road","class":"service","name":""},"geometry":{"type":"LineString","coordinates":[[82.2120483,26.8065038],[82.2123059,26.8068517],[82.2124676,26.8070506]]}},{"type":"Feature","properties":{"id":"way/957706836","kind":"road","class":"service","name":""},"geometry":{"type":"LineString","coordinates":[[82.2124335,26.8062494],[82.2126806,26.8066098],[82.2128463,26.8068516]]}},{"type":"Feature","properties":{"id":"way/957706837","kind":"road","class":"service","name":""},"geometry":{"type":"LineString","coordinates":[[82.2123059,26.8068517],[82.2126806,26.8066098]]}},{"type":"Feature","properties":{"id":"way/957706838","kind":"road","class":"residential","name":""},"geometry":{"type":"LineString","coordinates":[[82.2157727,26.8064317],[82.2161593,26.8071962]]}},{"type":"Feature","properties":{"id":"way/957707331","kind":"road","class":"residential","name":""},"geometry":{"type":"LineString","coordinates":[[82.1559954,26.775806],[82.1559896,26.7757681],[82.1559964,26.7757402],[82.1560154,26.7757123],[82.1560915,26.7756566],[82.156192,26.7755765],[82.1562671,26.775528],[82.1563264,26.7754977],[82.1564065,26.7754662],[82.1565165,26.7754383],[82.156583,26.7754262],[82.1566645,26.7754214],[82.1567419,26.7754238],[82.1567854,26.775431],[82.157102,26.7754912]]}},{"type":"Feature","properties":{"id":"way/957707332","kind":"road","class":"residential","name":""},"geometry":{"type":"LineString","coordinates":[[82.1560984,26.7750919],[82.1562671,26.775528]]}},{"type":"Feature","properties":{"id":"way/957707333","kind":"road","class":"residential","name":""},"geometry":{"type":"LineString","coordinates":[[82.1555254,26.7751556],[82.1558916,26.7749793]]}},{"type":"Feature","properties":{"id":"way/957707334","kind":"road","class":"residential","name":""},"geometry":{"type":"LineString","coordinates":[[82.1566039,26.7763872],[82.1567158,26.7763183],[82.1567378,26.7762902],[82.156752,26.7762382],[82.1567583,26.7761989],[82.1567677,26.7761624],[82.156796,26.7761105],[82.1568416,26.7760388],[82.1569203,26.7759012],[82.1569423,26.7758647],[82.1569722,26.7758394],[82.1570114,26.7758183],[82.1571993,26.775744]]}},{"type":"Feature","properties":{"id":"way/957707335","kind":"road","class":"residential","name":""},"geometry":{"type":"LineString","coordinates":[[82.1538487,26.7745407],[82.1538671,26.774497],[82.1539064,26.7744461],[82.1539357,26.7744291],[82.153978,26.7744278],[82.1540336,26.7744382],[82.1545352,26.7746032]]}},{"type":"Feature","properties":{"id":"way/957707336","kind":"road","class":"residential","name":""},"geometry":{"type":"LineString","coordinates":[[82.1522691,26.7744556],[82.1523413,26.7744507],[82.1525503,26.7744089]]}},{"type":"Feature","properties":{"id":"way/957707337","kind":"road","class":"residential","name":""},"geometry":{"type":"LineString","coordinates":[[82.152318,26.773834],[82.1523846,26.7740353],[82.1524144,26.7741007],[82.1524606,26.7741977],[82.1525503,26.7744089],[82.1525991,26.7745166],[82.1526113,26.7745626],[82.1526168,26.7746305],[82.1526181,26.7746814],[82.1526331,26.7747215],[82.1527044,26.7748373],[82.1527974,26.7750209],[82.1528327,26.7751227],[82.152887,26.7752403],[82.1529328,26.7753263],[82.1529794,26.7753882],[82.1530065,26.7754404],[82.1530214,26.7754828],[82.1530445,26.7755956],[82.1530568,26.7756453],[82.1530771,26.7756877],[82.153107,26.7757313],[82.1531477,26.7757774],[82.1531708,26.7758126],[82.1531993,26.7758611],[82.1532156,26.7759083],[82.1532265,26.7759611],[82.1532292,26.7759993],[82.1532305,26.7760605],[82.1532291,26.7761338]]}},{"type":"Feature","properties":{"id":"way/957707338","kind":"road","class":"residential","name":""},"geometry":{"type":"LineString","coordinates":[[82.1530568,26.7756453],[82.1532006,26.775611],[82.1534596,26.775552],[82.1535442,26.7755309],[82.1536339,26.7755037],[82.1538963,26.7754115]]}},{"type":"Feature","properties":{"id":"way/957707339","kind":"road","class":"residential","name":""},"geometry":{"type":"LineString","coordinates":[[82.1534339,26.7762672],[82.1534393,26.7762062],[82.1534506,26.776161],[82.1534694,26.776116],[82.1535313,26.7759564],[82.1535573,26.7758804]]}},{"type":"Feature","properties":{"id":"way/957707340","kind":"road","class":"residential","name":""},"geometry":{"type":"LineString","coordinates":[[82.1541956,26.776241],[82.154263,26.7762053],[82.1543206,26.7761826],[82.1545666,26.7760891]]}},{"type":"Feature","properties":{"id":"way/957707341","kind":"road","class":"residential","name":""},"geometry":{"type":"LineString","coordinates":[[82.1544051,26.7757992],[82.1544621,26.7758657],[82.1544949,26.7759159],[82.1545213,26.7759782],[82.1545666,26.7760891],[82.1546199,26.7762219],[82.1546506,26.7762845],[82.1546871,26.7763459],[82.1547207,26.7764072]]}},{"type":"Feature","properties":{"id":"way/957707342","kind":"road","class":"residential","name":""},"geometry":{"type":"LineString","coordinates":[[82.1544393,26.7754096],[82.1545709,26.7756804],[82.1545859,26.7757279],[82.1545896,26.775773],[82.1545788,26.7758123],[82.154565,26.7758465],[82.1545447,26.7758729],[82.1544949,26.7759159]]}},{"type":"Feature","properties":{"id":"way/957708098","kind":"road","class":"residential","name":""},"geometry":{"type":"LineString","coordinates":[[82.153546,26.7741969],[82.1536662,26.7744614],[82.1537001,26.7745264],[82.1537209,26.7745418],[82.1537496,26.7745449],[82.1538487,26.7745407]]}},{"type":"Feature","properties":{"id":"way/957708099","kind":"road","class":"residential","name":""},"geometry":{"type":"LineString","coordinates":[[82.1538761,26.7772855],[82.1539598,26.7776152],[82.1540197,26.7778754]]}},{"type":"Feature","properties":{"id":"way/957708100","kind":"road","class":"residential","name":""},"geometry":{"type":"LineString","coordinates":[[82.1529591,26.7780198],[82.1528821,26.777487],[82.1528549,26.7772988]]}},{"type":"Feature","properties":{"id":"way/957708101","kind":"road","class":"residential","name":""},"geometry":{"type":"LineString","coordinates":[[82.1528821,26.777487],[82.1533162,26.7773675]]}},{"type":"Feature","properties":{"id":"way/957708102","kind":"road","class":"residential","name":""},"geometry":{"type":"LineString","coordinates":[[82.1512251,26.7736704],[82.1513181,26.7738587],[82.1513814,26.7739732],[82.1514181,26.7740438],[82.1514435,26.7740966],[82.1514951,26.7742105]]}},{"type":"Feature","properties":{"id":"way/957709387","kind":"road","class":"residential","name":""},"geometry":{"type":"LineString","coordinates":[[82.1515781,26.7737852],[82.1520316,26.7737112]]}},{"type":"Feature","properties":{"id":"way/957709388","kind":"road","class":"residential","name":""},"geometry":{"type":"LineString","coordinates":[[82.1510148,26.774278],[82.1508823,26.7739895]]}},{"type":"Feature","properties":{"id":"way/957709389","kind":"road","class":"residential","name":""},"geometry":{"type":"LineString","coordinates":[[82.1500156,26.7742306],[82.1505659,26.7740613],[82.1506338,26.7740425],[82.150817,26.7740036],[82.1508823,26.7739895],[82.1509629,26.773968],[82.1513181,26.7738587]]}},{"type":"Feature","properties":{"id":"way/957709390","kind":"road","class":"residential","name":""},"geometry":{"type":"LineString","coordinates":[[82.152241,26.7752968],[82.1523015,26.7754422],[82.152344,26.7755391],[82.1523581,26.7755854],[82.1523676,26.7756332],[82.152366,26.7756823]]}},{"type":"Feature","properties":{"id":"way/957709391","kind":"road","class":"residential","name":""},"geometry":{"type":"LineString","coordinates":[[82.1523486,26.776057],[82.1524574,26.7766091]]}},{"type":"Feature","properties":{"id":"way/957709392","kind":"road","class":"residential","name":""},"geometry":{"type":"LineString","coordinates":[[82.1519284,26.7766872],[82.1522068,26.7766422],[82.1524574,26.7766091],[82.1525544,26.7765973],[82.1527938,26.7765679]]}},{"type":"Feature","properties":{"id":"way/957709393","kind":"road","class":"residential","name":""},"geometry":{"type":"LineString","coordinates":[[82.1518694,26.7773321],[82.1519887,26.7773229],[82.1522466,26.7773029],[82.1523231,26.7772996],[82.1523686,26.7773077],[82.152396,26.7773354],[82.1524087,26.7773972],[82.1524215,26.7774655],[82.1524397,26.7775094],[82.1524785,26.7775594],[82.1525173,26.7775995]]}},{"type":"Feature","properties":{"id":"way/957709394","kind":"road","class":"residential","name":""},"geometry":{"type":"LineString","coordinates":[[82.1519887,26.7773229],[82.1520506,26.7777456]]}},{"type":"Feature","properties":{"id":"way/957709395","kind":"road","class":"residential","name":""},"geometry":{"type":"LineString","coordinates":[[82.1539489,26.7778841],[82.1540762,26.7783815],[82.1540795,26.7784262],[82.1540625,26.7784489],[82.1540134,26.778467],[82.1536783,26.7785622]]}},{"type":"Feature","properties":{"id":"way/957709396","kind":"road","class":"residential","name":""},"geometry":{"type":"LineString","coordinates":[[82.1535452,26.7779331],[82.1536018,26.7782488]]}},{"type":"Feature","properties":{"id":"way/957709537","kind":"road","class":"residential","name":""},"geometry":{"type":"LineString","coordinates":[[82.2078965,26.8039088],[82.2080323,26.8038685],[82.208087,26.8038522],[82.208146,26.8038187],[82.2081996,26.8037397],[82.2082667,26.8036415],[82.2083096,26.8036008],[82.2083928,26.8035649],[82.2091372,26.8033237],[82.2096343,26.8031083]]}},{"type":"Feature","properties":{"id":"way/957709538","kind":"road","class":"residential","name":""},"geometry":{"type":"LineString","coordinates":[[82.2080323,26.8038685],[82.208087,26.8039168],[82.2081487,26.8039288],[82.2083096,26.8039097],[82.2084598,26.8039121],[82.2086959,26.8039336]]}},{"type":"Feature","properties":{"id":"way/957709539","kind":"road","class":"residential","name":""},"geometry":{"type":"LineString","coordinates":[[82.2089828,26.8038522],[82.2092994,26.8036774],[82.2093503,26.8036703],[82.2093986,26.8036798],[82.2094415,26.8037158],[82.2096534,26.8040677],[82.2097768,26.8042376],[82.2098774,26.8043343]]}},{"type":"Feature","properties":{"id":"way/957709540","kind":"road","class":"residential","name":""},"geometry":{"type":"LineString","coordinates":[[82.2087438,26.8048649],[82.2089101,26.8051569],[82.2089692,26.8052312],[82.2090425,26.8053052]]}},{"type":"Feature","properties":{"id":"way/957709541","kind":"road","class":"residential","name":""},"geometry":{"type":"LineString","coordinates":[[82.2081422,26.8045258],[82.208532,26.804355]]}},{"type":"Feature","properties":{"id":"way/957709542","kind":"road","class":"residential","name":""},"geometry":{"type":"LineString","coordinates":[[82.2093986,26.8036798],[82.2097392,26.8035031]]}},{"type":"Feature","properties":{"id":"way/957709543","kind":"road","class":"residential","name":""},"geometry":{"type":"LineString","coordinates":[[82.204355,26.8044186],[82.2038226,26.8045264],[82.2035712,26.8045858]]}},{"type":"Feature","properties":{"id":"way/957709544","kind":"road","class":"residential","name":""},"geometry":{"type":"LineString","coordinates":[[82.2036254,26.8053124],[82.2043371,26.8051336]]}},{"type":"Feature","properties":{"id":"way/957709545","kind":"road","class":"residential","name":""},"geometry":{"type":"LineString","coordinates":[[82.2029717,26.8056725],[82.2032075,26.8056816],[82.2033498,26.8056634],[82.2035429,26.8056235],[82.2035856,26.8056217],[82.2036222,26.8056399],[82.2036405,26.8056961],[82.2036913,26.8060989],[82.2037238,26.8062059],[82.2037563,26.8062603],[82.2038051,26.8062803],[82.2039688,26.8062841]]}},{"type":"Feature","properties":{"id":"way/957709616","kind":"road","class":"residential","name":""},"geometry":{"type":"LineString","coordinates":[[82.1518483,26.7790233],[82.1518414,26.7787892]]}},{"type":"Feature","properties":{"id":"way/957709617","kind":"road","class":"residential","name":""},"geometry":{"type":"LineString","coordinates":[[82.1512783,26.779316],[82.1513736,26.7795515],[82.1514034,26.7796353],[82.1514362,26.7797404],[82.1514601,26.7798455],[82.1515378,26.7800846]]}},{"type":"Feature","properties":{"id":"way/957709618","kind":"road","class":"residential","name":""},"geometry":{"type":"LineString","coordinates":[[82.1510773,26.7796445],[82.1514034,26.7796353]]}},{"type":"Feature","properties":{"id":"way/957709619","kind":"road","class":"residential","name":""},"geometry":{"type":"LineString","coordinates":[[82.1518337,26.7794057],[82.1519904,26.7800727]]}},{"type":"Feature","properties":{"id":"way/957709620","kind":"road","class":"residential","name":""},"geometry":{"type":"LineString","coordinates":[[82.1521678,26.7802392],[82.152142,26.7802788],[82.1521275,26.7803075],[82.1521243,26.7803447],[82.1521259,26.7804435],[82.1521211,26.7805136],[82.1521115,26.7805852]]}},{"type":"Feature","properties":{"id":"way/957709621","kind":"road","class":"residential","name":""},"geometry":{"type":"LineString","coordinates":[[82.1506239,26.7814987],[82.1511089,26.7813446],[82.1511452,26.7813461],[82.1511693,26.7813677],[82.1512094,26.7814882]]}},{"type":"Feature","properties":{"id":"way/957709622","kind":"road","class":"residential","name":""},"geometry":{"type":"LineString","coordinates":[[82.1551347,26.7765723],[82.1554087,26.7770775],[82.1555311,26.7773032]]}},{"type":"Feature","properties":{"id":"way/957709623","kind":"road","class":"residential","name":""},"geometry":{"type":"LineString","coordinates":[[82.1551426,26.7771933],[82.1554087,26.7770775]]}},{"type":"Feature","properties":{"id":"way/957709624","kind":"road","class":"residential","name":""},"geometry":{"type":"LineString","coordinates":[[82.1552694,26.7778113],[82.1553594,26.7783236],[82.1553754,26.77837],[82.1553994,26.7784021],[82.1555501,26.778523]]}},{"type":"Feature","properties":{"id":"way/957710354","kind":"road","class":"residential","name":""},"geometry":{"type":"LineString","coordinates":[[82.1516104,26.7818225],[82.1516,26.7819289],[82.1515966,26.7819921],[82.1516,26.7820384],[82.1516255,26.7821548]]}},{"type":"Feature","properties":{"id":"way/957710355","kind":"road","class":"residential","name":""},"geometry":{"type":"LineString","coordinates":[[82.1517364,26.7812231],[82.1517996,26.7814051],[82.1518118,26.7814547],[82.1518318,26.7815659],[82.1518285,26.7815927],[82.1518085,26.7816147],[82.1517865,26.7816254],[82.1517673,26.7816538],[82.1517684,26.7816872],[82.1518117,26.7820406]]}},{"type":"Feature","properties":{"id":"way/957710356","kind":"road","class":"residential","name":""},"geometry":{"type":"LineString","coordinates":[[82.1521668,26.7823865],[82.1521101,26.7817886]]}},{"type":"Feature","properties":{"id":"way/957710357","kind":"road","class":"residential","name":""},"geometry":{"type":"LineString","coordinates":[[82.1535362,26.7820438],[82.1535063,26.7819654],[82.1534058,26.781768]]}},{"type":"Feature","properties":{"id":"way/957710358","kind":"road","class":"residential","name":""},"geometry":{"type":"LineString","coordinates":[[82.1527715,26.7807717],[82.1528811,26.7812553]]}},{"type":"Feature","properties":{"id":"way/957710359","kind":"road","class":"residential","name":""},"geometry":{"type":"LineString","coordinates":[[82.1534478,26.7810477],[82.1533781,26.7806426]]}},{"type":"Feature","properties":{"id":"way/957710360","kind":"road","class":"residential","name":""},"geometry":{"type":"LineString","coordinates":[[82.1579064,26.78124],[82.1585068,26.7813893],[82.1586358,26.7814174],[82.158689,26.7814192],[82.1587634,26.7814109],[82.1588527,26.7813923],[82.1589454,26.7813645]]}},{"type":"Feature","properties":{"id":"way/957710361","kind":"road","class":"residential","name":""},"geometry":{"type":"LineString","coordinates":[[82.1587006,26.7816629],[82.1586358,26.7814174],[82.1586022,26.7813067],[82.158597,26.781265],[82.1586125,26.781228],[82.158654,26.7811987],[82.1588585,26.781122]]}},{"type":"Feature","properties":{"id":"way/957710362","kind":"road","class":"residential","name":""},"geometry":{"type":"LineString","coordinates":[[82.1585349,26.7810069],[82.1587003,26.7810484],[82.1588454,26.7810856]]}},{"type":"Feature","properties":{"id":"way/957710363","kind":"road","class":"residential","name":""},"geometry":{"type":"LineString","coordinates":[[82.1566819,26.7812691],[82.1567802,26.7808363]]}},{"type":"Feature","properties":{"id":"way/957710364","kind":"road","class":"service","name":""},"geometry":{"type":"LineString","coordinates":[[82.155558,26.7799786],[82.1556184,26.7799472],[82.1556852,26.7799337],[82.1557993,26.7799279],[82.1564797,26.7799299]]}},{"type":"Feature","properties":{"id":"way/957711703","kind":"road","class":"residential","name":""},"geometry":{"type":"LineString","coordinates":[[82.1588575,26.7796213],[82.1590035,26.7795096],[82.1590339,26.7794939],[82.1590692,26.7794839],[82.1593642,26.7794479]]}},{"type":"Feature","properties":{"id":"way/957711704","kind":"road","class":"residential","name":""},"geometry":{"type":"LineString","coordinates":[[82.1585534,26.7783086],[82.1586571,26.7785508],[82.158683,26.7785757],[82.1587249,26.7785775],[82.1587947,26.7785632],[82.1592402,26.7784493],[82.1594806,26.7783879]]}},{"type":"Feature","properties":{"id":"way/957711705","kind":"road","class":"residential","name":""},"geometry":{"type":"LineString","coordinates":[[82.1592581,26.7780377],[82.1589087,26.7781288],[82.1588846,26.7781486],[82.1588827,26.7781801],[82.1589235,26.7782959],[82.1589439,26.7783174],[82.158968,26.778319],[82.1591292,26.7782975],[82.1591588,26.7783042],[82.1591959,26.7783356],[82.1592402,26.7784493]]}},{"type":"Feature","properties":{"id":"way/957711706","kind":"road","class":"residential","name":""},"geometry":{"type":"LineString","coordinates":[[82.1577592,26.7780814],[82.158045,26.7783347],[82.1581028,26.7783986],[82.1581374,26.7784626],[82.1582414,26.7786812]]}},{"type":"Feature","properties":{"id":"way/957711707","kind":"road","class":"service","name":""},"geometry":{"type":"LineString","coordinates":[[82.1550336,26.7792507],[82.1552705,26.7790874]]}},{"type":"Feature","properties":{"id":"way/957711708","kind":"road","class":"residential","name":""},"geometry":{"type":"LineString","coordinates":[[82.154058,26.7802864],[82.1540877,26.7804991]]}},{"type":"Feature","properties":{"id":"way/957712787","kind":"road","class":"residential","name":""},"geometry":{"type":"LineString","coordinates":[[82.2032075,26.8056816],[82.2032827,26.8059102],[82.2033112,26.8059501],[82.203362,26.8059936],[82.2034413,26.8060245],[82.2036913,26.8060989]]}},{"type":"Feature","properties":{"id":"way/957712788","kind":"road","class":"primary","name":""},"geometry":{"type":"LineString","coordinates":[[82.1985073,26.8048661],[82.1988806,26.805181],[82.199027,26.8053117],[82.1991794,26.8054496],[82.1993644,26.8056419],[82.1994752,26.8057699]]}},{"type":"Feature","properties":{"id":"way/957712789","kind":"road","class":"residential","name":""},"geometry":{"type":"LineString","coordinates":[[82.1971446,26.8046008],[82.1971943,26.8047319],[82.1972492,26.8048498],[82.1974443,26.80518],[82.197569,26.8053659]]}},{"type":"Feature","properties":{"id":"way/957712838","kind":"road","class":"residential","name":""},"geometry":{"type":"LineString","coordinates":[[82.1602387,26.7812934],[82.1603344,26.7811856],[82.1604302,26.7810945],[82.1605389,26.781],[82.1606588,26.7809055],[82.1607017,26.7808801],[82.1607546,26.7808627],[82.1609653,26.7808086],[82.1609968,26.7807863],[82.1610025,26.7807571],[82.1609288,26.7805851],[82.1607715,26.7802415],[82.1606024,26.7798652]]}},{"type":"Feature","properties":{"id":"way/957716185","kind":"road","class":"residential","name":""},"geometry":{"type":"LineString","coordinates":[[82.1977913,26.8039939],[82.1981888,26.8037958]]}},{"type":"Feature","properties":{"id":"way/957716186","kind":"road","class":"residential","name":""},"geometry":{"type":"LineString","coordinates":[[82.195951,26.8036561],[82.1960115,26.8036563],[82.1960542,26.8036635],[82.1960847,26.8036681],[82.1961345,26.8036681],[82.1964221,26.80364],[82.1966732,26.8036336],[82.1967016,26.8036381],[82.1967545,26.8036644],[82.1967972,26.8036835],[82.1968226,26.8036835],[82.1968581,26.8036699],[82.1968795,26.8036463],[82.1969211,26.8036055],[82.1969717,26.8035688]]}},{"type":"Feature","properties":{"id":"way/957716187","kind":"road","class":"residential","name":""},"geometry":{"type":"LineString","coordinates":[[82.1981568,26.8051683],[82.1979905,26.8049682]]}},{"type":"Feature","properties":{"id":"way/957716188","kind":"road","class":"residential","name":""},"geometry":{"type":"LineString","coordinates":[[82.197918,26.805014],[82.1979905,26.8049682],[82.1981817,26.8048434],[82.1982925,26.8047598]]}},{"type":"Feature","properties":{"id":"way/957716189","kind":"road","class":"residential","name":""},"geometry":{"type":"LineString","coordinates":[[82.2001688,26.8078236],[82.2002257,26.8077946],[82.200244,26.8077655],[82.2002541,26.8076857],[82.2002785,26.807653],[82.200307,26.8076367],[82.2003578,26.8076367],[82.2004777,26.8076367],[82.2005855,26.8076186],[82.2007847,26.8075587],[82.2008233,26.8075369],[82.2008538,26.807488],[82.2008779,26.8074326]]}},{"type":"Feature","properties":{"id":"way/957716190","kind":"road","class":"residential","name":""},"geometry":{"type":"LineString","coordinates":[[82.2008538,26.807488],[82.2009825,26.8078344]]}},{"type":"Feature","properties":{"id":"way/957716191","kind":"road","class":"residential","name":""},"geometry":{"type":"LineString","coordinates":[[82.2001657,26.8083367],[82.2001525,26.8081248],[82.2001322,26.8080232],[82.2000834,26.807849]]}},{"type":"Feature","properties":{"id":"way/957716192","kind":"road","class":"residential","name":""},"geometry":{"type":"LineString","coordinates":[[82.1995919,26.8047352],[82.1996924,26.8048924],[82.1997438,26.804985],[82.1998408,26.8051411],[82.1999192,26.8052557]]}},{"type":"Feature","properties":{"id":"way/957716193","kind":"road","class":"residential","name":""},"geometry":{"type":"LineString","coordinates":[[82.2011739,26.8077322],[82.2013901,26.8086591]]}},{"type":"Feature","properties":{"id":"way/957716194","kind":"road","class":"residential","name":""},"geometry":{"type":"LineString","coordinates":[[82.2011206,26.8096604],[82.2011433,26.8095997],[82.2011456,26.8095664],[82.2011316,26.809533],[82.2010989,26.8094476],[82.2010779,26.8093559],[82.2010336,26.808962],[82.2010382,26.8089266],[82.2010662,26.8088932],[82.2013301,26.8088724],[82.2013885,26.8088474],[82.2014095,26.8088203],[82.2014185,26.8087668],[82.2013901,26.8086591]]}},{"type":"Feature","properties":{"id":"way/957718135","kind":"road","class":"residential","name":""},"geometry":{"type":"LineString","coordinates":[[82.2028375,26.8093145],[82.203071,26.8097468],[82.2031134,26.8097942],[82.2031878,26.8098194],[82.2033187,26.8098321],[82.2035983,26.8097879],[82.2038779,26.8096956],[82.2049007,26.8093583],[82.2050526,26.8093032],[82.2060318,26.8089482],[82.2064744,26.8087878],[82.2067709,26.8086803],[82.2070703,26.8085717],[82.2071764,26.8085054],[82.207226,26.8084612],[82.2072614,26.8084011],[82.2073245,26.8083391]]}},{"type":"Feature","properties":{"id":"way/957718136","kind":"road","class":"residential","name":""},"geometry":{"type":"LineString","coordinates":[[82.2065965,26.8082694],[82.2066707,26.8084401],[82.2067709,26.8086803]]}},{"type":"Feature","properties":{"id":"way/957718137","kind":"road","class":"residential","name":""},"geometry":{"type":"LineString","coordinates":[[82.2050526,26.8093032],[82.2048079,26.8087199],[82.2047869,26.8086532],[82.2047869,26.8086157],[82.2048182,26.8085119]]}},{"type":"Feature","properties":{"id":"way/957718138","kind":"road","class":"service","name":""},"geometry":{"type":"LineString","coordinates":[[82.203979,26.80897],[82.204,26.8088491],[82.2040164,26.808822],[82.2041425,26.8087178],[82.2041658,26.8086782],[82.2041728,26.8086365],[82.204145,26.8083054]]}},{"type":"Feature","properties":{"id":"way/957718139","kind":"road","class":"residential","name":""},"geometry":{"type":"LineString","coordinates":[[82.2040589,26.8080647],[82.204439,26.8079905],[82.204488,26.8079863],[82.2045254,26.8079925],[82.2045558,26.8080342],[82.2046427,26.8081736]]}},{"type":"Feature","properties":{"id":"way/957718140","kind":"road","class":"residential","name":""},"geometry":{"type":"LineString","coordinates":[[82.2030113,26.8081097],[82.2030157,26.8078592],[82.203032,26.8078356],[82.2030631,26.8078271],[82.2031284,26.8078235],[82.203432,26.8078319],[82.2034783,26.8078425],[82.2035274,26.8078603],[82.2036446,26.8078845],[82.2037679,26.8078869],[82.2041195,26.8078796]]}},{"type":"Feature","properties":{"id":"way/957718141","kind":"road","class":"residential","name":""},"geometry":{"type":"LineString","coordinates":[[82.2034436,26.8067499],[82.2035544,26.8069104],[82.2036174,26.8070464],[82.2036243,26.8071054],[82.203593,26.8072605],[82.2035727,26.8073784],[82.2035274,26.8078603]]}},{"type":"Feature","properties":{"id":"way/957718142","kind":"road","class":"residential","name":""},"geometry":{"type":"LineString","coordinates":[[82.2041549,26.8103247],[82.20493,26.8105426],[82.2050841,26.8105924],[82.2053275,26.8107614],[82.2054841,26.8108735],[82.2056098,26.8109447]]}},{"type":"Feature","properties":{"id":"way/957718143","kind":"road","class":"footway","name":""},"geometry":{"type":"LineString","coordinates":[[82.2054841,26.8108735],[82.2057636,26.8103523]]}},{"type":"Feature","properties":{"id":"way/957718144","kind":"road","class":"footway","name":""},"geometry":{"type":"LineString","coordinates":[[82.2050841,26.8105924],[82.2053914,26.810466],[82.2057636,26.8103523],[82.2058246,26.8103167],[82.2058689,26.810273],[82.2061515,26.8098645],[82.2063009,26.8096582],[82.2063149,26.8095873],[82.2063021,26.8095226],[82.206256,26.8094308]]}},{"type":"Feature","properties":{"id":"way/957718145","kind":"road","class":"footway","name":"","bridge":"yes"},"geometry":{"type":"LineString","coordinates":[[82.206256,26.8094308],[82.2060511,26.8089996]]}},{"type":"Feature","properties":{"id":"way/957718146","kind":"road","class":"footway","name":""},"geometry":{"type":"LineString","coordinates":[[82.2060511,26.8089996],[82.2060318,26.8089482]]}},{"type":"Feature","properties":{"id":"way/957718147","kind":"road","class":"footway","name":"","bridge":"yes"},"geometry":{"type":"LineString","coordinates":[[82.2039125,26.8097683],[82.2040479,26.8101496]]}},{"type":"Feature","properties":{"id":"way/957718148","kind":"road","class":"footway","name":""},"geometry":{"type":"LineString","coordinates":[[82.2038779,26.8096956],[82.2039125,26.8097683]]}},{"type":"Feature","properties":{"id":"way/957722019","kind":"road","class":"residential","name":""},"geometry":{"type":"LineString","coordinates":[[82.216332,26.7935669],[82.216523,26.7937766]]}},{"type":"Feature","properties":{"id":"way/957722020","kind":"road","class":"residential","name":""},"geometry":{"type":"LineString","coordinates":[[82.2175777,26.7929285],[82.217685,26.793171],[82.2177144,26.7932204],[82.2177335,26.7932312],[82.2177698,26.7932328],[82.218045,26.7931123],[82.2183175,26.7929861]]}},{"type":"Feature","properties":{"id":"way/957722021","kind":"road","class":"residential","name":""},"geometry":{"type":"LineString","coordinates":[[82.2157422,26.7982118],[82.2160249,26.7974451],[82.2161957,26.7970037],[82.2162582,26.7968423],[82.2164271,26.7964059]]}},{"type":"Feature","properties":{"id":"way/957722022","kind":"road","class":"residential","name":""},"geometry":{"type":"LineString","coordinates":[[82.2168166,26.7972699],[82.2165877,26.7971812],[82.216539,26.7971623],[82.2161957,26.7970037],[82.2158982,26.7968896]]}},{"type":"Feature","properties":{"id":"way/957722025","kind":"road","class":"primary","name":""},"geometry":{"type":"LineString","coordinates":[[82.1578543,26.7772611],[82.157465,26.7777153],[82.1573885,26.7778046],[82.1573812,26.7778131]]}},{"type":"Feature","properties":{"id":"way/957722026","kind":"road","class":"residential","name":""},"geometry":{"type":"LineString","coordinates":[[82.1595717,26.7785389],[82.1600904,26.7783749],[82.1603432,26.778295]]}},{"type":"Feature","properties":{"id":"way/957722027","kind":"road","class":"residential","name":""},"geometry":{"type":"LineString","coordinates":[[82.1596821,26.7777356],[82.1600904,26.7783749]]}},{"type":"Feature","properties":{"id":"way/957722028","kind":"road","class":"residential","name":""},"geometry":{"type":"LineString","coordinates":[[82.1597641,26.7788609],[82.1597727,26.7789564],[82.1597677,26.7790031],[82.1597474,26.7790709],[82.1597322,26.7791251],[82.1597289,26.7791658],[82.1597407,26.7792095],[82.1598656,26.7795258],[82.1598993,26.7796177],[82.1599702,26.7798361]]}},{"type":"Feature","properties":{"id":"way/957722029","kind":"road","class":"residential","name":""},"geometry":{"type":"LineString","coordinates":[[82.1593193,26.779948],[82.1593676,26.7802032],[82.1594183,26.7805536],[82.159485,26.781007]]}},{"type":"Feature","properties":{"id":"way/957722030","kind":"road","class":"residential","name":""},"geometry":{"type":"LineString","coordinates":[[82.1588585,26.781122],[82.1589757,26.7810807],[82.1590393,26.7810661],[82.1591701,26.7810467],[82.1592333,26.7810387],[82.1593098,26.7810291],[82.159485,26.781007],[82.1596204,26.7809899],[82.1596876,26.7809851],[82.159724,26.7809915],[82.1597494,26.781011],[82.1597913,26.7810989]]}},{"type":"Feature","properties":{"id":"way/957722031","kind":"road","class":"residential","name":""},"geometry":{"type":"LineString","coordinates":[[82.1588946,26.7805987],[82.1589371,26.7808474]]}},{"type":"Feature","properties":{"id":"way/957722032","kind":"road","class":"residential","name":""},"geometry":{"type":"LineString","coordinates":[[82.1591509,26.7805772],[82.1592333,26.7810387]]}},{"type":"Feature","properties":{"id":"way/957722033","kind":"road","class":"residential","name":""},"geometry":{"type":"LineString","coordinates":[[82.1596876,26.7809851],[82.1596334,26.7808135],[82.1596307,26.7807881],[82.1596415,26.78077],[82.159743,26.7807071],[82.1597715,26.7806769],[82.1599118,26.7804696]]}},{"type":"Feature","properties":{"id":"way/957722034","kind":"road","class":"residential","name":""},"geometry":{"type":"LineString","coordinates":[[82.1599705,26.7804546],[82.159984,26.7806189],[82.1599962,26.7806926],[82.1600503,26.7809005]]}},{"type":"Feature","properties":{"id":"way/957722035","kind":"road","class":"residential","name":""},"geometry":{"type":"LineString","coordinates":[[82.1611721,26.7813972],[82.1613233,26.7816802]]}},{"type":"Feature","properties":{"id":"way/957722036","kind":"road","class":"residential","name":""},"geometry":{"type":"LineString","coordinates":[[82.1609972,26.7816258],[82.1611446,26.7818095]]}},{"type":"Feature","properties":{"id":"way/957722037","kind":"road","class":"residential","name":""},"geometry":{"type":"LineString","coordinates":[[82.1609031,26.7813243],[82.1610289,26.7812881],[82.1610877,26.7812638],[82.1611155,26.7812484],[82.1611588,26.7812253],[82.1612075,26.7812066],[82.1614294,26.7811371]]}},{"type":"Feature","properties":{"id":"way/957722038","kind":"road","class":"residential","name":""},"geometry":{"type":"LineString","coordinates":[[82.1610877,26.7812638],[82.1610463,26.7811069],[82.1610506,26.7810705],[82.1610667,26.7810328],[82.1611045,26.7810068],[82.1613813,26.780907]]}},{"type":"Feature","properties":{"id":"way/957722039","kind":"road","class":"residential","name":""},"geometry":{"type":"LineString","coordinates":[[82.1614188,26.78161],[82.1614742,26.7817162],[82.1615287,26.7818524],[82.1616635,26.7823301]]}},{"type":"Feature","properties":{"id":"way/957722040","kind":"road","class":"residential","name":""},"geometry":{"type":"LineString","coordinates":[[82.1619864,26.7820043],[82.1624296,26.7817931]]}},{"type":"Feature","properties":{"id":"way/957722041","kind":"road","class":"residential","name":""},"geometry":{"type":"LineString","coordinates":[[82.1618935,26.7817294],[82.1618855,26.7816728],[82.1618965,26.7816434],[82.1619247,26.7816252],[82.1621107,26.781531],[82.1622038,26.7814838],[82.162232,26.7814824],[82.1622508,26.7814936],[82.1624296,26.7817931],[82.1624797,26.7818715],[82.162508,26.7819247],[82.1625174,26.7819625],[82.1625174,26.7819989],[82.1625142,26.7820367],[82.1624923,26.7820787],[82.1624547,26.7821305],[82.1624139,26.782171],[82.1623309,26.7822428]]}},{"type":"Feature","properties":{"id":"way/957722042","kind":"road","class":"residential","name":""},"geometry":{"type":"LineString","coordinates":[[82.1621107,26.781531],[82.1622219,26.7817314]]}},{"type":"Feature","properties":{"id":"way/957724039","kind":"road","class":"residential","name":""},"geometry":{"type":"LineString","coordinates":[[82.1620267,26.7821701],[82.1620922,26.7821971],[82.1621267,26.7822264],[82.162169,26.782274],[82.1622006,26.7823325],[82.1622223,26.7823972],[82.162238,26.7824602],[82.1622615,26.7826631]]}},{"type":"Feature","properties":{"id":"way/957724040","kind":"road","class":"residential","name":""},"geometry":{"type":"LineString","coordinates":[[82.1597999,26.7819758],[82.1599874,26.7820048],[82.1600526,26.7820199],[82.1601704,26.7820499],[82.1603166,26.7820895],[82.1603786,26.7821063],[82.1605133,26.7821494],[82.1609887,26.7823015]]}},{"type":"Feature","properties":{"id":"way/957724041","kind":"road","class":"residential","name":""},"geometry":{"type":"LineString","coordinates":[[82.160099,26.7814333],[82.1600872,26.7815538],[82.1600855,26.7815915],[82.160094,26.7816111],[82.1601176,26.7816246],[82.1601699,26.7816337],[82.1602087,26.7816502],[82.1603488,26.7817738],[82.1603842,26.7818054],[82.1604315,26.7818295],[82.1607909,26.7820163],[82.1608263,26.7820313],[82.1608906,26.7820522],[82.1610536,26.7820918]]}},{"type":"Feature","properties":{"id":"way/957724042","kind":"road","class":"residential","name":""},"geometry":{"type":"LineString","coordinates":[[82.1603166,26.7820895],[82.1603298,26.7819955],[82.1603517,26.7819172],[82.1603842,26.7818054]]}},{"type":"Feature","properties":{"id":"way/957724043","kind":"road","class":"residential","name":""},"geometry":{"type":"LineString","coordinates":[[82.1593098,26.7810291],[82.1593416,26.7811969],[82.1593616,26.7812617],[82.1593906,26.7813266],[82.1594306,26.781393],[82.1594705,26.781455]]}},{"type":"Feature","properties":{"id":"way/957724044","kind":"road","class":"residential","name":""},"geometry":{"type":"LineString","coordinates":[[82.1602784,26.7771198],[82.1605758,26.7769829],[82.1606762,26.7769277],[82.1607082,26.7769036],[82.1607268,26.776875],[82.1607268,26.7768313],[82.1607167,26.7767876],[82.1606509,26.7765797]]}},{"type":"Feature","properties":{"id":"way/957724045","kind":"road","class":"residential","name":""},"geometry":{"type":"LineString","coordinates":[[82.160688,26.777192],[82.1609462,26.7770618]]}},{"type":"Feature","properties":{"id":"way/957724046","kind":"road","class":"residential","name":""},"geometry":{"type":"LineString","coordinates":[[82.1609387,26.7763353],[82.1617305,26.7765348],[82.1618068,26.7765656],[82.1618379,26.7765793],[82.1620264,26.7766624],[82.16208,26.7766809],[82.1621678,26.7767048],[82.1624464,26.7767476],[82.1626698,26.7767865],[82.1627512,26.7768084],[82.1627834,26.7768338],[82.1628024,26.7768828],[82.1628383,26.7770028],[82.1628724,26.7770789],[82.1629008,26.7771313],[82.1629292,26.7772022],[82.1629273,26.7772665],[82.1629195,26.7773943]]}},{"type":"Feature","properties":{"id":"way/957724047","kind":"road","class":"residential","name":""},"geometry":{"type":"LineString","coordinates":[[82.1618379,26.7765793],[82.1617911,26.7766742],[82.1617682,26.7767205],[82.1617493,26.7767729],[82.1617247,26.7768067],[82.1616679,26.7768676],[82.1616433,26.776898],[82.1616414,26.7769386],[82.1616622,26.7769994],[82.1616925,26.7770467],[82.1617876,26.7771758],[82.1618345,26.7772394],[82.1618762,26.777307],[82.1619197,26.7773899],[82.1620162,26.777667],[82.1620718,26.7778078]]}},{"type":"Feature","properties":{"id":"way/957724048","kind":"road","class":"residential","name":""},"geometry":{"type":"LineString","coordinates":[[82.1617911,26.7766742],[82.1618598,26.7767548],[82.1618947,26.776805],[82.1619296,26.776885],[82.1619938,26.7770766]]}},{"type":"Feature","properties":{"id":"way/957724049","kind":"road","class":"residential","name":""},"geometry":{"type":"LineString","coordinates":[[82.1617876,26.7771758],[82.1619938,26.7770766],[82.1622169,26.7769883]]}},{"type":"Feature","properties":{"id":"way/957724050","kind":"road","class":"residential","name":""},"geometry":{"type":"LineString","coordinates":[[82.1622634,26.7773291],[82.1624471,26.7776248]]}},{"type":"Feature","properties":{"id":"way/957725758","kind":"road","class":"residential","name":""},"geometry":{"type":"LineString","coordinates":[[82.161339,26.7792351],[82.1616921,26.7791139],[82.1617281,26.7791095],[82.1617575,26.7791271],[82.1617755,26.7791679],[82.1618538,26.7794052]]}},{"type":"Feature","properties":{"id":"way/957725759","kind":"road","class":"residential","name":""},"geometry":{"type":"LineString","coordinates":[[82.1614455,26.778632],[82.1615358,26.7787779],[82.1616583,26.7789759]]}},{"type":"Feature","properties":{"id":"way/957725760","kind":"road","class":"residential","name":""},"geometry":{"type":"LineString","coordinates":[[82.1615358,26.7787779],[82.1619684,26.7785758],[82.1623515,26.7783967]]}},{"type":"Feature","properties":{"id":"way/957725761","kind":"road","class":"residential","name":""},"geometry":{"type":"LineString","coordinates":[[82.1619684,26.7785758],[82.1621913,26.7789223]]}},{"type":"Feature","properties":{"id":"way/957725762","kind":"road","class":"residential","name":""},"geometry":{"type":"LineString","coordinates":[[82.1617481,26.7797982],[82.1628064,26.7793776]]}},{"type":"Feature","properties":{"id":"way/957725763","kind":"road","class":"residential","name":""},"geometry":{"type":"LineString","coordinates":[[82.1619264,26.7801396],[82.1627586,26.7797895],[82.1629606,26.7797045]]}},{"type":"Feature","properties":{"id":"way/957725764","kind":"road","class":"residential","name":""},"geometry":{"type":"LineString","coordinates":[[82.1627581,26.7799397],[82.1630264,26.7798264]]}},{"type":"Feature","properties":{"id":"way/957725765","kind":"road","class":"residential","name":""},"geometry":{"type":"LineString","coordinates":[[82.1633919,26.7807795],[82.1637915,26.7805977]]}},{"type":"Feature","properties":{"id":"way/957725766","kind":"road","class":"residential","name":""},"geometry":{"type":"LineString","coordinates":[[82.163408,26.7805638],[82.1634887,26.7805367],[82.1635213,26.7805222],[82.1636395,26.7804549],[82.1637434,26.7803839],[82.1637882,26.7803421],[82.1639044,26.7801784],[82.1639553,26.780122],[82.1641815,26.7799455],[82.1642691,26.7798946],[82.1643893,26.7798455],[82.1645747,26.7797909],[82.1647683,26.7797275],[82.1648355,26.7797054],[82.1648844,26.7796981],[82.1649252,26.7797091],[82.1649456,26.7797291],[82.1649873,26.7797337],[82.1650413,26.7797218],[82.1653795,26.7795836],[82.1655446,26.7795126],[82.1655853,26.7795163],[82.1656139,26.7795435],[82.1657035,26.7797236],[82.165732,26.7797545],[82.1657606,26.7797545],[82.1659528,26.7796839]]}},{"type":"Feature","properties":{"id":"way/957725767","kind":"road","class":"residential","name":""},"geometry":{"type":"LineString","coordinates":[[82.1636868,26.7812128],[82.1638405,26.7814027],[82.16389,26.7814566],[82.1639378,26.7814964],[82.163986,26.781514],[82.1640606,26.7815199],[82.1641636,26.781514],[82.1642766,26.7814974],[82.164407,26.781469],[82.1646,26.7814142],[82.1648566,26.7813202]]}},{"type":"Feature","properties":{"id":"way/957725768","kind":"road","class":"residential","name":""},"geometry":{"type":"LineString","coordinates":[[82.163962,26.7824373],[82.164184,26.78236]]}},{"type":"Feature","properties":{"id":"way/957725769","kind":"road","class":"residential","name":""},"geometry":{"type":"LineString","coordinates":[[82.1649456,26.7797291],[82.1649572,26.779779],[82.1649769,26.7798373],[82.1650498,26.7800231]]}},{"type":"Feature","properties":{"id":"way/957725770","kind":"road","class":"residential","name":""},"geometry":{"type":"LineString","coordinates":[[82.1631855,26.7795743],[82.1634955,26.7794818],[82.1635641,26.7794661],[82.1636169,26.7794724],[82.1636433,26.7794991],[82.1637276,26.7796636],[82.1639553,26.780122]]}},{"type":"Feature","properties":{"id":"way/957725771","kind":"road","class":"residential","name":""},"geometry":{"type":"LineString","coordinates":[[82.1650225,26.7792871],[82.1651945,26.7792093],[82.1656828,26.7789885]]}},{"type":"Feature","properties":{"id":"way/957725772","kind":"road","class":"residential","name":""},"geometry":{"type":"LineString","coordinates":[[82.1651945,26.7792093],[82.1649967,26.7787336],[82.1649897,26.7786833],[82.1650037,26.7786535],[82.1650372,26.7786284],[82.1653875,26.7784387]]}},{"type":"Feature","properties":{"id":"way/957725773","kind":"road","class":"residential","name":""},"geometry":{"type":"LineString","coordinates":[[82.1648113,26.7784143],[82.1651146,26.7782147]]}},{"type":"Feature","properties":{"id":"way/957725774","kind":"road","class":"residential","name":""},"geometry":{"type":"LineString","coordinates":[[82.1641185,26.778913],[82.1643365,26.7788311],[82.1643833,26.7788366],[82.1644139,26.7788602],[82.1645402,26.7791513],[82.1647683,26.7797275]]}},{"type":"Feature","properties":{"id":"way/957725775","kind":"road","class":"residential","name":""},"geometry":{"type":"LineString","coordinates":[[82.1635618,26.7786769],[82.1638725,26.7785138]]}},{"type":"Feature","properties":{"id":"way/957725776","kind":"road","class":"residential","name":""},"geometry":{"type":"LineString","coordinates":[[82.1639935,26.7786947],[82.1638725,26.7785138],[82.1636535,26.7781548],[82.1636506,26.7781278],[82.1636629,26.7781077],[82.1636944,26.7780833],[82.164168,26.7777882]]}},{"type":"Feature","properties":{"id":"way/957725777","kind":"road","class":"residential","name":""},"geometry":{"type":"LineString","coordinates":[[82.1643915,26.7781184],[82.1646618,26.7779569]]}},{"type":"Feature","properties":{"id":"way/957725926","kind":"road","class":"residential","name":""},"geometry":{"type":"LineString","coordinates":[[82.207972,26.8101478],[82.2080099,26.8101314],[82.2082026,26.8100478],[82.2083762,26.8099544],[82.2085097,26.8098988],[82.2086454,26.809871],[82.2087679,26.8098665]]}},{"type":"Feature","properties":{"id":"way/957725927","kind":"road","class":"residential","name":""},"geometry":{"type":"LineString","coordinates":[[82.1970236,26.8200566],[82.1969489,26.8198174],[82.1968036,26.8193176],[82.1968134,26.8192283],[82.1968492,26.8191325],[82.1969438,26.8190344],[82.1971048,26.8189432],[82.1974116,26.8188314],[82.198071,26.8186649],[82.1984161,26.8186489]]}},{"type":"Feature","properties":{"id":"way/957725928","kind":"road","class":"residential","name":""},"geometry":{"type":"LineString","coordinates":[[82.197839,26.8192197],[82.1979635,26.8193209],[82.198029,26.8193534],[82.1981129,26.8193749],[82.1981879,26.8193868],[82.1982407,26.8193932],[82.1982764,26.8194]]}},{"type":"Feature","properties":{"id":"way/957725929","kind":"road","class":"residential","name":""},"geometry":{"type":"LineString","coordinates":[[82.2000227,26.8220974],[82.2000329,26.8220313],[82.2000253,26.8219628],[82.1998208,26.8213789],[82.1997109,26.8210663],[82.1996827,26.8209112],[82.1996597,26.8204938],[82.1996495,26.8202725],[82.1996086,26.8201174],[82.199491,26.819798],[82.1994289,26.8196366],[82.1993924,26.8195761],[82.199349,26.8195396],[82.1992456,26.8195174],[82.198875,26.8195117],[82.1987114,26.819522],[82.1983328,26.8196158]]}},{"type":"Feature","properties":{"id":"way/957725930","kind":"road","class":"residential","name":""},"geometry":{"type":"LineString","coordinates":[[82.2025901,26.8193927],[82.2026561,26.8194235],[82.2030577,26.8196115],[82.2032601,26.8197319],[82.2035299,26.8199577],[82.2039043,26.820337]]}},{"type":"Feature","properties":{"id":"way/957725931","kind":"road","class":"residential","name":""},"geometry":{"type":"LineString","coordinates":[[82.2026561,26.8194235],[82.2028315,26.8192094],[82.2030312,26.8189735],[82.2030694,26.8189002],[82.2030841,26.8188399],[82.2030987,26.8187298],[82.2030899,26.8185962]]}},{"type":"Feature","properties":{"id":"way/957725932","kind":"road","class":"residential","name":""},"geometry":{"type":"LineString","coordinates":[[82.2030312,26.8189735],[82.2032808,26.8192146],[82.203319,26.8192539],[82.2033718,26.8193299],[82.2035744,26.819723],[82.2036214,26.8197859],[82.2041411,26.820137],[82.2042028,26.8202208],[82.2042527,26.8203702],[82.204282,26.8205405],[82.204282,26.8205929],[82.2042585,26.8206349],[82.2042086,26.8206663],[82.2041264,26.820682],[82.2039517,26.8207501],[82.2037476,26.8208864],[82.2036478,26.8209834],[82.2036067,26.821096],[82.2035744,26.8213502],[82.2035304,26.8214786],[82.2033865,26.8216778],[82.2030429,26.8219817],[82.2027346,26.8221887],[82.2024146,26.8223197],[82.2021856,26.8223748],[82.2019213,26.8223721],[82.2016482,26.8223538],[82.201522,26.8223486],[82.2014486,26.8223643],[82.2013957,26.8224088],[82.2011718,26.8226383],[82.2009201,26.8228962],[82.2008936,26.8229617],[82.2008907,26.8230351],[82.2008907,26.8230948],[82.2009085,26.8231668],[82.2010005,26.8234511],[82.2011374,26.8237995],[82.2012047,26.8239457],[82.2012423,26.824]]}},{"type":"Feature","properties":{"id":"way/957725933","kind":"road","class":"residential","name":""},"geometry":{"type":"LineString","coordinates":[[82.198071,26.8186649],[82.1980532,26.8188268],[82.198071,26.8189067],[82.1981757,26.8191201],[82.1982764,26.8194],[82.1982904,26.8194382],[82.1983109,26.8195647],[82.1983328,26.8196158],[82.1983766,26.8197501],[82.1985197,26.8206489],[82.1986756,26.8214245],[82.1987012,26.8215089],[82.1987344,26.8215613],[82.1988085,26.821607],[82.1991792,26.8217233],[82.1992763,26.8217735],[82.1993837,26.8218579],[82.1994834,26.8219195],[82.1996086,26.8219788],[82.1998233,26.8220449],[82.2000227,26.8220974],[82.200263,26.8222023],[82.2005212,26.8223187],[82.200621,26.8224036],[82.2007026,26.8225012],[82.2007825,26.8226639],[82.2008024,26.8227045]]}},{"type":"Feature","properties":{"id":"way/957725934","kind":"road","class":"residential","name":""},"geometry":{"type":"LineString","coordinates":[[82.2082026,26.8100478],[82.2082995,26.8102585],[82.2083752,26.810423],[82.2084681,26.8106166],[82.2085129,26.8107137]]}},{"type":"Feature","properties":{"id":"way/957725935","kind":"road","class":"residential","name":""},"geometry":{"type":"LineString","coordinates":[[82.2082995,26.8102585],[82.2084546,26.8102553],[82.2086677,26.8102674],[82.2088042,26.8102769]]}},{"type":"Feature","properties":{"id":"way/957725936","kind":"road","class":"residential","name":""},"geometry":{"type":"LineString","coordinates":[[82.2073916,26.8067305],[82.2075682,26.8068731],[82.2076433,26.8069373],[82.2076954,26.8069965],[82.2077373,26.8070435]]}},{"type":"Feature","properties":{"id":"way/957725937","kind":"road","class":"residential","name":""},"geometry":{"type":"LineString","coordinates":[[82.2080479,26.8069541],[82.2082044,26.8070908],[82.2085334,26.8073722]]}},{"type":"Feature","properties":{"id":"way/957725938","kind":"road","class":"residential","name":""},"geometry":{"type":"LineString","coordinates":[[82.2092874,26.8061622],[82.2094912,26.8062921],[82.2095551,26.8063195],[82.2097468,26.806372],[82.2099768,26.8064381]]}},{"type":"Feature","properties":{"id":"way/957726866","kind":"road","class":"residential","name":""},"geometry":{"type":"LineString","coordinates":[[82.1705286,26.7802021],[82.1706381,26.7801606],[82.170832,26.7800846]]}},{"type":"Feature","properties":{"id":"way/957726867","kind":"road","class":"residential","name":""},"geometry":{"type":"LineString","coordinates":[[82.1695452,26.7812186],[82.1695892,26.781049],[82.1696226,26.7809579],[82.1696842,26.7808307],[82.1697335,26.7807365],[82.1697845,26.7806564],[82.1698561,26.7805621]]}},{"type":"Feature","properties":{"id":"way/957726868","kind":"road","class":"residential","name":""},"geometry":{"type":"LineString","coordinates":[[82.1698961,26.7805348],[82.1700725,26.7808794]]}},{"type":"Feature","properties":{"id":"way/957726869","kind":"road","class":"residential","name":""},"geometry":{"type":"LineString","coordinates":[[82.170154,26.7803443],[82.1703282,26.7807286]]}},{"type":"Feature","properties":{"id":"way/957726870","kind":"road","class":"residential","name":""},"geometry":{"type":"LineString","coordinates":[[82.1708665,26.7812056],[82.1708648,26.7814909]]}},{"type":"Feature","properties":{"id":"way/957726871","kind":"road","class":"residential","name":""},"geometry":{"type":"LineString","coordinates":[[82.166942,26.7812834],[82.1670199,26.7814933],[82.1670732,26.781652],[82.167124,26.7818152],[82.1671698,26.7819513],[82.1672954,26.782348]]}},{"type":"Feature","properties":{"id":"way/957726872","kind":"road","class":"residential","name":""},"geometry":{"type":"LineString","coordinates":[[82.1661343,26.7802978],[82.1663738,26.7802869],[82.1664871,26.7802975],[82.1665697,26.7803185],[82.16666,26.7803548],[82.1668741,26.7804407],[82.166919,26.780466],[82.1669733,26.7805082],[82.1670054,26.7805553],[82.1670249,26.7805838],[82.1672352,26.7810075],[82.1672588,26.7810538],[82.1673,26.7810872]]}},{"type":"Feature","properties":{"id":"way/957726873","kind":"road","class":"residential","name":""},"geometry":{"type":"LineString","coordinates":[[82.16676,26.7807214],[82.16666,26.7803548]]}},{"type":"Feature","properties":{"id":"way/957726874","kind":"road","class":"residential","name":""},"geometry":{"type":"LineString","coordinates":[[82.1664107,26.7809574],[82.1664453,26.7811975],[82.1664678,26.7812958],[82.1664881,26.7813667],[82.1665399,26.7814585],[82.1665937,26.7815251],[82.166694,26.7816518]]}},{"type":"Feature","properties":{"id":"way/957726875","kind":"road","class":"residential","name":""},"geometry":{"type":"LineString","coordinates":[[82.1659068,26.7804027],[82.1661129,26.7808633]]}},{"type":"Feature","properties":{"id":"way/957726876","kind":"road","class":"residential","name":""},"geometry":{"type":"LineString","coordinates":[[82.1660983,26.7816383],[82.1660524,26.7810443]]}},{"type":"Feature","properties":{"id":"way/957726877","kind":"road","class":"residential","name":""},"geometry":{"type":"LineString","coordinates":[[82.167632,26.780996],[82.1680763,26.7821051]]}},{"type":"Feature","properties":{"id":"way/957735408","kind":"road","class":"residential","name":""},"geometry":{"type":"LineString","coordinates":[[82.1694989,26.7800866],[82.1695412,26.7802734]]}},{"type":"Feature","properties":{"id":"way/957735409","kind":"road","class":"residential","name":""},"geometry":{"type":"LineString","coordinates":[[82.1699539,26.7804953],[82.1698327,26.7802447],[82.1697987,26.780221],[82.1697646,26.7802176],[82.1695412,26.7802734],[82.1691473,26.7803964],[82.1691191,26.780398],[82.1690945,26.7803792],[82.1690681,26.7803399],[82.1690294,26.780241],[82.1689731,26.7800572],[82.1689538,26.7799991],[82.1688482,26.7797541],[82.168813,26.7796583],[82.1687708,26.7794825],[82.1687374,26.7793757],[82.1687005,26.7792924],[82.1686071,26.7790692]]}},{"type":"Feature","properties":{"id":"way/957735410","kind":"road","class":"residential","name":""},"geometry":{"type":"LineString","coordinates":[[82.1685027,26.7806335],[82.1687908,26.7805884]]}},{"type":"Feature","properties":{"id":"way/957735411","kind":"road","class":"residential","name":""},"geometry":{"type":"LineString","coordinates":[[82.1695598,26.7788079],[82.1696177,26.7789829],[82.1697291,26.7793193],[82.1697461,26.7793596],[82.1697729,26.7793747],[82.1698172,26.779372],[82.170669,26.7791665]]}},{"type":"Feature","properties":{"id":"way/957735412","kind":"road","class":"residential","name":""},"geometry":{"type":"LineString","coordinates":[[82.1693185,26.7787498],[82.169403,26.7789933],[82.1694241,26.7790262],[82.1694565,26.7790323],[82.1696177,26.7789829]]}},{"type":"Feature","properties":{"id":"way/957735413","kind":"road","class":"residential","name":""},"geometry":{"type":"LineString","coordinates":[[82.1680984,26.7785313],[82.1683924,26.7791369]]}},{"type":"Feature","properties":{"id":"way/957735414","kind":"road","class":"residential","name":""},"geometry":{"type":"LineString","coordinates":[[82.1676661,26.7786133],[82.1679731,26.7792413]]}},{"type":"Feature","properties":{"id":"way/957735415","kind":"road","class":"residential","name":""},"geometry":{"type":"LineString","coordinates":[[82.1681325,26.7807949],[82.1680367,26.7805766],[82.1679951,26.7804921],[82.1679487,26.7804271],[82.1678796,26.7803417]]}},{"type":"Feature","properties":{"id":"way/957735416","kind":"road","class":"residential","name":""},"geometry":{"type":"LineString","coordinates":[[82.1660847,26.7800562],[82.1665078,26.7799343]]}},{"type":"Feature","properties":{"id":"way/957735417","kind":"road","class":"residential","name":""},"geometry":{"type":"LineString","coordinates":[[82.1670054,26.7805553],[82.1670857,26.7804829],[82.1671252,26.7804359],[82.1671296,26.7803987],[82.1671077,26.7803224],[82.1669191,26.7797888],[82.1668601,26.7796218]]}},{"type":"Feature","properties":{"id":"way/957735418","kind":"road","class":"residential","name":""},"geometry":{"type":"LineString","coordinates":[[82.1669191,26.7797888],[82.1673379,26.7796661]]}},{"type":"Feature","properties":{"id":"way/957735419","kind":"road","class":"residential","name":""},"geometry":{"type":"LineString","coordinates":[[82.1675738,26.7801091],[82.1674087,26.7798035],[82.1673618,26.779718],[82.1673379,26.7796661],[82.1672905,26.7795652],[82.1672865,26.7795379],[82.167315,26.7795179],[82.1675644,26.7794595],[82.1679239,26.7793753]]}},{"type":"Feature","properties":{"id":"way/957735420","kind":"road","class":"residential","name":""},"geometry":{"type":"LineString","coordinates":[[82.1666501,26.7779427],[82.1667415,26.778249],[82.1668201,26.7784803],[82.166826,26.7785175],[82.166811,26.7785417],[82.1667325,26.7785723],[82.1666884,26.7785884],[82.1666704,26.7786132],[82.1666688,26.7786447],[82.166744,26.7788072],[82.1668028,26.7789152],[82.1668306,26.7789254],[82.1668698,26.778924],[82.1672327,26.7787883],[82.1672654,26.7787883],[82.1672959,26.7788133],[82.1674411,26.7790921],[82.1674714,26.7791563],[82.1675055,26.7792493],[82.1675644,26.7794595]]}},{"type":"Feature","properties":{"id":"way/957735421","kind":"road","class":"residential","name":""},"geometry":{"type":"LineString","coordinates":[[82.1653375,26.7783761],[82.1656168,26.7781824],[82.1656837,26.778136],[82.1658402,26.7780418],[82.1660495,26.777913]]}},{"type":"Feature","properties":{"id":"way/957735422","kind":"road","class":"residential","name":""},"geometry":{"type":"LineString","coordinates":[[82.1656168,26.7781824],[82.1653552,26.7777063],[82.1653422,26.7776552],[82.1653503,26.7776231],[82.1653683,26.77761],[82.1654108,26.7776071],[82.1655988,26.7776494],[82.1657671,26.7776888]]}},{"type":"Feature","properties":{"id":"way/957735423","kind":"road","class":"residential","name":""},"geometry":{"type":"LineString","coordinates":[[82.1633207,26.7769534],[82.1633836,26.7769895],[82.1634539,26.7770259],[82.1637595,26.7771179]]}},{"type":"Feature","properties":{"id":"way/957735424","kind":"road","class":"residential","name":""},"geometry":{"type":"LineString","coordinates":[[82.1666252,26.779229],[82.1665187,26.7790215],[82.1664797,26.7789255],[82.1664503,26.7788671],[82.1664094,26.7787606],[82.1663244,26.7784221]]}},{"type":"Feature","properties":{"id":"way/957735425","kind":"road","class":"residential","name":""},"geometry":{"type":"LineString","coordinates":[[82.1657674,26.7792066],[82.1662068,26.7791028],[82.1665187,26.7790215]]}},{"type":"Feature","properties":{"id":"way/957736873","kind":"road","class":"residential","name":""},"geometry":{"type":"LineString","coordinates":[[82.1728598,26.7800041],[82.1725211,26.7800012],[82.172136,26.7799979],[82.1719683,26.7799965],[82.1718217,26.7799953],[82.1716922,26.7799941],[82.1715141,26.7799926],[82.1714801,26.7799844],[82.1714676,26.7799633],[82.171456,26.7797267],[82.1714469,26.7794969],[82.171439,26.7794653],[82.1714167,26.7794512],[82.1708303,26.7792832],[82.1706673,26.7792343]]}},{"type":"Feature","properties":{"id":"way/957736874","kind":"road","class":"residential","name":""},"geometry":{"type":"LineString","coordinates":[[82.1728598,26.7800041],[82.1729253,26.7796695]]}},{"type":"Feature","properties":{"id":"way/957736875","kind":"road","class":"residential","name":""},"geometry":{"type":"LineString","coordinates":[[82.1714801,26.7799844],[82.171461,26.7800182],[82.1714652,26.7800694],[82.1714792,26.7801057],[82.1715369,26.7801904],[82.1715658,26.7802433],[82.1715976,26.7803328],[82.1716478,26.7804995],[82.1716693,26.7805428],[82.1716922,26.7805545],[82.1717314,26.780553],[82.1720011,26.7805238]]}},{"type":"Feature","properties":{"id":"way/957736876","kind":"road","class":"residential","name":""},"geometry":{"type":"LineString","coordinates":[[82.1719683,26.7799965],[82.1719635,26.7803589],[82.17197,26.7804261],[82.1719815,26.7804873],[82.1720011,26.7805238],[82.1720223,26.780553],[82.1720305,26.7805953],[82.1720305,26.7807865],[82.1720272,26.7809236]]}},{"type":"Feature","properties":{"id":"way/957736877","kind":"road","class":"residential","name":""},"geometry":{"type":"LineString","coordinates":[[82.1717788,26.7809353],[82.1720272,26.7809236],[82.1723868,26.7809087]]}},{"type":"Feature","properties":{"id":"way/957736878","kind":"road","class":"residential","name":""},"geometry":{"type":"LineString","coordinates":[[82.1716922,26.7799941],[82.1717045,26.7794297]]}},{"type":"Feature","properties":{"id":"way/957736879","kind":"road","class":"residential","name":""},"geometry":{"type":"LineString","coordinates":[[82.172136,26.7799979],[82.1721588,26.7795594]]}},{"type":"Feature","properties":{"id":"way/957736880","kind":"road","class":"residential","name":""},"geometry":{"type":"LineString","coordinates":[[82.1725211,26.7800012],[82.172565,26.7796003]]}},{"type":"Feature","properties":{"id":"way/957736881","kind":"road","class":"residential","name":""},"geometry":{"type":"LineString","coordinates":[[82.1718217,26.7799953],[82.1718267,26.7797484]]}},{"type":"Feature","properties":{"id":"way/957736882","kind":"road","class":"residential","name":""},"geometry":{"type":"LineString","coordinates":[[82.1710296,26.7803394],[82.1712503,26.7802374],[82.1713457,26.7801859],[82.1714792,26.7801057]]}},{"type":"Feature","properties":{"id":"way/957736883","kind":"road","class":"residential","name":""},"geometry":{"type":"LineString","coordinates":[[82.1707868,26.7794896],[82.1707792,26.7796089],[82.1707837,26.7796753],[82.1708005,26.7797119],[82.1708293,26.7797309],[82.170884,26.7797418],[82.1709417,26.7797431],[82.1710495,26.7797418],[82.171456,26.7797267]]}},{"type":"Feature","properties":{"id":"way/957736884","kind":"road","class":"residential","name":""},"geometry":{"type":"LineString","coordinates":[[82.1727392,26.7802565],[82.1727335,26.7805975],[82.1727203,26.7807378],[82.1727184,26.7807986],[82.1727259,26.7808544],[82.1727506,26.7809541],[82.17276,26.7810116],[82.1727734,26.7813841]]}},{"type":"Feature","properties":{"id":"way/957736885","kind":"road","class":"residential","name":""},"geometry":{"type":"LineString","coordinates":[[82.1727506,26.7809541],[82.1732347,26.7809486],[82.1732724,26.7809655],[82.1732842,26.7810097],[82.1732886,26.7813621]]}},{"type":"Feature","properties":{"id":"way/957737687","kind":"road","class":"service","name":""},"geometry":{"type":"LineString","coordinates":[[82.2098384,26.8090675],[82.2103595,26.8088845]]}},{"type":"Feature","properties":{"id":"way/957737689","kind":"road","class":"track","name":"","surface":"unpaved"},"geometry":{"type":"LineString","coordinates":[[82.2119345,26.8092274],[82.2120184,26.8093737],[82.21208,26.809426],[82.2121848,26.8094865],[82.2123111,26.80958],[82.2123912,26.8096652],[82.2124313,26.8097477],[82.2124405,26.809899],[82.2124405,26.8100475],[82.2124713,26.8101355],[82.2126778,26.8103995],[82.2127641,26.8104517],[82.2129397,26.810493],[82.2132663,26.8105397],[82.2135744,26.8105397],[82.2139842,26.8105122],[82.2145881,26.8104325]]}},{"type":"Feature","properties":{"id":"way/957737690","kind":"road","class":"residential","name":"","oneway":"yes"},"geometry":{"type":"LineString","coordinates":[[82.2061759,26.8112148],[82.2061606,26.8108853],[82.2061528,26.810758],[82.2061599,26.8106397]]}},{"type":"Feature","properties":{"id":"way/957737691","kind":"road","class":"residential","name":"","oneway":"yes"},"geometry":{"type":"LineString","coordinates":[[82.20563,26.8110392],[82.2058264,26.8107118],[82.205888,26.8106485],[82.2059496,26.8106087],[82.2060005,26.8106045],[82.2060511,26.810615]]}},{"type":"Feature","properties":{"id":"way/957737692","kind":"road","class":"residential","name":""},"geometry":{"type":"LineString","coordinates":[[82.2064744,26.8087878],[82.2062344,26.8083662],[82.206106,26.8081766],[82.2060671,26.8081168],[82.2060366,26.8081023],[82.2060021,26.8081077],[82.2055813,26.8082619],[82.2055366,26.8082693],[82.2054963,26.8082569],[82.2054746,26.8082319],[82.2054166,26.8081458],[82.2053516,26.8080787],[82.2052947,26.8080279],[82.2051641,26.8078363]]}},{"type":"Feature","properties":{"id":"way/957737693","kind":"road","class":"residential","name":""},"geometry":{"type":"LineString","coordinates":[[82.2062344,26.8083662],[82.2063712,26.8082574],[82.2064261,26.8082193],[82.206481,26.8082011],[82.2065773,26.8081832]]}},{"type":"Feature","properties":{"id":"way/957737694","kind":"road","class":"residential","name":""},"geometry":{"type":"LineString","coordinates":[[82.2048896,26.8038938],[82.2054239,26.8038247]]}},{"type":"Feature","properties":{"id":"way/957737695","kind":"road","class":"residential","name":""},"geometry":{"type":"LineString","coordinates":[[82.2054396,26.8036454],[82.2059334,26.8035666]]}},{"type":"Feature","properties":{"id":"way/957738294","kind":"road","class":"residential","name":""},"geometry":{"type":"LineString","coordinates":[[82.2152458,26.8009329],[82.2160053,26.8011985]]}},{"type":"Feature","properties":{"id":"way/957738295","kind":"road","class":"residential","name":""},"geometry":{"type":"LineString","coordinates":[[82.2153305,26.7988283],[82.2158215,26.7988032]]}},{"type":"Feature","properties":{"id":"way/957738296","kind":"road","class":"residential","name":""},"geometry":{"type":"LineString","coordinates":[[82.2181685,26.7985877],[82.2182617,26.7983523],[82.2182648,26.7983245],[82.2182492,26.7982939],[82.2179751,26.7982022],[82.2179533,26.7981799],[82.2179501,26.798141],[82.217972,26.7980881],[82.2183047,26.797523]]}},{"type":"Feature","properties":{"id":"way/957738297","kind":"road","class":"residential","name":""},"geometry":{"type":"LineString","coordinates":[[82.2171302,26.7934043],[82.2169962,26.7931456],[82.2169606,26.7930385],[82.2169681,26.7929738],[82.2169956,26.7929024],[82.2171906,26.7926592]]}},{"type":"Feature","properties":{"id":"way/957738298","kind":"road","class":"residential","name":""},"geometry":{"type":"LineString","coordinates":[[82.2171389,26.7902196],[82.2177739,26.7903182]]}},{"type":"Feature","properties":{"id":"way/957738612","kind":"road","class":"residential","name":""},"geometry":{"type":"LineString","coordinates":[[82.1716779,26.7828638],[82.1719798,26.7828726],[82.1723745,26.7828841]]}},{"type":"Feature","properties":{"id":"way/957738613","kind":"road","class":"residential","name":""},"geometry":{"type":"LineString","coordinates":[[82.1717215,26.7824678],[82.1719416,26.7824746],[82.1719833,26.7824881],[82.1720022,26.7825152],[82.1720022,26.7825625],[82.1719798,26.7828726]]}},{"type":"Feature","properties":{"id":"way/957738614","kind":"road","class":"residential","name":""},"geometry":{"type":"LineString","coordinates":[[82.1717685,26.7821091],[82.1724818,26.7821087]]}},{"type":"Feature","properties":{"id":"way/957738615","kind":"road","class":"residential","name":""},"geometry":{"type":"LineString","coordinates":[[82.1704935,26.7814908],[82.1705501,26.7817727],[82.1705902,26.7819413],[82.1706114,26.782012],[82.1706884,26.7822693]]}},{"type":"Feature","properties":{"id":"way/957738616","kind":"road","class":"residential","name":""},"geometry":{"type":"LineString","coordinates":[[82.1697464,26.7815148],[82.16984,26.7817206],[82.1698663,26.7817764],[82.169897,26.7818097],[82.169965,26.7818312],[82.1700417,26.7818332],[82.1702588,26.7818136]]}},{"type":"Feature","properties":{"id":"way/957738617","kind":"road","class":"residential","name":""},"geometry":{"type":"LineString","coordinates":[[82.1693775,26.7823301],[82.1706114,26.782012]]}},{"type":"Feature","properties":{"id":"way/957738618","kind":"road","class":"residential","name":""},"geometry":{"type":"LineString","coordinates":[[82.1691228,26.7826098],[82.1690386,26.7823747],[82.1690058,26.7822819],[82.1689216,26.7820733],[82.1688011,26.7818205]]}},{"type":"Feature","properties":{"id":"way/957738619","kind":"road","class":"residential","name":""},"geometry":{"type":"LineString","coordinates":[[82.1684711,26.7826188],[82.1688571,26.7827133]]}},{"type":"Feature","properties":{"id":"way/957739528","kind":"road","class":"residential","name":""},"geometry":{"type":"LineString","coordinates":[[82.2135383,26.7917685],[82.2135308,26.7921253],[82.2132506,26.7921454],[82.212488,26.79218],[82.2120775,26.7921987],[82.2116961,26.7922213],[82.2114866,26.7922633],[82.2114224,26.7922596],[82.2113592,26.7922439],[82.2113331,26.7921992],[82.2113268,26.7918994]]}},{"type":"Feature","properties":{"id":"way/957739529","kind":"road","class":"service","name":""},"geometry":{"type":"LineString","coordinates":[[82.2104191,26.7921928],[82.2111899,26.7921481]]}},{"type":"Feature","properties":{"id":"way/957739530","kind":"road","class":"service","name":""},"geometry":{"type":"LineString","coordinates":[[82.2110199,26.7942125],[82.2114671,26.7940512],[82.2118773,26.7938638]]}},{"type":"Feature","properties":{"id":"way/957739531","kind":"road","class":"residential","name":""},"geometry":{"type":"LineString","coordinates":[[82.2124599,26.7942174],[82.2123821,26.7938834]]}},{"type":"Feature","properties":{"id":"way/957739532","kind":"road","class":"service","name":""},"geometry":{"type":"LineString","coordinates":[[82.212194,26.7988903],[82.2128426,26.7988297],[82.2138136,26.7987409],[82.2139373,26.7987265],[82.2140099,26.7987313]]}},{"type":"Feature","properties":{"id":"way/957739533","kind":"road","class":"service","name":""},"geometry":{"type":"LineString","coordinates":[[82.2140099,26.7987313],[82.2140395,26.7987481],[82.2140583,26.7987793],[82.2140718,26.7988801],[82.2140825,26.7994011],[82.2140645,26.7994614],[82.2140404,26.7994865],[82.2140084,26.7994936],[82.2131724,26.7995527],[82.2130461,26.7995634],[82.213004,26.7995616],[82.2129819,26.7995509],[82.2129639,26.7995294],[82.2128426,26.7988297]]}},{"type":"Feature","properties":{"id":"way/957739534","kind":"road","class":"service","name":""},"geometry":{"type":"LineString","coordinates":[[82.2116179,26.79983],[82.2117731,26.7998526],[82.2118958,26.7998429],[82.212329,26.799674]]}},{"type":"Feature","properties":{"id":"way/957739535","kind":"road","class":"service","name":""},"geometry":{"type":"LineString","coordinates":[[82.2109936,26.8009509],[82.2114194,26.8009413],[82.211579,26.8009088],[82.2118773,26.800848]]}},{"type":"Feature","properties":{"id":"way/957739536","kind":"road","class":"service","name":""},"geometry":{"type":"LineString","coordinates":[[82.2114086,26.8016885],[82.2113819,26.8014916],[82.2113944,26.8014515],[82.2114219,26.8014336],[82.2115394,26.801418],[82.2115969,26.8014002],[82.2116194,26.8013734],[82.2116244,26.8013288],[82.211579,26.8009088]]}},{"type":"Feature","properties":{"id":"way/957739537","kind":"road","class":"residential","name":""},"geometry":{"type":"LineString","coordinates":[[82.2117798,26.802903],[82.2120554,26.8030487],[82.2122034,26.8031003],[82.2125786,26.8031583]]}},{"type":"Feature","properties":{"id":"way/957739538","kind":"road","class":"service","name":""},"geometry":{"type":"LineString","coordinates":[[82.2137986,26.8030313],[82.2139482,26.8029564],[82.2144341,26.8028078]]}},{"type":"Feature","properties":{"id":"way/957739544","kind":"road","class":"residential","name":""},"geometry":{"type":"LineString","coordinates":[[82.1669232,26.7830218],[82.1669107,26.7825684]]}},{"type":"Feature","properties":{"id":"way/957740168","kind":"road","class":"residential","name":""},"geometry":{"type":"LineString","coordinates":[[82.1592819,26.7830722],[82.1596232,26.7829844]]}},{"type":"Feature","properties":{"id":"way/957740169","kind":"road","class":"residential","name":""},"geometry":{"type":"LineString","coordinates":[[82.1581214,26.7825081],[82.158166,26.7822683],[82.1581913,26.7821326],[82.1581986,26.7820954],[82.1582413,26.7818757]]}},{"type":"Feature","properties":{"id":"way/957740170","kind":"road","class":"residential","name":""},"geometry":{"type":"LineString","coordinates":[[82.1587763,26.7823709],[82.1588669,26.7820559]]}},{"type":"Feature","properties":{"id":"way/957740171","kind":"road","class":"residential","name":""},"geometry":{"type":"LineString","coordinates":[[82.1566999,26.7824826],[82.156659,26.7823487],[82.1566505,26.7823046],[82.1566339,26.7821284]]}},{"type":"Feature","properties":{"id":"way/957740172","kind":"road","class":"residential","name":""},"geometry":{"type":"LineString","coordinates":[[82.1561237,26.7818777],[82.156308,26.7819902],[82.1564173,26.7820486],[82.1565139,26.7820918],[82.1566339,26.7821284],[82.1566666,26.7821384],[82.1573839,26.7823447]]}},{"type":"Feature","properties":{"id":"way/957740173","kind":"road","class":"residential","name":""},"geometry":{"type":"LineString","coordinates":[[82.1569068,26.7815239],[82.1569394,26.7819226]]}},{"type":"Feature","properties":{"id":"way/957740174","kind":"road","class":"residential","name":""},"geometry":{"type":"LineString","coordinates":[[82.156954,26.7825888],[82.1570605,26.7828702]]}},{"type":"Feature","properties":{"id":"way/957741467","kind":"road","class":"residential","name":""},"geometry":{"type":"LineString","coordinates":[[82.1549019,26.782826],[82.1552622,26.7828072]]}},{"type":"Feature","properties":{"id":"way/957741468","kind":"road","class":"residential","name":""},"geometry":{"type":"LineString","coordinates":[[82.1537594,26.7826646],[82.1541453,26.7825819]]}},{"type":"Feature","properties":{"id":"way/957741469","kind":"road","class":"residential","name":""},"geometry":{"type":"LineString","coordinates":[[82.154204,26.7818746],[82.1542902,26.7821423]]}},{"type":"Feature","properties":{"id":"way/957741470","kind":"road","class":"residential","name":""},"geometry":{"type":"LineString","coordinates":[[82.1528779,26.7837347],[82.1528539,26.7836148],[82.1528466,26.7835477],[82.1528301,26.7834872],[82.1528008,26.7834217],[82.1527402,26.7832989],[82.1527127,26.7832187],[82.1526728,26.7830537]]}},{"type":"Feature","properties":{"id":"way/957741471","kind":"road","class":"residential","name":""},"geometry":{"type":"LineString","coordinates":[[82.1527402,26.7832989],[82.1528338,26.7832918],[82.152872,26.78328],[82.1528985,26.7832563],[82.1529029,26.7832051],[82.1528794,26.7830291]]}},{"type":"Feature","properties":{"id":"way/957741472","kind":"road","class":"residential","name":""},"geometry":{"type":"LineString","coordinates":[[82.1520456,26.782415],[82.1521292,26.7826576],[82.1521633,26.7827307],[82.152194,26.7827778],[82.1522332,26.7828174],[82.1523362,26.7828785]]}},{"type":"Feature","properties":{"id":"way/957741883","kind":"road","class":"residential","name":""},"geometry":{"type":"LineString","coordinates":[[82.2003208,26.8042587],[82.2004668,26.8043436],[82.2005406,26.804416],[82.2006185,26.8045203]]}},{"type":"Feature","properties":{"id":"way/957742779","kind":"road","class":"residential","name":""},"geometry":{"type":"LineString","coordinates":[[82.2068213,26.7866667],[82.2067756,26.7864482],[82.2067809,26.7863978],[82.2067971,26.7863617],[82.2068267,26.7863353],[82.2069861,26.7862968]]}},{"type":"Feature","properties":{"id":"way/957742780","kind":"road","class":"residential","name":""},"geometry":{"type":"LineString","coordinates":[[82.2069073,26.7856097],[82.2070926,26.7855861],[82.2073673,26.7855933],[82.2075076,26.785613],[82.2075998,26.7856541],[82.20767,26.7857007],[82.207698,26.7857436],[82.2077081,26.7858098],[82.2077081,26.785919],[82.2077201,26.7864452],[82.2077081,26.7864881],[82.207674,26.7865132],[82.2075457,26.7865543]]}},{"type":"Feature","properties":{"id":"way/957742781","kind":"road","class":"service","name":""},"geometry":{"type":"LineString","coordinates":[[82.2088303,26.7845687],[82.2089209,26.7838096]]}},{"type":"Feature","properties":{"id":"way/957742782","kind":"road","class":"service","name":""},"geometry":{"type":"LineString","coordinates":[[82.2070006,26.7913664],[82.2070545,26.7913807],[82.2070943,26.7913822],[82.2079251,26.7912231]]}},{"type":"Feature","properties":{"id":"way/957742783","kind":"road","class":"service","name":""},"geometry":{"type":"LineString","coordinates":[[82.2069768,26.7911474],[82.2076776,26.7911087]]}},{"type":"Feature","properties":{"id":"way/957742784","kind":"road","class":"service","name":""},"geometry":{"type":"LineString","coordinates":[[82.2091309,26.7931769],[82.2091251,26.793713],[82.209141,26.7937376],[82.2091627,26.7937596],[82.209238,26.7937789],[82.2094261,26.7938061],[82.2098372,26.7938939],[82.2099016,26.7939038],[82.2107461,26.7940335],[82.2108967,26.794036],[82.2110385,26.7940102],[82.2112846,26.7939327],[82.211832,26.7937787]]}},{"type":"Feature","properties":{"id":"way/957742785","kind":"road","class":"service","name":""},"geometry":{"type":"LineString","coordinates":[[82.2098432,26.7943457],[82.2099016,26.7939038]]}},{"type":"Feature","properties":{"id":"way/957742786","kind":"road","class":"residential","name":""},"geometry":{"type":"LineString","coordinates":[[82.2081195,26.7964278],[82.2080273,26.7961256]]}},{"type":"Feature","properties":{"id":"way/957742787","kind":"road","class":"residential","name":""},"geometry":{"type":"LineString","coordinates":[[82.2088402,26.8011548],[82.2090015,26.8011455],[82.2090298,26.8011543],[82.2090491,26.8011732],[82.2091005,26.8012641],[82.2091343,26.8012806],[82.2091592,26.8012827],[82.2099575,26.8011022],[82.2099828,26.8011053],[82.2100078,26.8011128],[82.2100195,26.80113],[82.2100413,26.8011948],[82.2100643,26.8012154],[82.2100956,26.8012228],[82.2103604,26.8011832]]}},{"type":"Feature","properties":{"id":"way/957742788","kind":"road","class":"residential","name":""},"geometry":{"type":"LineString","coordinates":[[82.2072063,26.8026391],[82.2074033,26.8026005],[82.2077823,26.8024704],[82.2081785,26.8023344],[82.2083098,26.8022893]]}},{"type":"Feature","properties":{"id":"way/957742789","kind":"road","class":"residential","name":""},"geometry":{"type":"LineString","coordinates":[[82.2081785,26.8023344],[82.2081123,26.8021204],[82.2081006,26.802095],[82.2080748,26.8020913],[82.2080437,26.8020949],[82.2079195,26.8021279],[82.2078608,26.8021369],[82.207839,26.8021339],[82.2078172,26.8021175],[82.2077586,26.8020067]]}},{"type":"Feature","properties":{"id":"way/957742790","kind":"road","class":"residential","name":""},"geometry":{"type":"LineString","coordinates":[[82.2081743,26.8015309],[82.2082347,26.8017733],[82.208228,26.8018017],[82.2082062,26.8018257],[82.2081626,26.8018451],[82.2077586,26.8020067],[82.2075305,26.8021028],[82.2071904,26.8022569]]}},{"type":"Feature","properties":{"id":"way/957742791","kind":"road","class":"residential","name":""},"geometry":{"type":"LineString","coordinates":[[82.2064545,26.8013081],[82.2066517,26.8012208],[82.2067914,26.8011847],[82.2068278,26.8011865],[82.2068602,26.80121],[82.206923,26.8013184],[82.2070545,26.8015786],[82.2071193,26.801687],[82.2071881,26.801752],[82.2073278,26.801893],[82.2073966,26.8019363],[82.2074655,26.802005],[82.2075305,26.8021028]]}},{"type":"Feature","properties":{"id":"way/957742792","kind":"road","class":"residential","name":""},"geometry":{"type":"LineString","coordinates":[[82.2080479,26.8029672],[82.2077823,26.8024704]]}},{"type":"Feature","properties":{"id":"way/957742793","kind":"road","class":"residential","name":""},"geometry":{"type":"LineString","coordinates":[[82.2091372,26.8033237],[82.208957,26.8027313],[82.2088813,26.8023693],[82.2088786,26.8023063],[82.2088895,26.8022724],[82.2089248,26.8022554],[82.209028,26.8022336],[82.2090535,26.8022313],[82.2094326,26.8021972],[82.2104835,26.8019708]]}},{"type":"Feature","properties":{"id":"way/957742794","kind":"road","class":"residential","name":""},"geometry":{"type":"LineString","coordinates":[[82.2097506,26.8033009],[82.2096343,26.8031083],[82.2096205,26.8030854],[82.2095937,26.8030279],[82.2096017,26.8029968],[82.2096245,26.8029729],[82.209702,26.8029522],[82.2105157,26.8027304]]}},{"type":"Feature","properties":{"id":"way/957742795","kind":"road","class":"residential","name":""},"geometry":{"type":"LineString","coordinates":[[82.2105138,26.8022064],[82.2108723,26.802165],[82.210913,26.8021529],[82.210951,26.8021311],[82.2109673,26.8020947],[82.2109728,26.8017553]]}},{"type":"Feature","properties":{"id":"way/957742796","kind":"road","class":"residential","name":""},"geometry":{"type":"LineString","coordinates":[[82.2076441,26.8030798],[82.2074033,26.8026005]]}},{"type":"Feature","properties":{"id":"way/957742797","kind":"road","class":"service","name":""},"geometry":{"type":"LineString","coordinates":[[82.2089794,26.8018789],[82.2090535,26.8022313]]}},{"type":"Feature","properties":{"id":"way/957743744","kind":"road","class":"residential","name":""},"geometry":{"type":"LineString","coordinates":[[82.1994582,26.8029887],[82.1996295,26.803409]]}},{"type":"Feature","properties":{"id":"way/957743745","kind":"road","class":"residential","name":""},"geometry":{"type":"LineString","coordinates":[[82.2132014,26.8086987],[82.2119345,26.8092274],[82.211645,26.8093482],[82.2103553,26.809914],[82.210167,26.8099947],[82.2088639,26.8105639]]}},{"type":"Feature","properties":{"id":"way/957743746","kind":"road","class":"residential","name":"","bridge":"yes"},"geometry":{"type":"LineString","coordinates":[[82.2133221,26.8086483],[82.2132014,26.8086987]]}},{"type":"Feature","properties":{"id":"way/957743749","kind":"road","class":"trunk","name":""},"geometry":{"type":"LineString","coordinates":[[82.2086777,26.8083091],[82.2083129,26.8085509],[82.2079106,26.8088429],[82.2070268,26.8094845],[82.2068516,26.8096161],[82.2066363,26.8097844],[82.2064366,26.8099839],[82.2062625,26.8102012],[82.2061591,26.810387],[82.2060773,26.8105575],[82.2060511,26.810615],[82.2059367,26.8108719],[82.2058677,26.811033]]}},{"type":"Feature","properties":{"id":"way/957743750","kind":"road","class":"residential","name":"","bridge":"yes"},"geometry":{"type":"LineString","coordinates":[[82.2116586,26.806712],[82.2118302,26.8066054]]}},{"type":"Feature","properties":{"id":"way/957743751","kind":"road","class":"residential","name":""},"geometry":{"type":"LineString","coordinates":[[82.2118302,26.8066054],[82.211923,26.8065682],[82.2120483,26.8065038],[82.2122516,26.8063793],[82.2124335,26.8062494],[82.2127348,26.8060509],[82.2129618,26.8058844],[82.2131064,26.8057881],[82.2133627,26.8056221],[82.213772,26.8053571],[82.2141502,26.8051123],[82.2142107,26.8050731],[82.2146726,26.8047577],[82.2147028,26.8047379],[82.215203,26.8044092],[82.2157567,26.8040939]]}},{"type":"Feature","properties":{"id":"way/957743752","kind":"road","class":"trunk","name":"","oneway":"yes"},"geometry":{"type":"LineString","coordinates":[[82.2116487,26.8063113],[82.2114642,26.8064354]]}},{"type":"Feature","properties":{"id":"way/957744528","kind":"road","class":"service","name":""},"geometry":{"type":"LineString","coordinates":[[82.2071967,26.7966574],[82.2075653,26.7966231]]}},{"type":"Feature","properties":{"id":"way/957744529","kind":"road","class":"residential","name":""},"geometry":{"type":"LineString","coordinates":[[82.2048732,26.7844721],[82.2052793,26.7845092],[82.2053295,26.7845092],[82.2053889,26.7844927],[82.2054818,26.7844429],[82.2055338,26.7844363],[82.2059128,26.7844496],[82.2060595,26.7844512],[82.2067077,26.7844062]]}},{"type":"Feature","properties":{"id":"way/957744530","kind":"road","class":"service","name":""},"geometry":{"type":"LineString","coordinates":[[82.2050502,26.7852015],[82.2051734,26.7851628],[82.2054101,26.7850804],[82.2057507,26.7850494]]}},{"type":"Feature","properties":{"id":"way/957744531","kind":"road","class":"residential","name":""},"geometry":{"type":"LineString","coordinates":[[82.2032679,26.7852971],[82.2036117,26.7852917],[82.2041595,26.7852214]]}},{"type":"Feature","properties":{"id":"way/957744532","kind":"road","class":"residential","name":""},"geometry":{"type":"LineString","coordinates":[[82.2038112,26.7857301],[82.2038686,26.7857529],[82.2040303,26.7857607],[82.2050637,26.7857143]]}},{"type":"Feature","properties":{"id":"way/957744533","kind":"road","class":"service","name":""},"geometry":{"type":"LineString","coordinates":[[82.2057912,26.7860983],[82.2057926,26.785999],[82.2057767,26.7859462],[82.2057277,26.7859076],[82.2056526,26.7858844],[82.205618,26.7858612],[82.2055949,26.7858251],[82.2055411,26.7854908]]}},{"type":"Feature","properties":{"id":"way/957744534","kind":"road","class":"service","name":""},"geometry":{"type":"LineString","coordinates":[[82.2046513,26.7873138],[82.2046163,26.7870749],[82.204599,26.7870182],[82.2044719,26.7868301]]}},{"type":"Feature","properties":{"id":"way/957744535","kind":"road","class":"service","name":""},"geometry":{"type":"LineString","coordinates":[[82.2039437,26.7868507],[82.2043423,26.7868352],[82.2044719,26.7868301],[82.2049627,26.7867811]]}},{"type":"Feature","properties":{"id":"way/957744536","kind":"road","class":"service","name":""},"geometry":{"type":"LineString","coordinates":[[82.2043423,26.7868352],[82.2043305,26.7865157]]}},{"type":"Feature","properties":{"id":"way/957744537","kind":"road","class":"residential","name":""},"geometry":{"type":"LineString","coordinates":[[82.2045678,26.7872827],[82.2046139,26.7875082],[82.2046526,26.7875735],[82.2047279,26.7876273],[82.2047645,26.7876695],[82.2047774,26.7877137],[82.2048003,26.7878469],[82.2048506,26.7881401],[82.2048678,26.7881689],[82.2049065,26.7881804],[82.2053218,26.7881919]]}},{"type":"Feature","properties":{"id":"way/957744538","kind":"road","class":"residential","name":""},"geometry":{"type":"LineString","coordinates":[[82.2060835,26.7880921],[82.2056776,26.7880607],[82.2052892,26.7880306],[82.2052336,26.7880191],[82.2051991,26.787998],[82.2051905,26.7879499],[82.2051684,26.7874924]]}},{"type":"Feature","properties":{"id":"way/957744539","kind":"road","class":"residential","name":""},"geometry":{"type":"LineString","coordinates":[[82.2048003,26.7878469],[82.2051905,26.7879499]]}},{"type":"Feature","properties":{"id":"way/957744540","kind":"road","class":"residential","name":""},"geometry":{"type":"LineString","coordinates":[[82.2056776,26.7880607],[82.2056783,26.7876543]]}},{"type":"Feature","properties":{"id":"way/957744541","kind":"road","class":"residential","name":""},"geometry":{"type":"LineString","coordinates":[[82.203499,26.7883979],[82.2035566,26.7883762],[82.2037038,26.7883206],[82.2038192,26.7882536],[82.2038712,26.7881789],[82.2039058,26.7880629],[82.2039549,26.7876223]]}},{"type":"Feature","properties":{"id":"way/957744542","kind":"road","class":"residential","name":""},"geometry":{"type":"LineString","coordinates":[[82.2034084,26.7908752],[82.2033843,26.7907813],[82.2033779,26.7907237],[82.2033929,26.7906545],[82.2034187,26.7905911],[82.2034273,26.790547],[82.2034273,26.7904893],[82.2033886,26.7903779],[82.2033598,26.7903255],[82.2033284,26.7902685],[82.203281,26.7902185],[82.2032272,26.7901744],[82.2031993,26.7901359],[82.2031756,26.7900399],[82.2031562,26.7900092],[82.2031326,26.7899938],[82.2029992,26.7899792],[82.2027385,26.7900171]]}},{"type":"Feature","properties":{"id":"way/957744543","kind":"road","class":"residential","name":""},"geometry":{"type":"LineString","coordinates":[[82.2033929,26.7906545],[82.2035392,26.7906238],[82.2040133,26.7905517]]}},{"type":"Feature","properties":{"id":"way/957744544","kind":"road","class":"residential","name":""},"geometry":{"type":"LineString","coordinates":[[82.2033598,26.7903255],[82.2034854,26.7902858],[82.2035113,26.7902627],[82.2035392,26.7902301],[82.2035801,26.790207],[82.2038777,26.7901229]]}},{"type":"Feature","properties":{"id":"way/957744545","kind":"road","class":"residential","name":""},"geometry":{"type":"LineString","coordinates":[[82.2047656,26.7914936],[82.2050357,26.7914367]]}},{"type":"Feature","properties":{"id":"way/957744546","kind":"road","class":"residential","name":""},"geometry":{"type":"LineString","coordinates":[[82.2028734,26.7923432],[82.2033457,26.7922221],[82.2034462,26.7921887],[82.2034719,26.7921741],[82.2035,26.7921511],[82.2035023,26.7921198],[82.2034322,26.7918798]]}},{"type":"Feature","properties":{"id":"way/957744547","kind":"road","class":"residential","name":""},"geometry":{"type":"LineString","coordinates":[[82.2035,26.7921511],[82.2035409,26.7921712],[82.2035765,26.7921972],[82.2036186,26.7922623],[82.203706,26.7924849],[82.203902,26.7929952]]}},{"type":"Feature","properties":{"id":"way/957746649","kind":"road","class":"residential","name":""},"geometry":{"type":"LineString","coordinates":[[82.2048399,26.8072132],[82.2054228,26.8070839]]}},{"type":"Feature","properties":{"id":"way/957747311","kind":"road","class":"residential","name":""},"geometry":{"type":"LineString","coordinates":[[82.2048137,26.7938417],[82.2047743,26.7936696],[82.2046985,26.7934931],[82.2045441,26.7931498],[82.2044385,26.7928259],[82.2043491,26.7924729]]}},{"type":"Feature","properties":{"id":"way/957747312","kind":"road","class":"residential","name":""},"geometry":{"type":"LineString","coordinates":[[82.2036465,26.7975231],[82.2040145,26.7974764],[82.2042273,26.7975025],[82.2046304,26.7975428]]}},{"type":"Feature","properties":{"id":"way/957747313","kind":"road","class":"service","name":""},"geometry":{"type":"LineString","coordinates":[[82.2057587,26.7991921],[82.2058328,26.7991202],[82.2059104,26.799087],[82.2061805,26.7990117],[82.2063696,26.7989213]]}},{"type":"Feature","properties":{"id":"way/957747314","kind":"road","class":"residential","name":""},"geometry":{"type":"LineString","coordinates":[[82.2032162,26.8029474],[82.2040778,26.8029508]]}},{"type":"Feature","properties":{"id":"way/957747315","kind":"road","class":"residential","name":""},"geometry":{"type":"LineString","coordinates":[[82.2029229,26.8026809],[82.2031406,26.8026636],[82.2033489,26.8026471]]}},{"type":"Feature","properties":{"id":"way/957747316","kind":"road","class":"residential","name":""},"geometry":{"type":"LineString","coordinates":[[82.2032377,26.8032012],[82.2032162,26.8029474],[82.2031406,26.8026636]]}},{"type":"Feature","properties":{"id":"way/957747317","kind":"road","class":"residential","name":""},"geometry":{"type":"LineString","coordinates":[[82.2045397,26.8060183],[82.2045503,26.8061053],[82.2045599,26.8062205],[82.2045713,26.8063296],[82.204605,26.8064988],[82.2046407,26.8066805],[82.2047076,26.8068312],[82.2047488,26.8069367],[82.2047985,26.8071052],[82.2048399,26.8072132],[82.2048767,26.8073197],[82.20498,26.807533],[82.2050115,26.8075726],[82.2050391,26.8075918],[82.2050793,26.8075971],[82.2051565,26.8075612],[82.2051886,26.8075686],[82.2052075,26.8076003],[82.2052595,26.8078024]]}},{"type":"Feature","properties":{"id":"way/957747318","kind":"road","class":"service","name":""},"geometry":{"type":"LineString","coordinates":[[82.2065006,26.7978605],[82.2065358,26.7974804],[82.2065076,26.7972385],[82.2064971,26.797116],[82.2065463,26.7968458],[82.206666,26.796252],[82.2067356,26.795944],[82.2067447,26.7958843],[82.2067417,26.7958165],[82.2067113,26.7957405],[82.2066384,26.7956537],[82.2065016,26.7955208],[82.2064469,26.7954557],[82.2064226,26.7954178],[82.2063801,26.7952526]]}},{"type":"Feature","properties":{"id":"way/957747319","kind":"road","class":"service","name":""},"geometry":{"type":"LineString","coordinates":[[82.2045236,26.7839796],[82.2045778,26.783639]]}},{"type":"Feature","properties":{"id":"way/957747320","kind":"road","class":"residential","name":""},"geometry":{"type":"LineString","coordinates":[[82.2022517,26.7864647],[82.2022706,26.7866971],[82.2022897,26.7867274],[82.2023148,26.7867428],[82.2024011,26.7867568],[82.2033095,26.7867527]]}},{"type":"Feature","properties":{"id":"way/957747321","kind":"road","class":"residential","name":""},"geometry":{"type":"LineString","coordinates":[[82.2006134,26.7871979],[82.2006842,26.7869689],[82.2007174,26.7868624],[82.2007311,26.7868014],[82.2007233,26.7866757],[82.2007208,26.7866233],[82.2007194,26.7865936],[82.2007115,26.7865657],[82.20069,26.7865413],[82.2006391,26.7865321],[82.1999861,26.786536]]}},{"type":"Feature","properties":{"id":"way/957747322","kind":"road","class":"residential","name":""},"geometry":{"type":"LineString","coordinates":[[82.2007208,26.7866233],[82.2009579,26.7865936],[82.2012571,26.7865605],[82.2015465,26.7865675],[82.2016208,26.786564],[82.2022517,26.7864647],[82.2023576,26.7864501],[82.2023925,26.7864345],[82.2024129,26.7864163],[82.2024231,26.7863916],[82.2024159,26.7863421],[82.202327,26.7859531]]}},{"type":"Feature","properties":{"id":"way/957747323","kind":"road","class":"residential","name":""},"geometry":{"type":"LineString","coordinates":[[82.2000094,26.7869878],[82.1999861,26.786536],[82.1999469,26.7861959],[82.1999263,26.7860169]]}},{"type":"Feature","properties":{"id":"way/957747324","kind":"road","class":"residential","name":""},"geometry":{"type":"LineString","coordinates":[[82.1999469,26.7861959],[82.2003369,26.786106],[82.2004215,26.786082],[82.2004403,26.7860666],[82.200445,26.7860358],[82.2004026,26.7856507],[82.2003775,26.7852517],[82.2003838,26.7851732],[82.2004183,26.7850892],[82.2005705,26.7849128],[82.200652,26.7848008],[82.2006928,26.78477],[82.2007352,26.7847574],[82.2008026,26.7847448],[82.2008481,26.7847224],[82.2009155,26.7846495],[82.2009704,26.7846047],[82.2010379,26.7845487],[82.2010755,26.7844997],[82.2011647,26.784335],[82.2013423,26.7840073]]}},{"type":"Feature","properties":{"id":"way/957747325","kind":"road","class":"residential","name":""},"geometry":{"type":"LineString","coordinates":[[82.2004183,26.7850892],[82.2007779,26.7850519],[82.2012344,26.7850425]]}},{"type":"Feature","properties":{"id":"way/957747326","kind":"road","class":"residential","name":""},"geometry":{"type":"LineString","coordinates":[[82.2007856,26.7855749],[82.2007837,26.7854465],[82.2007779,26.7850519]]}},{"type":"Feature","properties":{"id":"way/957747327","kind":"road","class":"residential","name":""},"geometry":{"type":"LineString","coordinates":[[82.2007837,26.7854465],[82.2011025,26.7854052],[82.2011854,26.7854008],[82.2012414,26.7854161],[82.2012951,26.7854356],[82.2013487,26.7854356],[82.2015535,26.7854226],[82.2017216,26.7854204],[82.2018265,26.7854356],[82.2019045,26.785477],[82.2019581,26.785527],[82.2019971,26.7855466],[82.2020848,26.785551],[82.2023302,26.7855373],[82.2023707,26.7855463],[82.2024298,26.785584],[82.2024585,26.7856081],[82.2024872,26.7856232],[82.2025328,26.7856352],[82.2028383,26.7856021]]}},{"type":"Feature","properties":{"id":"way/957747328","kind":"road","class":"residential","name":""},"geometry":{"type":"LineString","coordinates":[[82.2011647,26.784335],[82.2011802,26.7845843],[82.201196,26.7846335],[82.2012589,26.7847084],[82.2012852,26.7847646],[82.2012904,26.7848607],[82.2012344,26.7850425],[82.201196,26.7851674],[82.2011854,26.7854008]]}},{"type":"Feature","properties":{"id":"way/957747329","kind":"road","class":"residential","name":""},"geometry":{"type":"LineString","coordinates":[[82.2026913,26.7846608],[82.2025775,26.7842304],[82.2024536,26.7837616]]}},{"type":"Feature","properties":{"id":"way/957747330","kind":"road","class":"residential","name":""},"geometry":{"type":"LineString","coordinates":[[82.2016966,26.783998],[82.2018767,26.7843992],[82.2019206,26.7844254],[82.2019657,26.7844239],[82.2025775,26.7842304]]}},{"type":"Feature","properties":{"id":"way/957747364","kind":"road","class":"service","name":""},"geometry":{"type":"LineString","coordinates":[[82.2175281,26.8239092],[82.2179217,26.8239549]]}},{"type":"Feature","properties":{"id":"way/957747371","kind":"road","class":"residential","name":""},"geometry":{"type":"LineString","coordinates":[[82.2148336,26.8033106],[82.2151232,26.8036865]]}},{"type":"Feature","properties":{"id":"way/957747372","kind":"road","class":"residential","name":"","bridge":"yes"},"geometry":{"type":"LineString","coordinates":[[82.2151232,26.8036865],[82.2151688,26.8037535]]}},{"type":"Feature","properties":{"id":"way/957747373","kind":"road","class":"residential","name":""},"geometry":{"type":"LineString","coordinates":[[82.2151688,26.8037535],[82.2152697,26.8038857]]}},{"type":"Feature","properties":{"id":"way/957753232","kind":"road","class":"residential","name":""},"geometry":{"type":"LineString","coordinates":[[82.1977489,26.8025296],[82.1983305,26.8023764]]}},{"type":"Feature","properties":{"id":"way/957753233","kind":"road","class":"residential","name":""},"geometry":{"type":"LineString","coordinates":[[82.1988534,26.8031471],[82.1994582,26.8029887],[82.1999179,26.8028696]]}},{"type":"Feature","properties":{"id":"way/957753234","kind":"road","class":"residential","name":""},"geometry":{"type":"LineString","coordinates":[[82.1965823,26.8024944],[82.1964674,26.8020077]]}},{"type":"Feature","properties":{"id":"way/957753235","kind":"road","class":"residential","name":""},"geometry":{"type":"LineString","coordinates":[[82.1962069,26.8017564],[82.1967787,26.8016909]]}},{"type":"Feature","properties":{"id":"way/957753236","kind":"road","class":"residential","name":""},"geometry":{"type":"LineString","coordinates":[[82.196768,26.8016446],[82.1973471,26.8015786],[82.1973775,26.8015801],[82.1973978,26.8015877],[82.1974096,26.8016072],[82.197413,26.8018061]]}},{"type":"Feature","properties":{"id":"way/957753237","kind":"road","class":"residential","name":""},"geometry":{"type":"LineString","coordinates":[[82.1974096,26.8016072],[82.197808,26.801547]]}},{"type":"Feature","properties":{"id":"way/957753238","kind":"road","class":"residential","name":""},"geometry":{"type":"LineString","coordinates":[[82.1978569,26.801663],[82.197808,26.801547],[82.1977201,26.8011104]]}},{"type":"Feature","properties":{"id":"way/957753239","kind":"road","class":"residential","name":""},"geometry":{"type":"LineString","coordinates":[[82.1988985,26.8019688],[82.198864,26.8017342],[82.1988348,26.8015355],[82.1987559,26.8009983]]}},{"type":"Feature","properties":{"id":"way/957753240","kind":"road","class":"residential","name":""},"geometry":{"type":"LineString","coordinates":[[82.198864,26.8017342],[82.1993926,26.8017218]]}},{"type":"Feature","properties":{"id":"way/957753241","kind":"road","class":"residential","name":""},"geometry":{"type":"LineString","coordinates":[[82.1988348,26.8015355],[82.1992966,26.8014875],[82.1998415,26.801432]]}},{"type":"Feature","properties":{"id":"way/957753242","kind":"road","class":"residential","name":""},"geometry":{"type":"LineString","coordinates":[[82.196524,26.8003107],[82.1969181,26.8002666]]}},{"type":"Feature","properties":{"id":"way/957753243","kind":"road","class":"residential","name":""},"geometry":{"type":"LineString","coordinates":[[82.1969475,26.8003629],[82.1969181,26.8002666],[82.1968232,26.7998287],[82.1968331,26.7997762],[82.1968592,26.7997324],[82.1969554,26.7996986],[82.1974328,26.7995702]]}},{"type":"Feature","properties":{"id":"way/957753244","kind":"road","class":"residential","name":""},"geometry":{"type":"LineString","coordinates":[[82.1967735,26.7986133],[82.1968416,26.799015],[82.1969554,26.7996986]]}},{"type":"Feature","properties":{"id":"way/957753245","kind":"road","class":"residential","name":""},"geometry":{"type":"LineString","coordinates":[[82.1959533,26.7980486],[82.1961501,26.7980132],[82.1961896,26.7980132],[82.1962348,26.7980308],[82.1962602,26.7980661],[82.196505,26.7986497]]}},{"type":"Feature","properties":{"id":"way/957753246","kind":"road","class":"residential","name":""},"geometry":{"type":"LineString","coordinates":[[82.196919,26.7966685],[82.1973131,26.7965969],[82.1973856,26.7965888],[82.1974739,26.796607],[82.1975487,26.7966333],[82.1976121,26.7966535],[82.1979986,26.7966496]]}},{"type":"Feature","properties":{"id":"way/957753247","kind":"road","class":"residential","name":""},"geometry":{"type":"LineString","coordinates":[[82.1978139,26.7953108],[82.1980723,26.795162],[82.1982325,26.7950657],[82.198311,26.7950014],[82.19836,26.7949401],[82.1984189,26.7948234],[82.1984483,26.7947358],[82.1984843,26.7946862],[82.1985628,26.7946511],[82.1991286,26.79433],[82.1991872,26.7942832],[82.1993483,26.7941642]]}},{"type":"Feature","properties":{"id":"way/957753248","kind":"road","class":"residential","name":""},"geometry":{"type":"LineString","coordinates":[[82.1999303,26.7944937],[82.199748,26.7940721]]}},{"type":"Feature","properties":{"id":"way/957753250","kind":"road","class":"residential","name":""},"geometry":{"type":"LineString","coordinates":[[82.1968542,26.7912904],[82.1970331,26.7912661],[82.1971169,26.7912803],[82.1973004,26.791343],[82.1974114,26.7913794],[82.1974952,26.7913834],[82.1975858,26.7913733],[82.1977511,26.7913329],[82.1980705,26.7911586]]}},{"type":"Feature","properties":{"id":"way/957755566","kind":"road","class":"residential","name":""},"geometry":{"type":"LineString","coordinates":[[82.1972916,26.7906838],[82.1972399,26.7905468],[82.197147,26.7903406],[82.1971085,26.790195],[82.1970519,26.7900616],[82.196907,26.7898048],[82.1967028,26.7894487]]}},{"type":"Feature","properties":{"id":"way/957755567","kind":"road","class":"residential","name":""},"geometry":{"type":"LineString","coordinates":[[82.1975705,26.7883409],[82.1977936,26.7886898],[82.1979188,26.7888766],[82.1979618,26.7890005],[82.1979829,26.7890723],[82.1980272,26.7892184],[82.1980507,26.7892576],[82.1980836,26.7892702],[82.1981338,26.7892716],[82.1982813,26.7892394]]}},{"type":"Feature","properties":{"id":"way/957755568","kind":"road","class":"residential","name":""},"geometry":{"type":"LineString","coordinates":[[82.1973774,26.789407],[82.1975671,26.7897509],[82.1976688,26.7899376],[82.1976963,26.789971],[82.1977318,26.7899921],[82.1977655,26.7899936],[82.1978516,26.7899891],[82.1979276,26.7899876],[82.1979867,26.7899801],[82.1980424,26.7899665],[82.198061,26.7899499],[82.1980981,26.7898866],[82.1981352,26.789852],[82.1981589,26.7898414],[82.1981994,26.7898294],[82.1983733,26.7898188],[82.1984813,26.7897887],[82.1986349,26.7897465],[82.1988392,26.7897329],[82.1988881,26.7897465],[82.1989033,26.7897661],[82.1990895,26.7900944]]}},{"type":"Feature","properties":{"id":"way/957755569","kind":"road","class":"residential","name":""},"geometry":{"type":"LineString","coordinates":[[82.1960077,26.7886268],[82.1962111,26.7885739],[82.1967295,26.7883982],[82.1970171,26.7882937],[82.1973389,26.7881507]]}},{"type":"Feature","properties":{"id":"way/957755570","kind":"road","class":"residential","name":""},"geometry":{"type":"LineString","coordinates":[[82.1960594,26.7878907],[82.1961573,26.788055],[82.1962237,26.7882086],[82.1962316,26.7883099],[82.196212,26.7883692],[82.1961807,26.7884163],[82.1961788,26.7884565],[82.1962111,26.7885739]]}},{"type":"Feature","properties":{"id":"way/957755571","kind":"road","class":"residential","name":""},"geometry":{"type":"LineString","coordinates":[[82.1989033,26.7897661],[82.1989712,26.7897365],[82.1990024,26.7897208],[82.199022,26.7896964],[82.199022,26.7896527],[82.1989751,26.7895148]]}},{"type":"Feature","properties":{"id":"way/957755572","kind":"road","class":"residential","name":""},"geometry":{"type":"LineString","coordinates":[[82.1985781,26.783707],[82.1984504,26.7838362],[82.1982557,26.7840525],[82.1981198,26.78419],[82.1979952,26.7842749],[82.1978797,26.7843477],[82.1978435,26.7843882],[82.1978344,26.7844225],[82.1978525,26.7845054],[82.1980088,26.7847703],[82.1980496,26.7848775],[82.1980699,26.7850109],[82.1980881,26.7850695],[82.1981628,26.7851646],[82.1982942,26.7852657],[82.1984867,26.7853748],[82.1986112,26.7854193],[82.1987788,26.7854436],[82.1989328,26.7854496],[82.1992024,26.7854193]]}},{"type":"Feature","properties":{"id":"way/957755573","kind":"road","class":"residential","name":""},"geometry":{"type":"LineString","coordinates":[[82.1987883,26.7867103],[82.1987621,26.7866734],[82.1987403,26.7866284],[82.1987041,26.78622],[82.1986497,26.7856013],[82.1986112,26.7854193]]}},{"type":"Feature","properties":{"id":"way/957755574","kind":"road","class":"residential","name":""},"geometry":{"type":"LineString","coordinates":[[82.1963351,26.78518],[82.1965622,26.7850713],[82.1966367,26.7850519],[82.1967312,26.7850665],[82.1969783,26.7851168],[82.1971,26.7851184],[82.19716,26.7851038],[82.197209,26.7850746],[82.1973689,26.7849027],[82.1976959,26.7845507],[82.1977304,26.7844956],[82.1977432,26.7844404],[82.1976541,26.7840917],[82.1976378,26.7839247],[82.1976033,26.7838306],[82.1975033,26.7837025],[82.1974179,26.7835792],[82.1973889,26.7835143],[82.1973561,26.7833857]]}},{"type":"Feature","properties":{"id":"way/957755575","kind":"road","class":"residential","name":""},"geometry":{"type":"LineString","coordinates":[[82.1954069,26.7856936],[82.1957062,26.7857951],[82.1961153,26.7858492],[82.1963236,26.785883],[82.196407,26.7858762],[82.1964979,26.7858289],[82.1966759,26.7855922],[82.19716,26.7851038]]}},{"type":"Feature","properties":{"id":"way/957755576","kind":"road","class":"residential","name":""},"geometry":{"type":"LineString","coordinates":[[82.1965772,26.7909153],[82.1967409,26.7909354],[82.1968228,26.7909329],[82.1970317,26.790885],[82.1971685,26.7907877]]}},{"type":"Feature","properties":{"id":"way/957755577","kind":"road","class":"service","name":""},"geometry":{"type":"LineString","coordinates":[[82.1957406,26.79064],[82.195899,26.7906212],[82.1961067,26.7905646],[82.1963693,26.7904446]]}},{"type":"Feature","properties":{"id":"way/957755578","kind":"road","class":"residential","name":""},"geometry":{"type":"LineString","coordinates":[[82.1996542,26.7903299],[82.1997647,26.7902667],[82.1998005,26.7902592],[82.1998341,26.790263],[82.1998573,26.7902949],[82.2001687,26.7910125]]}},{"type":"Feature","properties":{"id":"way/957755579","kind":"road","class":"residential","name":""},"geometry":{"type":"LineString","coordinates":[[82.1988757,26.7915792],[82.1989377,26.7915354],[82.199058,26.7914503],[82.1991192,26.7913897],[82.1991712,26.7913331],[82.1991921,26.7912806],[82.1991879,26.7912487],[82.1991584,26.791213],[82.1990069,26.7911322]]}},{"type":"Feature","properties":{"id":"way/957757800","kind":"road","class":"residential","name":""},"geometry":{"type":"LineString","coordinates":[[82.2026159,26.8014136],[82.2031924,26.8014167]]}},{"type":"Feature","properties":{"id":"way/957757801","kind":"road","class":"residential","name":""},"geometry":{"type":"LineString","coordinates":[[82.2000222,26.8024889],[82.2004348,26.8023901]]}},{"type":"Feature","properties":{"id":"way/957757802","kind":"road","class":"residential","name":""},"geometry":{"type":"LineString","coordinates":[[82.2016445,26.802732],[82.2017267,26.8029536],[82.2017516,26.802978],[82.201784,26.8029914],[82.2020238,26.8029747]]}},{"type":"Feature","properties":{"id":"way/957760251","kind":"road","class":"residential","name":""},"geometry":{"type":"LineString","coordinates":[[82.21418,26.806032],[82.214589,26.8059008],[82.2146114,26.8058826],[82.2146195,26.8058591],[82.2146154,26.8058264],[82.214587,26.8057484],[82.2144589,26.805527],[82.2141502,26.8051123]]}},{"type":"Feature","properties":{"id":"way/957763633","kind":"road","class":"residential","name":""},"geometry":{"type":"LineString","coordinates":[[82.2011718,26.8226383],[82.2014633,26.8230384]]}},{"type":"Feature","properties":{"id":"way/957766028","kind":"road","class":"service","name":""},"geometry":{"type":"LineString","coordinates":[[82.2028589,26.800358],[82.203719,26.8001067]]}},{"type":"Feature","properties":{"id":"way/957766029","kind":"road","class":"residential","name":""},"geometry":{"type":"LineString","coordinates":[[82.2026124,26.7944681],[82.2022575,26.7935286],[82.2019699,26.7928302],[82.2019605,26.7928021],[82.2017725,26.7922391],[82.2017526,26.7921796],[82.2016188,26.7918184]]}},{"type":"Feature","properties":{"id":"way/957766030","kind":"road","class":"residential","name":""},"geometry":{"type":"LineString","coordinates":[[82.2017725,26.7922391],[82.2021578,26.7921267],[82.202364,26.7920666]]}},{"type":"Feature","properties":{"id":"way/957766031","kind":"road","class":"residential","name":""},"geometry":{"type":"LineString","coordinates":[[82.2019605,26.7928021],[82.2022489,26.7927294],[82.2023069,26.792708],[82.2023329,26.7926848],[82.2023389,26.7926474],[82.2021578,26.7921267],[82.2020158,26.7917656],[82.2019256,26.7915361]]}},{"type":"Feature","properties":{"id":"way/957766032","kind":"road","class":"residential","name":""},"geometry":{"type":"LineString","coordinates":[[82.2020158,26.7917656],[82.2025403,26.7916413],[82.202782,26.7915823]]}},{"type":"Feature","properties":{"id":"way/957766033","kind":"road","class":"residential","name":""},"geometry":{"type":"LineString","coordinates":[[82.2023238,26.7908514],[82.2023995,26.7911829]]}},{"type":"Feature","properties":{"id":"way/957766034","kind":"road","class":"residential","name":""},"geometry":{"type":"LineString","coordinates":[[82.2031122,26.7912691],[82.2033028,26.7913104],[82.2033923,26.7913052],[82.2036396,26.7912395]]}},{"type":"Feature","properties":{"id":"way/957772541","kind":"road","class":"service","name":""},"geometry":{"type":"LineString","coordinates":[[82.2017781,26.7880325],[82.2020697,26.7880903],[82.2026399,26.7882986],[82.2028083,26.7883564],[82.2029962,26.7883882],[82.203499,26.7883979]]}},{"type":"Feature","properties":{"id":"way/957787286","kind":"road","class":"track","name":"","surface":"unpaved"},"geometry":{"type":"LineString","coordinates":[[82.2115051,26.7888846],[82.2117313,26.7889154],[82.2125262,26.7889972],[82.2131042,26.7890267],[82.2132186,26.7890241],[82.2133119,26.7890079],[82.21336,26.788973],[82.2133962,26.7889139],[82.2134323,26.7887768]]}},{"type":"Feature","properties":{"id":"way/957797548","kind":"road","class":"residential","name":""},"geometry":{"type":"LineString","coordinates":[[82.2033489,26.8026471],[82.2039086,26.8026435],[82.2039644,26.8026443],[82.2039947,26.8026569],[82.2040133,26.8026934],[82.2040263,26.8027666],[82.2040778,26.8029508],[82.2041521,26.8033782],[82.2042189,26.8036881],[82.2043121,26.8041612],[82.204355,26.8044186],[82.2043328,26.8046166],[82.2043226,26.8048545],[82.2043371,26.8051336],[82.2043673,26.8052161],[82.2044852,26.8056752],[82.2045397,26.8060183]]}},{"type":"Feature","properties":{"id":"way/957797549","kind":"road","class":"primary","name":""},"geometry":{"type":"LineString","coordinates":[[82.2171246,26.7967666],[82.2165098,26.7964377],[82.2164271,26.7964059],[82.216071,26.7963034],[82.2157386,26.7962609],[82.215432,26.7962254],[82.2149649,26.7961025],[82.2148853,26.7960843],[82.2148553,26.7960775],[82.2146096,26.7960704],[82.2141124,26.7960561],[82.2132196,26.7960258],[82.2129554,26.7959563]]}},{"type":"Feature","properties":{"id":"way/957815709","kind":"road","class":"residential","name":""},"geometry":{"type":"LineString","coordinates":[[82.2036267,26.8014281],[82.2034644,26.8008825]]}},{"type":"Feature","properties":{"id":"way/957833295","kind":"road","class":"service","name":""},"geometry":{"type":"LineString","coordinates":[[82.1962094,26.8220996],[82.1965058,26.8219847],[82.1966989,26.8219093],[82.1969499,26.8218123]]}},{"type":"Feature","properties":{"id":"way/957833296","kind":"road","class":"service","name":""},"geometry":{"type":"LineString","coordinates":[[82.1989869,26.8192225],[82.1991196,26.8192183],[82.1992061,26.8192392],[82.1992551,26.8192703],[82.1992893,26.8193146],[82.1993161,26.8193715],[82.1993315,26.8194139],[82.199349,26.8195396]]}},{"type":"Feature","properties":{"id":"way/957833297","kind":"road","class":"residential","name":""},"geometry":{"type":"LineString","coordinates":[[82.1993878,26.8223976],[82.199589,26.822856],[82.1996185,26.8228847],[82.1996681,26.822935],[82.1997084,26.8229781],[82.1997352,26.823026],[82.199754,26.823081],[82.199758,26.8231385],[82.1997741,26.823184],[82.1997955,26.823227],[82.1998259,26.8232744],[82.1998495,26.8233113]]}},{"type":"Feature","properties":{"id":"way/957833298","kind":"road","class":"residential","name":""},"geometry":{"type":"LineString","coordinates":[[82.1987344,26.8215613],[82.1987455,26.8218974],[82.1987616,26.8219668],[82.1987723,26.8220075],[82.1988004,26.8220542],[82.1988447,26.822114],[82.1989667,26.8222732]]}},{"type":"Feature","properties":{"id":"way/957833299","kind":"road","class":"residential","name":""},"geometry":{"type":"LineString","coordinates":[[82.2181714,26.8193816],[82.2180346,26.8204588],[82.2180131,26.820612],[82.2180051,26.8207867],[82.2179756,26.8209782],[82.2179595,26.8212056],[82.2179568,26.8214186],[82.2179447,26.8214749],[82.2179326,26.8215108],[82.2178951,26.8215611],[82.2178119,26.8216305],[82.2177261,26.8216975],[82.2175665,26.8218088],[82.2175477,26.8218375],[82.2175236,26.821895],[82.2175075,26.821974],[82.2174807,26.8220685],[82.2174659,26.8221481],[82.2174639,26.8221762],[82.2174747,26.8221978],[82.2174988,26.8222193],[82.2175317,26.8222361],[82.217584,26.8222451],[82.2176436,26.8222558],[82.2176839,26.8222678],[82.2177194,26.8222881],[82.2177509,26.8223187],[82.2180407,26.8226486]]}},{"type":"Feature","properties":{"id":"way/958750839","kind":"road","class":"residential","name":""},"geometry":{"type":"LineString","coordinates":[[82.1494385,26.7763375],[82.1494187,26.7761622],[82.1493833,26.7759674],[82.1493809,26.7759157],[82.1494154,26.7758762],[82.1495443,26.7758034],[82.149575,26.7757721],[82.1496084,26.7757145],[82.1496339,26.7756312],[82.149642,26.7755983],[82.149641,26.7755486],[82.149635,26.7754825],[82.1496152,26.7752581],[82.1496161,26.7751709],[82.1496228,26.7751266],[82.1496406,26.7750799],[82.1496528,26.7750488],[82.1496675,26.7749998],[82.149686,26.7747925],[82.1497015,26.774601]]}},{"type":"Feature","properties":{"id":"way/958750840","kind":"road","class":"residential","name":""},"geometry":{"type":"LineString","coordinates":[[82.1492413,26.776995],[82.149373,26.7769115],[82.1494171,26.7768766],[82.1494451,26.7768464],[82.1494771,26.7767989],[82.1496007,26.776528],[82.1496778,26.776367],[82.149701,26.7763309],[82.1497339,26.776297],[82.1497778,26.7762728],[82.1500328,26.7761617]]}},{"type":"Feature","properties":{"id":"way/958750841","kind":"road","class":"residential","name":""},"geometry":{"type":"LineString","coordinates":[[82.1500238,26.7785655],[82.1500943,26.7785637],[82.1501883,26.778563],[82.1502824,26.7785602],[82.1504357,26.778552],[82.1506386,26.7785393],[82.1509768,26.7784962]]}},{"type":"Feature","properties":{"id":"way/958790457","kind":"road","class":"residential","name":""},"geometry":{"type":"LineString","coordinates":[[82.15008,26.771],[82.1501429,26.7711436],[82.1501802,26.771245],[82.150259,26.7714648]]}},{"type":"Feature","properties":{"id":"way/958790458","kind":"road","class":"residential","name":""},"geometry":{"type":"LineString","coordinates":[[82.1505004,26.771402],[82.1504649,26.7712661],[82.1504598,26.7712338],[82.1504675,26.7712004],[82.150483,26.7711809],[82.1504972,26.7711555],[82.1505036,26.7711302],[82.1505036,26.7711118],[82.1504448,26.771]]}},{"type":"Feature","properties":{"id":"way/958800771","kind":"road","class":"residential","name":""},"geometry":{"type":"LineString","coordinates":[[82.1495313,26.7717047],[82.1495545,26.771802],[82.14955,26.7718293],[82.149532,26.771848],[82.1495035,26.7718708],[82.1494885,26.7718975],[82.1494735,26.7719376],[82.149475,26.7719805],[82.149535,26.7722707],[82.1495395,26.7723202],[82.1495387,26.7723531],[82.149538,26.7723818],[82.1495215,26.7725851],[82.1495215,26.7726399],[82.149526,26.7726734],[82.149538,26.7727215],[82.1496032,26.7729093]]}},{"type":"Feature","properties":{"id":"way/958800773","kind":"road","class":"residential","name":""},"geometry":{"type":"LineString","coordinates":[[82.1495387,26.7723531],[82.1497541,26.7723623],[82.1497761,26.7723681],[82.1497957,26.7723732],[82.1498321,26.7723902],[82.1499363,26.7724739],[82.1499849,26.7724987],[82.1502244,26.7725839]]}},{"type":"Feature","properties":{"id":"way/958800774","kind":"road","class":"residential","name":""},"geometry":{"type":"LineString","coordinates":[[82.1497761,26.7723681],[82.1497713,26.7724271],[82.1497773,26.7724686],[82.1497908,26.7725034],[82.1499183,26.7726962],[82.1499412,26.7727439],[82.1500548,26.7730454]]}},{"type":"Feature","properties":{"id":"way/958800775","kind":"road","class":"residential","name":""},"geometry":{"type":"LineString","coordinates":[[82.15021,26.7728299],[82.1503291,26.7731182]]}},{"type":"Feature","properties":{"id":"way/958800776","kind":"road","class":"residential","name":""},"geometry":{"type":"LineString","coordinates":[[82.150648,26.7729751],[82.1507754,26.7732274]]}},{"type":"Feature","properties":{"id":"way/958800782","kind":"road","class":"residential","name":""},"geometry":{"type":"LineString","coordinates":[[82.1485656,26.7743707],[82.1485561,26.774351],[82.1484228,26.7740121],[82.1484093,26.773978],[82.1484017,26.7739243],[82.1484053,26.7738776],[82.1484208,26.7738299],[82.1484377,26.773801],[82.1484742,26.7737671],[82.1485347,26.7737383],[82.1486485,26.7736943],[82.1489873,26.7735713]]}},{"type":"Feature","properties":{"id":"way/958800784","kind":"road","class":"residential","name":""},"geometry":{"type":"LineString","coordinates":[[82.1484714,26.773266],[82.149117,26.773019]]}},{"type":"Feature","properties":{"id":"way/958800785","kind":"road","class":"residential","name":""},"geometry":{"type":"LineString","coordinates":[[82.1496934,26.7740102],[82.1498232,26.7739675],[82.1502108,26.7738556]]}},{"type":"Feature","properties":{"id":"way/958800786","kind":"road","class":"residential","name":""},"geometry":{"type":"LineString","coordinates":[[82.1499443,26.7736865],[82.1499743,26.7737254],[82.150003,26.773743],[82.1500348,26.7737457],[82.1500877,26.7737349],[82.1506188,26.7735606],[82.1509077,26.7734755]]}},{"type":"Feature","properties":{"id":"way/958820536","kind":"road","class":"residential","name":""},"geometry":{"type":"LineString","coordinates":[[82.148,26.7753158],[82.1480805,26.7752924],[82.1481449,26.7752838],[82.1481948,26.7752781],[82.148248,26.7752643],[82.1483703,26.7752148]]}},{"type":"Feature","properties":{"id":"way/958820542","kind":"road","class":"residential","name":""},"geometry":{"type":"LineString","coordinates":[[82.1496007,26.776528],[82.1496451,26.7765397],[82.1499903,26.7766175],[82.1502075,26.7766664]]}},{"type":"Feature","properties":{"id":"way/958820543","kind":"road","class":"residential","name":""},"geometry":{"type":"LineString","coordinates":[[82.1499533,26.7759189],[82.1500328,26.7761617],[82.1502075,26.7766664],[82.1502051,26.7767032],[82.1501808,26.7767416],[82.1497525,26.7772161],[82.1496865,26.7773277],[82.1496716,26.777396],[82.1496772,26.7774376],[82.1497108,26.7774976],[82.1497481,26.7775742],[82.1497574,26.7776541],[82.1497387,26.7777257],[82.1496996,26.777769],[82.1496515,26.7778122]]}},{"type":"Feature","properties":{"id":"way/958820548","kind":"road","class":"residential","name":""},"geometry":{"type":"LineString","coordinates":[[82.148585,26.7767154],[82.1487467,26.777047]]}},{"type":"Feature","properties":{"id":"way/958820552","kind":"road","class":"residential","name":"Abha Hotel Lane","oneway":"no"},"geometry":{"type":"LineString","coordinates":[[82.1495105,26.7787182],[82.1493087,26.7787778],[82.1488554,26.7789116],[82.1488086,26.7789193],[82.1487774,26.7789178],[82.1487549,26.7788992],[82.1487185,26.7788342],[82.1486959,26.7788218],[82.1486647,26.7788234],[82.1484046,26.7788939]]}},{"type":"Feature","properties":{"id":"way/958820555","kind":"road","class":"residential","name":""},"geometry":{"type":"LineString","coordinates":[[82.1499365,26.7801007],[82.149871,26.7797097],[82.149869,26.7796434],[82.149881,26.7795806],[82.1499172,26.7795412],[82.1499593,26.7795179],[82.150144,26.7794659],[82.1501661,26.7794534],[82.1501761,26.7794247],[82.1501618,26.7793603]]}},{"type":"Feature","properties":{"id":"way/958820556","kind":"road","class":"residential","name":""},"geometry":{"type":"LineString","coordinates":[[82.1488451,26.7799246],[82.1493846,26.7797985]]}},{"type":"Feature","properties":{"id":"way/959036333","kind":"road","class":"residential","name":""},"geometry":{"type":"LineString","coordinates":[[82.148,26.7830428],[82.1480516,26.783027],[82.1481164,26.7830143],[82.1481962,26.7830106],[82.1484019,26.7830157],[82.1484445,26.7830342],[82.1484749,26.7830758],[82.1484941,26.7831199],[82.1486031,26.7833704]]}},{"type":"Feature","properties":{"id":"way/959036334","kind":"road","class":"residential","name":""},"geometry":{"type":"LineString","coordinates":[[82.1484941,26.7831199],[82.1499838,26.7825991]]}},{"type":"Feature","properties":{"id":"way/959036338","kind":"road","class":"residential","name":""},"geometry":{"type":"LineString","coordinates":[[82.1481514,26.7815408],[82.1487806,26.7815578],[82.1489115,26.7815672],[82.1490635,26.7815879],[82.1491543,26.7816011],[82.1492683,26.7816049],[82.1495979,26.7815757]]}},{"type":"Feature","properties":{"id":"way/959036340","kind":"road","class":"residential","name":""},"geometry":{"type":"LineString","coordinates":[[82.148,26.7823145],[82.1482362,26.7823132],[82.148444,26.7822985],[82.1486208,26.782279],[82.1487721,26.7822464],[82.1489653,26.7821976],[82.1490729,26.7821602],[82.1491859,26.7821032],[82.1492424,26.7820902],[82.1493153,26.7820984],[82.1493846,26.782113],[82.1494374,26.7821081],[82.1497238,26.7819881]]}},{"type":"Feature","properties":{"id":"way/959055340","kind":"road","class":"residential","name":""},"geometry":{"type":"LineString","coordinates":[[82.1480205,26.7801767],[82.1480768,26.7805225],[82.1481234,26.7807614]]}},{"type":"Feature","properties":{"id":"way/959078251","kind":"road","class":"residential","name":""},"geometry":{"type":"LineString","coordinates":[[82.1495633,26.7741319],[82.1495807,26.7741825]]}},{"type":"Feature","properties":{"id":"way/959078252","kind":"road","class":"residential","name":"","bridge":"yes"},"geometry":{"type":"LineString","coordinates":[[82.1495807,26.7741825],[82.149591,26.7742152]]}},{"type":"Feature","properties":{"id":"way/959078253","kind":"road","class":"residential","name":""},"geometry":{"type":"LineString","coordinates":[[82.149591,26.7742152],[82.149692,26.7745191],[82.1497008,26.7745634],[82.1497015,26.774601]]}},{"type":"Feature","properties":{"id":"way/959081495","kind":"road","class":"primary","name":""},"geometry":{"type":"LineString","coordinates":[[82.148,26.781217],[82.1492325,26.7812545],[82.1493621,26.7812573]]}},{"type":"Feature","properties":{"id":"way/959111638","kind":"road","class":"tertiary","name":"Fatehganj - Chowk - Naka road","surface":"paved"},"geometry":{"type":"LineString","coordinates":[[82.148,26.7780204],[82.1480696,26.7781797],[82.1483178,26.7786892],[82.1483346,26.7787287],[82.1484046,26.7788939],[82.1486564,26.7794875],[82.1488451,26.7799246],[82.1489974,26.7802775],[82.1490079,26.7803061],[82.1493847,26.7810296],[82.1494618,26.7811643]]}},{"type":"Feature","properties":{"id":"way/960015382","kind":"road","class":"trunk_link","name":"","oneway":"yes"},"geometry":{"type":"LineString","coordinates":[[82.2215439,26.8003747],[82.221138,26.8003639]]}},{"type":"Feature","properties":{"id":"way/960015383","kind":"road","class":"trunk_link","name":"","oneway":"yes"},"geometry":{"type":"LineString","coordinates":[[82.221138,26.8003639],[82.2213548,26.8007158]]}},{"type":"Feature","properties":{"id":"way/960015384","kind":"road","class":"trunk","name":"","oneway":"yes"},"geometry":{"type":"LineString","coordinates":[[82.2114642,26.8064354],[82.2113444,26.8065115],[82.2095135,26.8077281],[82.2093952,26.8078075]]}},{"type":"Feature","properties":{"id":"way/960015385","kind":"road","class":"trunk","name":""},"geometry":{"type":"LineString","coordinates":[[82.2214486,26.8005353],[82.221138,26.8003639],[82.220906,26.8002946]]}},{"type":"Feature","properties":{"id":"way/960015386","kind":"road","class":"trunk","name":"","oneway":"yes"},"geometry":{"type":"LineString","coordinates":[[82.2159291,26.8035141],[82.2168946,26.8029418],[82.2183645,26.8019805],[82.2194132,26.8012863],[82.2208402,26.8003418],[82.220906,26.8002946]]}},{"type":"Feature","properties":{"id":"way/960100900","kind":"road","class":"primary","name":"","oneway":"no"},"geometry":{"type":"LineString","coordinates":[[82.1537946,26.7800307],[82.1538071,26.780132],[82.1538332,26.780247],[82.1538573,26.780338],[82.1538828,26.7803984],[82.1539397,26.7804545],[82.1540388,26.7805305],[82.1548625,26.7810748],[82.1553902,26.7814441],[82.1556973,26.7816591]]}},{"type":"Feature","properties":{"id":"way/960103077","kind":"road","class":"primary","name":""},"geometry":{"type":"LineString","coordinates":[[82.1537441,26.780008],[82.1537531,26.7800187],[82.1537653,26.7800265],[82.1537796,26.7800306],[82.1537946,26.7800307],[82.1538092,26.7800265],[82.1538216,26.7800185],[82.1538307,26.7800075],[82.1538355,26.7799945],[82.1538355,26.7799808],[82.1538301,26.7799666],[82.1538196,26.7799548],[82.1538052,26.779947],[82.1537887,26.7799439],[82.153772,26.7799461],[82.1537571,26.7799532],[82.1537483,26.7799612],[82.153742,26.779971],[82.1537388,26.7799819],[82.1537392,26.7799953],[82.1537441,26.780008]]}},{"type":"Feature","properties":{"id":"way/1017297179","kind":"road","class":"primary","name":""},"geometry":{"type":"LineString","coordinates":[[82.1645377,26.771],[82.1642174,26.7712462],[82.1640881,26.7713456],[82.1640046,26.7714099],[82.1639517,26.7714507],[82.1636925,26.7716504],[82.16356,26.7717525],[82.1629695,26.7722044],[82.1628469,26.7722982],[82.1624477,26.7726262],[82.1623629,26.7726959],[82.1622411,26.772796],[82.1621759,26.7728444],[82.1620636,26.772928],[82.1616647,26.7732244],[82.1611715,26.7736288],[82.1610214,26.7737798],[82.1609267,26.7738751]]}},{"type":"Feature","properties":{"id":"way/1017297181","kind":"road","class":"primary","name":"","bridge":"yes"},"geometry":{"type":"LineString","coordinates":[[82.1594193,26.7754766],[82.1591369,26.7757732],[82.1587937,26.7761705],[82.1583916,26.7766396],[82.1578543,26.7772611]]}},{"type":"Feature","properties":{"id":"way/1017297183","kind":"road","class":"primary","name":"","oneway":"no"},"geometry":{"type":"LineString","coordinates":[[82.1573812,26.7778131],[82.1572363,26.7779774],[82.1570915,26.7781162],[82.1569012,26.7781712],[82.1564642,26.7782526],[82.1559603,26.7783387],[82.1556976,26.7784033],[82.1555501,26.778523],[82.1552874,26.7788389],[82.1550891,26.7790423],[82.1547352,26.7793343],[82.1545384,26.7794505],[82.1543948,26.7795353],[82.1541053,26.7797028],[82.1539605,26.7798297],[82.1538196,26.7799548]]}},{"type":"Feature","properties":{"id":"way/1017299085","kind":"road","class":"primary","name":"","oneway":"yes"},"geometry":{"type":"LineString","coordinates":[[82.1755954,26.7718479],[82.1755887,26.7719545],[82.1756181,26.7720343],[82.1756684,26.7721398],[82.1757618,26.7723007],[82.1758098,26.7723833],[82.1761102,26.7729007],[82.176673,26.7738799],[82.1767886,26.7740636]]}},{"type":"Feature","properties":{"id":"way/1017299087","kind":"road","class":"primary","name":"","oneway":"yes"},"geometry":{"type":"LineString","coordinates":[[82.1774468,26.7822559],[82.1775082,26.7827966],[82.1775277,26.7829309],[82.1775516,26.783014],[82.1775604,26.7830445],[82.1776249,26.7832074],[82.1777755,26.7835269],[82.1782115,26.7841994],[82.1784461,26.7846335],[82.1785164,26.7848113],[82.178589,26.7849341]]}},{"type":"Feature","properties":{"id":"way/1017299518","kind":"road","class":"primary","name":""},"geometry":{"type":"LineString","coordinates":[[82.2100674,26.7761549],[82.2094704,26.7758987]]}},{"type":"Feature","properties":{"id":"way/1017299520","kind":"road","class":"primary","name":"","oneway":"yes"},"geometry":{"type":"LineString","coordinates":[[82.1795325,26.7786048],[82.1793096,26.7782564],[82.1792319,26.7781255],[82.1790467,26.7778134],[82.1788602,26.7775115],[82.1787168,26.7772794],[82.1783038,26.7766209],[82.1781832,26.7763961],[82.1779685,26.7759959],[82.1776682,26.7754682],[82.177542,26.7752464],[82.1771827,26.7745995]]}},{"type":"Feature","properties":{"id":"way/1017332220","kind":"road","class":"primary","name":"","oneway":"yes"},"geometry":{"type":"LineString","coordinates":[[82.2084331,26.8059981],[82.2083334,26.8058069],[82.20815,26.8054515],[82.2080951,26.8053452],[82.2078697,26.8049175],[82.2076983,26.8045921],[82.2072513,26.8037905],[82.2067167,26.8028845],[82.2062363,26.8020121],[82.2059146,26.8011841],[82.2054928,26.8005171],[82.2048532,26.7996206],[82.2044398,26.7989856],[82.2044117,26.7989424]]}},{"type":"Feature","properties":{"id":"way/1017332224","kind":"road","class":"primary","name":"","oneway":"yes"},"geometry":{"type":"LineString","coordinates":[[82.2028921,26.7957886],[82.2025229,26.7947416],[82.2023764,26.7945549],[82.2022096,26.7943874],[82.2014452,26.7935858],[82.2005346,26.7927916],[82.1998337,26.7921568],[82.1989377,26.7915354],[82.198091,26.7911174],[82.1972167,26.790747],[82.1962741,26.7903275],[82.1956034,26.790103],[82.1951921,26.7898758],[82.194812,26.7896297],[82.1942439,26.7891561],[82.1937935,26.7888001],[82.192817,26.7880492],[82.1924905,26.7877958]]}},{"type":"Feature","properties":{"id":"way/1017332579","kind":"road","class":"primary","name":"","oneway":"yes","bridge":"yes"},"geometry":{"type":"LineString","coordinates":[[82.1919887,26.7871862],[82.1917544,26.7862849],[82.1914239,26.7850192],[82.1910864,26.7839471],[82.1909496,26.7834311],[82.1906573,26.7820969],[82.190676,26.7819072],[82.1907417,26.7817705],[82.1909923,26.781525]]}},{"type":"Feature","properties":{"id":"way/1017332580","kind":"road","class":"primary","name":"","oneway":"yes"},"geometry":{"type":"LineString","coordinates":[[82.189082,26.7763527],[82.189053,26.7763745],[82.1890336,26.7764036],[82.189026,26.7764367],[82.1890309,26.7764703],[82.1890501,26.7765031],[82.1890813,26.7765277],[82.1891202,26.7765407],[82.1891635,26.77654],[82.1892035,26.776525],[82.1892373,26.7764934],[82.1892532,26.7764521],[82.1892527,26.7764252],[82.1892377,26.776388],[82.189208,26.7763587],[82.189168,26.7763417],[82.1891521,26.7763409],[82.1891238,26.7763396],[82.189082,26.7763527]]}},{"type":"Feature","properties":{"id":"way/1017338456","kind":"road","class":"primary","name":"","oneway":"yes"},"geometry":{"type":"LineString","coordinates":[[82.178589,26.7849341],[82.1786111,26.7848139],[82.1785833,26.7847472],[82.1782857,26.7841918],[82.1778665,26.7834983],[82.1776379,26.7829979],[82.1776032,26.7828646],[82.1775307,26.7822418]]}},{"type":"Feature","properties":{"id":"way/1017338457","kind":"road","class":"tertiary","name":""},"geometry":{"type":"LineString","coordinates":[[82.1959611,26.8045485],[82.195981,26.8046023],[82.1959901,26.8046908],[82.1959919,26.8047684],[82.1959591,26.8050252],[82.1959551,26.8051213],[82.1959628,26.8051963],[82.1960167,26.8052761],[82.1960611,26.8053527],[82.1961841,26.8056674],[82.1962097,26.8057255],[82.1962402,26.805751],[82.1962843,26.8057678],[82.1963642,26.8057579],[82.1964846,26.8057282],[82.1966748,26.8056676],[82.1974504,26.8054111],[82.197569,26.8053659],[82.1978315,26.8052829],[82.1979895,26.8052283],[82.1981568,26.8051683],[82.198316,26.8050556],[82.1984752,26.8048968]]}},{"type":"Feature","properties":{"id":"way/1017338458","kind":"road","class":"primary","name":""},"geometry":{"type":"LineString","coordinates":[[82.1978555,26.8044323],[82.1982925,26.8047598],[82.1984752,26.8048968]]}},{"type":"Feature","properties":{"id":"way/1017338459","kind":"road","class":"tertiary","name":""},"geometry":{"type":"LineString","coordinates":[[82.1985073,26.8048661],[82.1988277,26.8045598]]}},{"type":"Feature","properties":{"id":"way/1017338460","kind":"road","class":"primary","name":""},"geometry":{"type":"LineString","coordinates":[[82.1984752,26.8048968],[82.1985073,26.8048661]]}},{"type":"Feature","properties":{"id":"way/1017338461","kind":"road","class":"primary","name":""},"geometry":{"type":"LineString","coordinates":[[82.1994752,26.8057699],[82.1996847,26.8056122]]}},{"type":"Feature","properties":{"id":"way/1017338462","kind":"road","class":"primary","name":""},"geometry":{"type":"LineString","coordinates":[[82.1966475,26.8011243],[82.196768,26.8016446],[82.1967787,26.8016909],[82.1968357,26.8019372],[82.196889,26.8021674],[82.1968915,26.8021782],[82.1969805,26.8024018],[82.1972847,26.8027262],[82.1979113,26.8034655],[82.1980092,26.803581],[82.1981888,26.8037958],[82.1988277,26.8045598],[82.1989237,26.8046622],[82.1995851,26.8054621],[82.1996847,26.8056122]]}},{"type":"Feature","properties":{"id":"way/1017338463","kind":"road","class":"tertiary","name":""},"geometry":{"type":"LineString","coordinates":[[82.2099546,26.7996258],[82.209998,26.7996194],[82.2100181,26.7996131],[82.2100288,26.7995999],[82.2099789,26.7990912],[82.2099245,26.7989371],[82.2095427,26.7965719],[82.2094787,26.7962542],[82.2093085,26.7954236],[82.2092758,26.795288],[82.2092445,26.7952415]]}},{"type":"Feature","properties":{"id":"way/1017338464","kind":"road","class":"residential","name":""},"geometry":{"type":"LineString","coordinates":[[82.2044398,26.7989856],[82.2046991,26.7989031],[82.2048452,26.7988684],[82.2049825,26.798846],[82.2052266,26.7988928],[82.2054662,26.7989548],[82.2056459,26.799053],[82.2056889,26.7990985],[82.2057587,26.7991921],[82.2057961,26.799266],[82.2057799,26.7997959]]}},{"type":"Feature","properties":{"id":"way/1017338468","kind":"road","class":"tertiary","name":""},"geometry":{"type":"LineString","coordinates":[[82.2068183,26.8112412],[82.2073995,26.8111158],[82.2077322,26.8110058],[82.2082948,26.8108069],[82.2083376,26.8107886],[82.2085129,26.8107137],[82.2087327,26.8106198],[82.2088639,26.8105639]]}},{"type":"Feature","properties":{"id":"way/1018248582","kind":"road","class":"secondary","name":""},"geometry":{"type":"LineString","coordinates":[[82.1674495,26.771],[82.1675137,26.7711599],[82.1675612,26.7712782],[82.1676602,26.7715441],[82.1677374,26.7716871],[82.1678084,26.7717828],[82.1680479,26.7720046]]}},{"type":"Feature","properties":{"id":"way/1018248584","kind":"road","class":"secondary","name":""},"geometry":{"type":"LineString","coordinates":[[82.1683097,26.7718965],[82.1682561,26.7719118],[82.168191,26.7719517],[82.1680479,26.7720046]]}},{"type":"Feature","properties":{"id":"way/1018248585","kind":"road","class":"secondary","name":""},"geometry":{"type":"LineString","coordinates":[[82.1680479,26.7720046],[82.168083,26.7720624]]}},{"type":"Feature","properties":{"id":"way/1018248587","kind":"road","class":"residential","name":""},"geometry":{"type":"LineString","coordinates":[[82.1651141,26.7735568],[82.1653099,26.7734707],[82.1653554,26.7734697],[82.1653912,26.7735069],[82.1654724,26.7736513]]}},{"type":"Feature","properties":{"id":"way/1018248588","kind":"road","class":"secondary","name":""},"geometry":{"type":"LineString","coordinates":[[82.1706696,26.7788429],[82.170672,26.7788817],[82.1706775,26.778969],[82.170669,26.7791665],[82.1706673,26.7792343],[82.1706582,26.7793416],[82.1706315,26.7795137],[82.1706275,26.7796291],[82.1706393,26.7797342],[82.1706678,26.7798141],[82.170832,26.7800846],[82.1709252,26.7802135],[82.1710296,26.7803394],[82.1711677,26.7805527],[82.1712012,26.7806432],[82.1712176,26.7807436],[82.1712209,26.7809833],[82.1712092,26.7811785],[82.1711969,26.7814509]]}},{"type":"Feature","properties":{"id":"way/1018248590","kind":"road","class":"secondary","name":""},"geometry":{"type":"LineString","coordinates":[[82.1706696,26.7788429],[82.170653,26.7787651]]}},{"type":"Feature","properties":{"id":"way/1018248591","kind":"road","class":"tertiary","name":""},"geometry":{"type":"LineString","coordinates":[[82.1709236,26.7784684],[82.1708492,26.7785813],[82.170653,26.7787651]]}},{"type":"Feature","properties":{"id":"way/1018248592","kind":"road","class":"residential","name":""},"geometry":{"type":"LineString","coordinates":[[82.1709144,26.7789036],[82.170823,26.7788878],[82.170672,26.7788817]]}},{"type":"Feature","properties":{"id":"way/1019987103","kind":"road","class":"secondary","name":""},"geometry":{"type":"LineString","coordinates":[[82.2224277,26.7996657],[82.2228866,26.7993038],[82.2244411,26.7968502],[82.2250323,26.7960286],[82.2271352,26.7924277],[82.227736,26.7921021],[82.2305761,26.7910543],[82.2312336,26.7908187],[82.2334008,26.7899185],[82.2366838,26.7870261],[82.23773,26.7860829],[82.2388296,26.7850914],[82.2439445,26.7808844],[82.2468333,26.777429],[82.247992,26.7760689],[82.2485283,26.7749465],[82.2493009,26.7733295],[82.2504012,26.771]]}},{"type":"Feature","properties":{"id":"way/1019987109","kind":"road","class":"secondary","name":""},"geometry":{"type":"LineString","coordinates":[[82.2281901,26.7897967],[82.2293393,26.7899882],[82.2298877,26.7901904],[82.2302096,26.790499],[82.2305761,26.7910543]]}},{"type":"Feature","properties":{"id":"way/1020032564","kind":"road","class":"primary","name":"","oneway":"yes"},"geometry":{"type":"LineString","coordinates":[[82.1747297,26.7813805],[82.174186,26.7813471],[82.1741042,26.7813424],[82.1740003,26.7813458],[82.173369,26.7813638]]}},{"type":"Feature","properties":{"id":"way/1020032566","kind":"road","class":"primary","name":"","oneway":"yes"},"geometry":{"type":"LineString","coordinates":[[82.1726344,26.7814653],[82.1727019,26.7814589],[82.1730595,26.7814535],[82.1735185,26.7814296],[82.1742216,26.7814297]]}},{"type":"Feature","properties":{"id":"way/1020032567","kind":"road","class":"primary","name":"","oneway":"yes"},"geometry":{"type":"LineString","coordinates":[[82.171366,26.781543],[82.1718415,26.7815271],[82.1722012,26.7815067],[82.1725092,26.7814787]]}},{"type":"Feature","properties":{"id":"way/1020032568","kind":"road","class":"primary","name":"","oneway":"yes"},"geometry":{"type":"LineString","coordinates":[[82.1725092,26.7814787],[82.1725782,26.7814707],[82.1726344,26.7814653]]}},{"type":"Feature","properties":{"id":"way/1020032569","kind":"road","class":"primary","name":"Chowk Ayodhya Road","oneway":"yes","display_name":"Ram Path (Chowk Ayodhya Road)"},"geometry":{"type":"LineString","coordinates":[[82.173369,26.7813638],[82.1732886,26.7813621],[82.1727734,26.7813841],[82.1725879,26.7813968],[82.1724247,26.7814129],[82.1718545,26.7814536]]}},{"type":"Feature","properties":{"id":"way/1020032571","kind":"road","class":"primary","name":"","oneway":"yes"},"geometry":{"type":"LineString","coordinates":[[82.1718545,26.7814536],[82.1717284,26.7814538],[82.1714695,26.7814554],[82.1713218,26.781453],[82.1711969,26.7814509]]}},{"type":"Feature","properties":{"id":"way/1020032572","kind":"road","class":"primary","name":""},"geometry":{"type":"LineString","coordinates":[[82.1710227,26.7814929],[82.1708648,26.7814909],[82.1705832,26.7814908]]}},{"type":"Feature","properties":{"id":"way/1020032579","kind":"road","class":"primary","name":"","oneway":"no"},"geometry":{"type":"LineString","coordinates":[[82.1556973,26.7816591],[82.1558331,26.781642]]}},{"type":"Feature","properties":{"id":"way/1020032603","kind":"road","class":"primary","name":""},"geometry":{"type":"LineString","coordinates":[[82.1669107,26.7825684],[82.1666627,26.7824765]]}},{"type":"Feature","properties":{"id":"way/1023358726","kind":"road","class":"trunk","name":""},"geometry":{"type":"LineString","coordinates":[[82.2091306,26.8080247],[82.2090969,26.8080586],[82.2090748,26.808131],[82.2088913,26.8082424],[82.2088332,26.8082411],[82.2087907,26.8082395],[82.2087479,26.808259],[82.2086777,26.8083091]]}},{"type":"Feature","properties":{"id":"way/1023358728","kind":"road","class":"trunk","name":"","oneway":"yes"},"geometry":{"type":"LineString","coordinates":[[82.2093952,26.8078075],[82.2092981,26.8078675],[82.209246,26.8079055],[82.2091306,26.8080247]]}},{"type":"Feature","properties":{"id":"way/1023358729","kind":"road","class":"trunk","name":"","oneway":"yes"},"geometry":{"type":"LineString","coordinates":[[82.2091306,26.8080247],[82.2093131,26.807978],[82.2093751,26.8079368],[82.2094917,26.8078578]]}},{"type":"Feature","properties":{"id":"way/1023358731","kind":"road","class":"primary","name":"","oneway":"yes"},"geometry":{"type":"LineString","coordinates":[[82.2089932,26.8072944],[82.2089938,26.8072701],[82.2090149,26.8072195],[82.208981,26.8070396],[82.2088679,26.8068216],[82.2087758,26.8066445]]}},{"type":"Feature","properties":{"id":"way/1023358732","kind":"road","class":"primary","name":"","oneway":"yes"},"geometry":{"type":"LineString","coordinates":[[82.2087758,26.8066445],[82.2087604,26.8066148],[82.2087278,26.8065521]]}},{"type":"Feature","properties":{"id":"way/1023358738","kind":"road","class":"trunk","name":"","oneway":"yes"},"geometry":{"type":"LineString","coordinates":[[82.2094917,26.8078578],[82.2095862,26.8077997],[82.2099262,26.8075873],[82.2112486,26.8066872],[82.2123322,26.8059786],[82.2134802,26.8052053],[82.2142304,26.8046709]]}},{"type":"Feature","properties":{"id":"way/1023358740","kind":"road","class":"trunk","name":"","oneway":"yes"},"geometry":{"type":"LineString","coordinates":[[82.2142304,26.8046709],[82.2143212,26.804598],[82.2145668,26.8044245]]}},{"type":"Feature","properties":{"id":"way/1023358741","kind":"road","class":"trunk","name":"","oneway":"yes"},"geometry":{"type":"LineString","coordinates":[[82.2145443,26.8043618],[82.2143391,26.8045182],[82.2141961,26.8046406],[82.2139323,26.8048215],[82.2135374,26.8050755],[82.2129757,26.8054359],[82.2124184,26.805819],[82.2116487,26.8063113]]}},{"type":"Feature","properties":{"id":"way/1023358742","kind":"road","class":"trunk","name":"","oneway":"yes"},"geometry":{"type":"LineString","coordinates":[[82.2145668,26.8044245],[82.2146535,26.8043586],[82.2150722,26.8040687],[82.2155029,26.8037934],[82.215786,26.8036072],[82.2159291,26.8035141]]}},{"type":"Feature","properties":{"id":"way/1023358743","kind":"road","class":"trunk","name":"","oneway":"yes"},"geometry":{"type":"LineString","coordinates":[[82.2147473,26.8042197],[82.2146654,26.8042709],[82.2145443,26.8043618]]}},{"type":"Feature","properties":{"id":"way/1023358745","kind":"road","class":"primary","name":"","oneway":"yes"},"geometry":{"type":"LineString","coordinates":[[82.1775457,26.7816137],[82.1775983,26.7809077],[82.1776347,26.780562],[82.1777319,26.7800783]]}},{"type":"Feature","properties":{"id":"way/1023358747","kind":"road","class":"primary","name":""},"geometry":{"type":"LineString","coordinates":[[82.2145443,26.8043618],[82.2145668,26.8044245]]}},{"type":"Feature","properties":{"id":"way/1023604175","kind":"road","class":"primary","name":"","oneway":"yes"},"geometry":{"type":"LineString","coordinates":[[82.2087278,26.8065521],[82.2085805,26.8062751],[82.2084331,26.8059981]]}},{"type":"Feature","properties":{"id":"way/1023604176","kind":"road","class":"primary","name":"Chowk Ayodhya Road","oneway":"yes","display_name":"Ram Path (Chowk Ayodhya Road)"},"geometry":{"type":"LineString","coordinates":[[82.2083757,26.8060073],[82.2086834,26.806654],[82.2089457,26.8070824],[82.2089633,26.8071661],[82.2089721,26.8072288],[82.2089938,26.8072701]]}},{"type":"Feature","properties":{"id":"way/1023604178","kind":"road","class":"primary","name":""},"geometry":{"type":"LineString","coordinates":[[82.2085857,26.8057077],[82.2085284,26.805743],[82.2084203,26.8057847],[82.2083334,26.8058069],[82.2082938,26.8058216]]}},{"type":"Feature","properties":{"id":"way/1023604179","kind":"road","class":"primary","name":"Chowk Ayodhya Road","oneway":"yes","display_name":"Ram Path (Chowk Ayodhya Road)"},"geometry":{"type":"LineString","coordinates":[[82.2043663,26.7989575],[82.2045642,26.799266],[82.2047652,26.799604],[82.2056759,26.800905],[82.2058452,26.8012002],[82.2059125,26.8013583],[82.2062016,26.8020731],[82.2076225,26.8046553],[82.2077871,26.8049471],[82.2080911,26.8054735],[82.2082938,26.8058216],[82.2083757,26.8060073]]}},{"type":"Feature","properties":{"id":"way/1023604182","kind":"road","class":"tertiary","name":""},"geometry":{"type":"LineString","coordinates":[[82.2044072,26.798803],[82.2044125,26.7988497],[82.2044207,26.7989038],[82.2044117,26.7989424],[82.2043663,26.7989575]]}},{"type":"Feature","properties":{"id":"way/1023608079","kind":"road","class":"unclassified","name":"","access":"no","oneway":"no"},"geometry":{"type":"LineString","coordinates":[[82.1983468,26.7912864],[82.1981843,26.7914123],[82.1978124,26.791699],[82.1974337,26.791991]]}},{"type":"Feature","properties":{"id":"way/1023608084","kind":"road","class":"primary","name":"","oneway":"yes"},"geometry":{"type":"LineString","coordinates":[[82.1919502,26.7871889],[82.1919662,26.7872424],[82.1919772,26.7872794],[82.1919907,26.7874374],[82.1919898,26.7874679],[82.1919873,26.7875552],[82.1920054,26.7876074]]}},{"type":"Feature","properties":{"id":"way/1023608085","kind":"road","class":"primary","name":"","oneway":"yes"},"geometry":{"type":"LineString","coordinates":[[82.1920054,26.7876074],[82.1920259,26.7875815],[82.1920359,26.787498],[82.1920363,26.787472],[82.1920217,26.7873168],[82.1920063,26.7872399],[82.1919887,26.7871862]]}},{"type":"Feature","properties":{"id":"way/1023608087","kind":"road","class":"primary","name":"","oneway":"yes"},"geometry":{"type":"LineString","coordinates":[[82.1924905,26.7877958],[82.1920359,26.787498],[82.1920033,26.7874767],[82.1919898,26.7874679],[82.1918256,26.7873603],[82.1915951,26.7872093]]}},{"type":"Feature","properties":{"id":"way/1023608088","kind":"road","class":"tertiary","name":""},"geometry":{"type":"LineString","coordinates":[[82.192002,26.7879259],[82.1920054,26.7876074]]}},{"type":"Feature","properties":{"id":"way/1023608090","kind":"road","class":"primary","name":"Chowk Ayodhya Road","oneway":"yes","display_name":"Ram Path (Chowk Ayodhya Road)"},"geometry":{"type":"LineString","coordinates":[[82.1769962,26.7817923],[82.1764226,26.7816627],[82.1755618,26.7815001],[82.1750076,26.7814159],[82.1747297,26.7813805]]}},{"type":"Feature","properties":{"id":"way/1023608091","kind":"road","class":"primary","name":"","oneway":"yes"},"geometry":{"type":"LineString","coordinates":[[82.178665,26.7788592],[82.1784735,26.7789341],[82.1782042,26.7791461],[82.1781068,26.7792387],[82.1778986,26.7794681],[82.1778216,26.7795667],[82.1777706,26.7796743],[82.1776891,26.7799037]]}},{"type":"Feature","properties":{"id":"way/1023608092","kind":"road","class":"primary","name":"Chowk Ayodhya Road","oneway":"yes","display_name":"Ram Path (Chowk Ayodhya Road)"},"geometry":{"type":"LineString","coordinates":[[82.1742216,26.7814297],[82.1747141,26.7814555],[82.1752821,26.7815286],[82.1758405,26.7816215],[82.1765889,26.7817846],[82.1768444,26.7818388],[82.1769958,26.7818692]]}},{"type":"Feature","properties":{"id":"way/1023608094","kind":"road","class":"primary","name":"","oneway":"yes"},"geometry":{"type":"LineString","coordinates":[[82.1769958,26.7818692],[82.1771958,26.7819118],[82.177324,26.7819351],[82.1774423,26.7819557],[82.1775262,26.7819733]]}},{"type":"Feature","properties":{"id":"way/1023608095","kind":"road","class":"primary","name":"","oneway":"yes"},"geometry":{"type":"LineString","coordinates":[[82.1775291,26.7819172],[82.1774441,26.7818874],[82.1772925,26.7818535],[82.1769962,26.7817923]]}},{"type":"Feature","properties":{"id":"way/1023608096","kind":"road","class":"primary","name":"","oneway":"yes"},"geometry":{"type":"LineString","coordinates":[[82.1774525,26.7815974],[82.1774441,26.7818874],[82.1774423,26.7819557]]}},{"type":"Feature","properties":{"id":"way/1023608097","kind":"road","class":"primary","name":"","oneway":"yes"},"geometry":{"type":"LineString","coordinates":[[82.1775262,26.7819733],[82.1775291,26.7819172],[82.1775457,26.7816137]]}},{"type":"Feature","properties":{"id":"way/1023608098","kind":"road","class":"primary","name":"","oneway":"yes"},"geometry":{"type":"LineString","coordinates":[[82.1775262,26.7819733],[82.177671,26.7819866],[82.1777455,26.7820025],[82.1778304,26.7820172],[82.1779733,26.7820396]]}},{"type":"Feature","properties":{"id":"way/1023608099","kind":"road","class":"primary","name":"","oneway":"yes"},"geometry":{"type":"LineString","coordinates":[[82.1779432,26.7820012],[82.1778468,26.7819879],[82.1777574,26.7819719],[82.1776501,26.781944],[82.1775291,26.7819172]]}},{"type":"Feature","properties":{"id":"way/1023608100","kind":"road","class":"primary","name":"","oneway":"yes"},"geometry":{"type":"LineString","coordinates":[[82.1774423,26.7819557],[82.1774402,26.7820756],[82.1774468,26.7822559]]}},{"type":"Feature","properties":{"id":"way/1023608101","kind":"road","class":"primary","name":"","oneway":"yes"},"geometry":{"type":"LineString","coordinates":[[82.1775307,26.7822418],[82.1775262,26.7819733]]}},{"type":"Feature","properties":{"id":"way/1023611012","kind":"road","class":"primary","name":"Kosi Parikrama Road"},"geometry":{"type":"LineString","coordinates":[[82.1648562,26.7858387],[82.1656254,26.7857032],[82.1658748,26.7856582],[82.1664568,26.7856338],[82.1667104,26.7856286],[82.1669857,26.785623],[82.1673038,26.7856365],[82.1676163,26.7856699],[82.1682759,26.7857231],[82.1685592,26.7857216],[82.168797,26.7856985],[82.1691898,26.7855605],[82.1697671,26.7854247],[82.1702318,26.7853154],[82.1716841,26.7850085],[82.1726141,26.7847706],[82.1731829,26.7846581],[82.1734272,26.7846659],[82.1735937,26.7846716],[82.1740029,26.7846982],[82.1740393,26.7847081],[82.1741479,26.7847376],[82.1746033,26.7849033],[82.1746637,26.7849201],[82.1747268,26.7849345],[82.1750984,26.7849934],[82.1754482,26.7850257],[82.175581,26.7850312],[82.1769216,26.7852279],[82.1785128,26.7855078]]}},{"type":"Feature","properties":{"id":"way/1023611017","kind":"road","class":"track","name":""},"geometry":{"type":"LineString","coordinates":[[82.1785628,26.7852383],[82.1786291,26.785237],[82.1787277,26.7852114],[82.1788119,26.7851793],[82.1789069,26.7851312],[82.1790461,26.7850623],[82.1791237,26.7850338],[82.1791724,26.7850047]]}},{"type":"Feature","properties":{"id":"way/1023611019","kind":"road","class":"primary","name":""},"geometry":{"type":"LineString","coordinates":[[82.1516972,26.7880187],[82.1516645,26.7878795]]}},{"type":"Feature","properties":{"id":"way/1023611022","kind":"road","class":"tertiary","name":""},"geometry":{"type":"LineString","coordinates":[[82.1515999,26.7877249],[82.1516065,26.7878155]]}},{"type":"Feature","properties":{"id":"way/1023611024","kind":"road","class":"primary","name":""},"geometry":{"type":"LineString","coordinates":[[82.1513005,26.7879144],[82.1514735,26.7878374],[82.1516065,26.7878155],[82.1516645,26.7878795]]}},{"type":"Feature","properties":{"id":"way/1024620132","kind":"road","class":"track","name":""},"geometry":{"type":"LineString","coordinates":[[82.1853157,26.7877857],[82.1847305,26.7886693]]}},{"type":"Feature","properties":{"id":"way/1024620133","kind":"road","class":"track","name":""},"geometry":{"type":"LineString","coordinates":[[82.189217,26.7922359],[82.1891468,26.7922625],[82.1888705,26.7922714],[82.1887173,26.7921882],[82.1885375,26.7920812],[82.188381,26.7920752],[82.1874753,26.7926519],[82.1867061,26.793062],[82.1861807,26.7933269],[82.1860437,26.7933686],[82.1859854,26.7934024],[82.1856444,26.7937432],[82.1854287,26.7939514],[82.1852829,26.7940789],[82.1853354,26.7941934],[82.185761,26.7945524],[82.1860583,26.7949817],[82.1859358,26.795065],[82.1855244,26.7952454],[82.1850678,26.7956575],[82.1843778,26.7959987],[82.1836432,26.7961892],[82.1828341,26.7965259],[82.1825065,26.7966987],[82.1819357,26.7968671],[82.1818662,26.7969778]]}},{"type":"Feature","properties":{"id":"way/1024620134","kind":"road","class":"track","name":""},"geometry":{"type":"LineString","coordinates":[[82.1897649,26.7919899],[82.189613,26.7920544],[82.1894881,26.7921323]]}},{"type":"Feature","properties":{"id":"way/1024620135","kind":"road","class":"track","name":"","bridge":"yes"},"geometry":{"type":"LineString","coordinates":[[82.1894881,26.7921323],[82.189217,26.7922359]]}},{"type":"Feature","properties":{"id":"way/1024620136","kind":"road","class":"track","name":""},"geometry":{"type":"LineString","coordinates":[[82.1793099,26.7966057],[82.1807345,26.7965038],[82.1812259,26.7966057],[82.1814741,26.7967962],[82.1818662,26.7969778],[82.1825909,26.7972791],[82.1831915,26.7975627],[82.1834049,26.7977133],[82.1836928,26.7976646],[82.1844225,26.7978463],[82.185182,26.7982361],[82.1854202,26.7982672],[82.1857677,26.7984887],[82.1862541,26.798759],[82.1866611,26.7986881],[82.1870582,26.7985729],[82.187366,26.7987457],[82.1877482,26.7988564],[82.1881751,26.7989495],[82.1887161,26.7988609],[82.1889742,26.79879],[82.1892969,26.7988786],[82.1895897,26.7989052],[82.1899968,26.7988077]]}},{"type":"Feature","properties":{"id":"way/1024620137","kind":"road","class":"track","name":""},"geometry":{"type":"LineString","coordinates":[[82.1877529,26.8022664],[82.1877905,26.8022067],[82.1879463,26.8021332],[82.1879343,26.8018804],[82.1877667,26.8008246],[82.18779,26.800456],[82.1883028,26.7999953],[82.1885858,26.7997695],[82.1892251,26.7995614],[82.1895281,26.7994158],[82.1897479,26.7992553],[82.1899177,26.7990324],[82.1899968,26.7988077],[82.1901208,26.7984142],[82.1901874,26.7980962],[82.190264,26.7979921],[82.1903611,26.7979676]]}},{"type":"Feature","properties":{"id":"way/1024620138","kind":"road","class":"track","name":""},"geometry":{"type":"LineString","coordinates":[[82.1907155,26.7979716],[82.1907868,26.7979743],[82.191223,26.7979892],[82.1916758,26.7979594],[82.191943,26.7979353]]}},{"type":"Feature","properties":{"id":"way/1024620139","kind":"road","class":"track","name":"","bridge":"yes"},"geometry":{"type":"LineString","coordinates":[[82.1903611,26.7979676],[82.1907155,26.7979716]]}},{"type":"Feature","properties":{"id":"way/1024620140","kind":"road","class":"track","name":""},"geometry":{"type":"LineString","coordinates":[[82.1566666,26.7953435],[82.1572414,26.7956831],[82.158112,26.796],[82.1583149,26.796249],[82.1588051,26.7962942],[82.159456,26.7967394],[82.1597519,26.7969884],[82.1598026,26.7971317],[82.1600223,26.7972675]]}},{"type":"Feature","properties":{"id":"way/1024620146","kind":"water","class":"water","name":""},"geometry":{"type":"Polygon","coordinates":[[[82.2002337,26.8192087],[82.2004265,26.8192694],[82.2005343,26.8194061],[82.2006874,26.8193808],[82.2012204,26.8196844],[82.2012544,26.8198868],[82.201175,26.8199577],[82.201192,26.820069],[82.2013224,26.8200538],[82.2013168,26.8202259],[82.2014528,26.8202208],[82.2015209,26.820322],[82.2015946,26.8203422],[82.2015549,26.8206054],[82.201691,26.8206357],[82.2020879,26.8198919],[82.2020822,26.8194364],[82.2014472,26.8192188],[82.2004549,26.8189203],[82.2002054,26.8191126],[82.2002337,26.8192087]]]}},{"type":"Feature","properties":{"id":"way/1064994819","kind":"road","class":"residential","name":""},"geometry":{"type":"LineString","coordinates":[[82.162891,26.7839469],[82.1628803,26.7840571],[82.1628201,26.784172]]}},{"type":"Feature","properties":{"id":"way/1064994820","kind":"road","class":"residential","name":""},"geometry":{"type":"LineString","coordinates":[[82.159344,26.7867953],[82.159344,26.7867624],[82.159318,26.7862216],[82.1593078,26.7861519]]}},{"type":"Feature","properties":{"id":"way/1064994822","kind":"road","class":"residential","name":""},"geometry":{"type":"LineString","coordinates":[[82.1587959,26.7859155],[82.1588299,26.7859774],[82.1588513,26.7860923],[82.1588693,26.7867659]]}},{"type":"Feature","properties":{"id":"way/1064994823","kind":"road","class":"residential","name":""},"geometry":{"type":"LineString","coordinates":[[82.1569957,26.7870105],[82.1568669,26.7867495],[82.1568465,26.7866694],[82.1568328,26.7864738],[82.1568225,26.7863913],[82.1569697,26.7863699]]}},{"type":"Feature","properties":{"id":"way/1064994824","kind":"road","class":"residential","name":""},"geometry":{"type":"LineString","coordinates":[[82.1550335,26.7876931],[82.1551593,26.7874087],[82.1552406,26.7872958]]}},{"type":"Feature","properties":{"id":"way/1079467814","kind":"road","class":"residential","name":""},"geometry":{"type":"LineString","coordinates":[[82.1591368,26.7756017],[82.1595411,26.7751784]]}},{"type":"Feature","properties":{"id":"way/1080270739","kind":"road","class":"residential","name":""},"geometry":{"type":"LineString","coordinates":[[82.1668623,26.7778129],[82.1688902,26.7783995],[82.1690337,26.7783685]]}},{"type":"Feature","properties":{"id":"way/1081062273","kind":"road","class":"residential","name":""},"geometry":{"type":"LineString","coordinates":[[82.1601716,26.7725384],[82.1600993,26.7724003],[82.1602965,26.7723095],[82.1603063,26.7721804]]}},{"type":"Feature","properties":{"id":"way/1128359778","kind":"road","class":"residential","name":""},"geometry":{"type":"LineString","coordinates":[[82.153687,26.7848802],[82.1537724,26.7848291],[82.1541061,26.7846724],[82.1541228,26.784649],[82.1541193,26.7846035],[82.154081,26.7844627],[82.1540732,26.7844089],[82.1540732,26.7843584],[82.1540839,26.7842858],[82.1540899,26.784193]]}},{"type":"Feature","properties":{"id":"way/1137185646","kind":"road","class":"residential","name":""},"geometry":{"type":"LineString","coordinates":[[82.1523931,26.7823329],[82.1523565,26.7818269],[82.1525147,26.7817934],[82.1525151,26.7816775]]}},{"type":"Feature","properties":{"id":"way/1234354758","kind":"road","class":"service","name":""},"geometry":{"type":"LineString","coordinates":[[82.2006791,26.7887738],[82.2012353,26.7889962],[82.2022042,26.7893837],[82.202399,26.7894616]]}},{"type":"Feature","properties":{"id":"way/1241253882","kind":"road","class":"residential","name":""},"geometry":{"type":"LineString","coordinates":[[82.2011315,26.7944696],[82.2006855,26.7940138],[82.2004167,26.7937399]]}},{"type":"Feature","properties":{"id":"way/1241253883","kind":"road","class":"service","name":"Sri Ram Janmabhoomi Path","oneway":"yes"},"geometry":{"type":"LineString","coordinates":[[82.2008153,26.7931367],[82.2007727,26.7931648],[82.2006281,26.7932658],[82.2004257,26.7934589],[82.2002737,26.7936745],[82.2000096,26.7938667],[82.199747,26.7939632],[82.1995632,26.7940087],[82.1984001,26.7943198],[82.1977939,26.7944852],[82.1974434,26.7946207]]}},{"type":"Feature","properties":{"id":"way/1241253884","kind":"road","class":"service","name":"Sri Ram Janmabhoomi Path","oneway":"yes"},"geometry":{"type":"LineString","coordinates":[[82.197527,26.7947099],[82.1978109,26.7946118],[82.1993483,26.7941642],[82.1994952,26.7941325],[82.199748,26.7940721],[82.199889,26.7940385],[82.2000824,26.7939562],[82.2003948,26.7937689],[82.2004167,26.7937399],[82.2005502,26.7935635],[82.2007058,26.7933985],[82.2008834,26.7932636],[82.2009209,26.7932348]]}},{"type":"Feature","properties":{"id":"way/1241253885","kind":"road","class":"residential","name":""},"geometry":{"type":"LineString","coordinates":[[82.197527,26.7947099],[82.1976791,26.7950908],[82.1978139,26.7953108],[82.1980008,26.795626]]}},{"type":"Feature","properties":{"id":"way/1241253886","kind":"road","class":"residential","name":"","access":"no","oneway":"no"},"geometry":{"type":"LineString","coordinates":[[82.1980008,26.795626],[82.1983982,26.7958877],[82.1985289,26.7959511],[82.1989917,26.7961754],[82.1997305,26.7961261],[82.2000891,26.7963786]]}},{"type":"Feature","properties":{"id":"way/1289265098","kind":"road","class":"primary","name":"","oneway":"yes"},"geometry":{"type":"LineString","coordinates":[[82.1710227,26.7814929],[82.1712285,26.78154],[82.171366,26.781543]]}},{"type":"Feature","properties":{"id":"way/1289265099","kind":"road","class":"primary","name":"","oneway":"yes"},"geometry":{"type":"LineString","coordinates":[[82.1711969,26.7814509],[82.1710227,26.7814929]]}},{"type":"Feature","properties":{"id":"way/1289654106","kind":"road","class":"trunk","name":"","oneway":"yes"},"geometry":{"type":"LineString","coordinates":[[82.1830755,26.771],[82.18313,26.7710054],[82.1834843,26.7710339],[82.1837954,26.7710307],[82.184275,26.7710225],[82.1847034,26.771]]}},{"type":"Feature","properties":{"id":"way/1289668409","kind":"road","class":"primary","name":"","oneway":"yes"},"geometry":{"type":"LineString","coordinates":[[82.1768233,26.773974],[82.1767818,26.7739074],[82.1767504,26.7738498],[82.1764258,26.7732856],[82.1761799,26.7728245],[82.175839,26.7722624],[82.1757351,26.7720729],[82.1756985,26.7720023],[82.1756794,26.7719654],[82.1756627,26.7719292],[82.1755954,26.7718479]]}},{"type":"Feature","properties":{"id":"way/1289668410","kind":"road","class":"service","name":""},"geometry":{"type":"LineString","coordinates":[[82.1771241,26.7746261],[82.1771534,26.7746128],[82.1771827,26.7745995]]}},{"type":"Feature","properties":{"id":"way/1289668411","kind":"road","class":"primary","name":"","oneway":"yes"},"geometry":{"type":"LineString","coordinates":[[82.1770539,26.7743675],[82.1768233,26.773974]]}},{"type":"Feature","properties":{"id":"way/1289668412","kind":"road","class":"service","name":""},"geometry":{"type":"LineString","coordinates":[[82.1770539,26.7743675],[82.1769943,26.7743953]]}},{"type":"Feature","properties":{"id":"way/1289668413","kind":"road","class":"primary","name":"","oneway":"yes"},"geometry":{"type":"LineString","coordinates":[[82.1771827,26.7745995],[82.1770539,26.7743675]]}},{"type":"Feature","properties":{"id":"way/1289675797","kind":"road","class":"residential","name":""},"geometry":{"type":"LineString","coordinates":[[82.1918987,26.7907491],[82.1918871,26.7906294],[82.1918307,26.7903606],[82.1918137,26.7903209],[82.1917553,26.7903135],[82.1917046,26.7903082],[82.1916633,26.7902885],[82.1916546,26.7902053],[82.1915884,26.7898359],[82.1916246,26.789814],[82.1917022,26.7897362],[82.1917263,26.7895791],[82.191691,26.7894073]]}},{"type":"Feature","properties":{"id":"way/1289675798","kind":"road","class":"primary","name":"","oneway":"yes"},"geometry":{"type":"LineString","coordinates":[[82.1876962,26.771],[82.1877163,26.7713929],[82.1877482,26.7717681],[82.1878104,26.7721837],[82.1879122,26.7725565],[82.1879949,26.7728378],[82.1880436,26.7729891],[82.1880649,26.7730552],[82.1881493,26.7733175],[82.1882579,26.7738102],[82.1882758,26.7739365],[82.1882749,26.7740314],[82.1882091,26.7744217],[82.1882183,26.7745051],[82.1882485,26.774589],[82.1883253,26.7747064],[82.1883552,26.774745],[82.188437,26.7748396],[82.1885477,26.7749659],[82.1887717,26.7752215],[82.1888352,26.7753288],[82.1888787,26.775452],[82.189082,26.7763527]]}},{"type":"Feature","properties":{"id":"way/1289675799","kind":"road","class":"primary","name":""},"geometry":{"type":"LineString","coordinates":[[82.1794886,26.778615],[82.1795325,26.7786048],[82.1798985,26.7785101],[82.1804793,26.7783693],[82.1810761,26.7781887],[82.1824907,26.7777433],[82.1835321,26.7773845],[82.1836481,26.7773457],[82.183812,26.7772947],[82.183969,26.7772765],[82.1849108,26.7771792],[82.1850105,26.7771682],[82.1852038,26.7771324],[82.1853601,26.7770946],[82.1867689,26.7766698],[82.1870605,26.7765947],[82.1871475,26.7765723],[82.1873203,26.7765376],[82.1874915,26.7765269],[82.1885706,26.7764688],[82.189026,26.7764367]]}},{"type":"Feature","properties":{"id":"way/1289675800","kind":"road","class":"primary","name":"","oneway":"yes"},"geometry":{"type":"LineString","coordinates":[[82.1891521,26.7763409],[82.1891145,26.776183],[82.1889725,26.7755081],[82.1888806,26.775247],[82.1888299,26.7751831],[82.1886174,26.7749151],[82.1883835,26.774628],[82.1883123,26.7745347],[82.188299,26.7744203],[82.1883376,26.7741394],[82.1883208,26.7738038],[82.188217,26.7732967],[82.1881872,26.7731512],[82.1879807,26.7725346],[82.1879458,26.7723857],[82.1878431,26.7717505],[82.1878078,26.7714735],[82.1877846,26.771]]}},{"type":"Feature","properties":{"id":"way/1289675802","kind":"road","class":"primary","name":"","oneway":"yes"},"geometry":{"type":"LineString","coordinates":[[82.1896912,26.7784584],[82.1894779,26.7777679],[82.1892314,26.7767089],[82.189219,26.7766287]]}},{"type":"Feature","properties":{"id":"way/1289675803","kind":"road","class":"primary","name":"","oneway":"yes"},"geometry":{"type":"LineString","coordinates":[[82.1891411,26.7766331],[82.1892219,26.7769566],[82.1893948,26.7777395],[82.189633,26.7785388],[82.1898157,26.7792069],[82.1899381,26.7796543],[82.1899845,26.7797757],[82.1900491,26.7798754],[82.1901452,26.7799278],[82.190853,26.7801589]]}},{"type":"Feature","properties":{"id":"way/1289675804","kind":"road","class":"primary","name":"","oneway":"yes"},"geometry":{"type":"LineString","coordinates":[[82.1909101,26.7800998],[82.1902214,26.7798898],[82.1901,26.7798424],[82.1900438,26.7797405],[82.1898998,26.779267],[82.1898885,26.7792198]]}},{"type":"Feature","properties":{"id":"way/1289675805","kind":"road","class":"primary","name":"","oneway":"yes"},"geometry":{"type":"LineString","coordinates":[[82.1898885,26.7792198],[82.1898772,26.7791727]]}},{"type":"Feature","properties":{"id":"way/1289675806","kind":"road","class":"primary","name":"","oneway":"yes"},"geometry":{"type":"LineString","coordinates":[[82.1898772,26.7791727],[82.1898627,26.7791121]]}},{"type":"Feature","properties":{"id":"way/1289675807","kind":"road","class":"primary","name":"","oneway":"yes"},"geometry":{"type":"LineString","coordinates":[[82.1898627,26.7791121],[82.1897578,26.7786741],[82.1897153,26.7785368]]}},{"type":"Feature","properties":{"id":"way/1289675808","kind":"road","class":"primary","name":"","oneway":"yes"},"geometry":{"type":"LineString","coordinates":[[82.1897153,26.7785368],[82.1897035,26.7784983],[82.1896912,26.7784584]]}},{"type":"Feature","properties":{"id":"way/1289675809","kind":"road","class":"primary","name":"","oneway":"yes"},"geometry":{"type":"LineString","coordinates":[[82.189219,26.7766287],[82.1892035,26.776525]]}},{"type":"Feature","properties":{"id":"way/1289675810","kind":"road","class":"primary","name":"","oneway":"yes"},"geometry":{"type":"LineString","coordinates":[[82.1891202,26.7765407],[82.1891304,26.7765855],[82.1891411,26.7766331]]}},{"type":"Feature","properties":{"id":"way/1289675811","kind":"road","class":"primary","name":"","oneway":"yes"},"geometry":{"type":"LineString","coordinates":[[82.1909867,26.7801783],[82.1909757,26.7801561],[82.1909595,26.7801359],[82.1909101,26.7800998]]}},{"type":"Feature","properties":{"id":"way/1289675812","kind":"road","class":"primary","name":"","oneway":"yes"},"geometry":{"type":"LineString","coordinates":[[82.190853,26.7801589],[82.1908789,26.7801752],[82.1909247,26.780246],[82.1909402,26.7803334],[82.1910143,26.7812989],[82.1910092,26.7814106],[82.1909914,26.7814474],[82.1909733,26.781485]]}},{"type":"Feature","properties":{"id":"way/1289675813","kind":"road","class":"primary","name":"","oneway":"yes"},"geometry":{"type":"LineString","coordinates":[[82.1909923,26.781525],[82.1910402,26.7814698],[82.191066,26.7814072],[82.19099,26.7803074],[82.1909867,26.7801783]]}},{"type":"Feature","properties":{"id":"way/1289787883","kind":"road","class":"tertiary","name":"","oneway":"yes"},"geometry":{"type":"LineString","coordinates":[[82.1909914,26.7814474],[82.190933,26.7814903],[82.1907035,26.7816913],[82.1906087,26.7818271],[82.1905433,26.7819692],[82.1905339,26.7821704],[82.1906385,26.7826876],[82.1907929,26.7834398],[82.190916,26.783925],[82.1909453,26.7840214],[82.1912138,26.7848019],[82.1912353,26.7848617],[82.1912916,26.7850557],[82.1913761,26.7853298],[82.1914202,26.7854307],[82.191688,26.7863447],[82.1918859,26.7871261],[82.1919226,26.787208],[82.1919662,26.7872424]]}},{"type":"Feature","properties":{"id":"way/1289787884","kind":"road","class":"tertiary","name":"","oneway":"yes"},"geometry":{"type":"LineString","coordinates":[[82.1920063,26.7872399],[82.1920296,26.7871754],[82.1918704,26.7865482],[82.1918153,26.7863487],[82.1916766,26.7858539],[82.1915627,26.7854117],[82.1915369,26.7853118],[82.1914358,26.7849194],[82.1912093,26.7841467],[82.191139,26.7839464],[82.1909943,26.7834153],[82.1907722,26.7824599],[82.1907048,26.7821403],[82.190705,26.7820296],[82.190723,26.7818937],[82.1907598,26.7818128],[82.1908397,26.7817241],[82.1910006,26.781573],[82.1910292,26.7815198],[82.1910402,26.7814698]]}},{"type":"Feature","properties":{"id":"way/1289787885","kind":"road","class":"tertiary","name":""},"geometry":{"type":"LineString","coordinates":[[82.1920063,26.7872399],[82.1919662,26.7872424]]}},{"type":"Feature","properties":{"id":"way/1289787886","kind":"road","class":"primary_link","name":"","oneway":"yes"},"geometry":{"type":"LineString","coordinates":[[82.1919662,26.7872424],[82.1919321,26.7872817],[82.1919002,26.7873171],[82.1918594,26.7873428],[82.1918256,26.7873603]]}},{"type":"Feature","properties":{"id":"way/1289831711","kind":"road","class":"primary","name":""},"geometry":{"type":"LineString","coordinates":[[82.2052329,26.7753525],[82.2053152,26.7753804],[82.2055216,26.7754504],[82.2059206,26.7756178],[82.2069298,26.7761237],[82.2070598,26.7761701],[82.2072143,26.7762002],[82.2073817,26.7762034],[82.2075577,26.7761742],[82.2082054,26.7760086],[82.2083533,26.7759708],[82.2086005,26.7759016],[82.2088097,26.7758683],[82.2090509,26.7758452],[82.2093349,26.7758239]]}},{"type":"Feature","properties":{"id":"way/1289831712","kind":"road","class":"tertiary","name":"Darsan Nagar Road"},"geometry":{"type":"LineString","coordinates":[[82.2064733,26.771],[82.2064465,26.7712854],[82.2063867,26.771678],[82.2063564,26.7717946],[82.2063262,26.7718695],[82.2062446,26.7719739],[82.2061772,26.7720732],[82.2061495,26.7721602],[82.206136,26.772266],[82.2061054,26.7727464],[82.2060265,26.7731004],[82.2057865,26.774051],[82.2056235,26.7746904],[82.2055461,26.7748817],[82.2054593,26.7750352],[82.2052329,26.7753525]]}},{"type":"Feature","properties":{"id":"way/1289837713","kind":"road","class":"primary","name":""},"geometry":{"type":"LineString","coordinates":[[82.1794886,26.778615],[82.1793593,26.7786415],[82.1790913,26.7786923],[82.1787524,26.7788117],[82.178665,26.7788592]]}},{"type":"Feature","properties":{"id":"way/1289837714","kind":"road","class":"primary","name":"","bridge":"yes"},"geometry":{"type":"LineString","coordinates":[[82.1786089,26.7788985],[82.1784634,26.7790006],[82.1781285,26.7793036],[82.1779408,26.7795031],[82.1778475,26.7796291],[82.1777535,26.7798297],[82.1776596,26.7801189],[82.1776028,26.7804934],[82.177529,26.7809607],[82.1774956,26.7815497],[82.1774824,26.7820287],[82.1775045,26.7824542],[82.1775463,26.7827581],[82.1776072,26.7830573],[82.1777227,26.7833227],[82.1778624,26.7835768],[82.1782065,26.7841381],[82.1784795,26.7846125],[82.1785563,26.784808],[82.1785695,26.7848591]]}},{"type":"Feature","properties":{"id":"way/1289837715","kind":"road","class":"primary","name":""},"geometry":{"type":"LineString","coordinates":[[82.178589,26.7849341],[82.1785628,26.7852383],[82.1785128,26.7855078]]}},{"type":"Feature","properties":{"id":"way/1289837716","kind":"road","class":"track","name":""},"geometry":{"type":"LineString","coordinates":[[82.1803787,26.7847993],[82.1804082,26.7856019],[82.1804215,26.7856257],[82.1804385,26.7856376],[82.1804773,26.7856516],[82.1808061,26.7856664]]}},{"type":"Feature","properties":{"id":"way/1289837717","kind":"road","class":"residential","name":"","surface":"unpaved"},"geometry":{"type":"LineString","coordinates":[[82.1798109,26.7849543],[82.1799474,26.7853958],[82.1800001,26.7856341],[82.1800043,26.785854]]}},{"type":"Feature","properties":{"id":"way/1289838466","kind":"road","class":"tertiary","name":""},"geometry":{"type":"LineString","coordinates":[[82.1909914,26.7814474],[82.1910402,26.7814698]]}},{"type":"Feature","properties":{"id":"way/1290012162","kind":"road","class":"unclassified","name":""},"geometry":{"type":"LineString","coordinates":[[82.2157727,26.8064317],[82.2159552,26.8057702],[82.2163203,26.8047105],[82.2165612,26.8039654],[82.2168212,26.8031976],[82.2168862,26.8030646],[82.2169473,26.8029908],[82.2172632,26.8027819],[82.2178258,26.8024095],[82.2187271,26.8017918],[82.2196927,26.8011622],[82.2204946,26.8006498],[82.2208849,26.8004636],[82.221138,26.8003639]]}},{"type":"Feature","properties":{"id":"way/1290012163","kind":"road","class":"unclassified","name":""},"geometry":{"type":"LineString","coordinates":[[82.2202331,26.7985949],[82.2199775,26.7989299],[82.2198322,26.7991197],[82.2198228,26.7991903],[82.2199029,26.7992613],[82.2201079,26.7993636],[82.2201702,26.7994292],[82.220144,26.7995247],[82.2196145,26.7999907],[82.2192537,26.8004445],[82.2191036,26.800699],[82.219142,26.8007971],[82.2193122,26.8009387],[82.2194563,26.8010496]]}},{"type":"Feature","properties":{"id":"way/1290012164","kind":"road","class":"unclassified","name":""},"geometry":{"type":"LineString","coordinates":[[82.2194563,26.8010496],[82.2195083,26.801099]]}},{"type":"Feature","properties":{"id":"way/1290012165","kind":"road","class":"unclassified","name":""},"geometry":{"type":"LineString","coordinates":[[82.2194563,26.8010496],[82.2198914,26.8007637],[82.2206914,26.8002276],[82.2207495,26.8002069],[82.2209029,26.8001772]]}},{"type":"Feature","properties":{"id":"way/1290012166","kind":"road","class":"primary","name":"Chowk Ayodhya Road","display_name":"Ram Path (Chowk Ayodhya Road)"},"geometry":{"type":"LineString","coordinates":[[82.2089932,26.8072944],[82.2089781,26.8074224],[82.2089602,26.8078298],[82.2089706,26.8079468],[82.20886,26.8080617],[82.2088051,26.8081455],[82.2087907,26.8082395]]}},{"type":"Feature","properties":{"id":"way/1290012167","kind":"road","class":"primary","name":""},"geometry":{"type":"LineString","coordinates":[[82.2090969,26.8080586],[82.2090803,26.8080253],[82.2090457,26.8079831],[82.2090141,26.8079601],[82.2089706,26.8079468]]}},{"type":"Feature","properties":{"id":"way/1290012168","kind":"road","class":"residential","name":""},"geometry":{"type":"LineString","coordinates":[[82.2095862,26.8077997],[82.2095135,26.8077281],[82.2092997,26.8075464],[82.2091422,26.8074127],[82.2089932,26.8072944]]}},{"type":"Feature","properties":{"id":"way/1290015903","kind":"road","class":"footway","name":""},"geometry":{"type":"LineString","coordinates":[[82.2081423,26.8105134],[82.2082948,26.8108069]]}},{"type":"Feature","properties":{"id":"way/1290015904","kind":"road","class":"tertiary","name":"","oneway":"yes"},"geometry":{"type":"LineString","coordinates":[[82.2087479,26.808259],[82.2087817,26.808528],[82.2087814,26.8091174],[82.2088217,26.8097111],[82.2088565,26.8099993],[82.2088783,26.8102775],[82.2088476,26.8103852]]}},{"type":"Feature","properties":{"id":"way/1290015905","kind":"road","class":"tertiary","name":"","oneway":"yes"},"geometry":{"type":"LineString","coordinates":[[82.2088476,26.8103852],[82.2088042,26.8102769],[82.2087763,26.8100183],[82.2087679,26.8098665],[82.2087498,26.8096095],[82.2087213,26.8091949],[82.2087168,26.8085712],[82.20869,26.8083914],[82.2086777,26.8083091]]}},{"type":"Feature","properties":{"id":"way/1290015906","kind":"road","class":"tertiary","name":""},"geometry":{"type":"LineString","coordinates":[[82.2088639,26.8105639],[82.2088476,26.8103852]]}},{"type":"Feature","properties":{"id":"way/1290015907","kind":"road","class":"residential","name":"","oneway":"yes"},"geometry":{"type":"LineString","coordinates":[[82.2061119,26.8106288],[82.206133,26.811202]]}},{"type":"Feature","properties":{"id":"way/1290015908","kind":"road","class":"residential","name":"","oneway":"yes"},"geometry":{"type":"LineString","coordinates":[[82.2061119,26.8106288],[82.2061023,26.8105882],[82.2060773,26.8105575]]}},{"type":"Feature","properties":{"id":"way/1290015909","kind":"road","class":"residential","name":""},"geometry":{"type":"LineString","coordinates":[[82.2072373,26.8108034],[82.2073995,26.8111158]]}},{"type":"Feature","properties":{"id":"way/1290020593","kind":"road","class":"trunk","name":""},"geometry":{"type":"LineString","coordinates":[[82.220906,26.8002946],[82.2208089,26.8002428]]}},{"type":"Feature","properties":{"id":"way/1290023474","kind":"road","class":"footway","name":""},"geometry":{"type":"LineString","coordinates":[[82.2040479,26.8101496],[82.2041225,26.8102893],[82.2041549,26.8103247]]}},{"type":"Feature","properties":{"id":"way/1290023475","kind":"road","class":"residential","name":""},"geometry":{"type":"LineString","coordinates":[[82.2041549,26.8103247],[82.2040729,26.8105425]]}},{"type":"Feature","properties":{"id":"way/1290023476","kind":"road","class":"residential","name":""},"geometry":{"type":"LineString","coordinates":[[82.2050841,26.8105924],[82.2049999,26.8108368]]}},{"type":"Feature","properties":{"id":"way/1290029402","kind":"road","class":"residential","name":""},"geometry":{"type":"LineString","coordinates":[[82.197527,26.7947099],[82.1974434,26.7946207]]}},{"type":"Feature","properties":{"id":"way/1290141667","kind":"road","class":"primary","name":""},"geometry":{"type":"LineString","coordinates":[[82.2094704,26.7758987],[82.2094026,26.7758643],[82.2093349,26.7758239]]}},{"type":"Feature","properties":{"id":"way/1293056567","kind":"road","class":"primary_link","name":""},"geometry":{"type":"LineString","coordinates":[[82.1877165,26.7848234],[82.1877725,26.7847634]]}},{"type":"Feature","properties":{"id":"way/1293798954","kind":"road","class":"secondary","name":""},"geometry":{"type":"LineString","coordinates":[[82.1711969,26.7814509],[82.1712285,26.78154]]}},{"type":"Feature","properties":{"id":"way/1293805845","kind":"road","class":"service","name":""},"geometry":{"type":"LineString","coordinates":[[82.2283801,26.7890551],[82.2285508,26.7891969],[82.2285992,26.7892632],[82.2286057,26.7893545],[82.228572,26.7894929],[82.2285244,26.7895208],[82.22846,26.7895443],[82.2282707,26.7895511]]}},{"type":"Feature","properties":{"id":"way/1355634356","kind":"road","class":"service","name":"","access":"private"},"geometry":{"type":"LineString","coordinates":[[82.2108906,26.771],[82.210855,26.7710835]]}},{"type":"Feature","properties":{"id":"way/1357702879","kind":"road","class":"living_street","name":""},"geometry":{"type":"LineString","coordinates":[[82.1707928,26.7710052],[82.1708074,26.771]]}},{"type":"Feature","properties":{"id":"way/1357702880","kind":"road","class":"residential","name":""},"geometry":{"type":"LineString","coordinates":[[82.1712784,26.771],[82.1713215,26.7710896]]}},{"type":"Feature","properties":{"id":"way/1359836571","kind":"road","class":"residential","name":""},"geometry":{"type":"LineString","coordinates":[[82.1920063,26.7872399],[82.192119,26.7871865],[82.1923777,26.7870981],[82.1927024,26.7870077]]}},{"type":"Feature","properties":{"id":"way/1362533640","kind":"road","class":"tertiary","name":"","oneway":"yes"},"geometry":{"type":"LineString","coordinates":[[82.1961045,26.7866014],[82.1961468,26.7866433],[82.1961955,26.7866598],[82.1963115,26.786703],[82.1964642,26.7867498],[82.1969018,26.7868815],[82.1973067,26.7870053],[82.1975009,26.7871031],[82.1977632,26.7872581],[82.1979919,26.7873493],[82.1982047,26.7874175],[82.198353,26.7874604],[82.1985034,26.7875046],[82.1986063,26.7875488],[82.1987054,26.7876039],[82.1987329,26.7876908],[82.1987896,26.7878278],[82.1988368,26.7879761],[82.1989027,26.7880519],[82.1989429,26.7880693]]}},{"type":"Feature","properties":{"id":"way/1362533641","kind":"road","class":"tertiary","name":"","oneway":"yes"},"geometry":{"type":"LineString","coordinates":[[82.1989429,26.7880693],[82.1989919,26.7879831],[82.1990238,26.7878752],[82.1990079,26.7877887],[82.1989509,26.7876668],[82.1988646,26.7875905],[82.1986958,26.7875157],[82.1984346,26.7874223],[82.1981839,26.7873304],[82.1979757,26.787254],[82.1978064,26.7871645],[82.1976802,26.7870885],[82.1975241,26.7870018],[82.1973866,26.7869371],[82.1971366,26.7868661],[82.1968317,26.7867804],[82.1964886,26.7866809],[82.1962815,26.7866218],[82.1962006,26.7865934],[82.1961499,26.7865837],[82.1961045,26.7866014]]}},{"type":"Feature","properties":{"id":"way/1362533642","kind":"road","class":"tertiary","name":""},"geometry":{"type":"LineString","coordinates":[[82.1961045,26.7866014],[82.1956039,26.7864569]]}},{"type":"Feature","properties":{"id":"way/1362533643","kind":"road","class":"tertiary","name":""},"geometry":{"type":"LineString","coordinates":[[82.2006791,26.7887738],[82.2002204,26.78859],[82.1995327,26.7883337],[82.1990569,26.7881185],[82.1989429,26.7880693]]}},{"type":"Feature","properties":{"id":"way/1362533644","kind":"road","class":"tertiary","name":"","oneway":"yes"},"geometry":{"type":"LineString","coordinates":[[82.1956039,26.7864569],[82.1955775,26.7864315],[82.195556,26.7864139],[82.1955073,26.7863893],[82.1953147,26.7863305],[82.1949397,26.7861948],[82.1945605,26.7860589],[82.194133,26.7859359],[82.1935385,26.7857732],[82.192961,26.785607],[82.1923956,26.7854442],[82.1918802,26.7853273],[82.1917755,26.7853121],[82.1916582,26.7853034],[82.1915369,26.7853118],[82.1913761,26.7853298]]}},{"type":"Feature","properties":{"id":"way/1362533645","kind":"rail","class":"rail","name":""},"geometry":{"type":"LineString","coordinates":[[82.1966033,26.7865935],[82.1975223,26.7868096]]}},{"type":"Feature","properties":{"id":"way/1362533646","kind":"road","class":"tertiary","name":"","oneway":"yes"},"geometry":{"type":"LineString","coordinates":[[82.1914202,26.7854307],[82.1915627,26.7854117],[82.1916879,26.7854186],[82.1917939,26.7854312],[82.1919417,26.7854661],[82.192301,26.7855728],[82.1927302,26.7856971],[82.1931992,26.7858316],[82.1936808,26.785972],[82.1939921,26.7860644],[82.194467,26.7862058],[82.1949012,26.7863229],[82.1952533,26.7864211],[82.1954325,26.7864596],[82.1955437,26.7864659],[82.1956039,26.7864569]]}},{"type":"Feature","properties":{"id":"way/1362533647","kind":"road","class":"residential","name":"","access":"private"},"geometry":{"type":"LineString","coordinates":[[82.202399,26.7894616],[82.2031268,26.7897553],[82.2032654,26.7894835]]}},{"type":"Feature","properties":{"id":"way/1362533648","kind":"road","class":"service","name":""},"geometry":{"type":"LineString","coordinates":[[82.2012353,26.7889962],[82.2012933,26.7889489],[82.20134,26.7889038],[82.2013668,26.7888622],[82.2013923,26.7888152]]}},{"type":"Feature","properties":{"id":"way/1363038429","kind":"road","class":"service","name":"","access":"private"},"geometry":{"type":"LineString","coordinates":[[82.2022042,26.7893837],[82.2021952,26.7894363],[82.202201,26.7895186],[82.202219,26.7895945],[82.2022535,26.7896464]]}},{"type":"Feature","properties":{"id":"way/1451541116","kind":"road","class":"primary","name":""},"geometry":{"type":"LineString","coordinates":[[82.1785695,26.7848591],[82.178589,26.7849341]]}},{"type":"Feature","properties":{"id":"way/1451541117","kind":"road","class":"primary","name":""},"geometry":{"type":"LineString","coordinates":[[82.178665,26.7788592],[82.1786089,26.7788985]]}},{"type":"Feature","properties":{"id":"way/1465115964","kind":"road","class":"tertiary","name":""},"geometry":{"type":"LineString","coordinates":[[82.20563,26.8110392],[82.2058263,26.8111101],[82.206133,26.811202],[82.2061759,26.8112148],[82.2063037,26.811253],[82.2064689,26.8112714],[82.206786,26.8112482],[82.2068183,26.8112412]]}},{"type":"Feature","properties":{"id":"way/1493547833","kind":"road","class":"secondary","name":"","bicycle":"no"},"geometry":{"type":"LineString","coordinates":[[82.2028921,26.7957886],[82.2028389,26.7958057]]}},{"type":"Feature","properties":{"id":"way/1493547834","kind":"road","class":"primary","name":"","oneway":"yes"},"geometry":{"type":"LineString","coordinates":[[82.2044117,26.7989424],[82.2039807,26.7981346],[82.2038981,26.7979835],[82.2038471,26.7978902],[82.2036465,26.7975231],[82.203597,26.7974111],[82.2031503,26.7963999],[82.2028921,26.7957886]]}},{"type":"Feature","properties":{"id":"way/1512947631","kind":"road","class":"residential","name":""},"geometry":{"type":"LineString","coordinates":[[82.1929104,26.7899149],[82.1930762,26.7899038],[82.1933333,26.7898755],[82.1934256,26.789868],[82.1935219,26.7898467],[82.1935592,26.7898027],[82.1935602,26.789715],[82.1935551,26.7895825]]}},{"type":"Feature","properties":{"id":"way/1521184433","kind":"road","class":"primary","name":"","oneway":"yes"},"geometry":{"type":"LineString","coordinates":[[82.1777319,26.7800783],[82.1777052,26.7800579],[82.1776924,26.7800549],[82.1776731,26.7800502],[82.1776555,26.7800524],[82.1776355,26.7800602]]}},{"type":"Feature","properties":{"id":"way/1521184434","kind":"road","class":"primary","name":"","oneway":"yes"},"geometry":{"type":"LineString","coordinates":[[82.1776891,26.7799037],[82.1777076,26.7799164],[82.1777462,26.7799269],[82.1777699,26.7799309],[82.1777879,26.7799191]]}},{"type":"Feature","properties":{"id":"way/1521184435","kind":"road","class":"primary","name":"","oneway":"yes"},"geometry":{"type":"LineString","coordinates":[[82.1777879,26.7799191],[82.1778842,26.7796729],[82.1780083,26.7794754],[82.1783857,26.7791121],[82.1785715,26.7789884],[82.178665,26.7788592]]}},{"type":"Feature","properties":{"id":"way/1521184436","kind":"road","class":"primary","name":"","oneway":"yes"},"geometry":{"type":"LineString","coordinates":[[82.1776355,26.7800602],[82.177585,26.7802345],[82.1775104,26.7806389],[82.1774638,26.7810415],[82.1774525,26.7815974]]}},{"type":"Feature","properties":{"id":"way/1527442949","kind":"road","class":"residential","name":""},"geometry":{"type":"LineString","coordinates":[[82.1607742,26.7773534],[82.1604196,26.7775332]]}},{"type":"Feature","properties":{"id":"way/1527442950","kind":"road","class":"residential","name":""},"geometry":{"type":"LineString","coordinates":[[82.1609191,26.7772858],[82.1611073,26.7771965]]}},{"type":"Feature","properties":{"id":"way/1536243533","kind":"road","class":"tertiary_link","name":""},"geometry":{"type":"LineString","coordinates":[[82.1909453,26.7840214],[82.191139,26.7839464]]}},{"type":"Feature","properties":{"id":"way/1548442664","kind":"road","class":"service","name":"Sri Ram Janmabhoomi Path","oneway":"yes"},"geometry":{"type":"LineString","coordinates":[[82.1974434,26.7946207],[82.1968544,26.7948171],[82.1963119,26.7950458],[82.1961922,26.7950984],[82.1956746,26.7953018]]}},{"type":"Feature","properties":{"id":"way/1548442665","kind":"road","class":"service","name":"Sri Ram Janmabhoomi Path","oneway":"yes"},"geometry":{"type":"LineString","coordinates":[[82.1957334,26.7954023],[82.1958052,26.7953667],[82.1962574,26.7951894],[82.1963771,26.7951298],[82.1969095,26.7949012],[82.197527,26.7947099]]}},{"type":"Feature","properties":{"id":"way/1548442666","kind":"road","class":"unclassified","name":"Temple path","oneway":"no"},"geometry":{"type":"LineString","coordinates":[[82.1956746,26.7953018],[82.1956242,26.7943016]]}},{"type":"Feature","properties":{"id":"way/1548442667","kind":"road","class":"unclassified","name":"Temple path"},"geometry":{"type":"LineString","coordinates":[[82.1965099,26.7926995],[82.1955956,26.7927267],[82.1955954,26.79279],[82.1956032,26.7931046],[82.1956031,26.7932094]]}},{"type":"Feature","properties":{"id":"way/1548442668","kind":"road","class":"unclassified","name":"Temple path","access":"no","oneway":"no"},"geometry":{"type":"LineString","coordinates":[[82.1974337,26.791991],[82.1971644,26.7921975],[82.1970419,26.7922865],[82.1965099,26.7926995]]}},{"type":"Feature","properties":{"id":"way/1548442669","kind":"road","class":"unclassified","name":""},"geometry":{"type":"LineString","coordinates":[[82.196009,26.7920141],[82.1959759,26.7910495],[82.1963038,26.7906066],[82.1964225,26.7904677]]}},{"type":"Feature","properties":{"id":"way/1548447643","kind":"road","class":"pedestrian","name":""},"geometry":{"type":"LineString","coordinates":[[82.1942907,26.7963506],[82.1944086,26.7963441],[82.1944068,26.796314],[82.1943976,26.7961581],[82.1947939,26.7961556],[82.1947967,26.7960326],[82.1950534,26.7960231],[82.1950698,26.7963136],[82.1951681,26.7963135],[82.195169,26.7963309],[82.1952154,26.7963279],[82.1952132,26.7961845],[82.1953352,26.7961837],[82.1953403,26.7963276],[82.1954407,26.7963262],[82.1954322,26.7961542],[82.1954087,26.7957214],[82.1954617,26.7957186],[82.1954605,26.7956383],[82.1954598,26.7955926],[82.1954586,26.7955035],[82.1954871,26.7955035],[82.1954861,26.7954747],[82.1954089,26.7954757],[82.1953898,26.795041],[82.1954359,26.7950383],[82.1954314,26.794979],[82.1954297,26.7949506],[82.195397,26.7949516],[82.195395,26.7949102],[82.1950573,26.7949212],[82.1950631,26.7951017],[82.1947852,26.795112],[82.194789,26.7952458],[82.1949897,26.7952376],[82.1950016,26.7954691],[82.1950873,26.7954681],[82.1950883,26.7955455],[82.1951692,26.7955447],[82.1951698,26.7955988],[82.1951704,26.7956393],[82.195171,26.7956877],[82.1950938,26.7956885],[82.1950951,26.7957888],[82.194999,26.7957898],[82.1949543,26.7957902],[82.1949547,26.7958254],[82.194785,26.7958271],[82.1947858,26.7958941],[82.1946759,26.7958952],[82.1946768,26.7959675],[82.1945403,26.7959688],[82.1945409,26.7960176],[82.1942766,26.7960201],[82.1941864,26.796021],[82.1941855,26.7959452],[82.1941315,26.7959457],[82.1941302,26.7958331],[82.1940912,26.7958191],[82.1940365,26.7957852],[82.1939936,26.795739],[82.1939744,26.7956788],[82.1938793,26.7956789],[82.1938826,26.795736],[82.1939173,26.7958039],[82.1939769,26.7958667],[82.194037,26.795911],[82.1940725,26.7959628],[82.1940783,26.7961655],[82.1942823,26.7961654],[82.1942909,26.7963174],[82.1942907,26.7963506]]}},{"type":"Feature","properties":{"id":"way/1548447644","kind":"road","class":"pedestrian","name":""},"geometry":{"type":"LineString","coordinates":[[82.1942774,26.7949407],[82.1943732,26.7949378],[82.1943831,26.7951201],[82.1947852,26.795112],[82.194789,26.7952458],[82.1949897,26.7952376],[82.1950016,26.7954691],[82.1949354,26.7954696],[82.1949351,26.7954437],[82.1947779,26.7954453],[82.1947771,26.7953912],[82.1946476,26.7953927],[82.1946467,26.7953242],[82.1945097,26.7953257],[82.1945092,26.7952872],[82.1942734,26.7952898],[82.1942053,26.7952906],[82.1942064,26.7953665],[82.1941639,26.795367],[82.1941653,26.7954639],[82.1940736,26.7954918],[82.194017,26.7955414],[82.1939839,26.7956015],[82.1938847,26.7956025],[82.1938907,26.7955463],[82.1939223,26.7954773],[82.1939789,26.7954124],[82.194037,26.7953658],[82.1940701,26.7953128],[82.1940644,26.7951316],[82.1942824,26.7951243],[82.1942774,26.7949407]]}},{"type":"Feature","properties":{"id":"way/1548629391","kind":"road","class":"footway","name":"Temple path","foot":"yes","surface":"paved","bicycle":"no"},"geometry":{"type":"LineString","coordinates":[[82.1956421,26.7956352],[82.1954605,26.7956383],[82.1951704,26.7956393],[82.1951099,26.7956396]]}},{"type":"Feature","properties":{"id":"way/1548629392","kind":"road","class":"footway","name":"Temple path","access":"yes","foot":"yes","surface":"paved","bicycle":"no"},"geometry":{"type":"LineString","coordinates":[[82.1956383,26.7955882],[82.1954598,26.7955926],[82.1951698,26.7955988],[82.1951106,26.7956013]]}},{"type":"Feature","properties":{"id":"way/1548629407","kind":"road","class":"unclassified","name":"Temple path"},"geometry":{"type":"LineString","coordinates":[[82.1938522,26.7943561],[82.1938518,26.7943415],[82.193837,26.7938233],[82.1941789,26.7938145],[82.1949429,26.7938048],[82.1955682,26.7937789],[82.1956148,26.7937777]]}},{"type":"Feature","properties":{"id":"way/1548629408","kind":"road","class":"unclassified","name":""},"geometry":{"type":"LineString","coordinates":[[82.1941937,26.7943431],[82.1941933,26.7943272],[82.1941876,26.7941266],[82.1941853,26.7940432],[82.1941789,26.7938145]]}},{"type":"Feature","properties":{"id":"way/1548629409","kind":"road","class":"unclassified","name":""},"geometry":{"type":"LineString","coordinates":[[82.1949481,26.7943212],[82.1949446,26.7940968],[82.1949443,26.7940227],[82.194945,26.7939623],[82.1949429,26.7938048]]}},{"type":"Feature","properties":{"id":"way/1548629410","kind":"road","class":"pedestrian","name":""},"geometry":{"type":"LineString","coordinates":[[82.1944038,26.7942384],[82.1945424,26.794235],[82.1945452,26.7943163],[82.1945457,26.7943321],[82.1946238,26.7943284],[82.1946221,26.7943106],[82.1946211,26.794228],[82.1947449,26.7942257],[82.1947447,26.7941665],[82.1947446,26.7941079],[82.1949203,26.7940978],[82.1949446,26.7940968],[82.1949443,26.7940227],[82.1949018,26.794021],[82.1947371,26.7940244],[82.1947359,26.7939724],[82.1947354,26.7939489],[82.1946481,26.7939518],[82.1946404,26.7938148],[82.1945894,26.7938157],[82.1945952,26.7939547],[82.1945413,26.7939547],[82.1945377,26.7938166],[82.1944844,26.7938178],[82.1944868,26.7939439],[82.194397,26.7939442],[82.1943966,26.7939714],[82.1943956,26.794038],[82.1941932,26.7940429],[82.1941853,26.7940432],[82.1941876,26.7941266],[82.1942005,26.7941265],[82.1942242,26.7941264],[82.1943963,26.7941254],[82.1944038,26.7942384]]}},{"type":"Feature","properties":{"id":"way/1548629425","kind":"road","class":"footway","name":""},"geometry":{"type":"LineString","coordinates":[[82.1928585,26.7932136],[82.1929256,26.7932442],[82.1930183,26.7932657],[82.1930939,26.7932687],[82.1931591,26.7932381],[82.1932381,26.7931952],[82.1933411,26.7932136],[82.1935814,26.7932473],[82.1936205,26.7932473],[82.1937291,26.7932473],[82.1944158,26.7932197],[82.1947729,26.7931707],[82.1948115,26.7932002],[82.1948552,26.7932415],[82.1949098,26.7932559],[82.1949572,26.7932286],[82.1949918,26.7931866],[82.1950727,26.7931187],[82.1953171,26.7931143],[82.1954362,26.793108],[82.1956032,26.7931046]]}},{"type":"Feature","properties":{"id":"way/1548629427","kind":"road","class":"pedestrian","name":"","surface":"paved"},"geometry":{"type":"LineString","coordinates":[[82.1956261,26.7933734],[82.1956076,26.7933743],[82.1955588,26.7933766],[82.1955569,26.7933032],[82.19544,26.7933039],[82.1954354,26.7931355],[82.1954362,26.793108],[82.1954372,26.7930714],[82.1954687,26.7930708],[82.1954662,26.7929897],[82.1954917,26.7929843],[82.195488,26.7927919],[82.1955832,26.7927902],[82.1955954,26.79279],[82.1956115,26.7927897],[82.1956218,26.7931764],[82.1956224,26.7931975],[82.1956261,26.7933734]]}},{"type":"Feature","properties":{"id":"way/1548629432","kind":"road","class":"footway","name":""},"geometry":{"type":"LineString","coordinates":[[82.1947729,26.7931707],[82.1948262,26.7931406],[82.1948963,26.7930875],[82.1949536,26.7930098],[82.1949472,26.7928545],[82.1949284,26.7923183],[82.1949194,26.7920605]]}},{"type":"Feature","properties":{"id":"way/1548629433","kind":"road","class":"footway","name":""},"geometry":{"type":"LineString","coordinates":[[82.1936205,26.7932473],[82.1936069,26.792595],[82.1936027,26.7923599],[82.1935969,26.792095]]}},{"type":"Feature","properties":{"id":"way/1548629434","kind":"road","class":"footway","name":""},"geometry":{"type":"LineString","coordinates":[[82.1928468,26.7925967],[82.1936069,26.792595]]}},{"type":"Feature","properties":{"id":"way/1548629435","kind":"road","class":"footway","name":""},"geometry":{"type":"LineString","coordinates":[[82.1936027,26.7923599],[82.1943031,26.7923379],[82.1949284,26.7923183]]}},{"type":"Feature","properties":{"id":"way/1548629436","kind":"water","class":"pond","name":""},"geometry":{"type":"Polygon","coordinates":[[[82.1940918,26.7929208],[82.194442,26.7929018],[82.1944717,26.7928753],[82.1944653,26.7927313],[82.1944377,26.7927086],[82.1940705,26.7927256],[82.1940408,26.7927503],[82.1940535,26.7928924],[82.1940918,26.7929208]]]}},{"type":"Feature","properties":{"id":"way/1548665449","kind":"road","class":"unclassified","name":"Temple path","access":"no"},"geometry":{"type":"LineString","coordinates":[[82.1974337,26.791991],[82.196009,26.7920141],[82.1955711,26.7920377]]}},{"type":"Feature","properties":{"id":"way/1548665450","kind":"road","class":"unclassified","name":"Temple path"},"geometry":{"type":"LineString","coordinates":[[82.1955956,26.7927267],[82.1955711,26.7920377]]}},{"type":"Feature","properties":{"id":"way/1548665451","kind":"road","class":"pedestrian","name":""},"geometry":{"type":"LineString","coordinates":[[82.1955679,26.7938012],[82.1955682,26.7937789],[82.1955686,26.7937525],[82.1951353,26.7937646],[82.1951275,26.79369],[82.1946034,26.7937059],[82.194603,26.7936676],[82.1946352,26.7936372],[82.1946302,26.7936023],[82.1945981,26.7935741],[82.1945744,26.7935749],[82.194557,26.7935755],[82.1945186,26.7936062],[82.1945149,26.7936408],[82.1945353,26.7936709],[82.1945353,26.7937089],[82.1942997,26.7937091],[82.1942997,26.7937819],[82.1938073,26.7937965],[82.1938262,26.7943428],[82.1938518,26.7943415],[82.1938719,26.7943404],[82.1938578,26.79383],[82.1941624,26.7938238],[82.1941652,26.7940462],[82.1941425,26.7940462],[82.194144,26.7941276],[82.1941711,26.7941269],[82.1941755,26.7943277],[82.1941933,26.7943272],[82.1942061,26.7943269],[82.1942005,26.7941265],[82.1941876,26.7941266],[82.1941853,26.7940432],[82.1941932,26.7940429],[82.1941901,26.7938989],[82.1941887,26.7938227],[82.1944844,26.7938178],[82.1945377,26.7938166],[82.1945894,26.7938157],[82.1946186,26.7938152],[82.1946404,26.7938148],[82.1948353,26.7938113],[82.1948375,26.7939672],[82.1949019,26.7939649],[82.194945,26.7939623],[82.1949429,26.7938048],[82.1955679,26.7938012]]}},{"type":"Feature","properties":{"id":"way/1548665452","kind":"road","class":"footway","name":"","surface":"paved"},"geometry":{"type":"LineString","coordinates":[[82.1945744,26.7935749],[82.194564,26.7935215],[82.1945406,26.7934901],[82.1944952,26.7934613],[82.1944615,26.7934483],[82.1944278,26.7934483],[82.1944,26.793464],[82.1943736,26.7934901],[82.1943458,26.7935306],[82.1943077,26.7935555],[82.1942623,26.7935803],[82.1942081,26.7935777],[82.194151,26.7935594],[82.194088,26.7935424],[82.1939884,26.7935332],[82.1938903,26.7935411],[82.1938068,26.7935555],[82.1937351,26.7935712],[82.1936735,26.7935855],[82.1936194,26.7935725],[82.1935535,26.7935672],[82.1934861,26.7935659],[82.1934202,26.7935816],[82.1933997,26.7936248],[82.1933704,26.7936679],[82.1933235,26.7937097],[82.1932649,26.7937176],[82.1932166,26.7937058],[82.1931741,26.7936797],[82.1931566,26.7936378],[82.1931492,26.7935751],[82.1931727,26.7935359],[82.1932137,26.7935058],[82.1932605,26.7934927],[82.1933103,26.7935006],[82.1933601,26.7935228],[82.1933953,26.7935463],[82.1934202,26.7935816]]}},{"type":"Feature","properties":{"id":"way/1548665453","kind":"road","class":"footway","name":"","surface":"paved"},"geometry":{"type":"LineString","coordinates":[[82.1936735,26.7935855],[82.1937351,26.7936078],[82.19382,26.79363],[82.1938815,26.7936287],[82.1939445,26.7936182],[82.1940031,26.7936065],[82.1940558,26.7935934],[82.1941041,26.7935764],[82.194151,26.7935594]]}},{"type":"Feature","properties":{"id":"way/1548665460","kind":"road","class":"steps","name":""},"geometry":{"type":"LineString","coordinates":[[82.1951099,26.7956396],[82.1950134,26.795642]]}},{"type":"Feature","properties":{"id":"way/1548665461","kind":"road","class":"steps","name":""},"geometry":{"type":"LineString","coordinates":[[82.1951106,26.7956013],[82.1950122,26.7956021]]}},{"type":"Feature","properties":{"id":"way/1548665462","kind":"road","class":"footway","name":""},"geometry":{"type":"LineString","coordinates":[[82.1950134,26.795642],[82.1948597,26.7956452]]}},{"type":"Feature","properties":{"id":"way/1548665463","kind":"road","class":"footway","name":""},"geometry":{"type":"LineString","coordinates":[[82.1950122,26.7956021],[82.1948597,26.7956071]]}},{"type":"Feature","properties":{"id":"way/1548673560","kind":"road","class":"service","name":"","access":"no","oneway":"no"},"geometry":{"type":"LineString","coordinates":[[82.1959826,26.7960426],[82.1965777,26.7959665],[82.1973472,26.7957677],[82.1977649,26.7956598],[82.1978491,26.7956381],[82.1980008,26.795626]]}},{"type":"Feature","properties":{"id":"way/1548673561","kind":"road","class":"unclassified","name":"Temple path","access":"no"},"geometry":{"type":"LineString","coordinates":[[82.1934315,26.794369],[82.1935073,26.7965433],[82.1935743,26.796605],[82.1944435,26.7965699],[82.1955939,26.7965235],[82.1956762,26.7964554],[82.1956551,26.7960549]]}},{"type":"Feature","properties":{"id":"way/1548673562","kind":"road","class":"unclassified","name":"Temple path","access":"no","oneway":"no"},"geometry":{"type":"LineString","coordinates":[[82.1956242,26.7943016],[82.1949481,26.7943212],[82.1946238,26.7943284],[82.1945457,26.7943321],[82.1941937,26.7943431],[82.1938522,26.7943561],[82.1934315,26.794369]]}},{"type":"Feature","properties":{"id":"way/1548861215","kind":"road","class":"unclassified","name":""},"geometry":{"type":"LineString","coordinates":[[82.1970419,26.7922865],[82.1970387,26.7923713],[82.1970646,26.7924284],[82.1971148,26.7924882],[82.1971757,26.7925018],[82.1972336,26.792495],[82.1972732,26.792461],[82.1972915,26.7924148],[82.197296,26.7923414],[82.1972869,26.7923129],[82.1972808,26.7922938],[82.1972564,26.7922463],[82.1972108,26.7922204],[82.1971644,26.7921975]]}},{"type":"Feature","properties":{"id":"way/1548861216","kind":"road","class":"unclassified","name":"Temple Path"},"geometry":{"type":"LineString","coordinates":[[82.1972869,26.7923129],[82.1980071,26.7923061],[82.1980056,26.7923591],[82.1980013,26.792523],[82.1979998,26.792645],[82.1980189,26.7927355],[82.1980334,26.7927693],[82.1980571,26.7928248],[82.1981077,26.7929102],[82.1981672,26.7930362],[82.1982113,26.793258],[82.1982202,26.7934902],[82.1982202,26.7935417],[82.198217,26.7935721],[82.1982335,26.7936803],[82.1982776,26.7939165],[82.1984001,26.7943198]]}},{"type":"Feature","properties":{"id":"way/1548861217","kind":"road","class":"unclassified","name":"Temple path"},"geometry":{"type":"LineString","coordinates":[[82.198217,26.7935721],[82.1981948,26.7935726],[82.1975113,26.7935873],[82.1974757,26.793588],[82.1971119,26.7935929]]}},{"type":"Feature","properties":{"id":"way/1548861218","kind":"road","class":"unclassified","name":"","oneway":"yes"},"geometry":{"type":"LineString","coordinates":[[82.1974757,26.793588],[82.197491,26.794542],[82.1974733,26.7945761],[82.1974434,26.7946207]]}},{"type":"Feature","properties":{"id":"way/1548861219","kind":"road","class":"pedestrian","name":""},"geometry":{"type":"LineString","coordinates":[[82.1977285,26.793547],[82.1982202,26.7935417],[82.1982202,26.7934902],[82.1982113,26.793258],[82.1981672,26.7930362],[82.1981077,26.7929102],[82.1980334,26.7927693],[82.1980189,26.7927355],[82.1979998,26.792645],[82.1980056,26.7923591],[82.197995,26.7923596],[82.1977289,26.7923634],[82.1977285,26.793547]]}},{"type":"Feature","properties":{"id":"way/1548861222","kind":"road","class":"service","name":""},"geometry":{"type":"LineString","coordinates":[[82.1975279,26.7939968],[82.1982077,26.7939821]]}},{"type":"Feature","properties":{"id":"way/1548861223","kind":"road","class":"service","name":""},"geometry":{"type":"LineString","coordinates":[[82.1975279,26.7939415],[82.1982087,26.7939301]]}},{"type":"Feature","properties":{"id":"way/1548861224","kind":"road","class":"service","name":""},"geometry":{"type":"LineString","coordinates":[[82.1975227,26.7938816],[82.1982062,26.7938645]]}},{"type":"Feature","properties":{"id":"way/1548861225","kind":"road","class":"service","name":""},"geometry":{"type":"LineString","coordinates":[[82.1975207,26.7938281],[82.1982041,26.7938114]]}},{"type":"Feature","properties":{"id":"way/1548861226","kind":"road","class":"service","name":""},"geometry":{"type":"LineString","coordinates":[[82.1975227,26.7937709],[82.1982022,26.7937618]]}},{"type":"Feature","properties":{"id":"way/1548861227","kind":"road","class":"service","name":""},"geometry":{"type":"LineString","coordinates":[[82.1975165,26.7937119],[82.1981997,26.7936981]]}},{"type":"Feature","properties":{"id":"way/1548861228","kind":"road","class":"service","name":""},"geometry":{"type":"LineString","coordinates":[[82.1975145,26.793651],[82.1981975,26.7936428]]}},{"type":"Feature","properties":{"id":"way/1548861229","kind":"road","class":"service","name":""},"geometry":{"type":"LineString","coordinates":[[82.1975279,26.7939968],[82.1975279,26.7939415],[82.1975227,26.7938816],[82.1975207,26.7938281],[82.1975227,26.7937709],[82.1975165,26.7937119],[82.1975145,26.793651],[82.1975113,26.7935873]]}},{"type":"Feature","properties":{"id":"way/1548861230","kind":"road","class":"service","name":""},"geometry":{"type":"LineString","coordinates":[[82.1982077,26.7939821],[82.1982087,26.7939301],[82.1982062,26.7938645],[82.1982041,26.7938114],[82.1982022,26.7937618],[82.1981997,26.7936981],[82.1981975,26.7936428],[82.1981948,26.7935726]]}},{"type":"Feature","properties":{"id":"way/1548861234","kind":"road","class":"unclassified","name":""},"geometry":{"type":"LineString","coordinates":[[82.1978124,26.791699],[82.1979267,26.7918125],[82.1979289,26.7922548]]}},{"type":"Feature","properties":{"id":"way/1549025840","kind":"road","class":"footway","name":""},"geometry":{"type":"LineString","coordinates":[[82.1943031,26.7923379],[82.1942896,26.7920782]]}},{"type":"Feature","properties":{"id":"way/1561372053","kind":"road","class":"unclassified","name":"Sri Ram Janmabhoomi Path","oneway":"yes"},"geometry":{"type":"LineString","coordinates":[[82.1956746,26.7953018],[82.1956217,26.7953583],[82.1956383,26.7955882],[82.1956421,26.7956352],[82.1956551,26.7960549]]}},{"type":"Feature","properties":{"id":"way/1561372054","kind":"road","class":"unclassified","name":"Sri Ram Janmabhoomi Path","oneway":"yes"},"geometry":{"type":"LineString","coordinates":[[82.1957582,26.7960504],[82.1957334,26.7954023]]}},{"type":"Feature","properties":{"id":"way/1561372055","kind":"road","class":"unclassified","name":"","access":"no","oneway":"no"},"geometry":{"type":"LineString","coordinates":[[82.1956551,26.7960549],[82.1957582,26.7960504],[82.1959826,26.7960426]]}},{"type":"Feature","properties":{"id":"way/1561372057","kind":"road","class":"unclassified","name":"Temple path"},"geometry":{"type":"LineString","coordinates":[[82.1944575,26.7973514],[82.1944435,26.7965699]]}},{"type":"Feature","properties":{"id":"way/1561372058","kind":"road","class":"service","name":""},"geometry":{"type":"LineString","coordinates":[[82.1944577,26.7973973],[82.1944575,26.7973514]]}},{"type":"Feature","properties":{"id":"relation/8921902","kind":"water","class":"river","name":"Sarayu (Ghaghara)"},"geometry":{"type":"Polygon","coordinates":[[[82.255,26.824],[82.255,26.7851155],[82.2506046,26.7851156],[82.2495532,26.785537],[82.2474932,26.7869928],[82.246871,26.7875866],[82.2442317,26.7881421],[82.2422147,26.789004],[82.2411847,26.7892147],[82.2402191,26.7895978],[82.2396397,26.7900575],[82.2389531,26.7908429],[82.2370863,26.7920687],[82.2362494,26.792356],[82.234919,26.7931414],[82.2310567,26.7950184],[82.2279882,26.7973935],[82.2265935,26.7982553],[82.2247696,26.8002664],[82.2234177,26.8015496],[82.2228169,26.8040203],[82.2224629,26.8045948],[82.2218835,26.805629],[82.2212559,26.8064765],[82.2202688,26.8077405],[82.2196466,26.8081954],[82.2190458,26.8084874],[82.2180909,26.8089327],[82.2174311,26.8092678],[82.2146887,26.8104613],[82.2145153,26.8105052],[82.2142193,26.8105251],[82.2127057,26.810608],[82.2116429,26.8106865],[82.2104285,26.810836],[82.2093415,26.8110345],[82.2075981,26.8113338],[82.206482,26.8112937],[82.2061574,26.8112488],[82.2051261,26.8109514],[82.2024174,26.8101038],[82.2020634,26.8099902],[82.2016907,26.8098959],[82.2012415,26.8097651],[82.201108,26.8097246],[82.2000503,26.8089997],[82.1993369,26.8084108],[82.1981835,26.8075107],[82.1970946,26.8067925],[82.1963167,26.8064047],[82.1955308,26.8061174],[82.1951553,26.8060001],[82.1948737,26.8059666],[82.194517,26.8059594],[82.1942782,26.8058589],[82.1940046,26.8056003],[82.1934736,26.8050497],[82.1926689,26.8043985],[82.1921003,26.8039101],[82.1919823,26.8037234],[82.1918938,26.8036205],[82.1918267,26.8034361],[82.1917275,26.803186],[82.1915652,26.8030615],[82.1913592,26.8029443],[82.1906841,26.8026269],[82.1902227,26.8024977],[82.1897185,26.8024354],[82.1892303,26.8023971],[82.1885759,26.8024354],[82.1879321,26.8024594],[82.1872723,26.8027323],[82.1866554,26.803235],[82.1857273,26.8038766],[82.1846867,26.804049],[82.1835387,26.8041543],[82.1825087,26.8039724],[82.1816933,26.8040011],[82.1807277,26.8039149],[82.1799981,26.8038671],[82.1788448,26.8040801],[82.1775466,26.8043554],[82.1765059,26.8045182],[82.1752131,26.8045757],[82.1737969,26.8045757],[82.172606,26.8047002],[82.171694,26.8047385],[82.1705246,26.8049731],[82.1693283,26.8051981],[82.168234,26.8055524],[82.1663618,26.8060121],[82.1647471,26.8064143],[82.1632934,26.8067494],[82.1618771,26.8071325],[82.1611261,26.8072857],[82.1603429,26.8073144],[82.159785,26.8072378],[82.1590769,26.8070559],[82.1577895,26.806759],[82.1570814,26.8066249],[82.1565127,26.8066249],[82.1556437,26.8068356],[82.1547639,26.8069122],[82.1538091,26.8067877],[82.1531439,26.8065292],[82.1521568,26.8056386],[82.1515667,26.8054854],[82.150805,26.805428],[82.1500218,26.8055907],[82.1492386,26.8057631],[82.1485197,26.8060408],[82.148,26.8062565],[82.148,26.824],[82.1761354,26.824],[82.1767044,26.8236016],[82.1776485,26.8230272],[82.1788716,26.8224049],[82.1799445,26.8220027],[82.1807062,26.8216484],[82.181468,26.8213804],[82.1826996,26.8208142],[82.183669,26.8203982],[82.1850205,26.8192405],[82.1876444,26.8178008],[82.1896001,26.8168531],[82.1913887,26.8163033],[82.1909315,26.8185885],[82.1901672,26.8195459],[82.1928438,26.8204206],[82.1923924,26.8195607],[82.1925,26.81849],[82.1935464,26.8168273],[82.1961129,26.8154726],[82.1981084,26.8152142],[82.1982801,26.8152524],[82.2024858,26.8151567],[82.2040522,26.8153482],[82.2043848,26.8154823],[82.2076356,26.8161334],[82.2116375,26.8164206],[82.2123027,26.8165738],[82.2136009,26.8168323],[82.216208,26.8175888],[82.2176885,26.8179813],[82.219609,26.818776],[82.2210896,26.819475],[82.2225165,26.820241],[82.224158,26.8208059],[82.2250914,26.821275],[82.2266149,26.8217442],[82.2280311,26.8220314],[82.2304344,26.8229985],[82.2316575,26.8235059],[82.2330554,26.824],[82.255,26.824]],[[82.2388458,26.8114798],[82.2391838,26.8108239],[82.2394895,26.8101919],[82.2397256,26.8098472],[82.2399831,26.8094498],[82.240262,26.8090907],[82.2406322,26.8088992],[82.2411418,26.8087843],[82.2416621,26.8087986],[82.2431481,26.8086023],[82.244119,26.8085257],[82.2457874,26.8082001],[82.2466993,26.8080469],[82.248491,26.8076639],[82.2493225,26.8073862],[82.2499287,26.8070032],[82.2503149,26.8065531],[82.2506905,26.8061174],[82.2510606,26.8056434],[82.2515809,26.8052556],[82.2533727,26.8044416],[82.255,26.8033892],[82.255,26.813605],[82.2547781,26.8137779],[82.2539627,26.8144577],[82.2530937,26.8150514],[82.2523534,26.8151567],[82.2513235,26.815128],[82.2505724,26.814879],[82.2497678,26.8145439],[82.2491026,26.8141322],[82.2480297,26.8139215],[82.2471821,26.8137204],[82.2464955,26.8138545],[82.2452402,26.8138545],[82.2444463,26.8138162],[82.243545,26.8135672],[82.2424185,26.8134523],[82.2415817,26.8135002],[82.2409809,26.8134715],[82.240026,26.8133087],[82.2387493,26.8131076],[82.238245,26.8128491],[82.2382879,26.8124948],[82.2384488,26.8120926],[82.2388458,26.8114798]],[[82.2230422,26.809852],[82.2228598,26.8103307],[82.2232246,26.8109531],[82.2240722,26.8113457],[82.2263145,26.8117958],[82.2285998,26.8122554],[82.2304773,26.8125331],[82.2327733,26.8125427],[82.2345006,26.8122267],[82.236228,26.8123703],[82.2366464,26.812332],[82.2371614,26.8117288],[82.2375154,26.8109244],[82.2386956,26.8098807],[82.2397256,26.8090476],[82.2403157,26.8087316],[82.2410023,26.8085975],[82.2419464,26.8085018],[82.2452617,26.8077357],[82.2474289,26.8067973],[82.2498858,26.8056673],[82.2517419,26.8048151],[82.2536623,26.8034936],[82.255,26.8024721],[82.255,26.7955797],[82.2548425,26.7955643],[82.2535121,26.7954111],[82.2515595,26.7950663],[82.2491777,26.7950519],[82.2464526,26.7951046],[82.2459966,26.7951333],[82.2449291,26.7952578],[82.2433788,26.795593],[82.2410291,26.7960431],[82.2400421,26.7963113],[82.2396022,26.7965555],[82.2387493,26.7973503],[82.2378212,26.7983176],[82.2370487,26.7988826],[82.2360456,26.799529],[82.2354609,26.7998007],[82.23508,26.7999408],[82.2343826,26.8002377],[82.2335297,26.8007404],[82.2326177,26.8013222],[82.2322449,26.8015616],[82.2319794,26.8016669],[82.2317836,26.8016861],[82.230944,26.8016597],[82.2306061,26.8015783],[82.2302198,26.8016214],[82.2288036,26.802105],[82.2283745,26.8023636],[82.2282994,26.8025839],[82.2282886,26.8031393],[82.228353,26.8042022],[82.2283101,26.8045948],[82.2280741,26.8047481],[82.2273767,26.8049587],[82.2264862,26.8052364],[82.2257137,26.8057727],[82.2250056,26.8065675],[82.2238469,26.8082528],[82.2233748,26.8093445],[82.2230422,26.809852]],[[82.1524948,26.812806],[82.1524116,26.8129544],[82.1524063,26.8130406],[82.1525618,26.81311],[82.1528193,26.8132416],[82.1531895,26.8135002],[82.153565,26.8137252],[82.1536911,26.8138521],[82.1540236,26.8141178],[82.1543938,26.8142662],[82.1547076,26.8142949],[82.1556115,26.8143117],[82.1567729,26.8143452],[82.157253,26.8144146],[82.1576473,26.8144242],[82.1580604,26.8144314],[82.1587712,26.8143667],[82.15927,26.8142854],[82.1597931,26.8142327],[82.1604368,26.8140938],[82.161102,26.8139789],[82.1616787,26.8139598],[82.1622017,26.8140268],[82.1626389,26.8141034],[82.1633685,26.8140986],[82.1643823,26.8139694],[82.165584,26.8137874],[82.1669412,26.8137396],[82.1677995,26.8135768],[82.1688294,26.8134427],[82.1696716,26.8131459],[82.1703744,26.8129496],[82.1709806,26.8128634],[82.1715224,26.8128299],[82.171914,26.8126815],[82.1726865,26.8124421],[82.1739739,26.8121453],[82.174623,26.8119729],[82.1747518,26.8118341],[82.1748269,26.811724],[82.1747678,26.8115899],[82.1745264,26.8114367],[82.1742153,26.8112548],[82.1729386,26.8110968],[82.1718335,26.8109866],[82.1707231,26.8108095],[82.1694678,26.8105558],[82.1688294,26.8105653],[82.1677458,26.8107185],[82.1666568,26.8109531],[82.1656537,26.8111399],[82.1644038,26.8116857],[82.1638781,26.8119298],[82.1627945,26.8121596],[82.1618771,26.812423],[82.1608794,26.8126145],[82.1600586,26.8127629],[82.159372,26.8128299],[82.1589535,26.8127677],[82.1583581,26.8124996],[82.1575266,26.8120543],[82.1567327,26.8117958],[82.1562338,26.8116761],[82.1551394,26.8117623],[82.1540505,26.8120735],[82.1532726,26.8123224],[82.152653,26.8126791],[82.1524948,26.812806]],[[82.148,26.8069747],[82.14845,26.8068978],[82.1490186,26.8066345],[82.1494585,26.8063233],[82.1500593,26.8060983],[82.1506548,26.8060935],[82.1511215,26.8062371],[82.151953,26.806692],[82.1526611,26.807075],[82.1530849,26.8073],[82.1540183,26.8075298],[82.1548068,26.8075729],[82.1551448,26.8075538],[82.1555901,26.8074963],[82.1564108,26.8072857],[82.1570009,26.8071851],[82.1573228,26.8071851],[82.1577787,26.8072474],[82.1586531,26.8075969],[82.1593666,26.8077836],[82.1598118,26.8078315],[82.1609062,26.8078602],[82.1616626,26.8078075],[82.1634167,26.8073096],[82.1646184,26.8070223],[82.1660668,26.8068117],[82.1676815,26.8064095],[82.1682769,26.8062754],[82.1693605,26.80606],[82.1699238,26.805878],[82.1706158,26.8056626],[82.1713883,26.8053896],[82.1722251,26.8051646],[82.173062,26.805155],[82.1740007,26.8051694],[82.1749502,26.8051933],[82.1756208,26.8051359],[82.1762538,26.8050784],[82.1772194,26.8049156],[82.1787429,26.8046331],[82.1796548,26.8044799],[82.1801376,26.8043842],[82.1805239,26.8044608],[82.1809316,26.804614],[82.1814787,26.8047002],[82.183603,26.8045661],[82.1851694,26.8044608],[82.1858078,26.8042597],[82.1864355,26.8039628],[82.187562,26.8030148],[82.1881843,26.8027467],[82.1888709,26.8027658],[82.1896648,26.802852],[82.1906304,26.8030244],[82.1913278,26.803551],[82.1918133,26.8043339],[82.1920493,26.8047289],[82.1924409,26.8051814],[82.1929076,26.8055548],[82.1929774,26.8056482],[82.192972,26.8057248],[82.192921,26.8057511],[82.1922183,26.8058014],[82.1912634,26.8057296],[82.1902335,26.8057535],[82.189858,26.805744],[82.1897399,26.8058301],[82.1897399,26.8059881],[82.1899223,26.8060695],[82.1904051,26.8060695],[82.1912098,26.8061461],[82.191714,26.8062228],[82.1923095,26.8063281],[82.1923953,26.8064334],[82.1923953,26.8065483],[82.1916389,26.807142],[82.1906733,26.8075921],[82.1901798,26.807774],[82.1892786,26.8078794],[82.1883988,26.8078123],[82.1873045,26.8079655],[82.1857166,26.8082432],[82.1838927,26.8089806],[82.1814573,26.8096413],[82.178539,26.8109531],[82.1766615,26.8117288],[82.1759105,26.8118724],[82.1753204,26.8118245],[82.1751165,26.8115564],[82.1749878,26.8112979],[82.1745694,26.8111159],[82.1739364,26.8109531],[82.1733624,26.8108239],[82.1727347,26.8107712],[82.1721071,26.8105797],[82.171576,26.810369],[82.1711683,26.8103212],[82.1694946,26.8102733],[82.1687382,26.8103212],[82.1673596,26.8104839],[82.1665388,26.8106611],[82.1654767,26.8108909],[82.1643555,26.8112691],[82.1630949,26.8116904],[82.1614104,26.8122315],[82.1604663,26.8124421],[82.159903,26.8124325],[82.1593827,26.8122698],[82.1589482,26.8121357],[82.1585941,26.8120016],[82.1577626,26.8117862],[82.1571726,26.8116138],[82.1566147,26.811566],[82.1558583,26.8114223],[82.1550321,26.8112883],[82.1543133,26.8112883],[82.1536159,26.8115181],[82.1522641,26.8122937],[82.1513092,26.8129209],[82.1503651,26.8133805],[82.1499252,26.8135481],[82.1492708,26.8135959],[82.1486431,26.8138928],[82.148,26.8141379],[82.148,26.8069747]],[[82.1842491,26.816383],[82.1839487,26.8159808],[82.1815347,26.8158755],[82.1764492,26.8155787],[82.1741532,26.8158755],[82.1717285,26.8181926],[82.1713637,26.8190448],[82.1724688,26.8214864],[82.1738957,26.8218885],[82.17543,26.8222715],[82.1765994,26.8219555],[82.177447,26.8210746],[82.1765547,26.8209607],[82.1795373,26.818768],[82.1811789,26.8177244],[82.1829277,26.8167956],[82.1838074,26.8163456],[82.1841829,26.8164413],[82.1842491,26.816383]]]}}]}