{"type":"FeatureCollection","bbox":[82.184,26.782,82.218,26.813],"metadata":{"source":"OpenStreetMap API 0.6 bounding-box extract and full river relation","source_url":"https://www.openstreetmap.org/api/0.6/map?bbox=82.184,26.782,82.218,26.813","water_source_url":"https://www.openstreetmap.org/api/0.6/relation/8921902/full","retrieved":"2026-10-07","copyright":"© OpenStreetMap contributors","attribution_url":"https://www.openstreetmap.org/copyright","license":"ODbL 1.0","license_url":"https://opendatacommons.org/licenses/odbl/1.0/","note":"Geographic context only. Not a route or a guarantee of public access. Temple entry arrangements may change."},"features":[{"type":"Feature","properties":{"id":"way/63109215","kind":"rail","class":"rail","name":""},"geometry":{"type":"LineString","coordinates":[[82.2047183,26.7884954],[82.2041759,26.7885576]]}},{"type":"Feature","properties":{"id":"way/64725306","kind":"rail","class":"rail","name":"Mankapur Jn - Faizabad railway","bridge":"yes"},"geometry":{"type":"LineString","coordinates":[[82.2154483,26.8073001],[82.2148626,26.813]]}},{"type":"Feature","properties":{"id":"way/76809295","kind":"road","class":"trunk","name":"","bridge":"yes"},"geometry":{"type":"LineString","coordinates":[[82.2058677,26.811033],[82.2057018,26.8114056],[82.2054335,26.8120519],[82.2050597,26.813]]}},{"type":"Feature","properties":{"id":"way/101225496","kind":"rail","class":"rail","name":"Barabanki - Jaunpur railway"},"geometry":{"type":"LineString","coordinates":[[82.184,26.782293],[82.184232,26.7824137],[82.1850494,26.7828571],[82.1867944,26.7835249],[82.1912353,26.7848617],[82.1914358,26.7849194],[82.1941489,26.7856993]]}},{"type":"Feature","properties":{"id":"way/239035753","kind":"road","class":"trunk","name":"","oneway":"yes"},"geometry":{"type":"LineString","coordinates":[[82.218,26.8021012],[82.2164443,26.8031349],[82.2152697,26.8038857],[82.2147473,26.8042197]]}},{"type":"Feature","properties":{"id":"way/260795550","kind":"road","class":"residential","name":""},"geometry":{"type":"LineString","coordinates":[[82.2020025,26.8002526],[82.202058,26.8003411],[82.2024105,26.8007328],[82.202492,26.8009227],[82.2026156,26.8013557],[82.2026159,26.8014136],[82.2026171,26.8016839],[82.2024741,26.8023989],[82.2024768,26.8026116],[82.2026354,26.8034645],[82.2026612,26.8037851],[82.2025265,26.8039354],[82.2024895,26.8039989],[82.2024738,26.8045236],[82.2024593,26.8048992],[82.20244,26.8050938],[82.2023951,26.805277],[82.2024006,26.8053668],[82.2024356,26.8056298],[82.2024742,26.8062285],[82.20233,26.8066042]]}},{"type":"Feature","properties":{"id":"way/260795558","kind":"road","class":"unclassified","name":""},"geometry":{"type":"LineString","coordinates":[[82.1849619,26.7830367],[82.1849872,26.7829753],[82.1850494,26.7828571],[82.1850903,26.7827883],[82.1851093,26.7827731],[82.1851361,26.7827635],[82.1851755,26.7827631],[82.1856209,26.7829012],[82.1857934,26.7829468],[82.1859964,26.7829866],[82.1889132,26.7832927],[82.1901966,26.7834061],[82.1906442,26.7834229],[82.1907929,26.7834398],[82.1909943,26.7834153],[82.1910402,26.7834143],[82.1923382,26.7832131],[82.1934764,26.7830087],[82.1946083,26.7828099],[82.194854,26.7828046],[82.1950371,26.782816],[82.1951133,26.7828269],[82.195236,26.7828445],[82.1955076,26.7829086],[82.1958427,26.7829877],[82.1961412,26.7830662],[82.1973561,26.7833857],[82.1985781,26.783707],[82.1987015,26.7837394],[82.1989624,26.783808],[82.2013423,26.7840073],[82.2015038,26.7840208],[82.2016966,26.783998],[82.2024536,26.7837616],[82.2027905,26.7836564],[82.2032257,26.7836301]]}},{"type":"Feature","properties":{"id":"way/260795563","kind":"road","class":"primary","name":""},"geometry":{"type":"LineString","coordinates":[[82.1924253,26.8012041],[82.1924371,26.8012422],[82.1925121,26.8019107],[82.1925652,26.8021165],[82.1925977,26.8022266],[82.1926383,26.8023277],[82.1927174,26.802466],[82.1928366,26.8026024],[82.192933,26.8026954],[82.1932264,26.8028975],[82.1932834,26.8029553],[82.1935461,26.8032608],[82.1939283,26.8035768],[82.1942959,26.8037985],[82.1945494,26.8039515],[82.1947212,26.8040473],[82.1948602,26.8041028],[82.1952158,26.8042375],[82.1957084,26.8043932],[82.195839,26.80444],[82.195924,26.8044876],[82.1959611,26.8045485]]}},{"type":"Feature","properties":{"id":"way/260795565","kind":"road","class":"tertiary","name":"Kanak Bhawan Road"},"geometry":{"type":"LineString","coordinates":[[82.1919292,26.7978131],[82.1924795,26.7976644],[82.1929902,26.7975474],[82.1930251,26.7975462],[82.1934691,26.7975313],[82.1937131,26.7975448],[82.1938135,26.7975426],[82.1938402,26.797542],[82.1939785,26.797528],[82.1941244,26.7974987],[82.1944577,26.7973973],[82.1950729,26.7972319],[82.1960492,26.7969232],[82.1963823,26.7970788],[82.1970691,26.7972915],[82.1971962,26.7974399],[82.1972797,26.7974674],[82.1981056,26.7972554],[82.1988658,26.7971012],[82.19891,26.7970922],[82.1991776,26.7969832],[82.1995777,26.7967178],[82.2000891,26.7963786],[82.2002834,26.7962414],[82.2016086,26.7958471],[82.2016823,26.7958334],[82.2018756,26.7957975],[82.2020963,26.7959737],[82.2022158,26.7962141],[82.2022568,26.7962993],[82.202679,26.7966824],[82.2031141,26.7970771],[82.2031761,26.7971334],[82.2034036,26.797387],[82.2035216,26.7974398],[82.203597,26.7974111]]}},{"type":"Feature","properties":{"id":"way/260795566","kind":"road","class":"unclassified","name":""},"geometry":{"type":"LineString","coordinates":[[82.2050562,26.7938942],[82.2053674,26.7938572],[82.2056366,26.7938583],[82.2058612,26.7938575],[82.206522,26.7939411],[82.206966,26.794107],[82.2073981,26.7943258],[82.2074161,26.7943349],[82.2075493,26.7943622],[82.2079189,26.794438],[82.2081953,26.7945695],[82.2084691,26.7946998],[82.2089099,26.7949096],[82.2090435,26.7949672],[82.2091085,26.7952265]]}},{"type":"Feature","properties":{"id":"way/260795567","kind":"road","class":"primary","name":""},"geometry":{"type":"LineString","coordinates":[[82.218,26.797346],[82.2176904,26.7971624],[82.2172341,26.7968317]]}},{"type":"Feature","properties":{"id":"way/260795581","kind":"road","class":"primary","name":"","oneway":"yes","bridge":"yes"},"geometry":{"type":"LineString","coordinates":[[82.1905909,26.782],[82.1905801,26.7821189],[82.190849,26.783437],[82.1913356,26.7850336],[82.1917271,26.7863634],[82.1919502,26.7871889]]}},{"type":"Feature","properties":{"id":"way/260795583","kind":"road","class":"tertiary","name":""},"geometry":{"type":"LineString","coordinates":[[82.2050259,26.7937937],[82.2048137,26.7938417],[82.204725,26.7938617],[82.2045821,26.7939087],[82.2044134,26.7939643],[82.2041533,26.7940448],[82.2037363,26.7941023],[82.2035497,26.7941381],[82.2032599,26.79424],[82.202669,26.7944473],[82.2026124,26.7944681],[82.2023764,26.7945549],[82.2022886,26.7945872]]}},{"type":"Feature","properties":{"id":"way/260795590","kind":"road","class":"primary","name":""},"geometry":{"type":"LineString","coordinates":[[82.2102772,26.8006505],[82.2108807,26.8006264],[82.2111482,26.8006127],[82.2114488,26.8006462],[82.2118393,26.8007689],[82.2124785,26.80094]]}},{"type":"Feature","properties":{"id":"way/260795599","kind":"road","class":"primary","name":""},"geometry":{"type":"LineString","coordinates":[[82.2099546,26.7996258],[82.2091925,26.799741],[82.2084092,26.7996067],[82.2079056,26.7995819],[82.2077368,26.7995973],[82.2076094,26.7996016],[82.2064138,26.7997806],[82.2060483,26.7998244],[82.2058297,26.7998053],[82.2057799,26.7997959],[82.2057444,26.7997892],[82.2048532,26.7996206],[82.2047652,26.799604]]}},{"type":"Feature","properties":{"id":"way/260795602","kind":"road","class":"unclassified","name":""},"geometry":{"type":"LineString","coordinates":[[82.2149054,26.801243],[82.2150893,26.8013011],[82.2155805,26.8014562],[82.2158416,26.8015387],[82.2161013,26.8016207],[82.2162851,26.8016787],[82.2166594,26.8019094],[82.216208,26.8025007],[82.2161952,26.8025378],[82.2161973,26.8025647],[82.2164443,26.8031349]]}},{"type":"Feature","properties":{"id":"way/260795604","kind":"road","class":"residential","name":""},"geometry":{"type":"LineString","coordinates":[[82.2087604,26.8066148],[82.2092874,26.8061622],[82.2097102,26.805818],[82.2101608,26.8053948],[82.2111757,26.8043079],[82.2112884,26.8041564],[82.211403,26.803938],[82.2114991,26.8036618],[82.2116878,26.8030274],[82.2117798,26.802903],[82.2120213,26.8025767],[82.2120655,26.8022723],[82.2120278,26.8019065],[82.2120025,26.8016977],[82.2119072,26.8009101],[82.2118773,26.800848],[82.2118393,26.8007689]]}},{"type":"Feature","properties":{"id":"way/260795605","kind":"road","class":"unclassified","name":""},"geometry":{"type":"LineString","coordinates":[[82.2002888,26.8065319],[82.2005543,26.806969],[82.2007029,26.8071972],[82.2008779,26.8074326],[82.2010626,26.8075667],[82.2012485,26.8076719],[82.2014685,26.8077465],[82.2018213,26.8077873],[82.2020827,26.8078028],[82.2023092,26.8078033],[82.2024434,26.807794],[82.2024823,26.8077949],[82.2025109,26.8078178],[82.2025251,26.8078495],[82.2026307,26.808226],[82.202647,26.8082622],[82.2026755,26.8082901],[82.2027439,26.8083007],[82.2040873,26.8083089],[82.204145,26.8083054],[82.2043672,26.808292],[82.2045378,26.8082408],[82.2046427,26.8081736],[82.2048558,26.8080538],[82.2050051,26.807938],[82.2051218,26.8078513],[82.2051641,26.8078363],[82.2052595,26.8078024],[82.2053765,26.8077609],[82.2054364,26.8077656],[82.2054804,26.8077922],[82.2055257,26.8078571],[82.2055759,26.8078842],[82.2056411,26.8078758],[82.2060758,26.8077395],[82.2062679,26.8076596],[82.2063189,26.8076403],[82.206962,26.8072583],[82.2070494,26.807217],[82.2071877,26.8070379],[82.2073916,26.8067305],[82.207517,26.8065812],[82.2075701,26.8065125],[82.2077237,26.8063688],[82.20792,26.8062488],[82.2083757,26.8060073]]}},{"type":"Feature","properties":{"id":"way/260795606","kind":"road","class":"unclassified","name":""},"geometry":{"type":"LineString","coordinates":[[82.1874534,26.7887574],[82.1880603,26.7886785],[82.1886697,26.7886375],[82.1888515,26.7886004],[82.1889816,26.7885653],[82.1890333,26.7885513],[82.1892912,26.7884034],[82.18932,26.788388],[82.1889761,26.7875144],[82.1888076,26.7870916],[82.1892185,26.7869251],[82.189291,26.7869184],[82.1893641,26.7869298],[82.1896127,26.7869592],[82.1896855,26.7869632],[82.1899449,26.7868953],[82.1898758,26.7865155],[82.18987,26.7862258]]}},{"type":"Feature","properties":{"id":"way/260795610","kind":"water","class":"pond","name":"Dant Dhawan Kund"},"geometry":{"type":"Polygon","coordinates":[[[82.2036305,26.7942051],[82.2039351,26.7941533],[82.2039948,26.7944416],[82.2036922,26.7944983],[82.2036305,26.7942051]]]}},{"type":"Feature","properties":{"id":"way/260795620","kind":"water","class":"drain","name":"Ram ki Paidi"},"geometry":{"type":"Polygon","coordinates":[[[82.202739,26.8099682],[82.2037736,26.8098432],[82.2073336,26.8085529],[82.20732,26.8084279],[82.2084585,26.8078029],[82.2085773,26.8078775],[82.2086166,26.8080368],[82.2070083,26.8091497],[82.2059466,26.8094924],[82.2055844,26.8095913],[82.2042431,26.8100517],[82.2039369,26.8101875],[82.2035883,26.8102868],[82.2029091,26.810032],[82.202739,26.8099682]]]}},{"type":"Feature","properties":{"id":"way/260795622","kind":"water","class":"drain","name":""},"geometry":{"type":"Polygon","coordinates":[[[82.2118875,26.8067183],[82.2117389,26.806807],[82.2130626,26.8085731],[82.2132112,26.8084844],[82.2118875,26.8067183]]]}},{"type":"Feature","properties":{"id":"way/260795623","kind":"water","class":"drain","name":""},"geometry":{"type":"Polygon","coordinates":[[[82.211255,26.8059441],[82.2113409,26.806043],[82.2093136,26.8074691],[82.2092767,26.807427],[82.209233,26.8073857],[82.211255,26.8059441]]]}},{"type":"Feature","properties":{"id":"way/356630647","kind":"road","class":"primary","name":"Kosi Parikrama Road"},"geometry":{"type":"LineString","coordinates":[[82.184,26.7871452],[82.1846687,26.7874387],[82.184802,26.7875041],[82.1853157,26.7877857],[82.1857623,26.7880305],[82.1864327,26.7884907],[82.186612,26.7885635],[82.187393,26.7887298],[82.1874534,26.7887574],[82.1875541,26.7888563],[82.1878763,26.789203],[82.1880963,26.7894986],[82.1882725,26.7898329],[82.1884385,26.7899877],[82.1885931,26.7900735],[82.1886871,26.7901206],[82.1888561,26.7902783],[82.1889816,26.7904276],[82.189308,26.7909685],[82.1894928,26.7913763],[82.1895257,26.7914488],[82.1897649,26.7919899],[82.1899465,26.7921838],[82.1902527,26.7925273],[82.1904154,26.7926804],[82.1906728,26.7929751],[82.1909294,26.7932143],[82.1911928,26.7935424],[82.1913084,26.7938101],[82.1913265,26.7938655],[82.1913597,26.7939667],[82.1916859,26.7965038],[82.1916971,26.796591],[82.1919292,26.7978131],[82.191943,26.7979353],[82.1920372,26.7987691],[82.1920778,26.7990716],[82.1921312,26.7996189],[82.1922374,26.8000483],[82.1922627,26.8002204],[82.1922745,26.8002917],[82.1924253,26.8012041]]}},{"type":"Feature","properties":{"id":"way/356640961","kind":"road","class":"residential","name":""},"geometry":{"type":"LineString","coordinates":[[82.1932867,26.7984855],[82.1920372,26.7987691]]}},{"type":"Feature","properties":{"id":"way/444883868","kind":"road","class":"unclassified","name":"Temple path","access":"no","oneway":"no"},"geometry":{"type":"LineString","coordinates":[[82.1955711,26.7920377],[82.1949194,26.7920605],[82.1942896,26.7920782],[82.1935969,26.792095],[82.1929462,26.792112],[82.1928637,26.7921652],[82.1928401,26.7922398],[82.1928468,26.7925967],[82.1928585,26.7932136],[82.1928786,26.7942774],[82.192935,26.7943348],[82.1930182,26.7943837],[82.1934315,26.794369]]}},{"type":"Feature","properties":{"id":"way/458821459","kind":"road","class":"residential","name":""},"geometry":{"type":"LineString","coordinates":[[82.2145668,26.8044245],[82.2146726,26.8047577],[82.2148574,26.8050871],[82.214965,26.805264],[82.2150196,26.8053745],[82.2150492,26.8055458],[82.2150363,26.8060519],[82.215044,26.8061602],[82.2150659,26.8062339],[82.2151243,26.8063026],[82.2152233,26.8063694],[82.2153292,26.8064031],[82.2154749,26.8064222],[82.2157727,26.8064317],[82.2158893,26.8064026],[82.2162125,26.8062184],[82.2173371,26.8056388],[82.21787,26.8053505],[82.218,26.8052802]]}},{"type":"Feature","properties":{"id":"way/493709460","kind":"rail","class":"rail","name":"Mankapur Jn - Faizabad railway","bridge":"yes"},"geometry":{"type":"LineString","coordinates":[[82.2155693,26.8063892],[82.215547,26.8064844]]}},{"type":"Feature","properties":{"id":"way/493709461","kind":"road","class":"secondary","name":""},"geometry":{"type":"LineString","coordinates":[[82.2129554,26.7959563],[82.2128713,26.7959201],[82.2125946,26.7958008],[82.2122575,26.7956895],[82.2121179,26.7956199],[82.2115022,26.7953307],[82.2111534,26.7951849],[82.2107142,26.7951412],[82.2102657,26.7950563],[82.2099627,26.7950762],[82.2098466,26.7951009],[82.2096555,26.7951417],[82.2095214,26.7951737],[82.2092445,26.7952415],[82.2091085,26.7952265],[82.2081929,26.7953651],[82.208173,26.7953457],[82.2081334,26.7953326],[82.2079001,26.7952942],[82.2074661,26.7952417],[82.2068989,26.7952552],[82.2064676,26.7952524],[82.2063801,26.7952526],[82.2061163,26.7952533],[82.2056738,26.7952446],[82.2052848,26.7952163],[82.2052174,26.7952114],[82.2050956,26.7951678],[82.2046042,26.7951739],[82.2040505,26.7952874],[82.2035808,26.7954889],[82.20352,26.7955336],[82.2034718,26.7955691],[82.2033914,26.7956283],[82.2028921,26.7957886]]}},{"type":"Feature","properties":{"id":"way/493709463","kind":"rail","class":"rail","name":"Mankapur Jn - Faizabad railway","bridge":"yes"},"geometry":{"type":"LineString","coordinates":[[82.2170719,26.8024036],[82.2166741,26.8030536],[82.2164123,26.8035811]]}},{"type":"Feature","properties":{"id":"way/493709465","kind":"rail","class":"rail","name":"Mankapur Jn - Faizabad railway"},"geometry":{"type":"LineString","coordinates":[[82.218,26.8011174],[82.2175637,26.8016846],[82.2173849,26.8019471],[82.2170719,26.8024036]]}},{"type":"Feature","properties":{"id":"way/493709466","kind":"rail","class":"rail","name":"Mankapur Jn - Faizabad railway"},"geometry":{"type":"LineString","coordinates":[[82.2082987,26.7872233],[82.2085513,26.7870889],[82.2088867,26.7869284],[82.2093696,26.7867433],[82.2101706,26.7865024],[82.2105245,26.7864142],[82.2109626,26.7863339],[82.2114734,26.7862789],[82.2123034,26.7862651],[82.2128187,26.7862998]]}},{"type":"Feature","properties":{"id":"way/493709469","kind":"rail","class":"rail","name":"Mankapur Jn - Faizabad railway","bridge":"yes"},"geometry":{"type":"LineString","coordinates":[[82.2128187,26.7862998],[82.2129668,26.7863097]]}},{"type":"Feature","properties":{"id":"way/493709470","kind":"rail","class":"rail","name":"Mankapur Jn - Faizabad railway"},"geometry":{"type":"LineString","coordinates":[[82.2129668,26.7863097],[82.2133473,26.7863353],[82.214626,26.78641],[82.215138,26.7864703],[82.2155434,26.7865294],[82.2162736,26.7867103],[82.2166817,26.7868484],[82.2169677,26.7869551],[82.2174654,26.7872009],[82.2179546,26.7874603],[82.218,26.7874898]]}},{"type":"Feature","properties":{"id":"way/493709471","kind":"rail","class":"rail","name":"Mankapur Jn - Faizabad railway"},"geometry":{"type":"LineString","coordinates":[[82.2164123,26.8035811],[82.2162191,26.8040279],[82.2158983,26.8048559],[82.2157627,26.8053278],[82.2156461,26.8058345],[82.2155693,26.8063892]]}},{"type":"Feature","properties":{"id":"way/493709475","kind":"road","class":"primary","name":"","bridge":"yes"},"geometry":{"type":"LineString","coordinates":[[82.2172341,26.7968317],[82.2171246,26.7967666]]}},{"type":"Feature","properties":{"id":"way/493709476","kind":"rail","class":"rail","name":"Mankapur Jn - Faizabad railway"},"geometry":{"type":"LineString","coordinates":[[82.215547,26.8064844],[82.2154483,26.8073001]]}},{"type":"Feature","properties":{"id":"way/493711617","kind":"rail","class":"rail","name":""},"geometry":{"type":"LineString","coordinates":[[82.1948241,26.785859],[82.1957132,26.7861056],[82.1960217,26.7861859]]}},{"type":"Feature","properties":{"id":"way/493711619","kind":"road","class":"steps","name":"","bridge":"yes"},"geometry":{"type":"LineString","coordinates":[[82.2014382,26.788057],[82.2013101,26.7880037]]}},{"type":"Feature","properties":{"id":"way/493711621","kind":"rail","class":"rail","name":""},"geometry":{"type":"LineString","coordinates":[[82.201618,26.788038],[82.2023436,26.7882941],[82.2026641,26.7883851]]}},{"type":"Feature","properties":{"id":"way/493711623","kind":"road","class":"footway","name":"","bridge":"yes"},"geometry":{"type":"LineString","coordinates":[[82.2013116,26.7882973],[82.2014382,26.788057]]}},{"type":"Feature","properties":{"id":"way/493711626","kind":"rail","class":"rail","name":""},"geometry":{"type":"LineString","coordinates":[[82.2030174,26.7884458],[82.2035206,26.7884577],[82.2038174,26.7884833],[82.2042735,26.7884809],[82.2046811,26.7884546]]}},{"type":"Feature","properties":{"id":"way/493711631","kind":"rail","class":"rail","name":""},"geometry":{"type":"LineString","coordinates":[[82.203918,26.7885742],[82.2035397,26.7885778],[82.2033105,26.7885683],[82.2030263,26.7885527],[82.2026789,26.788512],[82.2026365,26.7885051],[82.2024201,26.7884701],[82.202058,26.7883899],[82.2018286,26.7883193],[82.2016609,26.7882594],[82.199416,26.7873531],[82.1988071,26.7871352],[82.1981955,26.7869173],[82.1975545,26.7867162],[82.195626,26.7861655],[82.1951182,26.7859828]]}},{"type":"Feature","properties":{"id":"way/493711635","kind":"rail","class":"rail","name":"Mankapur Jn - Faizabad railway"},"geometry":{"type":"LineString","coordinates":[[82.2041759,26.7885576],[82.203918,26.7885742],[82.2035432,26.7886003],[82.2033762,26.7886078],[82.2031456,26.7886233],[82.2028855,26.7886233],[82.2026775,26.7886054],[82.2025733,26.7885899],[82.2023544,26.7885575],[82.2020432,26.7884893],[82.2018192,26.7884139],[82.2015845,26.7883313],[82.2013176,26.7882226],[82.1993838,26.7874345],[82.198783,26.7872118],[82.1981687,26.7870077],[82.1975223,26.7868096],[82.1959211,26.7863369],[82.1952563,26.7861066],[82.1946015,26.785872],[82.1941489,26.7856993]]}},{"type":"Feature","properties":{"id":"way/493711640","kind":"road","class":"steps","name":"","bridge":"yes"},"geometry":{"type":"LineString","coordinates":[[82.2011791,26.7882402],[82.2013116,26.7882973]]}},{"type":"Feature","properties":{"id":"way/493711642","kind":"rail","class":"rail","name":""},"geometry":{"type":"LineString","coordinates":[[82.2039643,26.7885255],[82.2035273,26.7884997],[82.2032677,26.7884808],[82.2030174,26.7884458],[82.2027656,26.7884025],[82.2026641,26.7883851],[82.2023329,26.7883132],[82.2021317,26.7882582],[82.2019051,26.7881792],[82.2014732,26.7880152],[82.2014371,26.7880008],[82.1989305,26.7869988],[82.1984154,26.7868073],[82.1979675,26.7866732],[82.1969,26.7863594],[82.1960217,26.7861859],[82.1954458,26.786073]]}},{"type":"Feature","properties":{"id":"way/493711644","kind":"rail","class":"rail","name":""},"geometry":{"type":"LineString","coordinates":[[82.1966033,26.7865935],[82.1960386,26.7864304],[82.1955215,26.7862637],[82.1950226,26.7860913],[82.194505,26.7859285],[82.1917879,26.7851335]]}},{"type":"Feature","properties":{"id":"way/493711645","kind":"rail","class":"rail","name":""},"geometry":{"type":"LineString","coordinates":[[82.1952563,26.7861066],[82.1975412,26.7867634],[82.1981875,26.7869629],[82.1987937,26.7871711],[82.1994052,26.7873987],[82.2016248,26.7882977],[82.2018205,26.7883708],[82.2020526,26.7884426],[82.2023852,26.7885204],[82.2026,26.7885507],[82.2026909,26.7885635],[82.202931,26.7885982],[82.2033762,26.7886078]]}},{"type":"Feature","properties":{"id":"way/513695743","kind":"road","class":"residential","name":""},"geometry":{"type":"LineString","coordinates":[[82.1996809,26.8069188],[82.1994367,26.806926],[82.1991537,26.8069209],[82.1988042,26.8069294],[82.1987467,26.8069183],[82.1987023,26.8068946],[82.1986745,26.8068668],[82.1985274,26.8066492],[82.1984111,26.806523],[82.1983031,26.8064314],[82.1982004,26.8063314],[82.198047,26.8061262]]}},{"type":"Feature","properties":{"id":"way/513695745","kind":"road","class":"residential","name":""},"geometry":{"type":"LineString","coordinates":[[82.1969805,26.8024018],[82.1970054,26.8025673],[82.1970511,26.8027958],[82.1970345,26.8031699],[82.1970033,26.8032851],[82.1969821,26.8033613],[82.1969711,26.8034381],[82.1969717,26.8035688],[82.1969942,26.8036394],[82.1970114,26.8036728],[82.1970943,26.8038086],[82.1972046,26.8039024],[82.1976324,26.8042627],[82.1978555,26.8044323]]}},{"type":"Feature","properties":{"id":"way/513695746","kind":"road","class":"primary","name":""},"geometry":{"type":"LineString","coordinates":[[82.1938086,26.8007757],[82.1939997,26.8008038],[82.1942691,26.800818],[82.194627,26.80085],[82.1949569,26.8009399],[82.1950629,26.8009661],[82.1956021,26.801024],[82.1957008,26.8010346],[82.1959319,26.8010594],[82.1966475,26.8011243],[82.1977201,26.8011104],[82.1977929,26.8011095],[82.1980615,26.801106],[82.1982175,26.8010818],[82.1987559,26.8009983],[82.1990684,26.8009499],[82.199846,26.800777],[82.201237,26.8004677],[82.2020025,26.8002526],[82.2031178,26.799695],[82.203464,26.7995608],[82.2035355,26.7995417],[82.2045642,26.799266]]}},{"type":"Feature","properties":{"id":"way/513695748","kind":"road","class":"tertiary","name":""},"geometry":{"type":"LineString","coordinates":[[82.192002,26.7879259],[82.1920082,26.7882405],[82.1920104,26.7883941],[82.1920167,26.7888314],[82.1920229,26.7890112],[82.1920368,26.7892012],[82.1920631,26.789752],[82.1921075,26.7904256],[82.1921202,26.7906178],[82.1920882,26.7907375],[82.1920356,26.7908159],[82.1919926,26.7911297],[82.1919696,26.7913624],[82.1919539,26.7915219],[82.1919016,26.7918578],[82.1918774,26.7920497],[82.1919376,26.7924224],[82.1923028,26.7939599],[82.1924861,26.7944994],[82.1925512,26.7949684],[82.1926976,26.7956761],[82.1927396,26.7959094],[82.1929865,26.7970349],[82.1929902,26.7975474],[82.1930006,26.797674],[82.193019,26.7977934],[82.193056,26.7979102],[82.1931608,26.7980983],[82.1932565,26.7983558],[82.1932867,26.7984855],[82.1933924,26.7990111],[82.193454,26.7995197],[82.1934764,26.7996522],[82.1935409,26.800033],[82.1935716,26.8002143],[82.1936546,26.8004862],[82.1938086,26.8007757]]}},{"type":"Feature","properties":{"id":"way/513695752","kind":"road","class":"primary","name":""},"geometry":{"type":"LineString","coordinates":[[82.1938086,26.8007757],[82.1936277,26.8008247],[82.1933651,26.8009108],[82.1927537,26.8010709],[82.192535,26.8011525],[82.1924253,26.8012041]]}},{"type":"Feature","properties":{"id":"way/643702484","kind":"road","class":"tertiary","name":""},"geometry":{"type":"LineString","coordinates":[[82.2037998,26.7898766],[82.2035798,26.7896617],[82.2032705,26.7894058],[82.2030222,26.7892297],[82.2028945,26.7891495],[82.2027098,26.7890452],[82.2023549,26.7889093],[82.2019359,26.7887369],[82.2016821,26.7886324],[82.2016349,26.7886174],[82.2016019,26.7886117],[82.2015714,26.7886217],[82.2015498,26.7886485],[82.201536,26.7886771],[82.2014911,26.7887626],[82.2014686,26.7888111],[82.2014354,26.7888258],[82.2013923,26.7888152],[82.200988,26.7886402],[82.2008272,26.7885767],[82.2008083,26.7885706],[82.2007938,26.7885743],[82.2007825,26.7885896],[82.2007558,26.7886311],[82.2007227,26.788695],[82.2006791,26.7887738],[82.2006303,26.7888514],[82.2003297,26.7893995],[82.2002639,26.7895196],[82.2001845,26.7898229],[82.2002537,26.7901128],[82.20032,26.7903908],[82.2003196,26.7907868],[82.2002866,26.7910607],[82.2001647,26.7913252],[82.2000328,26.7916427],[82.1998337,26.7921568],[82.1998146,26.7922063]]}},{"type":"Feature","properties":{"id":"way/643703092","kind":"road","class":"residential","name":""},"geometry":{"type":"LineString","coordinates":[[82.2006303,26.7888514],[82.2002917,26.7887358],[82.2002649,26.7888412],[82.2002166,26.7889707],[82.2000396,26.7894446],[82.2002639,26.7895196]]}},{"type":"Feature","properties":{"id":"way/656507339","kind":"road","class":"residential","name":""},"geometry":{"type":"LineString","coordinates":[[82.2115776,26.7887483],[82.2081492,26.7887515],[82.208107,26.7884753],[82.2068156,26.7886342],[82.2059402,26.7887008],[82.205295,26.7888224],[82.2050617,26.7888693],[82.2048653,26.7888758],[82.2044136,26.7888935],[82.2036242,26.7890315],[82.2035468,26.789045]]}},{"type":"Feature","properties":{"id":"way/656507340","kind":"road","class":"residential","name":""},"geometry":{"type":"LineString","coordinates":[[82.2040378,26.7906291],[82.2040931,26.7906136],[82.2046298,26.7904632],[82.2049467,26.7904256],[82.205072,26.7904108],[82.2055721,26.7902719],[82.2062216,26.7901199],[82.2068222,26.7899794],[82.2071535,26.7899067],[82.2071958,26.7899006],[82.207334,26.7898809],[82.2074751,26.7898461],[82.2075536,26.7898174],[82.2081069,26.7896481],[82.2081492,26.7887515]]}},{"type":"Feature","properties":{"id":"way/656507341","kind":"road","class":"residential","name":""},"geometry":{"type":"LineString","coordinates":[[82.2058612,26.7938575],[82.2063927,26.7934292],[82.2064678,26.793294],[82.2064827,26.7930979],[82.2064933,26.7930434],[82.2065056,26.7924021],[82.2064929,26.7917602],[82.2067447,26.7914417],[82.2068363,26.7913927],[82.206964,26.7913775],[82.2070006,26.7913664],[82.2069992,26.7913295],[82.2069768,26.7911474],[82.2069029,26.7905455],[82.2068222,26.7899794]]}},{"type":"Feature","properties":{"id":"way/742499266","kind":"road","class":"footway","name":""},"geometry":{"type":"LineString","coordinates":[[82.2012895,26.7880371],[82.2013101,26.7880037],[82.2013261,26.7879685]]}},{"type":"Feature","properties":{"id":"way/742499267","kind":"road","class":"footway","name":""},"geometry":{"type":"LineString","coordinates":[[82.2011599,26.7882782],[82.2011791,26.7882402],[82.2011981,26.7882065]]}},{"type":"Feature","properties":{"id":"way/813981431","kind":"rail","class":"rail","name":""},"geometry":{"type":"LineString","coordinates":[[82.1930793,26.7854508],[82.1946015,26.785872]]}},{"type":"Feature","properties":{"id":"way/818493549","kind":"rail","class":"rail","name":"Barabanki - Jaunpur railway"},"geometry":{"type":"LineString","coordinates":[[82.2047183,26.7884954],[82.2039643,26.7885255],[82.2035321,26.7885298],[82.2032673,26.7885272],[82.203032,26.7885137],[82.2026901,26.7884757],[82.2026691,26.7884722],[82.2024413,26.7884344],[82.2020721,26.7883527],[82.2018568,26.7882845],[82.201697,26.7882246],[82.2013814,26.7880991],[82.1994185,26.787319],[82.1988218,26.7870851],[82.1982224,26.7868814],[82.1975582,26.7866746],[82.1954458,26.786073],[82.1951182,26.7859828],[82.1941489,26.7856993]]}},{"type":"Feature","properties":{"id":"way/818493550","kind":"rail","class":"rail","name":"Mankapur Jn - Faizabad railway"},"geometry":{"type":"LineString","coordinates":[[82.2082987,26.7872233],[82.2080205,26.7874088],[82.2077482,26.7876062],[82.2076531,26.7876752],[82.2072873,26.7879127],[82.2068973,26.7881065],[82.2064766,26.7882716],[82.2060128,26.7884102],[82.2057098,26.7884642],[82.2054738,26.7884964],[82.2050459,26.7885215],[82.2047147,26.7885371],[82.2041759,26.7885576]]}},{"type":"Feature","properties":{"id":"way/834312303","kind":"road","class":"unclassified","name":"Temple Path"},"geometry":{"type":"LineString","coordinates":[[82.1968866,26.7931874],[82.1971119,26.7935929],[82.197186,26.793842],[82.197235,26.7940565],[82.1973136,26.7943146],[82.1973703,26.7944513],[82.1974434,26.7946207]]}},{"type":"Feature","properties":{"id":"way/835879268","kind":"road","class":"residential","name":""},"geometry":{"type":"LineString","coordinates":[[82.1956901,26.7988358],[82.1954559,26.7989091],[82.1953717,26.7989544],[82.1952469,26.7990346],[82.1951328,26.7991082],[82.1949904,26.7992105],[82.1948506,26.7993244],[82.194821,26.7993485],[82.1946885,26.7994438],[82.194578,26.7995194],[82.1944491,26.7996739],[82.1943607,26.7997988],[82.1942576,26.7998908],[82.1941472,26.7999533],[82.193941,26.7999796],[82.193709,26.7999993],[82.1935409,26.800033]]}},{"type":"Feature","properties":{"id":"way/835879269","kind":"road","class":"residential","name":""},"geometry":{"type":"LineString","coordinates":[[82.1956901,26.7988358],[82.1956975,26.7988774],[82.1957433,26.799134],[82.1957875,26.7994364],[82.1958076,26.7995629],[82.1958464,26.7996205],[82.1958722,26.7996632],[82.1959127,26.7996961],[82.1960416,26.799706],[82.1961546,26.7998861],[82.1961779,26.7999229],[82.1963252,26.8000313],[82.1964246,26.8001497],[82.196524,26.8003107],[82.1965571,26.8003863],[82.1965829,26.8005112],[82.1966124,26.8007479],[82.1966475,26.8011243]]}},{"type":"Feature","properties":{"id":"way/835879270","kind":"road","class":"residential","name":""},"geometry":{"type":"LineString","coordinates":[[82.1977929,26.8011095],[82.1977782,26.8008772],[82.1977413,26.800703],[82.197675,26.8005189],[82.1976345,26.800371],[82.1975793,26.8001475],[82.1975498,26.7999996],[82.1974328,26.7995702],[82.1974143,26.7995021],[82.1973392,26.7990927],[82.1972883,26.7986642],[82.1972683,26.7985463],[82.197215,26.7983495]]}},{"type":"Feature","properties":{"id":"way/835879271","kind":"road","class":"unclassified","name":""},"geometry":{"type":"LineString","coordinates":[[82.1982175,26.8010818],[82.1982083,26.800944],[82.1982714,26.8007988],[82.19831,26.8005974],[82.1983161,26.8003996],[82.1983303,26.8000821],[82.1983506,26.7999333],[82.1984441,26.7996086],[82.1985153,26.7993382],[82.1985346,26.7992444],[82.1985519,26.7991604],[82.1985316,26.7989626],[82.1984828,26.7986977],[82.1983852,26.7983494],[82.1983201,26.7981008],[82.1982443,26.7977734],[82.1981056,26.7972554]]}},{"type":"Feature","properties":{"id":"way/835879273","kind":"road","class":"residential","name":"Kanak Bihari Temple road"},"geometry":{"type":"LineString","coordinates":[[82.1988658,26.7971012],[82.1989446,26.7973125],[82.1990724,26.7976776],[82.1991026,26.7977014],[82.1991716,26.797703],[82.1992934,26.7976852],[82.1994296,26.79769],[82.1994969,26.7977306],[82.1995713,26.7978554],[82.1996077,26.7978927],[82.1996822,26.797909],[82.1999411,26.7978139]]}},{"type":"Feature","properties":{"id":"way/835879274","kind":"road","class":"unclassified","name":""},"geometry":{"type":"LineString","coordinates":[[82.1970691,26.7972915],[82.1970342,26.7969576],[82.196963,26.7967671],[82.196919,26.7966685],[82.196839,26.7964895],[82.1967191,26.7962935],[82.1966297,26.7960994],[82.1965777,26.7959665]]}},{"type":"Feature","properties":{"id":"way/835879275","kind":"road","class":"residential","name":""},"geometry":{"type":"LineString","coordinates":[[82.1995777,26.7967178],[82.1996432,26.7968512],[82.1997017,26.7970341],[82.1997788,26.797272],[82.1998835,26.7976392],[82.1999411,26.7978139],[82.2000268,26.7980737],[82.2000625,26.7982718],[82.2000684,26.7983047],[82.2001577,26.7987035],[82.2002425,26.7990706],[82.2003069,26.7994087],[82.200318,26.7994666]]}},{"type":"Feature","properties":{"id":"way/835879276","kind":"road","class":"tertiary","name":""},"geometry":{"type":"LineString","coordinates":[[82.2026612,26.8037851],[82.2039952,26.8034102],[82.2041521,26.8033782],[82.20479,26.8033085],[82.2054611,26.8032621],[82.2054871,26.802844],[82.2054904,26.8027279],[82.2054615,26.8025709],[82.2054091,26.8022867],[82.2053733,26.8018483],[82.2054001,26.8015445],[82.2054058,26.8014797],[82.2054253,26.8013519],[82.2055652,26.8012242],[82.2056372,26.8010711],[82.2056759,26.800905]]}},{"type":"Feature","properties":{"id":"way/835879277","kind":"road","class":"tertiary","name":""},"geometry":{"type":"LineString","coordinates":[[82.2054611,26.8032621],[82.2054435,26.8036003],[82.2054396,26.8036454],[82.2054239,26.8038247],[82.2054156,26.8039201],[82.2053749,26.8041404],[82.2053186,26.8043323],[82.2053075,26.8044066],[82.2053277,26.8045234],[82.2053914,26.8046954],[82.2054972,26.8049716],[82.2055685,26.8050976],[82.205656,26.8052416],[82.2057116,26.8053356],[82.2057834,26.805484]]}},{"type":"Feature","properties":{"id":"way/835879280","kind":"road","class":"residential","name":""},"geometry":{"type":"LineString","coordinates":[[82.200634,26.8081005],[82.2006151,26.8081784],[82.2005861,26.8082694],[82.2005138,26.8084991],[82.2004469,26.80866],[82.2003788,26.8087676],[82.2002779,26.8088565]]}},{"type":"Feature","properties":{"id":"way/835879282","kind":"road","class":"tertiary","name":"","access":"private"},"geometry":{"type":"LineString","coordinates":[[82.1913701,26.8024139],[82.190726,26.8021631],[82.1904937,26.8021081],[82.1902412,26.8020675],[82.1899053,26.8020456],[82.1895288,26.8020598],[82.1893157,26.8020774],[82.1884826,26.8021768],[82.1877529,26.8022664],[82.1860155,26.8024798],[82.1847461,26.8026228],[82.1844267,26.8026747],[82.1841276,26.8027401],[82.184,26.8027759]]}},{"type":"Feature","properties":{"id":"way/835879283","kind":"road","class":"residential","name":""},"geometry":{"type":"LineString","coordinates":[[82.2022568,26.7962993],[82.2022391,26.7964686],[82.2022391,26.7967154],[82.2022407,26.7970217],[82.2022565,26.7971372],[82.202267,26.7972143],[82.2022781,26.797296],[82.2023108,26.797442],[82.2023383,26.7975645],[82.2023578,26.7976517],[82.2024359,26.7980305],[82.2024562,26.798093],[82.2025708,26.7984442],[82.2027546,26.7988724],[82.202979,26.799347],[82.2031178,26.799695]]}},{"type":"Feature","properties":{"id":"way/835879284","kind":"road","class":"residential","name":""},"geometry":{"type":"LineString","coordinates":[[82.2020025,26.8002526],[82.2019591,26.8001896],[82.2018436,26.7999024],[82.2017021,26.7995134],[82.201598,26.7992086],[82.2014905,26.7989796],[82.2013622,26.7989067],[82.2012988,26.7988747],[82.2012565,26.7987006],[82.2011752,26.7985888],[82.2010484,26.7985017],[82.2009476,26.7984436],[82.2009036,26.7981809],[82.2011085,26.7980241],[82.201276,26.7978833],[82.2015931,26.7976961],[82.2018989,26.7975524],[82.2021818,26.7975698],[82.2023383,26.7975645]]}},{"type":"Feature","properties":{"id":"way/835879285","kind":"road","class":"residential","name":""},"geometry":{"type":"LineString","coordinates":[[82.2009036,26.7981809],[82.2006921,26.7982031],[82.2004384,26.7982517],[82.2000625,26.7982718]]}},{"type":"Feature","properties":{"id":"way/835879286","kind":"road","class":"residential","name":""},"geometry":{"type":"LineString","coordinates":[[82.199846,26.800777],[82.1997747,26.8005124],[82.1997308,26.8003062],[82.1997568,26.8001393],[82.1998089,26.800058],[82.199869,26.7999666],[82.199868,26.7998806],[82.1998674,26.7998258],[82.1998641,26.7997402],[82.1998967,26.7996182],[82.1999146,26.7994702],[82.2003069,26.7994087]]}},{"type":"Feature","properties":{"id":"way/835879287","kind":"road","class":"residential","name":""},"geometry":{"type":"LineString","coordinates":[[82.1999146,26.7994702],[82.1996869,26.7994998],[82.1994198,26.7995256]]}},{"type":"Feature","properties":{"id":"way/835879288","kind":"road","class":"residential","name":""},"geometry":{"type":"LineString","coordinates":[[82.1985346,26.7992444],[82.1986273,26.7992544],[82.1987462,26.7992367],[82.1988014,26.7992127],[82.1991298,26.7991887],[82.1997117,26.7991091],[82.1997414,26.799085],[82.1997372,26.7990206],[82.1996947,26.7989625],[82.1996978,26.798906]]}},{"type":"Feature","properties":{"id":"way/835879289","kind":"road","class":"residential","name":""},"geometry":{"type":"LineString","coordinates":[[82.2024562,26.798093],[82.2027061,26.7979748],[82.2030065,26.7978924],[82.2034292,26.7977717],[82.2036529,26.7976824]]}},{"type":"Feature","properties":{"id":"way/835879291","kind":"road","class":"residential","name":""},"geometry":{"type":"LineString","coordinates":[[82.2022407,26.7970217],[82.2023537,26.7969553],[82.2025326,26.7968101],[82.202679,26.7966824]]}},{"type":"Feature","properties":{"id":"way/835879292","kind":"road","class":"residential","name":""},"geometry":{"type":"LineString","coordinates":[[82.2022565,26.7971372],[82.2019599,26.7971898],[82.201806,26.7972302],[82.2016874,26.7972762],[82.2015524,26.7973488],[82.2013524,26.7974461],[82.2011767,26.7975273],[82.2009377,26.7975709],[82.200632,26.7976362],[82.1999411,26.7978139]]}},{"type":"Feature","properties":{"id":"way/835879293","kind":"road","class":"residential","name":""},"geometry":{"type":"LineString","coordinates":[[82.1958076,26.7995629],[82.1956317,26.7995269],[82.1955546,26.799497],[82.1954956,26.7994556],[82.1953879,26.7993128],[82.1953183,26.7992459],[82.1952357,26.7991813],[82.1951328,26.7991082]]}},{"type":"Feature","properties":{"id":"way/835879294","kind":"road","class":"residential","name":""},"geometry":{"type":"LineString","coordinates":[[82.1956901,26.7988358],[82.1956612,26.7986555],[82.1956757,26.7985935],[82.1957107,26.7985315],[82.1957797,26.79846],[82.1958636,26.7983687],[82.1959277,26.7982411],[82.1959533,26.7980486],[82.1959622,26.7979815],[82.1960296,26.7978462],[82.1960608,26.7977835],[82.1962629,26.7975019],[82.1963295,26.7972928],[82.1963823,26.7970788]]}},{"type":"Feature","properties":{"id":"way/835879295","kind":"road","class":"residential","name":""},"geometry":{"type":"LineString","coordinates":[[82.1960296,26.7978462],[82.1958178,26.7978344],[82.1956083,26.7978737],[82.195414,26.7979114],[82.1952008,26.7979594],[82.1950482,26.7979788],[82.1948274,26.7980244],[82.1946574,26.7980705]]}},{"type":"Feature","properties":{"id":"way/835879296","kind":"road","class":"residential","name":""},"geometry":{"type":"LineString","coordinates":[[82.1939785,26.797528],[82.1939967,26.7976521],[82.193999,26.7978456],[82.1940067,26.7978781],[82.1940272,26.7979044],[82.1941443,26.797951],[82.1943668,26.7980284],[82.1944281,26.7980742],[82.1944854,26.7981171],[82.1945374,26.7982727],[82.1945867,26.7984202],[82.1946447,26.7985293],[82.194664,26.7986021],[82.1946538,26.7986774]]}},{"type":"Feature","properties":{"id":"way/835879297","kind":"road","class":"residential","name":""},"geometry":{"type":"LineString","coordinates":[[82.1946574,26.7980705],[82.1944854,26.7981171]]}},{"type":"Feature","properties":{"id":"way/835879298","kind":"road","class":"residential","name":""},"geometry":{"type":"LineString","coordinates":[[82.1932565,26.7983558],[82.1934585,26.7982912],[82.1935057,26.7982661],[82.193532,26.7982572],[82.1937157,26.7982266],[82.193771,26.798201],[82.1938225,26.79816],[82.1938539,26.7981043],[82.1938718,26.7980365],[82.1938862,26.7979811],[82.1938982,26.7979618],[82.193917,26.7979437],[82.1940067,26.7978781]]}},{"type":"Feature","properties":{"id":"way/835879299","kind":"road","class":"residential","name":""},"geometry":{"type":"LineString","coordinates":[[82.1944281,26.7980742],[82.1944463,26.7979598],[82.1944562,26.7977943],[82.1944869,26.7975499],[82.1944577,26.7973973]]}},{"type":"Feature","properties":{"id":"way/835879302","kind":"road","class":"residential","name":""},"geometry":{"type":"LineString","coordinates":[[82.1934691,26.7975313],[82.1934557,26.7977141],[82.1934557,26.7978535],[82.1934508,26.798048],[82.1934719,26.7981539],[82.1935057,26.7982661]]}},{"type":"Feature","properties":{"id":"way/835879303","kind":"road","class":"residential","name":""},"geometry":{"type":"LineString","coordinates":[[82.1920778,26.7990716],[82.1923166,26.7990728],[82.1925085,26.7990553],[82.1927232,26.7989915],[82.1930257,26.7990089],[82.1932354,26.7990191],[82.1933924,26.7990111]]}},{"type":"Feature","properties":{"id":"way/835879308","kind":"road","class":"residential","name":""},"geometry":{"type":"LineString","coordinates":[[82.1957008,26.8010346],[82.1957388,26.8007548],[82.1957762,26.8004464],[82.1958135,26.8002513],[82.1958585,26.800159],[82.1959221,26.8000791],[82.1960204,26.7999881],[82.1961546,26.7998861]]}},{"type":"Feature","properties":{"id":"way/835879309","kind":"road","class":"residential","name":""},"geometry":{"type":"LineString","coordinates":[[82.1948506,26.7993244],[82.1948819,26.7995414],[82.1948886,26.7997934],[82.1948754,26.8001583],[82.194859,26.8003041],[82.1948729,26.8003368],[82.1949049,26.8003625],[82.1957762,26.8004464]]}},{"type":"Feature","properties":{"id":"way/835879313","kind":"road","class":"residential","name":""},"geometry":{"type":"LineString","coordinates":[[82.1949569,26.8009399],[82.1948048,26.8011142],[82.1946435,26.8012544],[82.1943364,26.8014613],[82.1942541,26.8015333],[82.1942267,26.801578],[82.1941762,26.8017962],[82.194134,26.8019228],[82.1941204,26.8020186],[82.194154,26.8023528],[82.1941452,26.802404],[82.1941165,26.8025698],[82.1940975,26.8028217],[82.1940968,26.8028259],[82.1940456,26.803147],[82.1940382,26.8033538],[82.1940573,26.8034171],[82.1940729,26.8034515],[82.1940974,26.8034858],[82.1943102,26.8036473],[82.1943402,26.8036838],[82.1943468,26.8037047],[82.1943463,26.8037256],[82.1942959,26.8037985]]}},{"type":"Feature","properties":{"id":"way/835879314","kind":"road","class":"residential","name":""},"geometry":{"type":"LineString","coordinates":[[82.1932264,26.8028975],[82.1931609,26.8030786],[82.1931251,26.8032731],[82.1931446,26.8036447],[82.1931554,26.8038682],[82.1931421,26.8039068],[82.1931177,26.803938],[82.1930633,26.8039756],[82.1930293,26.8039769],[82.192998,26.8039708],[82.1928308,26.8038477]]}},{"type":"Feature","properties":{"id":"way/835879317","kind":"road","class":"residential","name":""},"geometry":{"type":"LineString","coordinates":[[82.195924,26.8044876],[82.1959807,26.8044632],[82.1960079,26.8044269],[82.1960216,26.8043726],[82.1960119,26.8042689],[82.1959201,26.8038417],[82.1959071,26.8037838],[82.1959084,26.803735],[82.1959188,26.8036942],[82.195951,26.8036561],[82.1959915,26.8036135],[82.1960097,26.8035799],[82.1960136,26.8035388],[82.1960124,26.803484],[82.1959929,26.8033065],[82.1960266,26.8029947],[82.1960612,26.8026906],[82.1960751,26.8025679],[82.1961517,26.8023878],[82.1961835,26.8021777],[82.1962563,26.802071],[82.1964674,26.8020077],[82.1968357,26.8019372]]}},{"type":"Feature","properties":{"id":"way/835879318","kind":"road","class":"primary","name":""},"geometry":{"type":"LineString","coordinates":[[82.1959611,26.8045485],[82.1964061,26.8045767],[82.1966974,26.8046112],[82.196879,26.8046188],[82.1971446,26.8046008],[82.1972824,26.804575],[82.1973536,26.804573],[82.1974144,26.8045791],[82.1974566,26.8046023],[82.1975121,26.8046132],[82.1976077,26.804603],[82.1976784,26.8045778],[82.1977505,26.8045241],[82.1978555,26.8044323]]}},{"type":"Feature","properties":{"id":"way/835879319","kind":"road","class":"residential","name":""},"geometry":{"type":"LineString","coordinates":[[82.1991537,26.8069209],[82.1991597,26.8067357],[82.1991611,26.8065503],[82.1991754,26.8064491],[82.1992134,26.8063703],[82.1993028,26.8062248],[82.1993273,26.8061256],[82.1993331,26.8060557],[82.1993028,26.8058997]]}},{"type":"Feature","properties":{"id":"way/835879320","kind":"road","class":"residential","name":""},"geometry":{"type":"LineString","coordinates":[[82.1982004,26.8063314],[82.1985517,26.8061562],[82.1986657,26.8061294],[82.1988092,26.8060932],[82.1990708,26.8060118],[82.1993028,26.8058997],[82.1994752,26.8057699]]}},{"type":"Feature","properties":{"id":"way/835879325","kind":"road","class":"residential","name":""},"geometry":{"type":"LineString","coordinates":[[82.1964834,26.8058469],[82.196485,26.8057947],[82.1964846,26.8057282]]}},{"type":"Feature","properties":{"id":"way/835879327","kind":"road","class":"residential","name":""},"geometry":{"type":"LineString","coordinates":[[82.1995851,26.8054621],[82.1997814,26.8053305],[82.1999192,26.8052557],[82.2000122,26.8051651],[82.2000448,26.8051331],[82.2001294,26.8049894],[82.2001684,26.8048733],[82.2002383,26.8045757],[82.2002911,26.8043152],[82.2003208,26.8042587],[82.2003709,26.8041987],[82.2004221,26.804133],[82.2005099,26.8039864],[82.2007766,26.8035699],[82.2010661,26.8031751],[82.2012807,26.8029109],[82.201362,26.8027266],[82.2014694,26.8024334],[82.2015019,26.8023056],[82.2015125,26.8022623],[82.2015572,26.8020792],[82.2016775,26.8017802],[82.2017247,26.8015436],[82.201806,26.8010936],[82.2019247,26.8007046],[82.2020385,26.8004042],[82.202058,26.8003411]]}},{"type":"Feature","properties":{"id":"way/835879329","kind":"road","class":"residential","name":""},"geometry":{"type":"LineString","coordinates":[[82.2024823,26.8077949],[82.2023845,26.8074535],[82.2023329,26.8072829],[82.2023019,26.8071046],[82.2022907,26.8069669],[82.2022979,26.806874],[82.20233,26.8066042]]}},{"type":"Feature","properties":{"id":"way/835879330","kind":"road","class":"residential","name":""},"geometry":{"type":"LineString","coordinates":[[82.2014685,26.8077465],[82.2015377,26.8075087],[82.2015574,26.8073493],[82.2015527,26.8072406],[82.2015263,26.806989],[82.2015398,26.8068518],[82.201548,26.8068019],[82.2015455,26.8067483],[82.2015243,26.8066884],[82.2014235,26.8065004],[82.2012222,26.8060015],[82.2010656,26.8056409],[82.2010066,26.8054861],[82.200953,26.8054102],[82.2008489,26.8053503],[82.2006881,26.8053233],[82.2006262,26.8052895],[82.2005942,26.8052475],[82.2005778,26.8052142],[82.2005973,26.8051628],[82.2006214,26.8051282],[82.2007036,26.8050991],[82.2008446,26.8050766],[82.2009603,26.8050534],[82.2010476,26.8050254],[82.2011064,26.8049884],[82.2012464,26.8049373],[82.2013077,26.8049266],[82.2013507,26.8049352],[82.2014038,26.8049584],[82.2015367,26.8050324],[82.2016202,26.8050662],[82.2016834,26.8050927],[82.2017562,26.8051032],[82.2018262,26.8050956],[82.2021039,26.8050365],[82.2021413,26.8050341],[82.2021857,26.8050598],[82.2022826,26.8051781],[82.2023384,26.8052343],[82.2023951,26.805277]]}},{"type":"Feature","properties":{"id":"way/835879332","kind":"road","class":"residential","name":""},"geometry":{"type":"LineString","coordinates":[[82.2024742,26.8062285],[82.2025736,26.8062488],[82.202626,26.8062722],[82.2026764,26.8063126],[82.2027112,26.8063597],[82.2028302,26.8065577],[82.2030357,26.8069372],[82.2031125,26.8070275],[82.2031628,26.8070718],[82.203237,26.807109],[82.203338,26.8071304],[82.2034039,26.8071298],[82.2035529,26.8071057],[82.2036243,26.8071054],[82.2037249,26.8071771],[82.2039606,26.8073492],[82.2040775,26.8074217],[82.2041808,26.8074794],[82.2042235,26.8075197],[82.2042506,26.8075608],[82.2042533,26.8075997],[82.2042326,26.8076895],[82.2041965,26.8077834],[82.2041606,26.8078315],[82.2041195,26.8078796],[82.2040848,26.8079344],[82.2040625,26.8080008],[82.2040589,26.8080647],[82.2040873,26.8083089]]}},{"type":"Feature","properties":{"id":"way/835879334","kind":"road","class":"residential","name":""},"geometry":{"type":"LineString","coordinates":[[82.201548,26.8068019],[82.2016564,26.806839],[82.2017513,26.8068708],[82.2018037,26.8068861],[82.2018728,26.8069014],[82.2019154,26.8069114],[82.2019579,26.8069318],[82.201999,26.8069647],[82.202044,26.8069937],[82.2021134,26.8070048],[82.2022907,26.8069669],[82.2024701,26.8069665],[82.2026527,26.8069796],[82.2027354,26.8069887],[82.2028174,26.8069866],[82.2030357,26.8069372],[82.2034207,26.8067633],[82.2034436,26.8067499],[82.2034918,26.8067142]]}},{"type":"Feature","properties":{"id":"way/835879335","kind":"road","class":"residential","name":""},"geometry":{"type":"LineString","coordinates":[[82.2039086,26.8026435],[82.2038719,26.8023997],[82.2038736,26.8023098],[82.2037619,26.8019471],[82.2036267,26.8014281],[82.203453,26.8014557],[82.2034326,26.8014682],[82.2034212,26.8014928],[82.203415,26.8015503],[82.2034014,26.8019529],[82.2033735,26.8022536],[82.2033489,26.8026471]]}},{"type":"Feature","properties":{"id":"way/835879336","kind":"road","class":"residential","name":""},"geometry":{"type":"LineString","coordinates":[[82.205436,26.8057361],[82.2054799,26.8058741],[82.2054912,26.8059649],[82.2054935,26.8060742],[82.2054905,26.8062141],[82.2055123,26.8063687],[82.2055464,26.8065053],[82.2056239,26.8066818],[82.2056648,26.8067349],[82.2057929,26.8067778],[82.2059725,26.8068427],[82.2060947,26.8068875],[82.2062289,26.8069157],[82.2065219,26.8069508],[82.2067343,26.8069535],[82.2069828,26.8069694],[82.2071034,26.807002],[82.2071877,26.8070379],[82.2073309,26.8071173],[82.2074378,26.8071434],[82.2076461,26.807165],[82.2077258,26.807211],[82.2078089,26.8072746],[82.208037,26.8075073],[82.2081648,26.8076161]]}},{"type":"Feature","properties":{"id":"way/835879337","kind":"road","class":"residential","name":""},"geometry":{"type":"LineString","coordinates":[[82.2056648,26.8067349],[82.2056531,26.8069075],[82.2056359,26.8070503],[82.2056605,26.8071715],[82.2056981,26.8072689],[82.2057276,26.8073618],[82.205748,26.8075175],[82.2057555,26.8075405],[82.2057877,26.8075521],[82.2058235,26.8075484],[82.2061682,26.8074091]]}},{"type":"Feature","properties":{"id":"way/835879338","kind":"road","class":"residential","name":""},"geometry":{"type":"LineString","coordinates":[[82.2045599,26.8062205],[82.2053303,26.8060917],[82.2054062,26.8060781],[82.2054935,26.8060742]]}},{"type":"Feature","properties":{"id":"way/836133458","kind":"road","class":"residential","name":""},"geometry":{"type":"LineString","coordinates":[[82.2024895,26.8039989],[82.2021787,26.8041085],[82.2020747,26.8041331],[82.2019369,26.8041375],[82.2018818,26.8041438],[82.2018501,26.8041688],[82.2017551,26.8043082],[82.2016681,26.8044078],[82.201588,26.8044797],[82.2013787,26.8045551],[82.2013328,26.8045892],[82.2013143,26.8046192],[82.2013173,26.8046759],[82.2014038,26.8049584]]}},{"type":"Feature","properties":{"id":"way/836133460","kind":"road","class":"residential","name":""},"geometry":{"type":"LineString","coordinates":[[82.2032835,26.8009364],[82.2034644,26.8008825],[82.2034938,26.8008708],[82.2039166,26.8007387],[82.2040539,26.801139],[82.2042127,26.8016848],[82.2043489,26.8022357],[82.2038736,26.8023098]]}},{"type":"Feature","properties":{"id":"way/836133461","kind":"road","class":"residential","name":""},"geometry":{"type":"LineString","coordinates":[[82.2039166,26.8007387],[82.2037446,26.8001856],[82.203719,26.8001067],[82.2035355,26.7995417]]}},{"type":"Feature","properties":{"id":"way/836133462","kind":"road","class":"residential","name":""},"geometry":{"type":"LineString","coordinates":[[82.209246,26.8079055],[82.2093131,26.807978],[82.2094742,26.8080932],[82.2097038,26.8086876]]}},{"type":"Feature","properties":{"id":"way/836133466","kind":"road","class":"tertiary","name":"","access":"private"},"geometry":{"type":"LineString","coordinates":[[82.1963907,26.8061197],[82.1976042,26.8067518],[82.1987522,26.8075729],[82.1998411,26.8084683],[82.2002779,26.8088565],[82.200763,26.8093625],[82.2009339,26.8095232],[82.2011206,26.8096604],[82.2012216,26.8097103],[82.2014691,26.809768],[82.2026896,26.8101033],[82.2040729,26.8105425],[82.2049999,26.8108368],[82.2055714,26.8110182],[82.20563,26.8110392]]}},{"type":"Feature","properties":{"id":"way/836133467","kind":"road","class":"residential","name":""},"geometry":{"type":"LineString","coordinates":[[82.2060511,26.810615],[82.2061119,26.8106288],[82.2061599,26.8106397],[82.2067754,26.8109148],[82.2068988,26.8109454],[82.2069966,26.8109478],[82.2070774,26.81092],[82.2072373,26.8108034],[82.2079965,26.8102204]]}},{"type":"Feature","properties":{"id":"way/836133468","kind":"road","class":"residential","name":""},"geometry":{"type":"LineString","coordinates":[[82.2070268,26.8094845],[82.2072697,26.8096926],[82.2073926,26.8097782],[82.2074732,26.8098253],[82.2077945,26.8099924],[82.2078939,26.8100614],[82.207972,26.8101478],[82.2079965,26.8102204],[82.2081423,26.8105134]]}},{"type":"Feature","properties":{"id":"way/836133469","kind":"road","class":"residential","name":""},"geometry":{"type":"LineString","coordinates":[[82.2127656,26.7966474],[82.2133791,26.7967618],[82.2134973,26.7968225],[82.2136366,26.7970168],[82.2139125,26.7976503],[82.2139243,26.7976774],[82.2140627,26.797995],[82.2141056,26.7982555],[82.214067,26.7985083]]}},{"type":"Feature","properties":{"id":"way/836133470","kind":"road","class":"residential","name":""},"geometry":{"type":"LineString","coordinates":[[82.2122173,26.7986098],[82.212728,26.7985849],[82.2133932,26.7986117],[82.2138867,26.7985581],[82.214067,26.7985083],[82.2143373,26.7985696],[82.2143702,26.7985828],[82.2147014,26.798716],[82.2149111,26.7988118],[82.2153305,26.7988283],[82.2154526,26.7983167],[82.2154967,26.798177],[82.215602,26.7978432],[82.2157346,26.797388],[82.2158982,26.7968896],[82.216071,26.7963034]]}},{"type":"Feature","properties":{"id":"way/836133471","kind":"road","class":"residential","name":""},"geometry":{"type":"LineString","coordinates":[[82.2140931,26.8009105],[82.2141706,26.8008362],[82.2142799,26.8004714],[82.2142865,26.8004494],[82.2144278,26.79986],[82.2144179,26.7997996],[82.2143159,26.7996541],[82.2142699,26.7995646],[82.2142607,26.7994917],[82.2143509,26.7992083],[82.2143757,26.7989963],[82.2143702,26.7985828]]}},{"type":"Feature","properties":{"id":"way/836133472","kind":"road","class":"residential","name":""},"geometry":{"type":"LineString","coordinates":[[82.2124722,26.797796],[82.2128851,26.7978502],[82.2131116,26.7978552],[82.2134429,26.7977996]]}},{"type":"Feature","properties":{"id":"way/836133473","kind":"road","class":"residential","name":""},"geometry":{"type":"LineString","coordinates":[[82.2139243,26.7976774],[82.2144271,26.797646],[82.2149634,26.7976125],[82.2150285,26.7974731],[82.2151651,26.7968374],[82.2153546,26.7968509],[82.2158982,26.7968896]]}},{"type":"Feature","properties":{"id":"way/836133474","kind":"road","class":"residential","name":""},"geometry":{"type":"LineString","coordinates":[[82.2144271,26.797646],[82.2144297,26.7973789],[82.2144839,26.7970841],[82.214548,26.7966419],[82.2145973,26.7962481],[82.2146096,26.7960704]]}},{"type":"Feature","properties":{"id":"way/836133475","kind":"road","class":"residential","name":""},"geometry":{"type":"LineString","coordinates":[[82.2151651,26.7968374],[82.2148145,26.7968251],[82.2148356,26.7963853],[82.2148553,26.7960775]]}},{"type":"Feature","properties":{"id":"way/836133476","kind":"road","class":"residential","name":""},"geometry":{"type":"LineString","coordinates":[[82.2148145,26.7968251],[82.2147863,26.7969482],[82.2147173,26.7970802],[82.2146631,26.7972189]]}},{"type":"Feature","properties":{"id":"way/836133477","kind":"road","class":"residential","name":""},"geometry":{"type":"LineString","coordinates":[[82.2085857,26.8057077],[82.2083451,26.8051515],[82.2081422,26.8045258],[82.2081232,26.8044673],[82.2078965,26.8039088],[82.2078866,26.8038843],[82.2074848,26.8032067],[82.2072063,26.8026391],[82.2070067,26.8023597],[82.2067528,26.8018537],[82.2065802,26.8014621],[82.2064545,26.8013081],[82.2062426,26.8011079],[82.2059146,26.8011841],[82.2058452,26.8012002]]}},{"type":"Feature","properties":{"id":"way/836133478","kind":"road","class":"residential","name":""},"geometry":{"type":"LineString","coordinates":[[82.1981056,26.7972554],[82.1980872,26.7969615],[82.1979986,26.7966496],[82.1979527,26.796488],[82.1977649,26.7956598]]}},{"type":"Feature","properties":{"id":"way/836133480","kind":"road","class":"residential","name":""},"geometry":{"type":"LineString","coordinates":[[82.2001845,26.7898229],[82.2000258,26.7899102],[82.199525,26.7899871],[82.1991623,26.7900728],[82.1990895,26.7900944],[82.1987265,26.790202],[82.1979492,26.7902963],[82.1977069,26.7903428],[82.1974548,26.790546],[82.1972916,26.7906838],[82.1972167,26.790747],[82.1971685,26.7907877]]}},{"type":"Feature","properties":{"id":"way/836133481","kind":"road","class":"residential","name":""},"geometry":{"type":"LineString","coordinates":[[82.1962435,26.7903915],[82.1962741,26.7903275],[82.1966555,26.7895294],[82.1967028,26.7894487],[82.1967518,26.7893652],[82.1967518,26.7892009],[82.1963509,26.7893141],[82.1959194,26.7894359],[82.1953469,26.7896816],[82.1954579,26.7898656],[82.1956034,26.790103],[82.1956357,26.7901557]]}},{"type":"Feature","properties":{"id":"way/836133482","kind":"road","class":"residential","name":""},"geometry":{"type":"LineString","coordinates":[[82.1953469,26.7896816],[82.195046,26.7891201],[82.194924,26.7890215],[82.1948774,26.7889785],[82.1947629,26.788858],[82.1946828,26.7887928],[82.1946566,26.7887763],[82.1945082,26.7885934],[82.1948062,26.7883234],[82.1950009,26.7880311],[82.1950332,26.7879826],[82.1951979,26.7877282],[82.1953588,26.7874797],[82.1954083,26.787406],[82.1954692,26.7873154]]}},{"type":"Feature","properties":{"id":"way/836133483","kind":"road","class":"residential","name":""},"geometry":{"type":"LineString","coordinates":[[82.1937254,26.7888198],[82.1937935,26.7888001],[82.1945082,26.7885934]]}},{"type":"Feature","properties":{"id":"way/836133484","kind":"road","class":"residential","name":""},"geometry":{"type":"LineString","coordinates":[[82.1967518,26.7892009],[82.1972369,26.7887104],[82.1975705,26.7883409],[82.1977736,26.7881556],[82.1979385,26.7880554],[82.1983891,26.7880536],[82.1985395,26.7880716],[82.1988405,26.7880828]]}},{"type":"Feature","properties":{"id":"way/836133486","kind":"road","class":"residential","name":""},"geometry":{"type":"LineString","coordinates":[[82.2002649,26.7888412],[82.1995944,26.788573],[82.1992993,26.7884581],[82.1991635,26.7884032],[82.1990588,26.7883657]]}},{"type":"Feature","properties":{"id":"way/836133488","kind":"road","class":"residential","name":""},"geometry":{"type":"LineString","coordinates":[[82.1932264,26.8028975],[82.1932912,26.8024048],[82.1933107,26.8023057],[82.1933059,26.8022231],[82.1932871,26.8021294],[82.1932463,26.8020384],[82.1932596,26.8020106],[82.1932895,26.8019878],[82.1933729,26.8019511],[82.1933943,26.8019295],[82.1934017,26.8018956],[82.1935144,26.8012787],[82.1935178,26.8012598],[82.1936132,26.8008823],[82.1936277,26.8008247]]}},{"type":"Feature","properties":{"id":"way/836133489","kind":"road","class":"residential","name":""},"geometry":{"type":"LineString","coordinates":[[82.196889,26.8021674],[82.1975863,26.8020046],[82.1976086,26.8019993],[82.1978609,26.8019395],[82.1981892,26.8019318],[82.1984339,26.8020084],[82.1986055,26.8022651],[82.1987321,26.8025792],[82.1991956,26.8025141],[82.1998211,26.8025015],[82.2000222,26.8024889],[82.2000579,26.8026331],[82.200099,26.8027305],[82.2001183,26.8029105],[82.200187,26.8030408],[82.2002578,26.803102],[82.2006569,26.8028052],[82.20085,26.8025945],[82.2009772,26.8025025],[82.2010538,26.802447],[82.2015125,26.8022623]]}},{"type":"Feature","properties":{"id":"way/836133490","kind":"road","class":"residential","name":""},"geometry":{"type":"LineString","coordinates":[[82.2002578,26.803102],[82.2002151,26.8031979],[82.200162,26.8032438],[82.200092,26.8032865],[82.1999788,26.8033259],[82.1996295,26.803409],[82.1995786,26.8034225],[82.1995415,26.8034418],[82.1995328,26.8034856],[82.1995287,26.8036019],[82.1995144,26.8036845],[82.1994977,26.8037524],[82.1994265,26.8038514],[82.1993623,26.8039109],[82.1991148,26.8040645]]}},{"type":"Feature","properties":{"id":"way/836133491","kind":"road","class":"residential","name":""},"geometry":{"type":"LineString","coordinates":[[82.2003208,26.8042587],[82.2001501,26.8042009],[82.2000009,26.8041687],[82.1998756,26.8041776],[82.1997249,26.8042111],[82.1995536,26.8042665],[82.1992835,26.8043923],[82.1989237,26.8046622]]}},{"type":"Feature","properties":{"id":"way/836133492","kind":"road","class":"residential","name":""},"geometry":{"type":"LineString","coordinates":[[82.1987321,26.8025792],[82.1988534,26.8031471],[82.1988716,26.8032325],[82.1988579,26.8032923],[82.1988371,26.8033552],[82.1988119,26.8034403],[82.1989281,26.8037333],[82.1991148,26.8040645],[82.1992105,26.8042412],[82.1992835,26.8043923]]}},{"type":"Feature","properties":{"id":"way/836133493","kind":"road","class":"residential","name":""},"geometry":{"type":"LineString","coordinates":[[82.1980092,26.803581],[82.1983196,26.8034585],[82.198426,26.8034354],[82.1985277,26.8034183],[82.1986157,26.8034159],[82.1988119,26.8034403]]}},{"type":"Feature","properties":{"id":"way/836133494","kind":"road","class":"residential","name":""},"geometry":{"type":"LineString","coordinates":[[82.1970943,26.8038086],[82.1975463,26.8036214],[82.1979113,26.8034655]]}},{"type":"Feature","properties":{"id":"way/836133495","kind":"road","class":"residential","name":""},"geometry":{"type":"LineString","coordinates":[[82.1972847,26.8027262],[82.1976723,26.8025997],[82.1977489,26.8025296],[82.1977003,26.8023196],[82.1976086,26.8019993]]}},{"type":"Feature","properties":{"id":"way/836133496","kind":"road","class":"residential","name":""},"geometry":{"type":"LineString","coordinates":[[82.1986055,26.8022651],[82.1994314,26.8020724],[82.1995179,26.8020801],[82.1995877,26.8021068],[82.1997472,26.8022358],[82.1997871,26.8022447],[82.2000112,26.8022335]]}},{"type":"Feature","properties":{"id":"way/836133497","kind":"road","class":"residential","name":""},"geometry":{"type":"LineString","coordinates":[[82.2000222,26.8024889],[82.2000112,26.8022335],[82.2000103,26.8022124],[82.1999952,26.8019845],[82.2001905,26.8018887],[82.2004501,26.8018408],[82.2006325,26.8018696],[82.2006626,26.8019672],[82.2006733,26.8021415],[82.2007484,26.8025054],[82.2009772,26.8025025]]}},{"type":"Feature","properties":{"id":"way/837547444","kind":"road","class":"residential","name":""},"geometry":{"type":"LineString","coordinates":[[82.2071523,26.7963275],[82.2071967,26.7966574],[82.2072538,26.7970816],[82.2072796,26.7973765],[82.2073396,26.7976627],[82.2075519,26.7984112],[82.2075596,26.7984381],[82.2075838,26.7985837],[82.2077368,26.7995973]]}},{"type":"Feature","properties":{"id":"way/837547445","kind":"road","class":"residential","name":""},"geometry":{"type":"LineString","coordinates":[[82.2071523,26.7963275],[82.2071406,26.7962679],[82.2068989,26.7952552]]}},{"type":"Feature","properties":{"id":"way/843831295","kind":"road","class":"residential","name":""},"geometry":{"type":"LineString","coordinates":[[82.2017543,26.794002],[82.2015267,26.7941749],[82.2013147,26.7943135],[82.2011315,26.7944696],[82.2010978,26.7944983],[82.2008733,26.7947658]]}},{"type":"Feature","properties":{"id":"way/843831296","kind":"road","class":"residential","name":""},"geometry":{"type":"LineString","coordinates":[[82.1992676,26.7955405],[82.1991545,26.7952539],[82.1989346,26.7948277],[82.1990865,26.794769],[82.1997175,26.794516],[82.1998002,26.7945119],[82.1998531,26.7945093],[82.1999303,26.7944937],[82.2001686,26.7944455],[82.2003657,26.7944543],[82.2005605,26.7945248],[82.2007996,26.7947162],[82.2008733,26.7947658],[82.2009703,26.7948344],[82.2011323,26.7949329],[82.201206,26.7948378],[82.2013051,26.7947064],[82.2013549,26.7946666],[82.2014807,26.7945661],[82.2017581,26.794374],[82.2019625,26.7942301]]}},{"type":"Feature","properties":{"id":"way/843831297","kind":"road","class":"residential","name":""},"geometry":{"type":"LineString","coordinates":[[82.2001647,26.7913252],[82.1997568,26.7911236]]}},{"type":"Feature","properties":{"id":"way/843831298","kind":"road","class":"residential","name":""},"geometry":{"type":"LineString","coordinates":[[82.2002166,26.7889707],[82.200092,26.7889486],[82.199569,26.789012],[82.1992034,26.7890944],[82.1991517,26.7890776],[82.1991201,26.7890399],[82.1990708,26.7888703]]}},{"type":"Feature","properties":{"id":"way/843831300","kind":"road","class":"residential","name":""},"geometry":{"type":"LineString","coordinates":[[82.2001647,26.7913252],[82.2004649,26.7911577],[82.2006049,26.7910542],[82.2007089,26.7911314],[82.2007675,26.7912244],[82.2008982,26.7913244],[82.2009767,26.7914044],[82.2010514,26.7914094],[82.2012864,26.7913328],[82.2013428,26.7913144],[82.2014661,26.7912911],[82.2015371,26.7913111],[82.202077,26.791236],[82.2023995,26.7911829],[82.2025403,26.7916413],[82.2026006,26.7918375]]}},{"type":"Feature","properties":{"id":"way/843831301","kind":"road","class":"residential","name":""},"geometry":{"type":"LineString","coordinates":[[82.2079056,26.7995819],[82.2082882,26.799455],[82.2099789,26.7990912]]}},{"type":"Feature","properties":{"id":"way/843831302","kind":"road","class":"residential","name":""},"geometry":{"type":"LineString","coordinates":[[82.2115022,26.7953307],[82.2115022,26.79603],[82.2114726,26.7962676],[82.2113272,26.7966328],[82.2110359,26.796976],[82.2110191,26.7969958],[82.2109155,26.7972378],[82.210775,26.7978451],[82.2107701,26.7978771],[82.2106765,26.7984919],[82.2106768,26.7988104]]}},{"type":"Feature","properties":{"id":"way/843831303","kind":"road","class":"residential","name":""},"geometry":{"type":"LineString","coordinates":[[82.2110359,26.796976],[82.2115025,26.7972488],[82.2118648,26.7974864],[82.2120965,26.7976118],[82.2123726,26.7977196],[82.2124859,26.7977483]]}},{"type":"Feature","properties":{"id":"way/843831304","kind":"road","class":"residential","name":""},"geometry":{"type":"LineString","coordinates":[[82.2119382,26.7939782],[82.2121087,26.7939418],[82.2123821,26.7938834],[82.2125063,26.7938568],[82.2128739,26.7937852],[82.2129055,26.7937336],[82.2129269,26.7936802],[82.2132131,26.7923761],[82.2132207,26.7923421],[82.2132506,26.7921454]]}},{"type":"Feature","properties":{"id":"way/843831305","kind":"road","class":"residential","name":""},"geometry":{"type":"LineString","coordinates":[[82.2112071,26.7927134],[82.2113977,26.7926711],[82.2116591,26.7926289],[82.211779,26.7926008],[82.2121483,26.7925141],[82.2123838,26.7924588],[82.2125516,26.7924422],[82.2127201,26.7924255],[82.2132131,26.7923761]]}},{"type":"Feature","properties":{"id":"way/843831306","kind":"road","class":"residential","name":""},"geometry":{"type":"LineString","coordinates":[[82.2121087,26.7939418],[82.2119669,26.7933649],[82.211779,26.7926008]]}},{"type":"Feature","properties":{"id":"way/843831307","kind":"road","class":"residential","name":""},"geometry":{"type":"LineString","coordinates":[[82.2125063,26.7938568],[82.2121483,26.7925141],[82.2120775,26.7921987],[82.2120439,26.7918719]]}},{"type":"Feature","properties":{"id":"way/843831308","kind":"road","class":"residential","name":""},"geometry":{"type":"LineString","coordinates":[[82.211779,26.7926008],[82.2116961,26.7922213],[82.2116777,26.7918919]]}},{"type":"Feature","properties":{"id":"way/843831310","kind":"road","class":"residential","name":""},"geometry":{"type":"LineString","coordinates":[[82.2128739,26.7937852],[82.2127313,26.7930991],[82.2125516,26.7924422],[82.212488,26.79218]]}},{"type":"Feature","properties":{"id":"way/843831311","kind":"road","class":"residential","name":""},"geometry":{"type":"LineString","coordinates":[[82.211177,26.7919054],[82.2113268,26.7918994],[82.2116777,26.7918919],[82.2120439,26.7918719],[82.2123566,26.7918558],[82.2135383,26.7917685]]}},{"type":"Feature","properties":{"id":"way/843831312","kind":"road","class":"residential","name":""},"geometry":{"type":"LineString","coordinates":[[82.2119669,26.7933649],[82.2116457,26.7934285]]}},{"type":"Feature","properties":{"id":"way/843831313","kind":"road","class":"residential","name":""},"geometry":{"type":"LineString","coordinates":[[82.2113977,26.7926711],[82.2115435,26.7932363]]}},{"type":"Feature","properties":{"id":"way/843831316","kind":"road","class":"residential","name":""},"geometry":{"type":"LineString","coordinates":[[82.1997568,26.7911236],[82.1998508,26.7910118],[82.1999564,26.7908862],[82.199759,26.7905337],[82.1996542,26.7903299],[82.1995952,26.7901971]]}},{"type":"Feature","properties":{"id":"way/843831317","kind":"road","class":"residential","name":""},"geometry":{"type":"LineString","coordinates":[[82.1998508,26.7910118],[82.1992936,26.7906279],[82.1991625,26.7905376]]}},{"type":"Feature","properties":{"id":"way/843831318","kind":"road","class":"residential","name":""},"geometry":{"type":"LineString","coordinates":[[82.1996542,26.7903299],[82.1991625,26.7905376],[82.1986947,26.7907559],[82.1989994,26.7910126],[82.1990948,26.7908878],[82.1992936,26.7906279]]}},{"type":"Feature","properties":{"id":"way/843831319","kind":"road","class":"residential","name":""},"geometry":{"type":"LineString","coordinates":[[82.1990948,26.7908878],[82.1996595,26.7912411]]}},{"type":"Feature","properties":{"id":"way/843831320","kind":"road","class":"residential","name":""},"geometry":{"type":"LineString","coordinates":[[82.1997568,26.7911236],[82.1996595,26.7912411],[82.199466,26.791512],[82.1994374,26.7915231],[82.1994152,26.7915173],[82.1992635,26.7914167],[82.1992111,26.7914007],[82.1991192,26.7913897]]}},{"type":"Feature","properties":{"id":"way/843831322","kind":"road","class":"residential","name":""},"geometry":{"type":"LineString","coordinates":[[82.2006855,26.7940138],[82.2008786,26.7938658],[82.2009721,26.7937672],[82.2011335,26.7936636],[82.2012905,26.7935784]]}},{"type":"Feature","properties":{"id":"way/843831327","kind":"road","class":"residential","name":""},"geometry":{"type":"LineString","coordinates":[[82.1993837,26.7919155],[82.1991813,26.7921597],[82.1994304,26.7923231],[82.199574,26.7924166],[82.1998146,26.7922063]]}},{"type":"Feature","properties":{"id":"way/843831328","kind":"road","class":"residential","name":""},"geometry":{"type":"LineString","coordinates":[[82.1991813,26.7921597],[82.1991491,26.7921896],[82.1991223,26.7921992],[82.1990895,26.7921956],[82.1990593,26.7921902],[82.199019,26.7921902],[82.199003,26.7921962],[82.1989802,26.7922106],[82.1988772,26.7923121],[82.1987505,26.7924595]]}},{"type":"Feature","properties":{"id":"way/843831329","kind":"road","class":"residential","name":""},"geometry":{"type":"LineString","coordinates":[[82.1988772,26.7923121],[82.1990574,26.7924499],[82.1992054,26.7925878]]}},{"type":"Feature","properties":{"id":"way/843831330","kind":"road","class":"residential","name":""},"geometry":{"type":"LineString","coordinates":[[82.199574,26.7924166],[82.1995273,26.7924901],[82.1994629,26.7925457],[82.1993599,26.7924805],[82.1993471,26.7924307],[82.1994304,26.7923231]]}},{"type":"Feature","properties":{"id":"way/843831333","kind":"road","class":"residential","name":""},"geometry":{"type":"LineString","coordinates":[[82.2081929,26.7953651],[82.2082194,26.7956812],[82.2083036,26.7960619],[82.2080273,26.7961256],[82.2071523,26.7963275]]}},{"type":"Feature","properties":{"id":"way/843831334","kind":"road","class":"residential","name":""},"geometry":{"type":"LineString","coordinates":[[82.2122173,26.7986098],[82.2119117,26.7986465],[82.2106768,26.7988104],[82.2105936,26.798826],[82.2099245,26.7989371]]}},{"type":"Feature","properties":{"id":"way/843831338","kind":"road","class":"residential","name":""},"geometry":{"type":"LineString","coordinates":[[82.2121064,26.7943285],[82.2124599,26.7942174],[82.2129889,26.7941283],[82.2130901,26.7941394],[82.2131421,26.7941759],[82.213221,26.7942974],[82.2132112,26.7944756],[82.2131964,26.7947066],[82.2131421,26.7949961],[82.2131311,26.7950347],[82.2130712,26.7952439]]}},{"type":"Feature","properties":{"id":"way/843831339","kind":"road","class":"residential","name":""},"geometry":{"type":"LineString","coordinates":[[82.2131311,26.7950347],[82.2132508,26.795093]]}},{"type":"Feature","properties":{"id":"way/843831340","kind":"road","class":"residential","name":""},"geometry":{"type":"LineString","coordinates":[[82.2154419,26.7947254],[82.2156087,26.7947396],[82.2158511,26.7947186],[82.2162975,26.7945538],[82.216982,26.7941938],[82.2175635,26.7938356],[82.2175012,26.7937226],[82.2178038,26.7936096]]}},{"type":"Feature","properties":{"id":"way/843831341","kind":"road","class":"residential","name":""},"geometry":{"type":"LineString","coordinates":[[82.2149786,26.7947742],[82.2150023,26.7942547],[82.2149996,26.7942367],[82.2149849,26.7942205],[82.2149547,26.7942032],[82.2144924,26.794132],[82.2145076,26.7948258]]}},{"type":"Feature","properties":{"id":"way/843831342","kind":"road","class":"residential","name":""},"geometry":{"type":"LineString","coordinates":[[82.2138698,26.7949148],[82.2139107,26.7947481],[82.2139452,26.7945523],[82.2139428,26.7943807],[82.2139674,26.794209],[82.2139748,26.7940946],[82.2140118,26.7940704],[82.2144924,26.794132]]}},{"type":"Feature","properties":{"id":"way/843831343","kind":"road","class":"residential","name":""},"geometry":{"type":"LineString","coordinates":[[82.2151814,26.7940308],[82.2153797,26.7933863]]}},{"type":"Feature","properties":{"id":"way/843831344","kind":"road","class":"residential","name":""},"geometry":{"type":"LineString","coordinates":[[82.2142187,26.7932121],[82.2145992,26.7932295],[82.2149992,26.7932963],[82.2153797,26.7933863],[82.2154382,26.7934109],[82.215892,26.7936061],[82.2159327,26.7935198],[82.2161083,26.7930872]]}},{"type":"Feature","properties":{"id":"way/843831345","kind":"road","class":"residential","name":""},"geometry":{"type":"LineString","coordinates":[[82.2154382,26.7934109],[82.2156083,26.7928684],[82.2156046,26.7928253],[82.2155807,26.7928009],[82.215342,26.7927276],[82.2153195,26.7926997],[82.2153489,26.7923776],[82.2153444,26.7923262],[82.2153315,26.7922983],[82.2153024,26.7922927],[82.2151484,26.7923015],[82.2150976,26.7922927],[82.2150354,26.7922571],[82.2148999,26.7921045],[82.2148622,26.7920734],[82.2148132,26.7920649],[82.2147534,26.7920809],[82.2146672,26.7920818],[82.2144202,26.792073]]}},{"type":"Feature","properties":{"id":"way/843831346","kind":"road","class":"residential","name":""},"geometry":{"type":"LineString","coordinates":[[82.216342,26.793897],[82.2164555,26.7940251],[82.2170766,26.7937127]]}},{"type":"Feature","properties":{"id":"way/843831347","kind":"road","class":"residential","name":""},"geometry":{"type":"LineString","coordinates":[[82.2108306,26.7996882],[82.2107757,26.7995381],[82.2107455,26.7994709],[82.2105936,26.798826]]}},{"type":"Feature","properties":{"id":"way/843831351","kind":"road","class":"primary","name":""},"geometry":{"type":"LineString","coordinates":[[82.2085857,26.8057077],[82.2087861,26.8055638],[82.2090425,26.8053052],[82.2092529,26.805093],[82.2094253,26.8048835],[82.2098774,26.8043343],[82.2099734,26.8042178],[82.2102068,26.8039116],[82.2103277,26.8037221],[82.210445,26.8034267],[82.2105166,26.8029801],[82.2105157,26.8027304],[82.2105138,26.8022064],[82.2105136,26.8021637],[82.2104835,26.8019708],[82.2103604,26.8011832],[82.2102772,26.8006505],[82.2102334,26.8003935],[82.2101685,26.8002016],[82.2100676,26.8000454],[82.2099546,26.7996258]]}},{"type":"Feature","properties":{"id":"way/843831353","kind":"road","class":"residential","name":""},"geometry":{"type":"LineString","coordinates":[[82.2094787,26.7962542],[82.2089445,26.7963412],[82.2088275,26.7963906],[82.2086256,26.7965445]]}},{"type":"Feature","properties":{"id":"way/843831364","kind":"road","class":"residential","name":""},"geometry":{"type":"LineString","coordinates":[[82.2158024,26.8020941],[82.215893,26.8019556],[82.2161013,26.8016207]]}},{"type":"Feature","properties":{"id":"way/843831366","kind":"road","class":"residential","name":""},"geometry":{"type":"LineString","coordinates":[[82.2146526,26.8011499],[82.2146014,26.8013356],[82.2145379,26.8015865],[82.2145254,26.8016634],[82.2145323,26.8017866],[82.2146997,26.802124],[82.2147583,26.8021385]]}},{"type":"Feature","properties":{"id":"way/843831367","kind":"road","class":"residential","name":""},"geometry":{"type":"LineString","coordinates":[[82.2146952,26.8023087],[82.2147583,26.8021385],[82.2148209,26.8019126],[82.214848,26.8017146],[82.2148739,26.8016628],[82.2149195,26.8015716],[82.2151463,26.8017586],[82.2153268,26.8019248]]}},{"type":"Feature","properties":{"id":"way/843831368","kind":"road","class":"residential","name":""},"geometry":{"type":"LineString","coordinates":[[82.2145254,26.8016634],[82.2148739,26.8016628]]}},{"type":"Feature","properties":{"id":"way/843831369","kind":"road","class":"residential","name":""},"geometry":{"type":"LineString","coordinates":[[82.2153392,26.8019114],[82.2153268,26.8019248],[82.2151271,26.8022265],[82.2151136,26.8022517],[82.2151103,26.8022708],[82.2151197,26.8022894],[82.2152352,26.8023896],[82.2154402,26.8025342],[82.2154617,26.8025443],[82.2154771,26.8025449],[82.2155005,26.8025384],[82.2155119,26.8025294],[82.2157323,26.8022011]]}},{"type":"Feature","properties":{"id":"way/843831370","kind":"road","class":"residential","name":""},"geometry":{"type":"LineString","coordinates":[[82.2140593,26.800914],[82.2140314,26.8013595],[82.2140352,26.8017563],[82.2140411,26.8019552],[82.21376,26.8019858]]}},{"type":"Feature","properties":{"id":"way/843831371","kind":"road","class":"residential","name":""},"geometry":{"type":"LineString","coordinates":[[82.2037363,26.7941023],[82.2035341,26.7936386],[82.2034268,26.7933948],[82.2033151,26.7929653],[82.2033101,26.7928698],[82.2033355,26.7927938],[82.2034159,26.7927135],[82.203436,26.7926609],[82.2033457,26.7922221]]}},{"type":"Feature","properties":{"id":"way/843831372","kind":"road","class":"residential","name":""},"geometry":{"type":"LineString","coordinates":[[82.2075536,26.7898174],[82.207637,26.7900913],[82.2080585,26.7900385],[82.2080979,26.7898922],[82.2081078,26.7896842],[82.2081069,26.7896481]]}},{"type":"Feature","properties":{"id":"way/843831373","kind":"road","class":"residential","name":""},"geometry":{"type":"LineString","coordinates":[[82.207637,26.7900913],[82.2076412,26.790164],[82.2075889,26.790229],[82.2075366,26.7902874],[82.2073562,26.7904127],[82.2073181,26.7904725],[82.2069029,26.7905455]]}},{"type":"Feature","properties":{"id":"way/843831374","kind":"road","class":"residential","name":""},"geometry":{"type":"LineString","coordinates":[[82.2073562,26.7904127],[82.2073107,26.79033],[82.2072809,26.790278],[82.2072379,26.7901688],[82.2072122,26.7900022],[82.2071958,26.7899006]]}},{"type":"Feature","properties":{"id":"way/843831375","kind":"road","class":"residential","name":""},"geometry":{"type":"LineString","coordinates":[[82.2067447,26.7914417],[82.2066475,26.7913885],[82.2065908,26.7912836],[82.2065731,26.7912099],[82.2064795,26.7910471],[82.2062216,26.7901199]]}},{"type":"Feature","properties":{"id":"way/843831376","kind":"road","class":"residential","name":""},"geometry":{"type":"LineString","coordinates":[[82.2072599,26.787753],[82.2072435,26.7877706],[82.2072218,26.7877817],[82.2067072,26.7878268],[82.2062149,26.7878061],[82.2056783,26.7876543],[82.2054523,26.7875904],[82.2051684,26.7874924],[82.2046513,26.7873138],[82.2045678,26.7872827],[82.204232,26.7871579],[82.2037032,26.7870447],[82.2033791,26.7870594],[82.2033204,26.7870621],[82.2030475,26.7871063],[82.2025003,26.7871063],[82.2019433,26.7872251],[82.2014651,26.7872911],[82.2009524,26.7872867],[82.2006134,26.7871979],[82.2004989,26.7871679],[82.2000094,26.7869878],[82.1999369,26.7869611],[82.1995031,26.7868335],[82.199147,26.7867586],[82.1988294,26.7867231],[82.1987883,26.7867103]]}},{"type":"Feature","properties":{"id":"way/843831377","kind":"road","class":"residential","name":""},"geometry":{"type":"LineString","coordinates":[[82.2032914,26.7862537],[82.203341,26.7862495],[82.2034346,26.7862415],[82.203495,26.7862289],[82.2035319,26.786208],[82.2035627,26.7861864],[82.2037121,26.7858934],[82.2038112,26.7857301],[82.2038977,26.7855876],[82.2041595,26.7852214],[82.2042447,26.7851795],[82.2045844,26.7848919],[82.2047818,26.7847234],[82.2048547,26.7845701],[82.2048732,26.7844721],[82.2049234,26.7842062],[82.2052622,26.7840214],[82.2053448,26.7839225],[82.2053722,26.7838538]]}},{"type":"Feature","properties":{"id":"way/843831378","kind":"road","class":"residential","name":""},"geometry":{"type":"LineString","coordinates":[[82.2049234,26.7842062],[82.2048663,26.7841249],[82.2048663,26.7839753]]}},{"type":"Feature","properties":{"id":"way/843831379","kind":"road","class":"residential","name":""},"geometry":{"type":"LineString","coordinates":[[82.2041595,26.7852214],[82.2040425,26.7847374],[82.2040815,26.7846706],[82.2043352,26.7845574],[82.2044132,26.7845313]]}},{"type":"Feature","properties":{"id":"way/843831380","kind":"road","class":"residential","name":""},"geometry":{"type":"LineString","coordinates":[[82.2042447,26.7851795],[82.2047132,26.7851405],[82.2049727,26.7851661],[82.2050502,26.7852015],[82.2051395,26.7853355],[82.2052758,26.785464],[82.2054212,26.7854984],[82.2055411,26.7854908],[82.2059075,26.7854676],[82.2061829,26.7855576],[82.2064038,26.7856626],[82.2066355,26.7856678],[82.2069073,26.7856097]]}},{"type":"Feature","properties":{"id":"way/843831381","kind":"road","class":"residential","name":""},"geometry":{"type":"LineString","coordinates":[[82.2032257,26.7836301],[82.2033605,26.7836476],[82.2036164,26.7836168],[82.2039807,26.7835123],[82.2042441,26.7834803],[82.2045238,26.783611],[82.2045778,26.783639],[82.2047255,26.7837155],[82.2053722,26.7838538],[82.2055288,26.7838636],[82.2059614,26.7839275],[82.2062313,26.7839884],[82.2066443,26.7841328],[82.2069737,26.7841655],[82.2072481,26.7841834],[82.2074269,26.7841855],[82.2076214,26.7841618],[82.2078194,26.7841255],[82.208471,26.7839835]]}},{"type":"Feature","properties":{"id":"way/843831382","kind":"road","class":"residential","name":""},"geometry":{"type":"LineString","coordinates":[[82.1922374,26.8000483],[82.1924837,26.7999662],[82.1925982,26.7998784],[82.1929708,26.7997421],[82.1930931,26.7996847],[82.1934764,26.7996522]]}},{"type":"Feature","properties":{"id":"way/843831383","kind":"road","class":"residential","name":""},"geometry":{"type":"LineString","coordinates":[[82.1927537,26.8010709],[82.192763,26.8011653],[82.1927735,26.8013281],[82.1929344,26.8013215]]}},{"type":"Feature","properties":{"id":"way/843831384","kind":"road","class":"residential","name":""},"geometry":{"type":"LineString","coordinates":[[82.1933107,26.8023057],[82.1933901,26.8023581],[82.1935856,26.8024427],[82.1938475,26.8025159],[82.1941165,26.8025698]]}},{"type":"Feature","properties":{"id":"way/843831385","kind":"road","class":"residential","name":""},"geometry":{"type":"LineString","coordinates":[[82.2054001,26.8015445],[82.2050553,26.8015853],[82.2046428,26.801634],[82.2042127,26.8016848]]}},{"type":"Feature","properties":{"id":"way/843831386","kind":"road","class":"residential","name":""},"geometry":{"type":"LineString","coordinates":[[82.2043489,26.8022357],[82.2047389,26.8021628],[82.2046428,26.801634]]}},{"type":"Feature","properties":{"id":"way/843831387","kind":"road","class":"residential","name":""},"geometry":{"type":"LineString","coordinates":[[82.2047389,26.8021628],[82.2050875,26.8021158],[82.2051056,26.8021032],[82.2051204,26.8020835],[82.2051251,26.802056],[82.2050553,26.8015853]]}},{"type":"Feature","properties":{"id":"way/843831388","kind":"road","class":"residential","name":""},"geometry":{"type":"LineString","coordinates":[[82.2047389,26.8021628],[82.2048052,26.8024049],[82.2048684,26.8028934],[82.2047778,26.8029591],[82.20479,26.8033085]]}},{"type":"Feature","properties":{"id":"way/843831389","kind":"road","class":"residential","name":""},"geometry":{"type":"LineString","coordinates":[[82.2054091,26.8022867],[82.2048052,26.8024049],[82.2044026,26.802485],[82.2044417,26.8030976]]}},{"type":"Feature","properties":{"id":"way/843831390","kind":"road","class":"residential","name":""},"geometry":{"type":"LineString","coordinates":[[82.2054615,26.8025709],[82.2058703,26.8025082],[82.2060269,26.8024546]]}},{"type":"Feature","properties":{"id":"way/843831396","kind":"road","class":"residential","name":""},"geometry":{"type":"LineString","coordinates":[[82.2066194,26.7987207],[82.2072564,26.7986524],[82.2075838,26.7985837]]}},{"type":"Feature","properties":{"id":"way/843831397","kind":"road","class":"residential","name":""},"geometry":{"type":"LineString","coordinates":[[82.2075519,26.7984112],[82.2081754,26.7983923],[82.208245,26.7983936],[82.2086301,26.7983481]]}},{"type":"Feature","properties":{"id":"way/843831398","kind":"road","class":"residential","name":""},"geometry":{"type":"LineString","coordinates":[[82.2081754,26.7983923],[82.2081771,26.7983355],[82.2080327,26.7978654]]}},{"type":"Feature","properties":{"id":"way/844065533","kind":"road","class":"residential","name":""},"geometry":{"type":"LineString","coordinates":[[82.2074661,26.7952417],[82.207469,26.7951327],[82.2073877,26.7948621],[82.2074296,26.7947762],[82.2074172,26.7944572],[82.2073981,26.7943258]]}},{"type":"Feature","properties":{"id":"way/844065534","kind":"road","class":"residential","name":""},"geometry":{"type":"LineString","coordinates":[[82.2074296,26.7947762],[82.2081953,26.7945695]]}},{"type":"Feature","properties":{"id":"way/844065535","kind":"road","class":"residential","name":""},"geometry":{"type":"LineString","coordinates":[[82.2030873,26.7964197],[82.2031503,26.7963999],[82.2037677,26.7962063],[82.2037968,26.7961972],[82.2040532,26.7960894]]}},{"type":"Feature","properties":{"id":"way/844065536","kind":"road","class":"residential","name":""},"geometry":{"type":"LineString","coordinates":[[82.1897649,26.7919899],[82.1900106,26.7918197],[82.1901476,26.7916651],[82.1902839,26.7915866],[82.1903099,26.7915683],[82.1903155,26.7915407],[82.1903075,26.7915112],[82.1901714,26.7912762],[82.1901761,26.7912454],[82.1901942,26.7912186],[82.1904395,26.7910936],[82.1904783,26.7910595],[82.1905874,26.790988],[82.1907016,26.7908544],[82.1907323,26.7908359],[82.1907742,26.7908181],[82.1912245,26.7907905],[82.1918987,26.7907491],[82.1920882,26.7907375]]}},{"type":"Feature","properties":{"id":"way/844065537","kind":"road","class":"residential","name":""},"geometry":{"type":"LineString","coordinates":[[82.1899465,26.7921838],[82.1904595,26.7920028],[82.1907895,26.7919781],[82.1910126,26.7919672],[82.1910523,26.7919749],[82.191079,26.791996],[82.19111,26.7920485],[82.1911493,26.7921974],[82.191255,26.7922056],[82.1912945,26.7922217],[82.1913199,26.7922503],[82.1913903,26.7924741],[82.1914159,26.7924961],[82.1914639,26.7925104],[82.1919376,26.7924224]]}},{"type":"Feature","properties":{"id":"way/844065538","kind":"road","class":"residential","name":""},"geometry":{"type":"LineString","coordinates":[[82.1911493,26.7921974],[82.1906538,26.7923785],[82.1906351,26.7924074],[82.1906361,26.7924339],[82.190663,26.792512],[82.1906593,26.7925489],[82.1906366,26.79257],[82.1904154,26.7926804]]}},{"type":"Feature","properties":{"id":"way/844065539","kind":"road","class":"residential","name":""},"geometry":{"type":"LineString","coordinates":[[82.1948661,26.7897484],[82.194568,26.7898105],[82.1944106,26.789845],[82.1943789,26.7898644],[82.1943696,26.7898861],[82.1943696,26.7899934],[82.19435,26.7900271],[82.1943164,26.7900546],[82.1941587,26.790091],[82.1940857,26.7901133],[82.1940314,26.7901501],[82.1940041,26.7901854],[82.1939861,26.7902206],[82.1939956,26.7903156],[82.1938868,26.7903987],[82.1937636,26.7904509],[82.1934142,26.7905567],[82.1932064,26.7906062],[82.1931548,26.790604],[82.1931206,26.7905915],[82.1930427,26.7905014],[82.1928421,26.7903482],[82.1928049,26.7903231],[82.1927466,26.7902837],[82.1922501,26.7897337]]}},{"type":"Feature","properties":{"id":"way/844065540","kind":"road","class":"residential","name":""},"geometry":{"type":"LineString","coordinates":[[82.1917495,26.7892688],[82.1920368,26.7892012],[82.1931137,26.7889333],[82.1933939,26.78891],[82.1937254,26.7888198]]}},{"type":"Feature","properties":{"id":"way/844065541","kind":"road","class":"residential","name":""},"geometry":{"type":"LineString","coordinates":[[82.1944576,26.7894202],[82.1941263,26.7895349],[82.1939751,26.7895613],[82.1938189,26.7895791],[82.1935912,26.7895792],[82.1935551,26.7895825],[82.1933544,26.7896006],[82.1930685,26.7896537],[82.1922501,26.7897337],[82.1921068,26.7897477],[82.1920631,26.789752]]}},{"type":"Feature","properties":{"id":"way/844065542","kind":"road","class":"residential","name":""},"geometry":{"type":"LineString","coordinates":[[82.1951741,26.78993],[82.1950326,26.7901063],[82.1949756,26.7902144],[82.1949234,26.7902631],[82.1948411,26.7902953],[82.1945551,26.7903761],[82.1944334,26.7904871],[82.1943504,26.7905558],[82.1943004,26.7905659],[82.194241,26.7905554],[82.1941586,26.7904917],[82.1940712,26.790417],[82.1939956,26.7903156]]}},{"type":"Feature","properties":{"id":"way/844065543","kind":"road","class":"residential","name":""},"geometry":{"type":"LineString","coordinates":[[82.1920082,26.7882405],[82.1920453,26.78824],[82.1922739,26.7882367],[82.1925057,26.788206],[82.1926752,26.7881466],[82.19275,26.7880757]]}},{"type":"Feature","properties":{"id":"way/844065544","kind":"road","class":"residential","name":""},"geometry":{"type":"LineString","coordinates":[[82.1920167,26.7888314],[82.1918479,26.7887593],[82.1916062,26.7886081],[82.1914464,26.7885019],[82.1913274,26.7884053],[82.1912339,26.7883159],[82.1910226,26.7879935]]}},{"type":"Feature","properties":{"id":"way/844065545","kind":"road","class":"residential","name":""},"geometry":{"type":"LineString","coordinates":[[82.192002,26.7879259],[82.1916455,26.7879868],[82.1914649,26.7880518],[82.1914216,26.7880523],[82.1913834,26.7880372],[82.1913344,26.7879926],[82.1912677,26.7879719],[82.1912266,26.7879671],[82.1911806,26.787969],[82.1910226,26.7879935],[82.1909503,26.7879753],[82.1908855,26.7879441],[82.1908387,26.7879064],[82.1907915,26.7878068],[82.1907766,26.7877493],[82.1907207,26.7875328],[82.1906448,26.7871093],[82.1906333,26.7870971],[82.1906153,26.7870892],[82.1905603,26.7870824],[82.1905084,26.7870841],[82.1904396,26.7871229],[82.1903568,26.7871452],[82.1902765,26.7871363],[82.1902195,26.787112],[82.190165,26.787081],[82.1900636,26.7870123],[82.1899449,26.7868953]]}},{"type":"Feature","properties":{"id":"way/844065546","kind":"road","class":"residential","name":""},"geometry":{"type":"LineString","coordinates":[[82.18932,26.788388],[82.1894293,26.7882086],[82.1895497,26.7880809],[82.1897968,26.787927],[82.1899952,26.7878892],[82.1902684,26.7878718],[82.1904733,26.7878515],[82.1907766,26.7877493]]}},{"type":"Feature","properties":{"id":"way/844065547","kind":"road","class":"residential","name":""},"geometry":{"type":"LineString","coordinates":[[82.1890333,26.7885513],[82.1890113,26.7886298],[82.1889971,26.7886816],[82.1889766,26.7887378],[82.1889104,26.7888089],[82.1888166,26.7888778],[82.188603,26.7889746],[82.1884319,26.7890529],[82.1884047,26.7890893],[82.188377,26.7891386],[82.188347,26.7891618],[82.1882478,26.7892151],[82.1882295,26.7892408],[82.1882317,26.7892641],[82.1882617,26.7893361],[82.1882592,26.7893682],[82.1882468,26.7893859],[82.1881454,26.7894598],[82.1880963,26.7894986]]}},{"type":"Feature","properties":{"id":"way/844065548","kind":"road","class":"residential","name":""},"geometry":{"type":"LineString","coordinates":[[82.1921312,26.7996189],[82.1920179,26.7996762],[82.1919374,26.7997132],[82.1918923,26.7997157],[82.1918472,26.7997038],[82.1917382,26.7995732],[82.1916569,26.7994135],[82.1916341,26.7993787],[82.1916016,26.7993308],[82.1915651,26.7992325],[82.1915753,26.799204],[82.1916049,26.7991783],[82.1918403,26.799101],[82.1920778,26.7990716]]}},{"type":"Feature","properties":{"id":"way/844065549","kind":"road","class":"residential","name":""},"geometry":{"type":"LineString","coordinates":[[82.1916859,26.7965038],[82.1909859,26.7966908]]}},{"type":"Feature","properties":{"id":"way/844065550","kind":"road","class":"residential","name":""},"geometry":{"type":"LineString","coordinates":[[82.1916859,26.7965038],[82.1917777,26.796461],[82.1918261,26.7964481],[82.1918818,26.7964374],[82.1920053,26.7964182],[82.1920618,26.7964015],[82.1921184,26.796374],[82.1922839,26.7961593]]}},{"type":"Feature","properties":{"id":"way/844065551","kind":"road","class":"residential","name":""},"geometry":{"type":"LineString","coordinates":[[82.1925512,26.7949684],[82.1924235,26.7949029],[82.1920648,26.7945427],[82.1917024,26.7941558],[82.1916557,26.7941027],[82.1913265,26.7938655]]}},{"type":"Feature","properties":{"id":"way/844065552","kind":"road","class":"residential","name":""},"geometry":{"type":"LineString","coordinates":[[82.1916557,26.7941027],[82.1923028,26.7939599]]}},{"type":"Feature","properties":{"id":"way/844065553","kind":"road","class":"residential","name":""},"geometry":{"type":"LineString","coordinates":[[82.1920229,26.7890112],[82.1917766,26.7890362],[82.1917524,26.7890654],[82.1917377,26.789091],[82.1917323,26.7891183],[82.1917495,26.7892688],[82.191745,26.789311],[82.1917293,26.7893465],[82.191691,26.7894073],[82.1916184,26.7894327],[82.1911222,26.7895267],[82.1907983,26.789563],[82.1905975,26.7895613],[82.1904985,26.789565],[82.1903987,26.7895414],[82.190067,26.7894583]]}},{"type":"Feature","properties":{"id":"way/844065554","kind":"road","class":"residential","name":""},"geometry":{"type":"LineString","coordinates":[[82.1903174,26.7892469],[82.1902375,26.7892668],[82.1901651,26.7893024],[82.190067,26.7894583],[82.1899462,26.7895373],[82.1898411,26.7895687],[82.1894399,26.7896196],[82.1893455,26.789636],[82.189266,26.7896568],[82.1889999,26.7898215],[82.188824,26.7899326],[82.1886992,26.7900058],[82.1885931,26.7900735]]}},{"type":"Feature","properties":{"id":"way/844065555","kind":"road","class":"residential","name":""},"geometry":{"type":"LineString","coordinates":[[82.190067,26.7894583],[82.1899421,26.7893608],[82.1897747,26.7892223],[82.1895985,26.7890006],[82.1894711,26.7888428],[82.1893503,26.7884942],[82.1892912,26.7884034]]}},{"type":"Feature","properties":{"id":"way/844065556","kind":"road","class":"residential","name":""},"geometry":{"type":"LineString","coordinates":[[82.18932,26.788388],[82.1894695,26.7884334],[82.189688,26.788528],[82.1899849,26.7886938],[82.1901236,26.7887519],[82.1902086,26.788853],[82.1903174,26.7892469],[82.1903987,26.7895414]]}},{"type":"Feature","properties":{"id":"way/844065557","kind":"road","class":"residential","name":""},"geometry":{"type":"LineString","coordinates":[[82.1909503,26.7879753],[82.19054,26.7880854]]}},{"type":"Feature","properties":{"id":"way/844065558","kind":"road","class":"residential","name":""},"geometry":{"type":"LineString","coordinates":[[82.1912245,26.7907905],[82.1912194,26.7905036],[82.1911293,26.7903235],[82.1909962,26.7901626],[82.190919,26.7900362],[82.1908374,26.7897719],[82.1907983,26.789563]]}},{"type":"Feature","properties":{"id":"way/844065559","kind":"road","class":"residential","name":""},"geometry":{"type":"LineString","coordinates":[[82.195046,26.7891201],[82.1950778,26.7890407],[82.1952845,26.7889478],[82.1953362,26.7888925],[82.1955421,26.7887917],[82.1959064,26.7886627],[82.1960077,26.7886268],[82.1962188,26.7890384],[82.1963509,26.7893141]]}},{"type":"Feature","properties":{"id":"way/844065560","kind":"road","class":"residential","name":""},"geometry":{"type":"LineString","coordinates":[[82.2003297,26.7893995],[82.2008705,26.7893329],[82.2011934,26.7893109],[82.2014472,26.7893219],[82.2018416,26.7894473]]}},{"type":"Feature","properties":{"id":"way/844065561","kind":"road","class":"residential","name":"","surface":"concrete"},"geometry":{"type":"LineString","coordinates":[[82.2002537,26.7901128],[82.2004074,26.7900772],[82.2005742,26.790067],[82.2007566,26.7900632],[82.2011261,26.7900123],[82.2013536,26.789949],[82.201538,26.7899182],[82.2015887,26.7899252],[82.2018219,26.7902004],[82.2018877,26.7902164],[82.2019694,26.7902156],[82.2026448,26.7900521],[82.2027385,26.7900171]]}},{"type":"Feature","properties":{"id":"way/844065562","kind":"road","class":"residential","name":""},"geometry":{"type":"LineString","coordinates":[[82.2018219,26.7902004],[82.201781,26.7902414],[82.2017157,26.7902684],[82.2014489,26.7903784],[82.2013862,26.7904042],[82.2010686,26.7905785],[82.2006781,26.7907509],[82.200736,26.7909444],[82.2006049,26.7910542]]}},{"type":"Feature","properties":{"id":"way/844065563","kind":"road","class":"residential","name":""},"geometry":{"type":"LineString","coordinates":[[82.2014489,26.7903784],[82.2013735,26.790226],[82.2011161,26.790339],[82.2008736,26.7904252],[82.2006054,26.7905133]]}},{"type":"Feature","properties":{"id":"way/844065564","kind":"road","class":"residential","name":""},"geometry":{"type":"LineString","coordinates":[[82.2012864,26.7913328],[82.2012314,26.7911568],[82.2011748,26.7908611],[82.2010686,26.7905785]]}},{"type":"Feature","properties":{"id":"way/844065565","kind":"road","class":"residential","name":""},"geometry":{"type":"LineString","coordinates":[[82.2013862,26.7904042],[82.2016278,26.790942],[82.2019308,26.7908561],[82.2017157,26.7902684]]}},{"type":"Feature","properties":{"id":"way/844065566","kind":"road","class":"residential","name":""},"geometry":{"type":"LineString","coordinates":[[82.2040587,26.7907078],[82.2035372,26.7908453],[82.2034555,26.7908668],[82.2034084,26.7908752],[82.20311,26.7909281],[82.203037,26.7909453]]}},{"type":"Feature","properties":{"id":"way/844065567","kind":"road","class":"residential","name":""},"geometry":{"type":"LineString","coordinates":[[82.2035372,26.7908453],[82.2036338,26.7912017],[82.2036396,26.7912395],[82.2036616,26.7913817],[82.2036123,26.7914545],[82.2035973,26.7915618],[82.2036209,26.791602],[82.203681,26.7916058],[82.2037373,26.7917665],[82.2039127,26.791738],[82.2042797,26.7916339]]}},{"type":"Feature","properties":{"id":"way/844065568","kind":"road","class":"residential","name":""},"geometry":{"type":"LineString","coordinates":[[82.2037373,26.7917665],[82.2036763,26.7918106],[82.2034876,26.7918673],[82.2034322,26.7918798],[82.2030225,26.7919723],[82.2027834,26.792039]]}},{"type":"Feature","properties":{"id":"way/844065569","kind":"road","class":"residential","name":""},"geometry":{"type":"LineString","coordinates":[[82.2042731,26.7916057],[82.2047656,26.7914936],[82.2046715,26.7910546],[82.2041633,26.7911415]]}},{"type":"Feature","properties":{"id":"way/844065570","kind":"road","class":"residential","name":""},"geometry":{"type":"LineString","coordinates":[[82.2050617,26.7888693],[82.2050782,26.7890272],[82.2047639,26.7891586],[82.2044893,26.7892648],[82.2042571,26.7893431],[82.2042146,26.7894872],[82.204192,26.7895529],[82.2040371,26.7896096],[82.2039411,26.7896067],[82.2038861,26.7895978],[82.203811,26.7896065],[82.2037391,26.7896149]]}},{"type":"Feature","properties":{"id":"way/844065571","kind":"road","class":"residential","name":""},"geometry":{"type":"LineString","coordinates":[[82.2049467,26.7904256],[82.2049049,26.7901688],[82.2048152,26.7898553]]}},{"type":"Feature","properties":{"id":"way/844065572","kind":"road","class":"residential","name":""},"geometry":{"type":"LineString","coordinates":[[82.2084691,26.7946998],[82.2085596,26.7943275],[82.2085892,26.7942702],[82.2085965,26.7941844],[82.2085793,26.7939952]]}},{"type":"Feature","properties":{"id":"way/844065573","kind":"road","class":"residential","name":""},"geometry":{"type":"LineString","coordinates":[[82.2075493,26.7943622],[82.2075268,26.7938896],[82.2075416,26.7938302],[82.2076969,26.7937752],[82.2076993,26.7937312],[82.2076402,26.793487],[82.2075472,26.7932216],[82.2077391,26.7931731],[82.2079451,26.7930696],[82.2077434,26.7928513],[82.2074301,26.7929375],[82.2072182,26.7930307],[82.2064933,26.7930434]]}},{"type":"Feature","properties":{"id":"way/844065574","kind":"road","class":"residential","name":""},"geometry":{"type":"LineString","coordinates":[[82.2098466,26.7951009],[82.2099299,26.7954521],[82.2100543,26.7959386],[82.2101444,26.7961263],[82.2103805,26.7963714]]}},{"type":"Feature","properties":{"id":"way/844065575","kind":"road","class":"residential","name":""},"geometry":{"type":"LineString","coordinates":[[82.2134973,26.7968225],[82.2136205,26.7965627],[82.2137096,26.7962061]]}},{"type":"Feature","properties":{"id":"way/844065576","kind":"road","class":"residential","name":""},"geometry":{"type":"LineString","coordinates":[[82.2153546,26.7968509],[82.215432,26.7962254]]}},{"type":"Feature","properties":{"id":"way/844065577","kind":"road","class":"residential","name":""},"geometry":{"type":"LineString","coordinates":[[82.2141124,26.7960561],[82.2141232,26.7957963],[82.2141421,26.7953405]]}},{"type":"Feature","properties":{"id":"way/844065578","kind":"road","class":"residential","name":""},"geometry":{"type":"LineString","coordinates":[[82.2176904,26.7971624],[82.2174308,26.7976569],[82.2168146,26.7987614],[82.2162626,26.7996748],[82.2162257,26.7997612],[82.2162285,26.7998012],[82.2162481,26.7998262],[82.2166,26.7999971]]}},{"type":"Feature","properties":{"id":"way/844065580","kind":"road","class":"residential","name":""},"geometry":{"type":"LineString","coordinates":[[82.2142799,26.8004714],[82.2139286,26.8005003],[82.213847,26.8002034],[82.2138218,26.8000305],[82.213817,26.7997782],[82.2138041,26.7996284]]}},{"type":"Feature","properties":{"id":"way/844065581","kind":"road","class":"residential","name":""},"geometry":{"type":"LineString","coordinates":[[82.2133468,26.8009573],[82.2132628,26.8005309],[82.2136227,26.8004715]]}},{"type":"Feature","properties":{"id":"way/844065582","kind":"road","class":"residential","name":""},"geometry":{"type":"LineString","coordinates":[[82.2146138,26.8011333],[82.2147565,26.8008308],[82.2148462,26.8006507],[82.214861,26.8005418],[82.2149452,26.8002772]]}},{"type":"Feature","properties":{"id":"way/844065583","kind":"road","class":"residential","name":""},"geometry":{"type":"LineString","coordinates":[[82.2089457,26.8070824],[82.2085334,26.8073722],[82.2083789,26.8074841],[82.2081648,26.8076161],[82.2080033,26.8077391],[82.2078805,26.8078304],[82.207601,26.8079788],[82.2075451,26.8080019],[82.2074826,26.808034],[82.2074745,26.8080667],[82.207477,26.8081008],[82.207541,26.8082395]]}},{"type":"Feature","properties":{"id":"way/844065584","kind":"road","class":"residential","name":""},"geometry":{"type":"LineString","coordinates":[[82.2089932,26.8072944],[82.2088637,26.8073938],[82.2086903,26.8075225],[82.2083855,26.8077429],[82.20818,26.8079046],[82.207997,26.8080196],[82.207541,26.8082395],[82.2073877,26.8083007],[82.2073245,26.8083391]]}},{"type":"Feature","properties":{"id":"way/844065585","kind":"road","class":"residential","name":""},"geometry":{"type":"LineString","coordinates":[[82.2073877,26.8083007],[82.2073172,26.8081824],[82.2072743,26.8081631],[82.207225,26.8081566],[82.2071799,26.8081554],[82.2071516,26.8081342],[82.2070839,26.8080297],[82.2070709,26.8079842],[82.2070806,26.8079532],[82.2071122,26.8079223],[82.2072526,26.807854],[82.2072982,26.8078248],[82.2073376,26.8077581],[82.2073407,26.8077023],[82.2073209,26.8076483],[82.2072136,26.8075177],[82.2071854,26.8074805],[82.2070733,26.8072805],[82.2070494,26.807217]]}},{"type":"Feature","properties":{"id":"way/844065587","kind":"road","class":"residential","name":""},"geometry":{"type":"LineString","coordinates":[[82.206962,26.8072583],[82.2067343,26.8069535]]}},{"type":"Feature","properties":{"id":"way/844065588","kind":"road","class":"residential","name":""},"geometry":{"type":"LineString","coordinates":[[82.2057929,26.8067778],[82.2058578,26.8069074],[82.2059587,26.8070791],[82.2060409,26.8071608],[82.2060997,26.8072301],[82.2061339,26.8072898],[82.2061682,26.8074091],[82.2062679,26.8076596]]}},{"type":"Feature","properties":{"id":"way/844065591","kind":"road","class":"residential","name":""},"geometry":{"type":"LineString","coordinates":[[82.2074826,26.808034],[82.2074525,26.8080081],[82.2073784,26.8079371],[82.2072982,26.8078248]]}},{"type":"Feature","properties":{"id":"way/844065592","kind":"road","class":"residential","name":""},"geometry":{"type":"LineString","coordinates":[[82.2072136,26.8075177],[82.207425,26.8074014],[82.2074706,26.8073869],[82.2075232,26.8073938],[82.2075999,26.8074322],[82.2078182,26.8075741],[82.2080033,26.8077391]]}},{"type":"Feature","properties":{"id":"way/844065593","kind":"road","class":"residential","name":""},"geometry":{"type":"LineString","coordinates":[[82.2063189,26.8076403],[82.206408,26.8078215],[82.206515,26.8080281],[82.2065773,26.8081832],[82.2065965,26.8082694]]}},{"type":"Feature","properties":{"id":"way/844065594","kind":"road","class":"residential","name":""},"geometry":{"type":"LineString","coordinates":[[82.2046427,26.8081736],[82.2047775,26.8084349],[82.2048182,26.8085119],[82.2048776,26.8086018],[82.204918,26.8086326],[82.2049653,26.8086305],[82.2051652,26.8085262],[82.2052613,26.8085044],[82.2053761,26.808495]]}},{"type":"Feature","properties":{"id":"way/844065595","kind":"road","class":"residential","name":""},"geometry":{"type":"LineString","coordinates":[[82.2026755,26.8082901],[82.2027152,26.8085245],[82.202776,26.8087346],[82.2027968,26.8088558],[82.2028053,26.8091412],[82.2028375,26.8093145]]}},{"type":"Feature","properties":{"id":"way/844065596","kind":"road","class":"residential","name":""},"geometry":{"type":"LineString","coordinates":[[82.20815,26.8054515],[82.2080911,26.8054735],[82.2076932,26.8055928],[82.2076832,26.805611],[82.2076863,26.8056401],[82.207737,26.8057476],[82.2077801,26.805869],[82.207806,26.8059533],[82.2078061,26.8059855],[82.2077813,26.8060102],[82.2076671,26.8060514],[82.20761,26.8060616],[82.2075516,26.8060715],[82.2074023,26.8061319],[82.2073342,26.8061779]]}},{"type":"Feature","properties":{"id":"way/844065597","kind":"road","class":"residential","name":""},"geometry":{"type":"LineString","coordinates":[[82.2074322,26.8063228],[82.2068335,26.8066658]]}},{"type":"Feature","properties":{"id":"way/844065598","kind":"road","class":"residential","name":""},"geometry":{"type":"LineString","coordinates":[[82.2066267,26.8063533],[82.2071658,26.8060424],[82.2072015,26.8060286],[82.2072371,26.8060427],[82.2073342,26.8061779],[82.2074322,26.8063228],[82.2075701,26.8065125]]}},{"type":"Feature","properties":{"id":"way/844065599","kind":"road","class":"residential","name":""},"geometry":{"type":"LineString","coordinates":[[82.2094253,26.8048835],[82.2101608,26.8053948]]}},{"type":"Feature","properties":{"id":"way/844218397","kind":"road","class":"residential","name":""},"geometry":{"type":"LineString","coordinates":[[82.2148853,26.7960843],[82.2149357,26.795825],[82.2149777,26.7955082],[82.2150615,26.7954686],[82.2154312,26.7954752]]}},{"type":"Feature","properties":{"id":"way/844218398","kind":"road","class":"residential","name":""},"geometry":{"type":"LineString","coordinates":[[82.2141232,26.7957963],[82.2143593,26.7957941],[82.2143961,26.7957869],[82.2144069,26.7957765],[82.2144109,26.7957669],[82.2144153,26.7957525],[82.2144379,26.7952398]]}},{"type":"Feature","properties":{"id":"way/844218399","kind":"road","class":"residential","name":""},"geometry":{"type":"LineString","coordinates":[[82.2136205,26.7965627],[82.2140094,26.7965873],[82.2140818,26.7961785]]}},{"type":"Feature","properties":{"id":"way/844218400","kind":"road","class":"residential","name":""},"geometry":{"type":"LineString","coordinates":[[82.2154967,26.798177],[82.2157422,26.7982118],[82.2160943,26.7982603],[82.2161738,26.7982349],[82.2165877,26.7971812]]}},{"type":"Feature","properties":{"id":"way/844218403","kind":"road","class":"residential","name":""},"geometry":{"type":"LineString","coordinates":[[82.2162582,26.7968423],[82.2169245,26.7971069]]}},{"type":"Feature","properties":{"id":"way/844218404","kind":"road","class":"residential","name":""},"geometry":{"type":"LineString","coordinates":[[82.2107701,26.7978771],[82.2113446,26.7978516],[82.2116243,26.7977558],[82.2118195,26.7976226]]}},{"type":"Feature","properties":{"id":"way/844218405","kind":"road","class":"residential","name":""},"geometry":{"type":"LineString","coordinates":[[82.2120025,26.8016977],[82.212797,26.8016386],[82.2130475,26.801626]]}},{"type":"Feature","properties":{"id":"way/844218407","kind":"road","class":"residential","name":""},"geometry":{"type":"LineString","coordinates":[[82.2011315,26.7944696],[82.2013549,26.7946666]]}},{"type":"Feature","properties":{"id":"way/844218408","kind":"road","class":"tertiary","name":""},"geometry":{"type":"LineString","coordinates":[[82.2020963,26.7959737],[82.2028389,26.7958057]]}},{"type":"Feature","properties":{"id":"way/844218409","kind":"road","class":"residential","name":""},"geometry":{"type":"LineString","coordinates":[[82.2023108,26.797442],[82.2024877,26.7974272],[82.2026172,26.7973387],[82.2027227,26.7972972],[82.2028443,26.7972443],[82.2030102,26.7971544],[82.2031141,26.7970771]]}},{"type":"Feature","properties":{"id":"way/844218410","kind":"road","class":"residential","name":""},"geometry":{"type":"LineString","coordinates":[[82.2026172,26.7973387],[82.2024982,26.7972683],[82.2024755,26.7971937],[82.202267,26.7972143]]}},{"type":"Feature","properties":{"id":"way/844218411","kind":"road","class":"residential","name":""},"geometry":{"type":"LineString","coordinates":[[82.2038471,26.7978902],[82.204513,26.7980089]]}},{"type":"Feature","properties":{"id":"way/844218412","kind":"road","class":"residential","name":""},"geometry":{"type":"LineString","coordinates":[[82.20352,26.7955336],[82.2036971,26.7959345],[82.2037677,26.7962063]]}},{"type":"Feature","properties":{"id":"way/844218413","kind":"road","class":"residential","name":""},"geometry":{"type":"LineString","coordinates":[[82.2034718,26.7955691],[82.2033183,26.795207],[82.2031939,26.7948967]]}},{"type":"Feature","properties":{"id":"way/844218415","kind":"road","class":"residential","name":""},"geometry":{"type":"LineString","coordinates":[[82.2045821,26.7939087],[82.2046006,26.7940915],[82.2045706,26.7942237],[82.2046479,26.7944363],[82.204768,26.794737],[82.2052103,26.7946488]]}},{"type":"Feature","properties":{"id":"way/844218418","kind":"road","class":"residential","name":""},"geometry":{"type":"LineString","coordinates":[[82.2056366,26.7938583],[82.205683,26.7941688],[82.2051334,26.7942166]]}},{"type":"Feature","properties":{"id":"way/844218421","kind":"road","class":"residential","name":""},"geometry":{"type":"LineString","coordinates":[[82.201362,26.8027266],[82.2016445,26.802732],[82.2017477,26.802734],[82.2019773,26.8027087],[82.2020111,26.802705],[82.2024768,26.8026116]]}},{"type":"Feature","properties":{"id":"way/844218422","kind":"road","class":"residential","name":""},"geometry":{"type":"LineString","coordinates":[[82.2024741,26.8023989],[82.202277,26.8023559],[82.2020156,26.8022907]]}},{"type":"Feature","properties":{"id":"way/844218423","kind":"road","class":"residential","name":""},"geometry":{"type":"LineString","coordinates":[[82.2019773,26.8027087],[82.2020238,26.8029747],[82.2020358,26.8030432],[82.2021038,26.8034613],[82.2021133,26.8034943],[82.2021516,26.8035076],[82.2022058,26.8035074],[82.2026354,26.8034645]]}},{"type":"Feature","properties":{"id":"way/844218425","kind":"road","class":"residential","name":""},"geometry":{"type":"LineString","coordinates":[[82.2050553,26.8015853],[82.2050126,26.8013546],[82.2049756,26.8011995],[82.204979,26.8011508],[82.2052172,26.8011565],[82.2054682,26.801191],[82.2055652,26.8012242]]}},{"type":"Feature","properties":{"id":"way/844218426","kind":"road","class":"residential","name":""},"geometry":{"type":"LineString","coordinates":[[82.2055652,26.8012242],[82.2058452,26.8012002]]}},{"type":"Feature","properties":{"id":"way/844218428","kind":"road","class":"residential","name":""},"geometry":{"type":"LineString","coordinates":[[82.2016823,26.7958334],[82.2016194,26.795754],[82.2014961,26.7956908],[82.2014435,26.7956228],[82.2014021,26.795584],[82.2012809,26.7955718],[82.2010412,26.7955966]]}},{"type":"Feature","properties":{"id":"way/844218430","kind":"road","class":"residential","name":""},"geometry":{"type":"LineString","coordinates":[[82.1998067,26.7955714],[82.1998969,26.7955603],[82.2003475,26.7953247],[82.2003883,26.7953056]]}},{"type":"Feature","properties":{"id":"way/844218432","kind":"road","class":"residential","name":""},"geometry":{"type":"LineString","coordinates":[[82.1985289,26.7959511],[82.1992676,26.7955405],[82.1994819,26.7955252],[82.1998067,26.7955714],[82.2000806,26.7956746],[82.2002801,26.7957857],[82.2004368,26.7958279],[82.2005848,26.7957915],[82.2010412,26.7955966]]}},{"type":"Feature","properties":{"id":"way/844218433","kind":"road","class":"residential","name":""},"geometry":{"type":"LineString","coordinates":[[82.2010412,26.7955966],[82.2010247,26.795554],[82.2009174,26.795485],[82.2007694,26.7952935],[82.2006642,26.7951671],[82.2005655,26.7952035],[82.2004947,26.7951173],[82.2003595,26.7950426],[82.2002072,26.7950158],[82.2000376,26.794851],[82.1998002,26.7945119]]}},{"type":"Feature","properties":{"id":"way/844218434","kind":"road","class":"residential","name":""},"geometry":{"type":"LineString","coordinates":[[82.2009703,26.7948344],[82.2008982,26.7949032],[82.2006642,26.7951671]]}},{"type":"Feature","properties":{"id":"way/844218435","kind":"road","class":"pedestrian","name":""},"geometry":{"type":"LineString","coordinates":[[82.2014021,26.795584],[82.2013695,26.7954174],[82.2012963,26.7952824],[82.2012297,26.7951459],[82.2011825,26.7950269],[82.2011323,26.7949329]]}},{"type":"Feature","properties":{"id":"way/844218472","kind":"road","class":"residential","name":""},"geometry":{"type":"LineString","coordinates":[[82.187393,26.7887298],[82.1873731,26.7886539],[82.18733,26.7885821],[82.1871665,26.7884076],[82.1869235,26.7882082],[82.1868237,26.7881275],[82.1866781,26.7880472],[82.1865422,26.7879532],[82.1865137,26.7879442],[82.1864852,26.7879505],[82.1864246,26.787984],[82.1863975,26.7879835]]}},{"type":"Feature","properties":{"id":"way/844218473","kind":"road","class":"residential","name":""},"geometry":{"type":"LineString","coordinates":[[82.1846687,26.7874387],[82.1853406,26.786749],[82.1854881,26.7868582],[82.1856697,26.7869925],[82.1856945,26.7870124]]}},{"type":"Feature","properties":{"id":"way/844218474","kind":"road","class":"residential","name":""},"geometry":{"type":"LineString","coordinates":[[82.1868237,26.7881275],[82.1875986,26.7879529],[82.1877694,26.787918],[82.1878001,26.7878977],[82.1878216,26.7878712],[82.1878227,26.7878397],[82.1878258,26.787754],[82.1878445,26.7875189],[82.1879189,26.7873585],[82.1880182,26.787198],[82.1881286,26.7871076],[82.1886578,26.7869646],[82.1886956,26.7869695],[82.1887225,26.7869826],[82.1888076,26.7870916]]}},{"type":"Feature","properties":{"id":"way/846937666","kind":"road","class":"unclassified","name":""},"geometry":{"type":"LineString","coordinates":[[82.2122296,26.7951402],[82.2120028,26.7951568],[82.2111534,26.7951849]]}},{"type":"Feature","properties":{"id":"way/846937667","kind":"road","class":"primary","name":""},"geometry":{"type":"LineString","coordinates":[[82.1996847,26.8056122],[82.1999867,26.8060675],[82.2001627,26.8063958],[82.2002052,26.8064743],[82.2002502,26.8065189],[82.2002888,26.8065319],[82.2003607,26.8065075],[82.200741,26.8063256],[82.2008022,26.8063086],[82.2008691,26.8063169],[82.2009296,26.8063523],[82.2010779,26.8064452],[82.2011665,26.8064751],[82.2012687,26.8064912],[82.2014235,26.8065004],[82.2016772,26.806437],[82.2019241,26.8063656],[82.2019986,26.8063637],[82.2020866,26.8063831],[82.2021506,26.8064242],[82.20233,26.8066042],[82.2024263,26.8066368],[82.2024972,26.8066413],[82.2025676,26.8066346],[82.2028302,26.8065577],[82.2030452,26.8064957],[82.2030989,26.8064925],[82.2031419,26.8065083],[82.2034193,26.8066766],[82.2034918,26.8067142],[82.2035499,26.8066898],[82.2037318,26.806613],[82.2037675,26.8065997],[82.2038276,26.8065419],[82.2039347,26.8063456],[82.2039688,26.8062841],[82.2040288,26.8062345],[82.2041184,26.8061776],[82.2042116,26.8061334],[82.2045397,26.8060183],[82.2046454,26.8059845],[82.2050734,26.8058906],[82.2051826,26.8058535],[82.2053569,26.8057769],[82.205436,26.8057361],[82.2055408,26.8056789],[82.2056865,26.805566],[82.2057834,26.805484],[82.2058821,26.8053783],[82.2059471,26.8052492],[82.2060446,26.8050058],[82.2060946,26.8049541],[82.2061698,26.8049118],[82.2065774,26.8047817],[82.2066318,26.8047731],[82.2066715,26.8047803],[82.2067,26.8048045],[82.2068338,26.8051734],[82.2068516,26.805198],[82.2068866,26.8052036],[82.2077871,26.8049471],[82.2078697,26.8049175]]}},{"type":"Feature","properties":{"id":"way/846937668","kind":"road","class":"residential","name":""},"geometry":{"type":"LineString","coordinates":[[82.2002502,26.8065189],[82.2002277,26.8065514],[82.2001794,26.8065842],[82.1997764,26.8067725],[82.1997367,26.8068],[82.1997026,26.8068539],[82.1996809,26.8069188],[82.1996632,26.8073699],[82.1996685,26.8074556],[82.199687,26.8075333],[82.1997724,26.8076603],[82.1999126,26.8078345],[82.1999553,26.8078526],[82.2000285,26.8078526],[82.2000834,26.807849],[82.2001688,26.8078236]]}},{"type":"Feature","properties":{"id":"way/846937669","kind":"road","class":"residential","name":""},"geometry":{"type":"LineString","coordinates":[[82.2012485,26.8076719],[82.2011739,26.8077322],[82.2009825,26.8078344],[82.2008303,26.8079252],[82.200675,26.808065],[82.200634,26.8081005],[82.2005234,26.8081964],[82.2004018,26.8083005],[82.2003426,26.8083336],[82.2002521,26.8083461],[82.2001657,26.8083367],[82.2000864,26.8083435],[82.1999885,26.8083726],[82.1999168,26.8083777],[82.1998471,26.808343],[82.1993949,26.8079898],[82.1989266,26.8075756],[82.1984846,26.8072593],[82.1976513,26.8067005],[82.1973884,26.8065242],[82.196737,26.806066],[82.1966314,26.8059895],[82.1965499,26.8059156],[82.1964834,26.8058469],[82.196438,26.8058066],[82.1963961,26.8057708],[82.1963642,26.8057579]]}},{"type":"Feature","properties":{"id":"way/846937670","kind":"road","class":"residential","name":""},"geometry":{"type":"LineString","coordinates":[[82.2152638,26.8076596],[82.2151189,26.8077308],[82.2138045,26.808427],[82.2133221,26.8086483]]}},{"type":"Feature","properties":{"id":"way/846937671","kind":"road","class":"residential","name":""},"geometry":{"type":"LineString","coordinates":[[82.2116586,26.806712],[82.2115254,26.8067873],[82.211386,26.8068705],[82.2103729,26.8075261],[82.2094742,26.8080932],[82.2090142,26.8083823],[82.2088547,26.8084795],[82.2087817,26.808528],[82.2087168,26.8085712]]}},{"type":"Feature","properties":{"id":"way/846937673","kind":"road","class":"residential","name":"Jhunki Ghat road"},"geometry":{"type":"LineString","coordinates":[[82.1976042,26.8067518],[82.1976513,26.8067005],[82.197822,26.8065015],[82.1979831,26.8062675],[82.198047,26.8061262],[82.1982015,26.8056021],[82.1982711,26.805339],[82.198316,26.8050556]]}},{"type":"Feature","properties":{"id":"way/846937674","kind":"road","class":"residential","name":"","access":"private","oneway":"yes"},"geometry":{"type":"LineString","coordinates":[[82.2060773,26.8105575],[82.2059814,26.8105397],[82.2059168,26.8105513],[82.2058527,26.8105863],[82.2058057,26.8106385],[82.2056098,26.8109447],[82.2055714,26.8110182]]}},{"type":"Feature","properties":{"id":"way/846937675","kind":"road","class":"tertiary","name":"","bridge":"yes"},"geometry":{"type":"LineString","coordinates":[[82.1914739,26.8024666],[82.1913701,26.8024139]]}},{"type":"Feature","properties":{"id":"way/846937676","kind":"road","class":"tertiary","name":"","access":"private"},"geometry":{"type":"LineString","coordinates":[[82.1963907,26.8061197],[82.1958861,26.8058678],[82.1955136,26.8056839],[82.1947637,26.8052863],[82.1942795,26.8050401],[82.1940141,26.8049073],[82.1933729,26.8045989],[82.1932961,26.8045473],[82.1928445,26.8043196],[82.1927124,26.8042618],[82.1926309,26.8042085],[82.1925744,26.8041496],[82.1922342,26.8036172],[82.1920346,26.8031266],[82.1919546,26.8029553],[82.1918503,26.8027912],[82.1917639,26.802685],[82.191599,26.8025518],[82.1914739,26.8024666]]}},{"type":"Feature","properties":{"id":"way/915505160","kind":"road","class":"footway","name":"","bridge":"yes"},"geometry":{"type":"LineString","coordinates":[[82.2017576,26.787917],[82.2016429,26.7881408],[82.2015108,26.7883922],[82.2014022,26.7886053]]}},{"type":"Feature","properties":{"id":"way/915505161","kind":"road","class":"steps","name":""},"geometry":{"type":"LineString","coordinates":[[82.2014619,26.7880696],[82.2016429,26.7881408]]}},{"type":"Feature","properties":{"id":"way/915505162","kind":"road","class":"steps","name":""},"geometry":{"type":"LineString","coordinates":[[82.2013204,26.7883114],[82.2015108,26.7883922]]}},{"type":"Feature","properties":{"id":"way/915505163","kind":"road","class":"steps","name":""},"geometry":{"type":"LineString","coordinates":[[82.201205,26.7885239],[82.2014022,26.7886053]]}},{"type":"Feature","properties":{"id":"way/915505164","kind":"road","class":"steps","name":""},"geometry":{"type":"LineString","coordinates":[[82.2015523,26.7878354],[82.2017576,26.787917]]}},{"type":"Feature","properties":{"id":"way/954544922","kind":"road","class":"residential","name":""},"geometry":{"type":"LineString","coordinates":[[82.1947212,26.8040473],[82.1948038,26.8035368]]}},{"type":"Feature","properties":{"id":"way/954545588","kind":"road","class":"residential","name":""},"geometry":{"type":"LineString","coordinates":[[82.1944513,26.804088],[82.1946151,26.8042776],[82.1947415,26.8044077],[82.1948512,26.8045391],[82.1948938,26.8046106],[82.1949664,26.8047324],[82.195058,26.8048637],[82.1950955,26.8049133],[82.1951638,26.8050078],[82.1954285,26.8053544],[82.1954384,26.8053601],[82.1954491,26.8053631],[82.1954629,26.8053644],[82.1954768,26.8053618],[82.1959628,26.8051963]]}},{"type":"Feature","properties":{"id":"way/954545589","kind":"road","class":"residential","name":""},"geometry":{"type":"LineString","coordinates":[[82.1947209,26.8050799],[82.1948403,26.8050836],[82.1949569,26.8050687],[82.1950514,26.8050526],[82.1951638,26.8050078]]}},{"type":"Feature","properties":{"id":"way/954545590","kind":"road","class":"residential","name":""},"geometry":{"type":"LineString","coordinates":[[82.1942795,26.8050401],[82.1943558,26.8048926],[82.1943652,26.80486],[82.1943617,26.8048274],[82.1943424,26.8047124],[82.1943486,26.804694],[82.1943576,26.8046829],[82.1943718,26.8046749],[82.1943852,26.8046693],[82.1945782,26.8046534],[82.1947176,26.8046382],[82.1948938,26.8046106]]}},{"type":"Feature","properties":{"id":"way/954548612","kind":"road","class":"residential","name":""},"geometry":{"type":"LineString","coordinates":[[82.1933729,26.8045989],[82.1936128,26.8043427],[82.1936422,26.8043161],[82.1936845,26.8042988],[82.1940667,26.8042167],[82.1941869,26.8041831],[82.1944141,26.8041088],[82.1944513,26.804088],[82.19448,26.8040643],[82.1945494,26.8039515]]}},{"type":"Feature","properties":{"id":"way/954557835","kind":"road","class":"residential","name":""},"geometry":{"type":"LineString","coordinates":[[82.1930633,26.8039756],[82.1930073,26.8040955],[82.1929242,26.8042145],[82.1928445,26.8043196]]}},{"type":"Feature","properties":{"id":"way/954565975","kind":"road","class":"residential","name":""},"geometry":{"type":"LineString","coordinates":[[82.1936132,26.8008823],[82.1939096,26.8011786],[82.1941052,26.8013898],[82.1942541,26.8015333]]}},{"type":"Feature","properties":{"id":"way/954567134","kind":"road","class":"residential","name":""},"geometry":{"type":"LineString","coordinates":[[82.1929344,26.8013215],[82.1933926,26.801284],[82.1935144,26.8012787]]}},{"type":"Feature","properties":{"id":"way/954586174","kind":"road","class":"residential","name":""},"geometry":{"type":"LineString","coordinates":[[82.1940968,26.8028259],[82.194256,26.8028113],[82.1943368,26.8028105],[82.194381,26.8028191],[82.1944233,26.8028362],[82.1944983,26.8028757],[82.1945425,26.8029006],[82.1945507,26.8029092],[82.1945569,26.8029186],[82.1945598,26.8029899],[82.1945627,26.8030062],[82.1945762,26.8030199],[82.1945925,26.8030259],[82.1949983,26.8030379]]}},{"type":"Feature","properties":{"id":"way/954586175","kind":"road","class":"residential","name":""},"geometry":{"type":"LineString","coordinates":[[82.1941452,26.802404],[82.1942912,26.8024225],[82.1943224,26.8024315],[82.1943514,26.8024425],[82.1944053,26.8024728],[82.1944994,26.8025058],[82.1946406,26.8025506],[82.1948535,26.8026387],[82.1949538,26.8026718],[82.195031,26.8026921],[82.1950392,26.8026972],[82.1950452,26.8027033],[82.1950475,26.8027105],[82.1950476,26.8027196],[82.1950228,26.8028529]]}},{"type":"Feature","properties":{"id":"way/954586176","kind":"road","class":"residential","name":""},"geometry":{"type":"LineString","coordinates":[[82.1953334,26.8024762],[82.1953479,26.8027089],[82.1953634,26.8027606],[82.1953748,26.8027736],[82.1953944,26.8027828],[82.195411,26.8027828],[82.1957214,26.8027357],[82.1959346,26.8027061],[82.1960612,26.8026906]]}},{"type":"Feature","properties":{"id":"way/954587174","kind":"road","class":"residential","name":""},"geometry":{"type":"LineString","coordinates":[[82.1956021,26.801024],[82.1955243,26.8017688]]}},{"type":"Feature","properties":{"id":"way/954587175","kind":"road","class":"residential","name":""},"geometry":{"type":"LineString","coordinates":[[82.1924371,26.8012422],[82.1923206,26.8012624],[82.1921429,26.8012884],[82.1920638,26.8012884],[82.1920318,26.8012822],[82.191986,26.8012525],[82.1919485,26.8012165],[82.1919208,26.8011893],[82.191886,26.8011719],[82.1918166,26.8011607],[82.1916972,26.8011384],[82.191657,26.8011236],[82.1916153,26.801105],[82.1915903,26.8010839],[82.1915695,26.8010505],[82.1915598,26.8009972],[82.1915084,26.8007457],[82.1915068,26.8006898],[82.191509,26.8005476],[82.1915204,26.8005127],[82.1915448,26.8004735],[82.191574,26.8004358],[82.1916179,26.8004169],[82.1916749,26.8004097],[82.1919172,26.800369],[82.1921188,26.800324],[82.1922745,26.8002917]]}},{"type":"Feature","properties":{"id":"way/954588745","kind":"road","class":"residential","name":""},"geometry":{"type":"LineString","coordinates":[[82.1972683,26.7985463],[82.1967735,26.7986133],[82.196505,26.7986497],[82.1963507,26.7986706],[82.1960132,26.7987695],[82.1958297,26.7988313],[82.1956975,26.7988774]]}},{"type":"Feature","properties":{"id":"way/954603164","kind":"road","class":"residential","name":""},"geometry":{"type":"LineString","coordinates":[[82.1931585,26.7901516],[82.1928806,26.790282],[82.1928049,26.7903231],[82.1927156,26.7903725],[82.1926157,26.790419],[82.1925434,26.7904397],[82.1924695,26.7904461],[82.1923769,26.7904358],[82.1922582,26.7904229],[82.192167,26.7904216],[82.1921451,26.7904231],[82.1921075,26.7904256]]}},{"type":"Feature","properties":{"id":"way/954603920","kind":"road","class":"residential","name":""},"geometry":{"type":"LineString","coordinates":[[82.1916062,26.7886081],[82.1918093,26.7884962],[82.1920104,26.7883941]]}},{"type":"Feature","properties":{"id":"way/954605792","kind":"road","class":"residential","name":""},"geometry":{"type":"LineString","coordinates":[[82.1875403,26.7845987],[82.1878889,26.7842239]]}},{"type":"Feature","properties":{"id":"way/954605793","kind":"road","class":"residential","name":""},"geometry":{"type":"LineString","coordinates":[[82.1877682,26.7841371],[82.1878889,26.7842239],[82.1880998,26.7843924],[82.1884234,26.7846508],[82.1884447,26.7846575],[82.1884721,26.7846542],[82.1886033,26.7845359],[82.1888283,26.7843329]]}},{"type":"Feature","properties":{"id":"way/954605794","kind":"road","class":"residential","name":""},"geometry":{"type":"LineString","coordinates":[[82.1886033,26.7845359],[82.1882947,26.7842771],[82.1882547,26.7842671],[82.1882272,26.7842716],[82.188211,26.7842794],[82.1880998,26.7843924]]}},{"type":"Feature","properties":{"id":"way/954605795","kind":"road","class":"residential","name":""},"geometry":{"type":"LineString","coordinates":[[82.1890125,26.7856055],[82.1891513,26.7854585],[82.189168,26.78541],[82.1891575,26.7853578],[82.1891429,26.7853],[82.1891471,26.785244],[82.1891722,26.7851861],[82.1893283,26.7850029],[82.1895713,26.7847179]]}},{"type":"Feature","properties":{"id":"way/954605796","kind":"road","class":"residential","name":""},"geometry":{"type":"LineString","coordinates":[[82.1893283,26.7850029],[82.1893892,26.7850348],[82.1894151,26.7850406],[82.1894356,26.7850358],[82.1894561,26.7850165],[82.1896481,26.7847825]]}},{"type":"Feature","properties":{"id":"way/954607716","kind":"road","class":"residential","name":""},"geometry":{"type":"LineString","coordinates":[[82.1856861,26.7871651],[82.1860009,26.7875185],[82.1863724,26.7879697],[82.1863975,26.7879835]]}},{"type":"Feature","properties":{"id":"way/954607717","kind":"road","class":"residential","name":""},"geometry":{"type":"LineString","coordinates":[[82.184,26.7837824],[82.1840553,26.7838776],[82.1841219,26.7840043],[82.1842519,26.7842936]]}},{"type":"Feature","properties":{"id":"way/954608928","kind":"road","class":"residential","name":""},"geometry":{"type":"LineString","coordinates":[[82.1840553,26.7838776],[82.1844525,26.7837172],[82.1846838,26.7836491],[82.1848445,26.7836075],[82.1849849,26.7835699],[82.185001,26.7835626],[82.1850146,26.7835497],[82.1850199,26.7835273],[82.1850184,26.7835034],[82.1848569,26.7831063],[82.1848508,26.78308],[82.1848532,26.783049],[82.1848707,26.7830016]]}},{"type":"Feature","properties":{"id":"way/954608929","kind":"road","class":"residential","name":""},"geometry":{"type":"LineString","coordinates":[[82.1846213,26.7833047],[82.184,26.7835104]]}},{"type":"Feature","properties":{"id":"way/954608931","kind":"road","class":"residential","name":""},"geometry":{"type":"LineString","coordinates":[[82.184,26.7840698],[82.1841219,26.7840043]]}},{"type":"Feature","properties":{"id":"way/954608932","kind":"road","class":"residential","name":""},"geometry":{"type":"MultiLineString","coordinates":[[[82.186043,26.7834776],[82.1859478,26.7836121],[82.1857926,26.7838263],[82.1856681,26.7839391],[82.1853921,26.7841485],[82.1853037,26.7842258],[82.1852459,26.784258],[82.1851756,26.7842805],[82.1850944,26.7842757],[82.1850439,26.7842693],[82.1849062,26.7842435],[82.184815,26.784237],[82.1846514,26.7842409],[82.1844155,26.7842628],[82.1843186,26.7842809],[82.1842519,26.7842936],[82.1842129,26.7843068],[82.1841492,26.7843416],[82.1840111,26.7844146],[82.184,26.7844212]],[[82.184,26.7857577],[82.184051,26.7858206],[82.1842233,26.7859615],[82.1843413,26.7860591],[82.1845101,26.7862169],[82.1845323,26.7862648],[82.1845582,26.7863033],[82.1845907,26.7863301],[82.1847694,26.7864394],[82.1848831,26.786513],[82.1849556,26.7865498],[82.185218,26.7866748],[82.1852804,26.7867082],[82.1853406,26.786749]]]}},{"type":"Feature","properties":{"id":"way/954609890","kind":"road","class":"residential","name":""},"geometry":{"type":"LineString","coordinates":[[82.1845323,26.7862648],[82.1843607,26.7863458],[82.1843393,26.7863483],[82.1843067,26.7863441],[82.184275,26.7863283],[82.1842499,26.7863017],[82.1842219,26.7862826],[82.1841996,26.7862743],[82.1841744,26.7862709],[82.1841465,26.7862759],[82.1840459,26.7862826],[82.184,26.7862826]]}},{"type":"Feature","properties":{"id":"way/954611534","kind":"road","class":"residential","name":""},"geometry":{"type":"LineString","coordinates":[[82.184815,26.784237],[82.1848263,26.7846803],[82.1848461,26.7847163],[82.1848816,26.7847507],[82.1849453,26.7847806],[82.1852327,26.7848403],[82.1854785,26.7848914],[82.1855958,26.7849243],[82.1856344,26.7849467],[82.1856545,26.7849752],[82.185693,26.7851132],[82.1857076,26.7851473],[82.1857601,26.7852326],[82.1858071,26.7853224],[82.1858307,26.7853575],[82.1858473,26.7853822],[82.1858758,26.7854256],[82.1860518,26.7859165]]}},{"type":"Feature","properties":{"id":"way/954611535","kind":"road","class":"residential","name":""},"geometry":{"type":"LineString","coordinates":[[82.1852327,26.7848403],[82.1852794,26.7850878],[82.185387,26.7853603],[82.1854026,26.7854344]]}},{"type":"Feature","properties":{"id":"way/954611536","kind":"road","class":"residential","name":""},"geometry":{"type":"LineString","coordinates":[[82.1848461,26.7847163],[82.18483,26.7847576],[82.184823,26.7848095],[82.184831,26.7848507],[82.1848931,26.7849697],[82.1850214,26.7851996],[82.1850906,26.7853025],[82.1851327,26.7853365],[82.1852079,26.7853813],[82.1854026,26.7854344],[82.1854374,26.7854386],[82.1855086,26.7854412],[82.1855838,26.7854287],[82.1858307,26.7853575]]}},{"type":"Feature","properties":{"id":"way/954611537","kind":"road","class":"residential","name":""},"geometry":{"type":"LineString","coordinates":[[82.1856762,26.7862495],[82.185682,26.7864133],[82.1856774,26.7864859],[82.1856681,26.7865169],[82.1856321,26.7865854],[82.1855311,26.7867781],[82.1854881,26.7868582]]}},{"type":"Feature","properties":{"id":"way/954613781","kind":"road","class":"residential","name":""},"geometry":{"type":"LineString","coordinates":[[82.19275,26.7880757],[82.192817,26.7880492],[82.1932262,26.7878877],[82.1934154,26.7878178],[82.194255,26.78749],[82.1943249,26.7874489],[82.1943762,26.7873967],[82.1947634,26.7870211],[82.1947961,26.7870127],[82.1948334,26.7870169],[82.1949409,26.7870656],[82.195117,26.7871963],[82.1953163,26.7873437],[82.1954083,26.787406]]}},{"type":"Feature","properties":{"id":"way/954613782","kind":"road","class":"residential","name":""},"geometry":{"type":"LineString","coordinates":[[82.1932262,26.7878877],[82.1930125,26.7871377],[82.1930081,26.7871032],[82.1930153,26.7870749],[82.19303,26.7870552],[82.1930572,26.7870456],[82.1934129,26.7869209]]}},{"type":"Feature","properties":{"id":"way/954613783","kind":"road","class":"residential","name":""},"geometry":{"type":"LineString","coordinates":[[82.1918153,26.7863487],[82.1920382,26.7862967],[82.1922184,26.7862557],[82.1922718,26.7862567],[82.1924239,26.7862277],[82.192583,26.7861842]]}},{"type":"Feature","properties":{"id":"way/954613784","kind":"road","class":"residential","name":""},"geometry":{"type":"LineString","coordinates":[[82.1948062,26.7883234],[82.1949825,26.7886666],[82.1950778,26.7890407]]}},{"type":"Feature","properties":{"id":"way/954614946","kind":"road","class":"residential","name":""},"geometry":{"type":"LineString","coordinates":[[82.1951979,26.7877282],[82.1953479,26.7877863],[82.1953828,26.7878002],[82.1954197,26.7878123],[82.195478,26.7878037],[82.195511,26.7878002],[82.1955459,26.7878037],[82.1955615,26.787821],[82.1955809,26.7878678],[82.1956355,26.7880168],[82.1956489,26.7880533],[82.1957251,26.7882426],[82.1957382,26.7882752],[82.1958197,26.7884901],[82.1959064,26.7886627]]}},{"type":"Feature","properties":{"id":"way/954614947","kind":"road","class":"residential","name":""},"geometry":{"type":"LineString","coordinates":[[82.1956355,26.7880168],[82.1960594,26.7878907],[82.1961363,26.7878678],[82.1964638,26.7877498],[82.1966539,26.7877084]]}},{"type":"Feature","properties":{"id":"way/954614948","kind":"road","class":"residential","name":""},"geometry":{"type":"LineString","coordinates":[[82.1950009,26.7880311],[82.1952605,26.7883376],[82.1952974,26.7883462],[82.1953537,26.788348],[82.1957251,26.7882426]]}},{"type":"Feature","properties":{"id":"way/954614949","kind":"road","class":"residential","name":""},"geometry":{"type":"LineString","coordinates":[[82.1954692,26.7873154],[82.1959519,26.7866585]]}},{"type":"Feature","properties":{"id":"way/954616998","kind":"road","class":"residential","name":""},"geometry":{"type":"LineString","coordinates":[[82.1958427,26.7829877],[82.195767,26.7832331],[82.1957377,26.7833616],[82.1957197,26.7836066],[82.195872,26.7845181]]}},{"type":"Feature","properties":{"id":"way/954616999","kind":"road","class":"service","name":""},"geometry":{"type":"LineString","coordinates":[[82.1887902,26.786669],[82.1888593,26.7865163],[82.1888743,26.7864719],[82.188883,26.7864276],[82.1888488,26.7861661],[82.1887771,26.7859158],[82.1887772,26.7858801],[82.1887829,26.7858445],[82.1888551,26.7857122],[82.1889183,26.785627]]}},{"type":"Feature","properties":{"id":"way/954617002","kind":"road","class":"residential","name":""},"geometry":{"type":"LineString","coordinates":[[82.1878227,26.7878397],[82.1884352,26.7877869],[82.1884548,26.7877791],[82.1884674,26.787763],[82.188469,26.7877454],[82.1884586,26.7876833],[82.1884636,26.7876619],[82.1884894,26.7876458],[82.1889761,26.7875144]]}},{"type":"Feature","properties":{"id":"way/954617929","kind":"road","class":"residential","name":""},"geometry":{"type":"LineString","coordinates":[[82.1884548,26.7877791],[82.1885951,26.7881202],[82.1886086,26.7881371],[82.1886231,26.7881428],[82.1886484,26.788146],[82.1887044,26.7881282],[82.1887288,26.7881282],[82.1887523,26.7881363],[82.1887658,26.7881484],[82.1889816,26.7885653]]}},{"type":"Feature","properties":{"id":"way/954617930","kind":"road","class":"residential","name":""},"geometry":{"type":"LineString","coordinates":[[82.19395,26.7909167],[82.1936118,26.7909664],[82.1934251,26.7910043],[82.1933257,26.7910357],[82.1932868,26.7910518],[82.1932602,26.7910627],[82.1932166,26.7910887],[82.1931269,26.7911277],[82.1929911,26.7911796],[82.1926541,26.7913116],[82.1926141,26.7913192],[82.1925669,26.7913203],[82.1925208,26.7913073],[82.192482,26.7912867],[82.1924468,26.7912759],[82.1924105,26.7912748],[82.1923765,26.7912791],[82.192099,26.7913538],[82.1920541,26.7913614],[82.1920112,26.7913619],[82.1919696,26.7913624]]}},{"type":"Feature","properties":{"id":"way/954617931","kind":"road","class":"residential","name":""},"geometry":{"type":"LineString","coordinates":[[82.1931548,26.790604],[82.193134,26.79065],[82.1931283,26.7906872],[82.1931385,26.7907334],[82.1931779,26.7908008],[82.1932331,26.7909214],[82.1932579,26.7909898],[82.1932868,26.7910518]]}},{"type":"Feature","properties":{"id":"way/954619695","kind":"road","class":"residential","name":""},"geometry":{"type":"LineString","coordinates":[[82.189308,26.7909685],[82.1896,26.7908486],[82.1897848,26.7907727]]}},{"type":"Feature","properties":{"id":"way/954619696","kind":"road","class":"residential","name":""},"geometry":{"type":"LineString","coordinates":[[82.1894928,26.7913763],[82.1897235,26.791271],[82.1898775,26.7912008]]}},{"type":"Feature","properties":{"id":"way/954619697","kind":"road","class":"residential","name":""},"geometry":{"type":"LineString","coordinates":[[82.1897235,26.791271],[82.1896,26.7908486]]}},{"type":"Feature","properties":{"id":"way/954620330","kind":"road","class":"residential","name":""},"geometry":{"type":"LineString","coordinates":[[82.1922839,26.7961593],[82.192402,26.7960537],[82.1924699,26.7960083],[82.1925599,26.7959652],[82.1926264,26.7959373],[82.1927396,26.7959094]]}},{"type":"Feature","properties":{"id":"way/954620331","kind":"road","class":"residential","name":""},"geometry":{"type":"LineString","coordinates":[[82.1920364,26.7954398],[82.192174,26.7958533],[82.1922484,26.7960702],[82.1922839,26.7961593]]}},{"type":"Feature","properties":{"id":"way/954620332","kind":"road","class":"residential","name":""},"geometry":{"type":"LineString","coordinates":[[82.1932355,26.7963494],[82.1933348,26.7966118],[82.1934747,26.7968651],[82.19357,26.7970298],[82.193643,26.7971094],[82.1936957,26.7971601],[82.1937134,26.7971816],[82.1937221,26.7972071],[82.1937606,26.7973374],[82.1938135,26.7975426]]}},{"type":"Feature","properties":{"id":"way/954620658","kind":"road","class":"unclassified","name":"Temple path","access":"no","oneway":"no"},"geometry":{"type":"LineString","coordinates":[[82.1965099,26.7926995],[82.1969512,26.7927018],[82.1969547,26.7931863],[82.1968866,26.7931874],[82.1956031,26.7932094],[82.1956062,26.7932975],[82.1956076,26.7933743],[82.1956148,26.7937777],[82.1956242,26.7943016]]}},{"type":"Feature","properties":{"id":"way/954809081","kind":"road","class":"tertiary","name":"Darsan Nagar Road"},"geometry":{"type":"LineString","coordinates":[[82.2033739,26.782],[82.2033081,26.7823926],[82.203238,26.7826855],[82.2032085,26.7829367],[82.2032257,26.7836301],[82.2032679,26.7852971],[82.2032914,26.7862537],[82.2033095,26.7867527],[82.2033204,26.7870621],[82.2033257,26.7872118],[82.2034736,26.7883273],[82.203499,26.7883979],[82.2035206,26.7884577],[82.2035273,26.7884997],[82.2035321,26.7885298],[82.2035397,26.7885778],[82.2035432,26.7886003],[82.2035306,26.7888114],[82.2035468,26.789045],[82.2037391,26.7896149],[82.2037998,26.7898766],[82.2038777,26.7901229],[82.2040133,26.7905517],[82.2040378,26.7906291],[82.2040587,26.7907078],[82.2040768,26.7907758],[82.2041633,26.7911415],[82.2042731,26.7916057],[82.2042797,26.7916339],[82.2043263,26.7917678],[82.2045085,26.7921315],[82.2046588,26.7925256],[82.2048149,26.7930083],[82.2050259,26.7937937],[82.2050562,26.7938942],[82.2051334,26.7942166],[82.2052088,26.7945319],[82.2052103,26.7946488],[82.2052174,26.7952114],[82.2046304,26.7975428],[82.204513,26.7980089],[82.2045034,26.7980472],[82.2044125,26.7984079],[82.2043997,26.798592],[82.2044072,26.798803]]}},{"type":"Feature","properties":{"id":"way/954981289","kind":"rail","class":"rail","name":"Barabanki - Jaunpur railway"},"geometry":{"type":"LineString","coordinates":[[82.2093465,26.782],[82.2094783,26.7824675],[82.2095985,26.7830673],[82.209642,26.7835841],[82.2096254,26.7839302],[82.209593,26.7843822],[82.2094902,26.7849311],[82.2093472,26.7854345],[82.2091137,26.7859341],[82.2087367,26.7865503],[82.2084304,26.7869323],[82.2082296,26.7871242],[82.2080857,26.7872617],[82.2078523,26.7874689],[82.207711,26.7875756],[82.2076232,26.7876419],[82.2072607,26.7878663],[82.2068826,26.7880547],[82.2064717,26.7882139],[82.2059983,26.7883494],[82.205735,26.7884041],[82.2054496,26.7884485],[82.2050531,26.7884808],[82.2047183,26.7884954]]}},{"type":"Feature","properties":{"id":"way/955236463","kind":"road","class":"residential","name":""},"geometry":{"type":"LineString","coordinates":[[82.1949485,26.782],[82.1949405,26.7820425],[82.1949405,26.7821079],[82.1949677,26.782246],[82.1950848,26.7826156],[82.1951099,26.7827239],[82.1951133,26.7828269]]}},{"type":"Feature","properties":{"id":"way/955236464","kind":"road","class":"residential","name":""},"geometry":{"type":"LineString","coordinates":[[82.1955076,26.7829086],[82.1955864,26.7828244],[82.1956513,26.7827815],[82.1957089,26.7827579],[82.195733,26.7827429],[82.1957465,26.78272],[82.1957478,26.7826921],[82.1956561,26.7820738]]}},{"type":"Feature","properties":{"id":"way/955300708","kind":"road","class":"service","name":""},"geometry":{"type":"LineString","coordinates":[[82.1931765,26.782],[82.1931804,26.7820173],[82.1933392,26.7825158],[82.1934764,26.7830087]]}},{"type":"Feature","properties":{"id":"way/955300710","kind":"road","class":"service","name":""},"geometry":{"type":"LineString","coordinates":[[82.1888078,26.782],[82.188831,26.7822103],[82.1889153,26.7830307],[82.1889132,26.7832927]]}},{"type":"Feature","properties":{"id":"way/955300713","kind":"road","class":"primary","name":"Chowk Ayodhya Road","oneway":"yes","display_name":"Ram Path (Chowk Ayodhya Road)"},"geometry":{"type":"LineString","coordinates":[[82.1915569,26.7872615],[82.1919873,26.7875552],[82.1920059,26.7875679],[82.1920259,26.7875815],[82.19275,26.7880757],[82.1937254,26.7888198],[82.1944576,26.7894202],[82.1948661,26.7897484],[82.1951741,26.78993],[82.1956357,26.7901557],[82.1962435,26.7903915],[82.1963693,26.7904446],[82.1964225,26.7904677],[82.1965436,26.7905182],[82.1971685,26.7907877],[82.1980705,26.7911586],[82.1983468,26.7912864],[82.1986149,26.7914247],[82.1988757,26.7915792],[82.1989866,26.7916448],[82.1993837,26.7919155],[82.1996167,26.7920743],[82.1998146,26.7922063],[82.2008153,26.7931367],[82.2009209,26.7932348],[82.2012905,26.7935784],[82.2017543,26.794002],[82.2019625,26.7942301],[82.2022886,26.7945872],[82.2024592,26.7947912],[82.2028389,26.7958057],[82.2030873,26.7964197],[82.2035216,26.7974398],[82.2036529,26.7976824],[82.2037611,26.7978792],[82.2038753,26.7980823],[82.2043663,26.7989575]]}},{"type":"Feature","properties":{"id":"way/955300714","kind":"road","class":"primary","name":"Chowk Ayodhya Road","oneway":"yes","display_name":"Ram Path (Chowk Ayodhya Road)"},"geometry":{"type":"LineString","coordinates":[[82.184,26.7827084],[82.1848707,26.7830016],[82.1849619,26.7830367],[82.1857613,26.7833428],[82.186043,26.7834776],[82.1861899,26.7835572],[82.1863514,26.7836549],[82.1865847,26.7838226],[82.1867744,26.7840078],[82.1872149,26.7844173],[82.1875048,26.7846687],[82.1877165,26.7848234],[82.1879435,26.7849664],[82.1889183,26.785627],[82.1891968,26.7858053],[82.18987,26.7862258],[82.1907132,26.7867171],[82.1915569,26.7872615]]}},{"type":"Feature","properties":{"id":"way/955300715","kind":"road","class":"primary","name":"Chowk Ayodhya Road","oneway":"yes","display_name":"Ram Path (Chowk Ayodhya Road)"},"geometry":{"type":"LineString","coordinates":[[82.1915951,26.7872093],[82.1907555,26.7866766],[82.1900374,26.7862635],[82.1894525,26.7858952],[82.1890125,26.7856055],[82.1887955,26.7854627],[82.1879617,26.7848976],[82.1877725,26.7847634],[82.1875403,26.7845987],[82.1874553,26.7845371],[82.1871825,26.7842994],[82.1867438,26.7838941],[82.1864338,26.7836291],[82.1861588,26.7834615],[82.1858096,26.783292],[82.1849872,26.7829753],[82.184094,26.7826685],[82.184,26.7826399]]}},{"type":"Feature","properties":{"id":"way/955308366","kind":"road","class":"residential","name":""},"geometry":{"type":"LineString","coordinates":[[82.1851093,26.7827731],[82.1850645,26.7827286],[82.1849767,26.7826771],[82.1847536,26.7825876],[82.1847085,26.782554],[82.1846784,26.782516],[82.1846583,26.7824623],[82.1846408,26.7822966],[82.1846157,26.7821713],[82.1845814,26.782]]}},{"type":"Feature","properties":{"id":"way/955308369","kind":"road","class":"residential","name":""},"geometry":{"type":"LineString","coordinates":[[82.1850645,26.7827286],[82.185097,26.7826299],[82.1851141,26.7825587],[82.1851445,26.7824348],[82.1851692,26.7822839],[82.185173,26.7820786],[82.1851589,26.782]]}},{"type":"Feature","properties":{"id":"way/955308377","kind":"road","class":"residential","name":""},"geometry":{"type":"LineString","coordinates":[[82.1841333,26.782264],[82.1841255,26.782]]}},{"type":"Feature","properties":{"id":"way/955310229","kind":"road","class":"residential","name":""},"geometry":{"type":"LineString","coordinates":[[82.1858516,26.782],[82.1859558,26.7824115],[82.1860109,26.7826756],[82.1860212,26.7827819],[82.1859964,26.7829866]]}},{"type":"Feature","properties":{"id":"way/955584153","kind":"road","class":"residential","name":""},"geometry":{"type":"LineString","coordinates":[[82.2133086,26.7831108],[82.2141538,26.7831028],[82.214288,26.7830883],[82.2144221,26.7830592],[82.2145197,26.7830157],[82.214845,26.782827],[82.2151622,26.7826413],[82.2155897,26.7823912],[82.2156822,26.7823692],[82.2157383,26.782366],[82.2157711,26.7823781],[82.2160015,26.7825581],[82.2160922,26.7826314],[82.2165028,26.7829283],[82.2166153,26.7830321],[82.2166833,26.7831242],[82.2167431,26.7831945],[82.2170461,26.7834627],[82.2177408,26.7840637],[82.218,26.7842539]]}},{"type":"Feature","properties":{"id":"way/955822326","kind":"road","class":"unclassified","name":""},"geometry":{"type":"LineString","coordinates":[[82.2129426,26.801001],[82.2133468,26.8009573],[82.2135621,26.8009282],[82.2137935,26.8009104],[82.2140593,26.800914],[82.2140931,26.8009105],[82.2146138,26.8011333],[82.2146526,26.8011499],[82.2147875,26.8011971]]}},{"type":"Feature","properties":{"id":"way/955822327","kind":"road","class":"unclassified","name":"","bridge":"yes"},"geometry":{"type":"LineString","coordinates":[[82.2147875,26.8011971],[82.2149054,26.801243]]}},{"type":"Feature","properties":{"id":"way/955822338","kind":"road","class":"primary","name":""},"geometry":{"type":"LineString","coordinates":[[82.2144901,26.804263],[82.2145443,26.8043618]]}},{"type":"Feature","properties":{"id":"way/955822339","kind":"road","class":"primary","name":"","bridge":"yes"},"geometry":{"type":"LineString","coordinates":[[82.2143844,26.8041318],[82.2144901,26.804263]]}},{"type":"Feature","properties":{"id":"way/955822340","kind":"road","class":"residential","name":""},"geometry":{"type":"LineString","coordinates":[[82.2153892,26.8018572],[82.215426,26.8018022],[82.2155805,26.8014562]]}},{"type":"Feature","properties":{"id":"way/955822341","kind":"road","class":"residential","name":"","bridge":"yes"},"geometry":{"type":"LineString","coordinates":[[82.2153392,26.8019114],[82.2153892,26.8018572]]}},{"type":"Feature","properties":{"id":"way/955822343","kind":"road","class":"residential","name":"","bridge":"yes"},"geometry":{"type":"LineString","coordinates":[[82.2157323,26.8022011],[82.2158024,26.8020941]]}},{"type":"Feature","properties":{"id":"way/956456861","kind":"road","class":"residential","name":""},"geometry":{"type":"LineString","coordinates":[[82.2032085,26.7829367],[82.2032653,26.7829326],[82.2039036,26.7828865],[82.2041473,26.7828689],[82.204255,26.7828526],[82.2042814,26.782838],[82.2042896,26.7828199],[82.2042319,26.7823978]]}},{"type":"Feature","properties":{"id":"way/956458992","kind":"road","class":"primary","name":""},"geometry":{"type":"LineString","coordinates":[[82.2130759,26.782],[82.2131505,26.7823158],[82.2131835,26.7824818],[82.2133086,26.7831108],[82.2134922,26.7840833],[82.2136056,26.7846842],[82.213627,26.7847973],[82.2136081,26.7851263],[82.213466,26.7855633],[82.2133008,26.7858162],[82.2132421,26.785906],[82.2127009,26.7865353],[82.2125308,26.7867331],[82.2123884,26.7868993],[82.2122388,26.7871557],[82.2119265,26.7879954],[82.2117205,26.7884656],[82.2115776,26.7887483],[82.2115051,26.7888846],[82.2113006,26.7891876],[82.2111844,26.7895501],[82.211177,26.7919054],[82.2111899,26.7921481],[82.2112071,26.7927134],[82.2115435,26.7932363],[82.2116457,26.7934285],[82.211832,26.7937787],[82.2118773,26.7938638],[82.2119382,26.7939782],[82.2121064,26.7943285],[82.2121491,26.7945148],[82.2121992,26.7950849],[82.2122296,26.7951402],[82.2122809,26.7951498],[82.212967,26.7952096],[82.2130712,26.7952439],[82.2130777,26.7953369],[82.2129554,26.7959563],[82.2127656,26.7966474],[82.2125098,26.7976652],[82.2124859,26.7977483],[82.2124722,26.797796],[82.2122312,26.7985019],[82.2122173,26.7986098],[82.212194,26.7988903],[82.2121872,26.7989722],[82.21223,26.7992701],[82.212329,26.799674],[82.2123639,26.7998166],[82.2124214,26.8001539],[82.2124598,26.8005052],[82.2124625,26.8008562],[82.2124785,26.80094],[82.2125234,26.800967],[82.2128714,26.8009856],[82.2129426,26.801001],[82.2129667,26.8010578],[82.2130165,26.8015394],[82.2130475,26.801626],[82.2130924,26.8017514],[82.2137986,26.8030313],[82.2139254,26.803261],[82.2141242,26.8037416],[82.214283,26.8040009],[82.2143844,26.8041318]]}},{"type":"Feature","properties":{"id":"way/956458994","kind":"road","class":"residential","name":""},"geometry":{"type":"LineString","coordinates":[[82.208471,26.7839835],[82.2086904,26.7839195],[82.2087735,26.7838848],[82.2089209,26.7838096],[82.2089346,26.7838026],[82.2090283,26.7837647],[82.2093362,26.7836743],[82.209532,26.7836216],[82.209642,26.7835841],[82.2100699,26.7835379],[82.2107524,26.7834465],[82.2116784,26.7832498],[82.2124778,26.7831027],[82.2126544,26.7830824],[82.2128529,26.7830752],[82.2133086,26.7831108]]}},{"type":"Feature","properties":{"id":"way/956458995","kind":"road","class":"residential","name":""},"geometry":{"type":"LineString","coordinates":[[82.2113741,26.782],[82.2115795,26.7820362],[82.2115934,26.7820527],[82.2115966,26.7820729],[82.2115971,26.7826848],[82.2116093,26.7828046],[82.2116784,26.7832498]]}},{"type":"Feature","properties":{"id":"way/956458996","kind":"road","class":"service","name":""},"geometry":{"type":"LineString","coordinates":[[82.2126088,26.7824201],[82.2128726,26.7825264],[82.2129193,26.7825306],[82.2129614,26.7825285],[82.2131835,26.7824818]]}},{"type":"Feature","properties":{"id":"way/956461176","kind":"road","class":"residential","name":""},"geometry":{"type":"LineString","coordinates":[[82.2149692,26.7849],[82.2152827,26.7846553],[82.2155033,26.7844315],[82.2156693,26.7842563],[82.2159967,26.7838448],[82.2160792,26.7837256],[82.2161686,26.7835774],[82.2161747,26.7835566],[82.2161697,26.7835207],[82.2161613,26.7834489],[82.2161224,26.7833164],[82.2159757,26.7828606],[82.2159394,26.7827336],[82.2159394,26.7826955],[82.2159475,26.7826628],[82.2160015,26.7825581]]}},{"type":"Feature","properties":{"id":"way/956461177","kind":"road","class":"residential","name":""},"geometry":{"type":"LineString","coordinates":[[82.2147453,26.7833665],[82.215034,26.7832104],[82.2152413,26.7830907],[82.215469,26.7829891],[82.215532,26.7829528],[82.2155889,26.7829201],[82.215649,26.7828973],[82.215723,26.7828823],[82.2159757,26.7828606]]}},{"type":"Feature","properties":{"id":"way/956461178","kind":"road","class":"residential","name":""},"geometry":{"type":"LineString","coordinates":[[82.2157711,26.7823781],[82.2157763,26.7822926],[82.2157763,26.7822473],[82.2157396,26.7820937],[82.2157141,26.782]]}},{"type":"Feature","properties":{"id":"way/956461179","kind":"road","class":"residential","name":""},"geometry":{"type":"LineString","coordinates":[[82.2151622,26.7826413],[82.2152474,26.7827656],[82.2152628,26.7827753],[82.2152905,26.782778],[82.2155154,26.782712]]}},{"type":"Feature","properties":{"id":"way/956466590","kind":"road","class":"residential","name":""},"geometry":{"type":"LineString","coordinates":[[82.2059991,26.783053],[82.2064402,26.7831056],[82.2065395,26.7831095],[82.2066333,26.7831063],[82.2067376,26.7830921],[82.2068757,26.7830479],[82.2071588,26.7829168],[82.2072013,26.7828805],[82.207234,26.7828347],[82.2072473,26.7828031],[82.2072508,26.7827762],[82.207196,26.7824208],[82.207127,26.7821507],[82.2070827,26.7820448],[82.2070664,26.782]]}},{"type":"Feature","properties":{"id":"way/956466591","kind":"road","class":"residential","name":""},"geometry":{"type":"LineString","coordinates":[[82.2072508,26.7827762],[82.2075757,26.7827099],[82.2076213,26.7827075],[82.207691,26.7827183],[82.2077835,26.7827243],[82.2079485,26.7827315],[82.2080222,26.7827446],[82.2080973,26.7827734],[82.2081295,26.7827973],[82.2081496,26.7828356],[82.2082145,26.7829775],[82.2082534,26.7830407],[82.2083082,26.7831023],[82.2083419,26.7831466],[82.2083684,26.7831908],[82.2084038,26.7832966],[82.2084409,26.7835636],[82.208471,26.7839835]]}},{"type":"Feature","properties":{"id":"way/956468888","kind":"road","class":"residential","name":""},"geometry":{"type":"LineString","coordinates":[[82.2065349,26.782],[82.2064898,26.7820204],[82.2064143,26.7820452],[82.2063342,26.7820658],[82.2059943,26.7821233]]}},{"type":"Feature","properties":{"id":"way/956468889","kind":"road","class":"residential","name":""},"geometry":{"type":"LineString","coordinates":[[82.2053722,26.7838538],[82.2054682,26.7837369],[82.2055408,26.7836722],[82.2056823,26.7835837],[82.2057513,26.7835316],[82.205792,26.7834874],[82.205815,26.7834416],[82.205907,26.7832141],[82.2059566,26.7831177],[82.2059991,26.783053],[82.2061176,26.7828603],[82.2061424,26.7828081],[82.2061565,26.7827655],[82.2061583,26.7827292],[82.2061441,26.7826556],[82.2061067,26.7825228],[82.2059943,26.7821233],[82.2059408,26.782]]}},{"type":"Feature","properties":{"id":"way/956482424","kind":"road","class":"unclassified","name":""},"geometry":{"type":"LineString","coordinates":[[82.218,26.7924791],[82.2179659,26.7924916],[82.2176559,26.7927369],[82.2176078,26.7927845],[82.2175795,26.7928699],[82.2175777,26.7929285],[82.2175725,26.7930952],[82.2175336,26.7931645],[82.2174466,26.7932348],[82.2171853,26.7933727],[82.2171302,26.7934043],[82.2167884,26.7936001],[82.216523,26.7937766],[82.216342,26.793897],[82.2160828,26.794005],[82.2160213,26.7940004],[82.2159496,26.7939755],[82.2158352,26.7939236],[82.2157825,26.7939162],[82.2157116,26.7939622],[82.2156649,26.7940417],[82.215567,26.7944668],[82.2155059,26.7946403],[82.2154419,26.7947254],[82.2151324,26.7947574],[82.2149786,26.7947742],[82.2145076,26.7948258],[82.2144109,26.7948364],[82.2139452,26.794905],[82.2138698,26.7949148],[82.2134774,26.7949657],[82.2133244,26.795031],[82.2132508,26.795093],[82.213152,26.7951763],[82.2130712,26.7952439]]}},{"type":"Feature","properties":{"id":"way/956489455","kind":"road","class":"residential","name":""},"geometry":{"type":"LineString","coordinates":[[82.2055842,26.7826748],[82.2061441,26.7826556]]}},{"type":"Feature","properties":{"id":"way/956489456","kind":"road","class":"residential","name":""},"geometry":{"type":"LineString","coordinates":[[82.205639,26.7825316],[82.2061067,26.7825228]]}},{"type":"Feature","properties":{"id":"way/956489457","kind":"road","class":"residential","name":""},"geometry":{"type":"LineString","coordinates":[[82.2072599,26.787753],[82.207259,26.7877095],[82.2072358,26.7876214],[82.2072237,26.7875408],[82.2072378,26.7873923],[82.2072799,26.7871972],[82.2072899,26.7870952],[82.2072698,26.7870469],[82.2071876,26.786952],[82.2071295,26.7868679],[82.2070604,26.786662],[82.2069861,26.7862968],[82.206945,26.786095],[82.2069073,26.7856097],[82.2068813,26.7853976],[82.2067077,26.7844062],[82.2066443,26.7841328],[82.2066455,26.7838271],[82.206667,26.7835952],[82.2067253,26.7831798],[82.2067376,26.7830921]]}},{"type":"Feature","properties":{"id":"way/956489458","kind":"road","class":"residential","name":""},"geometry":{"type":"LineString","coordinates":[[82.2067253,26.7831798],[82.2069212,26.783191],[82.206955,26.7832047],[82.2069811,26.783224],[82.2069965,26.7832514],[82.2070227,26.7833489],[82.2070396,26.7833736],[82.2070642,26.783386],[82.2071488,26.7834011],[82.2072303,26.7834025],[82.2072626,26.7833929],[82.2072918,26.7833654],[82.2073472,26.7833173],[82.2073749,26.7833009],[82.2074225,26.7832871],[82.2074796,26.7832726],[82.2074971,26.783259],[82.2075041,26.7832445],[82.2074773,26.7831154],[82.2074808,26.7830936],[82.2074912,26.783079],[82.2075111,26.7830686],[82.20763,26.7830415]]}},{"type":"Feature","properties":{"id":"way/956489465","kind":"road","class":"residential","name":""},"geometry":{"type":"LineString","coordinates":[[82.2033081,26.7823926],[82.2033661,26.7823965],[82.2037489,26.7824225],[82.2038891,26.7824246],[82.2040873,26.7824032],[82.2042319,26.7823978],[82.2046964,26.7824225],[82.2047202,26.7824279],[82.2047344,26.7824442],[82.2047384,26.7824714],[82.2047161,26.7827522]]}},{"type":"Feature","properties":{"id":"way/956491095","kind":"road","class":"residential","name":""},"geometry":{"type":"LineString","coordinates":[[82.1990518,26.783184],[82.1991162,26.7829997],[82.1991349,26.782945],[82.1992088,26.7827178],[82.19925,26.7825911],[82.1993009,26.7824716],[82.1993544,26.7823855],[82.1996383,26.7820532],[82.1996773,26.782]]}},{"type":"Feature","properties":{"id":"way/956506782","kind":"road","class":"residential","name":""},"geometry":{"type":"LineString","coordinates":[[82.2144666,26.782],[82.2144701,26.7820186],[82.2144889,26.7820808],[82.2146549,26.782382],[82.214845,26.782827]]}},{"type":"Feature","properties":{"id":"way/956514151","kind":"road","class":"service","name":""},"geometry":{"type":"LineString","coordinates":[[82.1984926,26.7828804],[82.1988943,26.7829378],[82.1991162,26.7829997]]}},{"type":"Feature","properties":{"id":"way/956514152","kind":"road","class":"service","name":""},"geometry":{"type":"LineString","coordinates":[[82.1987788,26.782],[82.1987042,26.7822492],[82.1986908,26.7823377],[82.1986935,26.7824046],[82.1987344,26.7824811],[82.198802,26.782536],[82.1988724,26.7825786],[82.1992088,26.7827178]]}},{"type":"Feature","properties":{"id":"way/956514153","kind":"road","class":"residential","name":""},"geometry":{"type":"LineString","coordinates":[[82.1961412,26.7830662],[82.1961789,26.7828491],[82.1961976,26.7827388],[82.1961999,26.7826348],[82.1961766,26.7821603]]}},{"type":"Feature","properties":{"id":"way/956514154","kind":"road","class":"service","name":""},"geometry":{"type":"LineString","coordinates":[[82.1991349,26.782945],[82.199845,26.7830158],[82.2000325,26.7830636],[82.2002896,26.7831927],[82.2004496,26.783252],[82.2005511,26.7832877],[82.2006187,26.7832877],[82.2006961,26.7832762],[82.2010765,26.7831742]]}},{"type":"Feature","properties":{"id":"way/956514155","kind":"road","class":"service","name":""},"geometry":{"type":"LineString","coordinates":[[82.2004089,26.7825731],[82.2010765,26.7831742],[82.2011741,26.7832645],[82.2012563,26.7833434],[82.2013201,26.7834225],[82.201399,26.7835865],[82.2014626,26.7838105],[82.2015038,26.7840208]]}},{"type":"Feature","properties":{"id":"way/956514156","kind":"road","class":"service","name":""},"geometry":{"type":"LineString","coordinates":[[82.2011741,26.7832645],[82.2014561,26.7825942]]}},{"type":"Feature","properties":{"id":"way/956514163","kind":"road","class":"service","name":""},"geometry":{"type":"LineString","coordinates":[[82.2054614,26.7823701],[82.2054721,26.782]]}},{"type":"Feature","properties":{"id":"way/956514164","kind":"road","class":"residential","name":""},"geometry":{"type":"LineString","coordinates":[[82.2038891,26.7824246],[82.2039036,26.7828865]]}},{"type":"Feature","properties":{"id":"way/956516145","kind":"road","class":"residential","name":""},"geometry":{"type":"LineString","coordinates":[[82.2166153,26.7830321],[82.2169172,26.782784]]}},{"type":"Feature","properties":{"id":"way/956536443","kind":"road","class":"residential","name":""},"geometry":{"type":"LineString","coordinates":[[82.2039009,26.7820157],[82.2038985,26.7822811],[82.2038902,26.7823589],[82.2038866,26.7823877],[82.2038891,26.7824246]]}},{"type":"Feature","properties":{"id":"way/956536444","kind":"road","class":"residential","name":"","bridge":"yes"},"geometry":{"type":"LineString","coordinates":[[82.1989661,26.7834279],[82.1990518,26.783184]]}},{"type":"Feature","properties":{"id":"way/956536445","kind":"road","class":"residential","name":""},"geometry":{"type":"LineString","coordinates":[[82.1987015,26.7837394],[82.1989286,26.7834733],[82.1989661,26.7834279]]}},{"type":"Feature","properties":{"id":"way/956536446","kind":"road","class":"service","name":""},"geometry":{"type":"LineString","coordinates":[[82.2023423,26.7825785],[82.2025966,26.7825723],[82.2028464,26.7825682],[82.2029944,26.7825682],[82.203029,26.7825671],[82.2030591,26.7825702],[82.2030857,26.7825847],[82.20314,26.782626],[82.203238,26.7826855]]}},{"type":"Feature","properties":{"id":"way/957529067","kind":"road","class":"residential","name":""},"geometry":{"type":"LineString","coordinates":[[82.2127009,26.7865353],[82.2131207,26.7865509],[82.2140895,26.786628],[82.2143653,26.7866434],[82.2146418,26.7866588],[82.2148354,26.7866782],[82.2152384,26.7867187],[82.2155243,26.7867474],[82.2158824,26.7868032],[82.2162773,26.7869015],[82.2165664,26.7869958],[82.2173474,26.7873502],[82.2176994,26.7875385],[82.2179775,26.7876873],[82.218,26.7877035]]}},{"type":"Feature","properties":{"id":"way/957529068","kind":"road","class":"residential","name":""},"geometry":{"type":"LineString","coordinates":[[82.2176994,26.7875385],[82.2176886,26.7880377],[82.2176794,26.7884829],[82.2176728,26.788799],[82.2176575,26.7895354]]}},{"type":"Feature","properties":{"id":"way/957529069","kind":"road","class":"residential","name":""},"geometry":{"type":"LineString","coordinates":[[82.2173474,26.7873502],[82.2173818,26.7878644],[82.2173896,26.7882804],[82.217375,26.7887876],[82.21736,26.7893074],[82.2173786,26.7893882],[82.2174111,26.7894421],[82.2174529,26.7894774],[82.2176575,26.7895354],[82.2178755,26.7896162],[82.2179023,26.7896293]]}},{"type":"Feature","properties":{"id":"way/957529070","kind":"road","class":"residential","name":""},"geometry":{"type":"LineString","coordinates":[[82.217375,26.7887876],[82.2176728,26.788799],[82.2177478,26.78883],[82.2179227,26.7889282],[82.218,26.788952]]}},{"type":"Feature","properties":{"id":"way/957529071","kind":"road","class":"residential","name":""},"geometry":{"type":"LineString","coordinates":[[82.2179227,26.7889282],[82.2179023,26.7896293],[82.2178845,26.7897149],[82.2178278,26.7899878],[82.2177739,26.7903182],[82.2177178,26.7906616],[82.2175375,26.7913101],[82.2174629,26.7915785],[82.2173879,26.7918417]]}},{"type":"Feature","properties":{"id":"way/957529072","kind":"road","class":"residential","name":""},"geometry":{"type":"LineString","coordinates":[[82.218,26.7914422],[82.2179952,26.7914424],[82.2177803,26.7914736],[82.2175903,26.7915316],[82.2174629,26.7915785],[82.2168031,26.7917748]]}},{"type":"Feature","properties":{"id":"way/957529073","kind":"road","class":"residential","name":""},"geometry":{"type":"LineString","coordinates":[[82.2175375,26.7913101],[82.217384,26.7913062],[82.2173412,26.7912896],[82.217302,26.7912663],[82.2172909,26.791238],[82.2172927,26.7906807]]}},{"type":"Feature","properties":{"id":"way/957529074","kind":"road","class":"residential","name":""},"geometry":{"type":"LineString","coordinates":[[82.2178845,26.7897149],[82.218,26.7897709]]}},{"type":"Feature","properties":{"id":"way/957529078","kind":"road","class":"residential","name":""},"geometry":{"type":"LineString","coordinates":[[82.2176794,26.7884829],[82.218,26.7885227]]}},{"type":"Feature","properties":{"id":"way/957529079","kind":"road","class":"service","name":""},"geometry":{"type":"LineString","coordinates":[[82.2134922,26.7840833],[82.2138926,26.7840354],[82.2143889,26.7840028]]}},{"type":"Feature","properties":{"id":"way/957529080","kind":"road","class":"residential","name":""},"geometry":{"type":"LineString","coordinates":[[82.2133008,26.7858162],[82.2134005,26.7857816],[82.2135282,26.7857051],[82.2136046,26.7856745],[82.2136793,26.7856425],[82.2137245,26.7856133],[82.2137962,26.7855104],[82.2139442,26.7851962],[82.2139924,26.7851294],[82.2140454,26.7850891],[82.2141498,26.7850376],[82.2143959,26.7849556],[82.2148663,26.7847248]]}},{"type":"Feature","properties":{"id":"way/957529081","kind":"road","class":"service","name":""},"geometry":{"type":"LineString","coordinates":[[82.2100704,26.7852225],[82.2105236,26.785168],[82.211403,26.7850583],[82.2115519,26.7850397],[82.2118305,26.7849986],[82.2120007,26.7849735],[82.2136056,26.7846842]]}},{"type":"Feature","properties":{"id":"way/957529082","kind":"road","class":"service","name":""},"geometry":{"type":"LineString","coordinates":[[82.2113776,26.7856504],[82.2114124,26.7854209],[82.211403,26.7850583]]}},{"type":"Feature","properties":{"id":"way/957529083","kind":"road","class":"service","name":""},"geometry":{"type":"LineString","coordinates":[[82.2118305,26.7849986],[82.2117431,26.7847018],[82.2115808,26.7842061],[82.2114184,26.7836929]]}},{"type":"Feature","properties":{"id":"way/957529084","kind":"road","class":"residential","name":""},"geometry":{"type":"LineString","coordinates":[[82.2142691,26.787922],[82.2145554,26.7872932],[82.2148354,26.7866782]]}},{"type":"Feature","properties":{"id":"way/957529085","kind":"road","class":"residential","name":""},"geometry":{"type":"LineString","coordinates":[[82.2138587,26.7877658],[82.2141406,26.7871412],[82.2143653,26.7866434]]}},{"type":"Feature","properties":{"id":"way/957529086","kind":"road","class":"residential","name":""},"geometry":{"type":"LineString","coordinates":[[82.2141406,26.7871412],[82.2145554,26.7872932],[82.2149221,26.787431],[82.21528,26.7875314]]}},{"type":"Feature","properties":{"id":"way/957529087","kind":"road","class":"residential","name":""},"geometry":{"type":"LineString","coordinates":[[82.2146433,26.7879786],[82.2149221,26.787431],[82.2152384,26.7867187]]}},{"type":"Feature","properties":{"id":"way/957529088","kind":"road","class":"residential","name":""},"geometry":{"type":"LineString","coordinates":[[82.2150235,26.7880648],[82.21528,26.7875314],[82.215449,26.7871704]]}},{"type":"Feature","properties":{"id":"way/957529089","kind":"road","class":"residential","name":""},"geometry":{"type":"LineString","coordinates":[[82.2161696,26.7941962],[82.2164555,26.7940251]]}},{"type":"Feature","properties":{"id":"way/957529090","kind":"road","class":"residential","name":""},"geometry":{"type":"LineString","coordinates":[[82.2157825,26.7939162],[82.215892,26.7936061]]}},{"type":"Feature","properties":{"id":"way/957533759","kind":"road","class":"residential","name":""},"geometry":{"type":"LineString","coordinates":[[82.2158416,26.8015387],[82.2160053,26.8011985],[82.216166,26.8008646],[82.2165159,26.8001375],[82.2166,26.7999971],[82.2166243,26.7999566],[82.2166663,26.7998916],[82.2167084,26.799864],[82.2167617,26.7998665],[82.216986,26.7999616],[82.2176841,26.800322]]}},{"type":"Feature","properties":{"id":"way/957533760","kind":"road","class":"residential","name":""},"geometry":{"type":"LineString","coordinates":[[82.2150893,26.8013011],[82.2152458,26.8009329],[82.2153654,26.8006515],[82.2153924,26.8006174],[82.2154239,26.8006094],[82.2154981,26.8006174],[82.216166,26.8008646]]}},{"type":"Feature","properties":{"id":"way/957705236","kind":"road","class":"residential","name":""},"geometry":{"type":"LineString","coordinates":[[82.2097038,26.8086876],[82.2110576,26.8081804],[82.2113396,26.8080804],[82.2120181,26.8078255]]}},{"type":"Feature","properties":{"id":"way/957705237","kind":"road","class":"residential","name":""},"geometry":{"type":"LineString","coordinates":[[82.2110576,26.8081804],[82.2112161,26.8084918],[82.2113713,26.8087968],[82.21154,26.8091184],[82.2115796,26.8092087],[82.2116126,26.809266],[82.211645,26.8093482]]}},{"type":"Feature","properties":{"id":"way/957705238","kind":"road","class":"residential","name":""},"geometry":{"type":"LineString","coordinates":[[82.2097038,26.8086876],[82.2098384,26.8090675],[82.2100557,26.8096806],[82.210167,26.8099947]]}},{"type":"Feature","properties":{"id":"way/957705239","kind":"road","class":"residential","name":""},"geometry":{"type":"LineString","coordinates":[[82.2087763,26.8100183],[82.2088565,26.8099993],[82.2093305,26.8098794],[82.2100557,26.8096806]]}},{"type":"Feature","properties":{"id":"way/957706823","kind":"road","class":"residential","name":""},"geometry":{"type":"LineString","coordinates":[[82.2172632,26.8027819],[82.2177013,26.803474],[82.2177438,26.8035278],[82.2177438,26.8035565],[82.2177197,26.8035972],[82.2176527,26.8036451],[82.2174005,26.80376],[82.217371,26.8037959],[82.2173576,26.8038294],[82.2173764,26.8038797],[82.2178836,26.8045746],[82.218,26.8047341]]}},{"type":"Feature","properties":{"id":"way/957706824","kind":"road","class":"residential","name":""},"geometry":{"type":"LineString","coordinates":[[82.2169901,26.8040952],[82.2174864,26.8048134],[82.2177546,26.805127],[82.2178055,26.8051677],[82.2178538,26.8052227],[82.2178753,26.8052675],[82.21787,26.8053505]]}},{"type":"Feature","properties":{"id":"way/957706825","kind":"road","class":"residential","name":""},"geometry":{"type":"LineString","coordinates":[[82.2174864,26.8048134],[82.2178836,26.8045746]]}},{"type":"Feature","properties":{"id":"way/957706827","kind":"road","class":"residential","name":""},"geometry":{"type":"LineString","coordinates":[[82.2167905,26.8051175],[82.216996,26.8053113],[82.2173371,26.8056388]]}},{"type":"Feature","properties":{"id":"way/957706828","kind":"road","class":"residential","name":""},"geometry":{"type":"LineString","coordinates":[[82.2162125,26.8062184],[82.216209,26.8061906],[82.2162006,26.8061249],[82.216206,26.8059884],[82.2162341,26.8058604],[82.2162784,26.8056988]]}},{"type":"Feature","properties":{"id":"way/957706829","kind":"road","class":"residential","name":""},"geometry":{"type":"LineString","coordinates":[[82.213772,26.8053571],[82.2141157,26.8058954],[82.21418,26.806032],[82.2142451,26.8061704],[82.2144392,26.8068771],[82.2145151,26.8072118],[82.2145928,26.80753],[82.2146549,26.8077516]]}},{"type":"Feature","properties":{"id":"way/957706830","kind":"road","class":"residential","name":""},"geometry":{"type":"LineString","coordinates":[[82.2129618,26.8058844],[82.2132961,26.8062556],[82.2134317,26.8064289],[82.2135796,26.8066764],[82.2137306,26.8069569],[82.2139123,26.8073171],[82.2140356,26.8075454],[82.2141157,26.8076559],[82.2141493,26.8076748],[82.2142042,26.8076748],[82.2142767,26.8076543],[82.2145928,26.80753]]}},{"type":"Feature","properties":{"id":"way/957706831","kind":"road","class":"residential","name":""},"geometry":{"type":"LineString","coordinates":[[82.2137306,26.8069569],[82.2140506,26.8068369],[82.2141474,26.806793],[82.2141754,26.8067659],[82.2141754,26.8067284],[82.2141194,26.8066367],[82.2137341,26.8061032],[82.2133627,26.8056221]]}},{"type":"Feature","properties":{"id":"way/957706832","kind":"road","class":"residential","name":""},"geometry":{"type":"LineString","coordinates":[[82.2140506,26.8068369],[82.2142933,26.8072786]]}},{"type":"Feature","properties":{"id":"way/957706833","kind":"road","class":"residential","name":""},"geometry":{"type":"LineString","coordinates":[[82.2127348,26.8060509],[82.2133998,26.8071537],[82.2139228,26.8080707],[82.2139462,26.808102],[82.2139835,26.8081103],[82.2140396,26.8080978],[82.2146549,26.8077516],[82.2150623,26.8075226]]}},{"type":"Feature","properties":{"id":"way/957706834","kind":"road","class":"residential","name":""},"geometry":{"type":"LineString","coordinates":[[82.2115254,26.8067873],[82.2128675,26.8086206]]}},{"type":"Feature","properties":{"id":"way/957706835","kind":"road","class":"service","name":""},"geometry":{"type":"LineString","coordinates":[[82.2120483,26.8065038],[82.2123059,26.8068517],[82.2124676,26.8070506]]}},{"type":"Feature","properties":{"id":"way/957706836","kind":"road","class":"service","name":""},"geometry":{"type":"LineString","coordinates":[[82.2124335,26.8062494],[82.2126806,26.8066098],[82.2128463,26.8068516]]}},{"type":"Feature","properties":{"id":"way/957706837","kind":"road","class":"service","name":""},"geometry":{"type":"LineString","coordinates":[[82.2123059,26.8068517],[82.2126806,26.8066098]]}},{"type":"Feature","properties":{"id":"way/957706838","kind":"road","class":"residential","name":""},"geometry":{"type":"LineString","coordinates":[[82.2157727,26.8064317],[82.2161593,26.8071962]]}},{"type":"Feature","properties":{"id":"way/957709537","kind":"road","class":"residential","name":""},"geometry":{"type":"LineString","coordinates":[[82.2078965,26.8039088],[82.2080323,26.8038685],[82.208087,26.8038522],[82.208146,26.8038187],[82.2081996,26.8037397],[82.2082667,26.8036415],[82.2083096,26.8036008],[82.2083928,26.8035649],[82.2091372,26.8033237],[82.2096343,26.8031083]]}},{"type":"Feature","properties":{"id":"way/957709538","kind":"road","class":"residential","name":""},"geometry":{"type":"LineString","coordinates":[[82.2080323,26.8038685],[82.208087,26.8039168],[82.2081487,26.8039288],[82.2083096,26.8039097],[82.2084598,26.8039121],[82.2086959,26.8039336]]}},{"type":"Feature","properties":{"id":"way/957709539","kind":"road","class":"residential","name":""},"geometry":{"type":"LineString","coordinates":[[82.2089828,26.8038522],[82.2092994,26.8036774],[82.2093503,26.8036703],[82.2093986,26.8036798],[82.2094415,26.8037158],[82.2096534,26.8040677],[82.2097768,26.8042376],[82.2098774,26.8043343]]}},{"type":"Feature","properties":{"id":"way/957709540","kind":"road","class":"residential","name":""},"geometry":{"type":"LineString","coordinates":[[82.2087438,26.8048649],[82.2089101,26.8051569],[82.2089692,26.8052312],[82.2090425,26.8053052]]}},{"type":"Feature","properties":{"id":"way/957709541","kind":"road","class":"residential","name":""},"geometry":{"type":"LineString","coordinates":[[82.2081422,26.8045258],[82.208532,26.804355]]}},{"type":"Feature","properties":{"id":"way/957709542","kind":"road","class":"residential","name":""},"geometry":{"type":"LineString","coordinates":[[82.2093986,26.8036798],[82.2097392,26.8035031]]}},{"type":"Feature","properties":{"id":"way/957709543","kind":"road","class":"residential","name":""},"geometry":{"type":"LineString","coordinates":[[82.204355,26.8044186],[82.2038226,26.8045264],[82.2035712,26.8045858]]}},{"type":"Feature","properties":{"id":"way/957709544","kind":"road","class":"residential","name":""},"geometry":{"type":"LineString","coordinates":[[82.2036254,26.8053124],[82.2043371,26.8051336]]}},{"type":"Feature","properties":{"id":"way/957709545","kind":"road","class":"residential","name":""},"geometry":{"type":"LineString","coordinates":[[82.2029717,26.8056725],[82.2032075,26.8056816],[82.2033498,26.8056634],[82.2035429,26.8056235],[82.2035856,26.8056217],[82.2036222,26.8056399],[82.2036405,26.8056961],[82.2036913,26.8060989],[82.2037238,26.8062059],[82.2037563,26.8062603],[82.2038051,26.8062803],[82.2039688,26.8062841]]}},{"type":"Feature","properties":{"id":"way/957712787","kind":"road","class":"residential","name":""},"geometry":{"type":"LineString","coordinates":[[82.2032075,26.8056816],[82.2032827,26.8059102],[82.2033112,26.8059501],[82.203362,26.8059936],[82.2034413,26.8060245],[82.2036913,26.8060989]]}},{"type":"Feature","properties":{"id":"way/957712788","kind":"road","class":"primary","name":""},"geometry":{"type":"LineString","coordinates":[[82.1985073,26.8048661],[82.1988806,26.805181],[82.199027,26.8053117],[82.1991794,26.8054496],[82.1993644,26.8056419],[82.1994752,26.8057699]]}},{"type":"Feature","properties":{"id":"way/957712789","kind":"road","class":"residential","name":""},"geometry":{"type":"LineString","coordinates":[[82.1971446,26.8046008],[82.1971943,26.8047319],[82.1972492,26.8048498],[82.1974443,26.80518],[82.197569,26.8053659]]}},{"type":"Feature","properties":{"id":"way/957716185","kind":"road","class":"residential","name":""},"geometry":{"type":"LineString","coordinates":[[82.1977913,26.8039939],[82.1981888,26.8037958]]}},{"type":"Feature","properties":{"id":"way/957716186","kind":"road","class":"residential","name":""},"geometry":{"type":"LineString","coordinates":[[82.195951,26.8036561],[82.1960115,26.8036563],[82.1960542,26.8036635],[82.1960847,26.8036681],[82.1961345,26.8036681],[82.1964221,26.80364],[82.1966732,26.8036336],[82.1967016,26.8036381],[82.1967545,26.8036644],[82.1967972,26.8036835],[82.1968226,26.8036835],[82.1968581,26.8036699],[82.1968795,26.8036463],[82.1969211,26.8036055],[82.1969717,26.8035688]]}},{"type":"Feature","properties":{"id":"way/957716187","kind":"road","class":"residential","name":""},"geometry":{"type":"LineString","coordinates":[[82.1981568,26.8051683],[82.1979905,26.8049682]]}},{"type":"Feature","properties":{"id":"way/957716188","kind":"road","class":"residential","name":""},"geometry":{"type":"LineString","coordinates":[[82.197918,26.805014],[82.1979905,26.8049682],[82.1981817,26.8048434],[82.1982925,26.8047598]]}},{"type":"Feature","properties":{"id":"way/957716189","kind":"road","class":"residential","name":""},"geometry":{"type":"LineString","coordinates":[[82.2001688,26.8078236],[82.2002257,26.8077946],[82.200244,26.8077655],[82.2002541,26.8076857],[82.2002785,26.807653],[82.200307,26.8076367],[82.2003578,26.8076367],[82.2004777,26.8076367],[82.2005855,26.8076186],[82.2007847,26.8075587],[82.2008233,26.8075369],[82.2008538,26.807488],[82.2008779,26.8074326]]}},{"type":"Feature","properties":{"id":"way/957716190","kind":"road","class":"residential","name":""},"geometry":{"type":"LineString","coordinates":[[82.2008538,26.807488],[82.2009825,26.8078344]]}},{"type":"Feature","properties":{"id":"way/957716191","kind":"road","class":"residential","name":""},"geometry":{"type":"LineString","coordinates":[[82.2001657,26.8083367],[82.2001525,26.8081248],[82.2001322,26.8080232],[82.2000834,26.807849]]}},{"type":"Feature","properties":{"id":"way/957716192","kind":"road","class":"residential","name":""},"geometry":{"type":"LineString","coordinates":[[82.1995919,26.8047352],[82.1996924,26.8048924],[82.1997438,26.804985],[82.1998408,26.8051411],[82.1999192,26.8052557]]}},{"type":"Feature","properties":{"id":"way/957716193","kind":"road","class":"residential","name":""},"geometry":{"type":"LineString","coordinates":[[82.2011739,26.8077322],[82.2013901,26.8086591]]}},{"type":"Feature","properties":{"id":"way/957716194","kind":"road","class":"residential","name":""},"geometry":{"type":"LineString","coordinates":[[82.2011206,26.8096604],[82.2011433,26.8095997],[82.2011456,26.8095664],[82.2011316,26.809533],[82.2010989,26.8094476],[82.2010779,26.8093559],[82.2010336,26.808962],[82.2010382,26.8089266],[82.2010662,26.8088932],[82.2013301,26.8088724],[82.2013885,26.8088474],[82.2014095,26.8088203],[82.2014185,26.8087668],[82.2013901,26.8086591]]}},{"type":"Feature","properties":{"id":"way/957718135","kind":"road","class":"residential","name":""},"geometry":{"type":"LineString","coordinates":[[82.2028375,26.8093145],[82.203071,26.8097468],[82.2031134,26.8097942],[82.2031878,26.8098194],[82.2033187,26.8098321],[82.2035983,26.8097879],[82.2038779,26.8096956],[82.2049007,26.8093583],[82.2050526,26.8093032],[82.2060318,26.8089482],[82.2064744,26.8087878],[82.2067709,26.8086803],[82.2070703,26.8085717],[82.2071764,26.8085054],[82.207226,26.8084612],[82.2072614,26.8084011],[82.2073245,26.8083391]]}},{"type":"Feature","properties":{"id":"way/957718136","kind":"road","class":"residential","name":""},"geometry":{"type":"LineString","coordinates":[[82.2065965,26.8082694],[82.2066707,26.8084401],[82.2067709,26.8086803]]}},{"type":"Feature","properties":{"id":"way/957718137","kind":"road","class":"residential","name":""},"geometry":{"type":"LineString","coordinates":[[82.2050526,26.8093032],[82.2048079,26.8087199],[82.2047869,26.8086532],[82.2047869,26.8086157],[82.2048182,26.8085119]]}},{"type":"Feature","properties":{"id":"way/957718138","kind":"road","class":"service","name":""},"geometry":{"type":"LineString","coordinates":[[82.203979,26.80897],[82.204,26.8088491],[82.2040164,26.808822],[82.2041425,26.8087178],[82.2041658,26.8086782],[82.2041728,26.8086365],[82.204145,26.8083054]]}},{"type":"Feature","properties":{"id":"way/957718139","kind":"road","class":"residential","name":""},"geometry":{"type":"LineString","coordinates":[[82.2040589,26.8080647],[82.204439,26.8079905],[82.204488,26.8079863],[82.2045254,26.8079925],[82.2045558,26.8080342],[82.2046427,26.8081736]]}},{"type":"Feature","properties":{"id":"way/957718140","kind":"road","class":"residential","name":""},"geometry":{"type":"LineString","coordinates":[[82.2030113,26.8081097],[82.2030157,26.8078592],[82.203032,26.8078356],[82.2030631,26.8078271],[82.2031284,26.8078235],[82.203432,26.8078319],[82.2034783,26.8078425],[82.2035274,26.8078603],[82.2036446,26.8078845],[82.2037679,26.8078869],[82.2041195,26.8078796]]}},{"type":"Feature","properties":{"id":"way/957718141","kind":"road","class":"residential","name":""},"geometry":{"type":"LineString","coordinates":[[82.2034436,26.8067499],[82.2035544,26.8069104],[82.2036174,26.8070464],[82.2036243,26.8071054],[82.203593,26.8072605],[82.2035727,26.8073784],[82.2035274,26.8078603]]}},{"type":"Feature","properties":{"id":"way/957718142","kind":"road","class":"residential","name":""},"geometry":{"type":"LineString","coordinates":[[82.2041549,26.8103247],[82.20493,26.8105426],[82.2050841,26.8105924],[82.2053275,26.8107614],[82.2054841,26.8108735],[82.2056098,26.8109447]]}},{"type":"Feature","properties":{"id":"way/957718143","kind":"road","class":"footway","name":""},"geometry":{"type":"LineString","coordinates":[[82.2054841,26.8108735],[82.2057636,26.8103523]]}},{"type":"Feature","properties":{"id":"way/957718144","kind":"road","class":"footway","name":""},"geometry":{"type":"LineString","coordinates":[[82.2050841,26.8105924],[82.2053914,26.810466],[82.2057636,26.8103523],[82.2058246,26.8103167],[82.2058689,26.810273],[82.2061515,26.8098645],[82.2063009,26.8096582],[82.2063149,26.8095873],[82.2063021,26.8095226],[82.206256,26.8094308]]}},{"type":"Feature","properties":{"id":"way/957718145","kind":"road","class":"footway","name":"","bridge":"yes"},"geometry":{"type":"LineString","coordinates":[[82.206256,26.8094308],[82.2060511,26.8089996]]}},{"type":"Feature","properties":{"id":"way/957718146","kind":"road","class":"footway","name":""},"geometry":{"type":"LineString","coordinates":[[82.2060511,26.8089996],[82.2060318,26.8089482]]}},{"type":"Feature","properties":{"id":"way/957718147","kind":"road","class":"footway","name":"","bridge":"yes"},"geometry":{"type":"LineString","coordinates":[[82.2039125,26.8097683],[82.2040479,26.8101496]]}},{"type":"Feature","properties":{"id":"way/957718148","kind":"road","class":"footway","name":""},"geometry":{"type":"LineString","coordinates":[[82.2038779,26.8096956],[82.2039125,26.8097683]]}},{"type":"Feature","properties":{"id":"way/957722019","kind":"road","class":"residential","name":""},"geometry":{"type":"LineString","coordinates":[[82.216332,26.7935669],[82.216523,26.7937766]]}},{"type":"Feature","properties":{"id":"way/957722020","kind":"road","class":"residential","name":""},"geometry":{"type":"LineString","coordinates":[[82.2175777,26.7929285],[82.217685,26.793171],[82.2177144,26.7932204],[82.2177335,26.7932312],[82.2177698,26.7932328],[82.218,26.793132]]}},{"type":"Feature","properties":{"id":"way/957722021","kind":"road","class":"residential","name":""},"geometry":{"type":"LineString","coordinates":[[82.2157422,26.7982118],[82.2160249,26.7974451],[82.2161957,26.7970037],[82.2162582,26.7968423],[82.2164271,26.7964059]]}},{"type":"Feature","properties":{"id":"way/957722022","kind":"road","class":"residential","name":""},"geometry":{"type":"LineString","coordinates":[[82.2168166,26.7972699],[82.2165877,26.7971812],[82.216539,26.7971623],[82.2161957,26.7970037],[82.2158982,26.7968896]]}},{"type":"Feature","properties":{"id":"way/957725926","kind":"road","class":"residential","name":""},"geometry":{"type":"LineString","coordinates":[[82.207972,26.8101478],[82.2080099,26.8101314],[82.2082026,26.8100478],[82.2083762,26.8099544],[82.2085097,26.8098988],[82.2086454,26.809871],[82.2087679,26.8098665]]}},{"type":"Feature","properties":{"id":"way/957725934","kind":"road","class":"residential","name":""},"geometry":{"type":"LineString","coordinates":[[82.2082026,26.8100478],[82.2082995,26.8102585],[82.2083752,26.810423],[82.2084681,26.8106166],[82.2085129,26.8107137]]}},{"type":"Feature","properties":{"id":"way/957725935","kind":"road","class":"residential","name":""},"geometry":{"type":"LineString","coordinates":[[82.2082995,26.8102585],[82.2084546,26.8102553],[82.2086677,26.8102674],[82.2088042,26.8102769]]}},{"type":"Feature","properties":{"id":"way/957725936","kind":"road","class":"residential","name":""},"geometry":{"type":"LineString","coordinates":[[82.2073916,26.8067305],[82.2075682,26.8068731],[82.2076433,26.8069373],[82.2076954,26.8069965],[82.2077373,26.8070435]]}},{"type":"Feature","properties":{"id":"way/957725937","kind":"road","class":"residential","name":""},"geometry":{"type":"LineString","coordinates":[[82.2080479,26.8069541],[82.2082044,26.8070908],[82.2085334,26.8073722]]}},{"type":"Feature","properties":{"id":"way/957725938","kind":"road","class":"residential","name":""},"geometry":{"type":"LineString","coordinates":[[82.2092874,26.8061622],[82.2094912,26.8062921],[82.2095551,26.8063195],[82.2097468,26.806372],[82.2099768,26.8064381]]}},{"type":"Feature","properties":{"id":"way/957737687","kind":"road","class":"service","name":""},"geometry":{"type":"LineString","coordinates":[[82.2098384,26.8090675],[82.2103595,26.8088845]]}},{"type":"Feature","properties":{"id":"way/957737689","kind":"road","class":"track","name":"","surface":"unpaved"},"geometry":{"type":"LineString","coordinates":[[82.2119345,26.8092274],[82.2120184,26.8093737],[82.21208,26.809426],[82.2121848,26.8094865],[82.2123111,26.80958],[82.2123912,26.8096652],[82.2124313,26.8097477],[82.2124405,26.809899],[82.2124405,26.8100475],[82.2124713,26.8101355],[82.2126778,26.8103995],[82.2127641,26.8104517],[82.2129397,26.810493],[82.2132663,26.8105397],[82.2135744,26.8105397],[82.2139842,26.8105122],[82.2145881,26.8104325]]}},{"type":"Feature","properties":{"id":"way/957737690","kind":"road","class":"residential","name":"","oneway":"yes"},"geometry":{"type":"LineString","coordinates":[[82.2061759,26.8112148],[82.2061606,26.8108853],[82.2061528,26.810758],[82.2061599,26.8106397]]}},{"type":"Feature","properties":{"id":"way/957737691","kind":"road","class":"residential","name":"","oneway":"yes"},"geometry":{"type":"LineString","coordinates":[[82.20563,26.8110392],[82.2058264,26.8107118],[82.205888,26.8106485],[82.2059496,26.8106087],[82.2060005,26.8106045],[82.2060511,26.810615]]}},{"type":"Feature","properties":{"id":"way/957737692","kind":"road","class":"residential","name":""},"geometry":{"type":"LineString","coordinates":[[82.2064744,26.8087878],[82.2062344,26.8083662],[82.206106,26.8081766],[82.2060671,26.8081168],[82.2060366,26.8081023],[82.2060021,26.8081077],[82.2055813,26.8082619],[82.2055366,26.8082693],[82.2054963,26.8082569],[82.2054746,26.8082319],[82.2054166,26.8081458],[82.2053516,26.8080787],[82.2052947,26.8080279],[82.2051641,26.8078363]]}},{"type":"Feature","properties":{"id":"way/957737693","kind":"road","class":"residential","name":""},"geometry":{"type":"LineString","coordinates":[[82.2062344,26.8083662],[82.2063712,26.8082574],[82.2064261,26.8082193],[82.206481,26.8082011],[82.2065773,26.8081832]]}},{"type":"Feature","properties":{"id":"way/957737694","kind":"road","class":"residential","name":""},"geometry":{"type":"LineString","coordinates":[[82.2048896,26.8038938],[82.2054239,26.8038247]]}},{"type":"Feature","properties":{"id":"way/957737695","kind":"road","class":"residential","name":""},"geometry":{"type":"LineString","coordinates":[[82.2054396,26.8036454],[82.2059334,26.8035666]]}},{"type":"Feature","properties":{"id":"way/957738294","kind":"road","class":"residential","name":""},"geometry":{"type":"LineString","coordinates":[[82.2152458,26.8009329],[82.2160053,26.8011985]]}},{"type":"Feature","properties":{"id":"way/957738295","kind":"road","class":"residential","name":""},"geometry":{"type":"LineString","coordinates":[[82.2153305,26.7988283],[82.2158215,26.7988032]]}},{"type":"Feature","properties":{"id":"way/957738296","kind":"road","class":"residential","name":""},"geometry":{"type":"LineString","coordinates":[[82.218,26.7982105],[82.2179751,26.7982022],[82.2179533,26.7981799],[82.2179501,26.798141],[82.217972,26.7980881],[82.218,26.7980405]]}},{"type":"Feature","properties":{"id":"way/957738297","kind":"road","class":"residential","name":""},"geometry":{"type":"LineString","coordinates":[[82.2171302,26.7934043],[82.2169962,26.7931456],[82.2169606,26.7930385],[82.2169681,26.7929738],[82.2169956,26.7929024],[82.2171906,26.7926592]]}},{"type":"Feature","properties":{"id":"way/957738298","kind":"road","class":"residential","name":""},"geometry":{"type":"LineString","coordinates":[[82.2171389,26.7902196],[82.2177739,26.7903182]]}},{"type":"Feature","properties":{"id":"way/957739528","kind":"road","class":"residential","name":""},"geometry":{"type":"LineString","coordinates":[[82.2135383,26.7917685],[82.2135308,26.7921253],[82.2132506,26.7921454],[82.212488,26.79218],[82.2120775,26.7921987],[82.2116961,26.7922213],[82.2114866,26.7922633],[82.2114224,26.7922596],[82.2113592,26.7922439],[82.2113331,26.7921992],[82.2113268,26.7918994]]}},{"type":"Feature","properties":{"id":"way/957739529","kind":"road","class":"service","name":""},"geometry":{"type":"LineString","coordinates":[[82.2104191,26.7921928],[82.2111899,26.7921481]]}},{"type":"Feature","properties":{"id":"way/957739530","kind":"road","class":"service","name":""},"geometry":{"type":"LineString","coordinates":[[82.2110199,26.7942125],[82.2114671,26.7940512],[82.2118773,26.7938638]]}},{"type":"Feature","properties":{"id":"way/957739531","kind":"road","class":"residential","name":""},"geometry":{"type":"LineString","coordinates":[[82.2124599,26.7942174],[82.2123821,26.7938834]]}},{"type":"Feature","properties":{"id":"way/957739532","kind":"road","class":"service","name":""},"geometry":{"type":"LineString","coordinates":[[82.212194,26.7988903],[82.2128426,26.7988297],[82.2138136,26.7987409],[82.2139373,26.7987265],[82.2140099,26.7987313]]}},{"type":"Feature","properties":{"id":"way/957739533","kind":"road","class":"service","name":""},"geometry":{"type":"LineString","coordinates":[[82.2140099,26.7987313],[82.2140395,26.7987481],[82.2140583,26.7987793],[82.2140718,26.7988801],[82.2140825,26.7994011],[82.2140645,26.7994614],[82.2140404,26.7994865],[82.2140084,26.7994936],[82.2131724,26.7995527],[82.2130461,26.7995634],[82.213004,26.7995616],[82.2129819,26.7995509],[82.2129639,26.7995294],[82.2128426,26.7988297]]}},{"type":"Feature","properties":{"id":"way/957739534","kind":"road","class":"service","name":""},"geometry":{"type":"LineString","coordinates":[[82.2116179,26.79983],[82.2117731,26.7998526],[82.2118958,26.7998429],[82.212329,26.799674]]}},{"type":"Feature","properties":{"id":"way/957739535","kind":"road","class":"service","name":""},"geometry":{"type":"LineString","coordinates":[[82.2109936,26.8009509],[82.2114194,26.8009413],[82.211579,26.8009088],[82.2118773,26.800848]]}},{"type":"Feature","properties":{"id":"way/957739536","kind":"road","class":"service","name":""},"geometry":{"type":"LineString","coordinates":[[82.2114086,26.8016885],[82.2113819,26.8014916],[82.2113944,26.8014515],[82.2114219,26.8014336],[82.2115394,26.801418],[82.2115969,26.8014002],[82.2116194,26.8013734],[82.2116244,26.8013288],[82.211579,26.8009088]]}},{"type":"Feature","properties":{"id":"way/957739537","kind":"road","class":"residential","name":""},"geometry":{"type":"LineString","coordinates":[[82.2117798,26.802903],[82.2120554,26.8030487],[82.2122034,26.8031003],[82.2125786,26.8031583]]}},{"type":"Feature","properties":{"id":"way/957739538","kind":"road","class":"service","name":""},"geometry":{"type":"LineString","coordinates":[[82.2137986,26.8030313],[82.2139482,26.8029564],[82.2144341,26.8028078]]}},{"type":"Feature","properties":{"id":"way/957741883","kind":"road","class":"residential","name":""},"geometry":{"type":"LineString","coordinates":[[82.2003208,26.8042587],[82.2004668,26.8043436],[82.2005406,26.804416],[82.2006185,26.8045203]]}},{"type":"Feature","properties":{"id":"way/957742779","kind":"road","class":"residential","name":""},"geometry":{"type":"LineString","coordinates":[[82.2068213,26.7866667],[82.2067756,26.7864482],[82.2067809,26.7863978],[82.2067971,26.7863617],[82.2068267,26.7863353],[82.2069861,26.7862968]]}},{"type":"Feature","properties":{"id":"way/957742780","kind":"road","class":"residential","name":""},"geometry":{"type":"LineString","coordinates":[[82.2069073,26.7856097],[82.2070926,26.7855861],[82.2073673,26.7855933],[82.2075076,26.785613],[82.2075998,26.7856541],[82.20767,26.7857007],[82.207698,26.7857436],[82.2077081,26.7858098],[82.2077081,26.785919],[82.2077201,26.7864452],[82.2077081,26.7864881],[82.207674,26.7865132],[82.2075457,26.7865543]]}},{"type":"Feature","properties":{"id":"way/957742781","kind":"road","class":"service","name":""},"geometry":{"type":"LineString","coordinates":[[82.2088303,26.7845687],[82.2089209,26.7838096]]}},{"type":"Feature","properties":{"id":"way/957742782","kind":"road","class":"service","name":""},"geometry":{"type":"LineString","coordinates":[[82.2070006,26.7913664],[82.2070545,26.7913807],[82.2070943,26.7913822],[82.2079251,26.7912231]]}},{"type":"Feature","properties":{"id":"way/957742783","kind":"road","class":"service","name":""},"geometry":{"type":"LineString","coordinates":[[82.2069768,26.7911474],[82.2076776,26.7911087]]}},{"type":"Feature","properties":{"id":"way/957742784","kind":"road","class":"service","name":""},"geometry":{"type":"LineString","coordinates":[[82.2091309,26.7931769],[82.2091251,26.793713],[82.209141,26.7937376],[82.2091627,26.7937596],[82.209238,26.7937789],[82.2094261,26.7938061],[82.2098372,26.7938939],[82.2099016,26.7939038],[82.2107461,26.7940335],[82.2108967,26.794036],[82.2110385,26.7940102],[82.2112846,26.7939327],[82.211832,26.7937787]]}},{"type":"Feature","properties":{"id":"way/957742785","kind":"road","class":"service","name":""},"geometry":{"type":"LineString","coordinates":[[82.2098432,26.7943457],[82.2099016,26.7939038]]}},{"type":"Feature","properties":{"id":"way/957742786","kind":"road","class":"residential","name":""},"geometry":{"type":"LineString","coordinates":[[82.2081195,26.7964278],[82.2080273,26.7961256]]}},{"type":"Feature","properties":{"id":"way/957742787","kind":"road","class":"residential","name":""},"geometry":{"type":"LineString","coordinates":[[82.2088402,26.8011548],[82.2090015,26.8011455],[82.2090298,26.8011543],[82.2090491,26.8011732],[82.2091005,26.8012641],[82.2091343,26.8012806],[82.2091592,26.8012827],[82.2099575,26.8011022],[82.2099828,26.8011053],[82.2100078,26.8011128],[82.2100195,26.80113],[82.2100413,26.8011948],[82.2100643,26.8012154],[82.2100956,26.8012228],[82.2103604,26.8011832]]}},{"type":"Feature","properties":{"id":"way/957742788","kind":"road","class":"residential","name":""},"geometry":{"type":"LineString","coordinates":[[82.2072063,26.8026391],[82.2074033,26.8026005],[82.2077823,26.8024704],[82.2081785,26.8023344],[82.2083098,26.8022893]]}},{"type":"Feature","properties":{"id":"way/957742789","kind":"road","class":"residential","name":""},"geometry":{"type":"LineString","coordinates":[[82.2081785,26.8023344],[82.2081123,26.8021204],[82.2081006,26.802095],[82.2080748,26.8020913],[82.2080437,26.8020949],[82.2079195,26.8021279],[82.2078608,26.8021369],[82.207839,26.8021339],[82.2078172,26.8021175],[82.2077586,26.8020067]]}},{"type":"Feature","properties":{"id":"way/957742790","kind":"road","class":"residential","name":""},"geometry":{"type":"LineString","coordinates":[[82.2081743,26.8015309],[82.2082347,26.8017733],[82.208228,26.8018017],[82.2082062,26.8018257],[82.2081626,26.8018451],[82.2077586,26.8020067],[82.2075305,26.8021028],[82.2071904,26.8022569]]}},{"type":"Feature","properties":{"id":"way/957742791","kind":"road","class":"residential","name":""},"geometry":{"type":"LineString","coordinates":[[82.2064545,26.8013081],[82.2066517,26.8012208],[82.2067914,26.8011847],[82.2068278,26.8011865],[82.2068602,26.80121],[82.206923,26.8013184],[82.2070545,26.8015786],[82.2071193,26.801687],[82.2071881,26.801752],[82.2073278,26.801893],[82.2073966,26.8019363],[82.2074655,26.802005],[82.2075305,26.8021028]]}},{"type":"Feature","properties":{"id":"way/957742792","kind":"road","class":"residential","name":""},"geometry":{"type":"LineString","coordinates":[[82.2080479,26.8029672],[82.2077823,26.8024704]]}},{"type":"Feature","properties":{"id":"way/957742793","kind":"road","class":"residential","name":""},"geometry":{"type":"LineString","coordinates":[[82.2091372,26.8033237],[82.208957,26.8027313],[82.2088813,26.8023693],[82.2088786,26.8023063],[82.2088895,26.8022724],[82.2089248,26.8022554],[82.209028,26.8022336],[82.2090535,26.8022313],[82.2094326,26.8021972],[82.2104835,26.8019708]]}},{"type":"Feature","properties":{"id":"way/957742794","kind":"road","class":"residential","name":""},"geometry":{"type":"LineString","coordinates":[[82.2097506,26.8033009],[82.2096343,26.8031083],[82.2096205,26.8030854],[82.2095937,26.8030279],[82.2096017,26.8029968],[82.2096245,26.8029729],[82.209702,26.8029522],[82.2105157,26.8027304]]}},{"type":"Feature","properties":{"id":"way/957742795","kind":"road","class":"residential","name":""},"geometry":{"type":"LineString","coordinates":[[82.2105138,26.8022064],[82.2108723,26.802165],[82.210913,26.8021529],[82.210951,26.8021311],[82.2109673,26.8020947],[82.2109728,26.8017553]]}},{"type":"Feature","properties":{"id":"way/957742796","kind":"road","class":"residential","name":""},"geometry":{"type":"LineString","coordinates":[[82.2076441,26.8030798],[82.2074033,26.8026005]]}},{"type":"Feature","properties":{"id":"way/957742797","kind":"road","class":"service","name":""},"geometry":{"type":"LineString","coordinates":[[82.2089794,26.8018789],[82.2090535,26.8022313]]}},{"type":"Feature","properties":{"id":"way/957743744","kind":"road","class":"residential","name":""},"geometry":{"type":"LineString","coordinates":[[82.1994582,26.8029887],[82.1996295,26.803409]]}},{"type":"Feature","properties":{"id":"way/957743745","kind":"road","class":"residential","name":""},"geometry":{"type":"LineString","coordinates":[[82.2132014,26.8086987],[82.2119345,26.8092274],[82.211645,26.8093482],[82.2103553,26.809914],[82.210167,26.8099947],[82.2088639,26.8105639]]}},{"type":"Feature","properties":{"id":"way/957743746","kind":"road","class":"residential","name":"","bridge":"yes"},"geometry":{"type":"LineString","coordinates":[[82.2133221,26.8086483],[82.2132014,26.8086987]]}},{"type":"Feature","properties":{"id":"way/957743749","kind":"road","class":"trunk","name":""},"geometry":{"type":"LineString","coordinates":[[82.2086777,26.8083091],[82.2083129,26.8085509],[82.2079106,26.8088429],[82.2070268,26.8094845],[82.2068516,26.8096161],[82.2066363,26.8097844],[82.2064366,26.8099839],[82.2062625,26.8102012],[82.2061591,26.810387],[82.2060773,26.8105575],[82.2060511,26.810615],[82.2059367,26.8108719],[82.2058677,26.811033]]}},{"type":"Feature","properties":{"id":"way/957743750","kind":"road","class":"residential","name":"","bridge":"yes"},"geometry":{"type":"LineString","coordinates":[[82.2116586,26.806712],[82.2118302,26.8066054]]}},{"type":"Feature","properties":{"id":"way/957743751","kind":"road","class":"residential","name":""},"geometry":{"type":"LineString","coordinates":[[82.2118302,26.8066054],[82.211923,26.8065682],[82.2120483,26.8065038],[82.2122516,26.8063793],[82.2124335,26.8062494],[82.2127348,26.8060509],[82.2129618,26.8058844],[82.2131064,26.8057881],[82.2133627,26.8056221],[82.213772,26.8053571],[82.2141502,26.8051123],[82.2142107,26.8050731],[82.2146726,26.8047577],[82.2147028,26.8047379],[82.215203,26.8044092],[82.2157567,26.8040939]]}},{"type":"Feature","properties":{"id":"way/957743752","kind":"road","class":"trunk","name":"","oneway":"yes"},"geometry":{"type":"LineString","coordinates":[[82.2116487,26.8063113],[82.2114642,26.8064354]]}},{"type":"Feature","properties":{"id":"way/957744528","kind":"road","class":"service","name":""},"geometry":{"type":"LineString","coordinates":[[82.2071967,26.7966574],[82.2075653,26.7966231]]}},{"type":"Feature","properties":{"id":"way/957744529","kind":"road","class":"residential","name":""},"geometry":{"type":"LineString","coordinates":[[82.2048732,26.7844721],[82.2052793,26.7845092],[82.2053295,26.7845092],[82.2053889,26.7844927],[82.2054818,26.7844429],[82.2055338,26.7844363],[82.2059128,26.7844496],[82.2060595,26.7844512],[82.2067077,26.7844062]]}},{"type":"Feature","properties":{"id":"way/957744530","kind":"road","class":"service","name":""},"geometry":{"type":"LineString","coordinates":[[82.2050502,26.7852015],[82.2051734,26.7851628],[82.2054101,26.7850804],[82.2057507,26.7850494]]}},{"type":"Feature","properties":{"id":"way/957744531","kind":"road","class":"residential","name":""},"geometry":{"type":"LineString","coordinates":[[82.2032679,26.7852971],[82.2036117,26.7852917],[82.2041595,26.7852214]]}},{"type":"Feature","properties":{"id":"way/957744532","kind":"road","class":"residential","name":""},"geometry":{"type":"LineString","coordinates":[[82.2038112,26.7857301],[82.2038686,26.7857529],[82.2040303,26.7857607],[82.2050637,26.7857143]]}},{"type":"Feature","properties":{"id":"way/957744533","kind":"road","class":"service","name":""},"geometry":{"type":"LineString","coordinates":[[82.2057912,26.7860983],[82.2057926,26.785999],[82.2057767,26.7859462],[82.2057277,26.7859076],[82.2056526,26.7858844],[82.205618,26.7858612],[82.2055949,26.7858251],[82.2055411,26.7854908]]}},{"type":"Feature","properties":{"id":"way/957744534","kind":"road","class":"service","name":""},"geometry":{"type":"LineString","coordinates":[[82.2046513,26.7873138],[82.2046163,26.7870749],[82.204599,26.7870182],[82.2044719,26.7868301]]}},{"type":"Feature","properties":{"id":"way/957744535","kind":"road","class":"service","name":""},"geometry":{"type":"LineString","coordinates":[[82.2039437,26.7868507],[82.2043423,26.7868352],[82.2044719,26.7868301],[82.2049627,26.7867811]]}},{"type":"Feature","properties":{"id":"way/957744536","kind":"road","class":"service","name":""},"geometry":{"type":"LineString","coordinates":[[82.2043423,26.7868352],[82.2043305,26.7865157]]}},{"type":"Feature","properties":{"id":"way/957744537","kind":"road","class":"residential","name":""},"geometry":{"type":"LineString","coordinates":[[82.2045678,26.7872827],[82.2046139,26.7875082],[82.2046526,26.7875735],[82.2047279,26.7876273],[82.2047645,26.7876695],[82.2047774,26.7877137],[82.2048003,26.7878469],[82.2048506,26.7881401],[82.2048678,26.7881689],[82.2049065,26.7881804],[82.2053218,26.7881919]]}},{"type":"Feature","properties":{"id":"way/957744538","kind":"road","class":"residential","name":""},"geometry":{"type":"LineString","coordinates":[[82.2060835,26.7880921],[82.2056776,26.7880607],[82.2052892,26.7880306],[82.2052336,26.7880191],[82.2051991,26.787998],[82.2051905,26.7879499],[82.2051684,26.7874924]]}},{"type":"Feature","properties":{"id":"way/957744539","kind":"road","class":"residential","name":""},"geometry":{"type":"LineString","coordinates":[[82.2048003,26.7878469],[82.2051905,26.7879499]]}},{"type":"Feature","properties":{"id":"way/957744540","kind":"road","class":"residential","name":""},"geometry":{"type":"LineString","coordinates":[[82.2056776,26.7880607],[82.2056783,26.7876543]]}},{"type":"Feature","properties":{"id":"way/957744541","kind":"road","class":"residential","name":""},"geometry":{"type":"LineString","coordinates":[[82.203499,26.7883979],[82.2035566,26.7883762],[82.2037038,26.7883206],[82.2038192,26.7882536],[82.2038712,26.7881789],[82.2039058,26.7880629],[82.2039549,26.7876223]]}},{"type":"Feature","properties":{"id":"way/957744542","kind":"road","class":"residential","name":""},"geometry":{"type":"LineString","coordinates":[[82.2034084,26.7908752],[82.2033843,26.7907813],[82.2033779,26.7907237],[82.2033929,26.7906545],[82.2034187,26.7905911],[82.2034273,26.790547],[82.2034273,26.7904893],[82.2033886,26.7903779],[82.2033598,26.7903255],[82.2033284,26.7902685],[82.203281,26.7902185],[82.2032272,26.7901744],[82.2031993,26.7901359],[82.2031756,26.7900399],[82.2031562,26.7900092],[82.2031326,26.7899938],[82.2029992,26.7899792],[82.2027385,26.7900171]]}},{"type":"Feature","properties":{"id":"way/957744543","kind":"road","class":"residential","name":""},"geometry":{"type":"LineString","coordinates":[[82.2033929,26.7906545],[82.2035392,26.7906238],[82.2040133,26.7905517]]}},{"type":"Feature","properties":{"id":"way/957744544","kind":"road","class":"residential","name":""},"geometry":{"type":"LineString","coordinates":[[82.2033598,26.7903255],[82.2034854,26.7902858],[82.2035113,26.7902627],[82.2035392,26.7902301],[82.2035801,26.790207],[82.2038777,26.7901229]]}},{"type":"Feature","properties":{"id":"way/957744545","kind":"road","class":"residential","name":""},"geometry":{"type":"LineString","coordinates":[[82.2047656,26.7914936],[82.2050357,26.7914367]]}},{"type":"Feature","properties":{"id":"way/957744546","kind":"road","class":"residential","name":""},"geometry":{"type":"LineString","coordinates":[[82.2028734,26.7923432],[82.2033457,26.7922221],[82.2034462,26.7921887],[82.2034719,26.7921741],[82.2035,26.7921511],[82.2035023,26.7921198],[82.2034322,26.7918798]]}},{"type":"Feature","properties":{"id":"way/957744547","kind":"road","class":"residential","name":""},"geometry":{"type":"LineString","coordinates":[[82.2035,26.7921511],[82.2035409,26.7921712],[82.2035765,26.7921972],[82.2036186,26.7922623],[82.203706,26.7924849],[82.203902,26.7929952]]}},{"type":"Feature","properties":{"id":"way/957746649","kind":"road","class":"residential","name":""},"geometry":{"type":"LineString","coordinates":[[82.2048399,26.8072132],[82.2054228,26.8070839]]}},{"type":"Feature","properties":{"id":"way/957747311","kind":"road","class":"residential","name":""},"geometry":{"type":"LineString","coordinates":[[82.2048137,26.7938417],[82.2047743,26.7936696],[82.2046985,26.7934931],[82.2045441,26.7931498],[82.2044385,26.7928259],[82.2043491,26.7924729]]}},{"type":"Feature","properties":{"id":"way/957747312","kind":"road","class":"residential","name":""},"geometry":{"type":"LineString","coordinates":[[82.2036465,26.7975231],[82.2040145,26.7974764],[82.2042273,26.7975025],[82.2046304,26.7975428]]}},{"type":"Feature","properties":{"id":"way/957747313","kind":"road","class":"service","name":""},"geometry":{"type":"LineString","coordinates":[[82.2057587,26.7991921],[82.2058328,26.7991202],[82.2059104,26.799087],[82.2061805,26.7990117],[82.2063696,26.7989213]]}},{"type":"Feature","properties":{"id":"way/957747314","kind":"road","class":"residential","name":""},"geometry":{"type":"LineString","coordinates":[[82.2032162,26.8029474],[82.2040778,26.8029508]]}},{"type":"Feature","properties":{"id":"way/957747315","kind":"road","class":"residential","name":""},"geometry":{"type":"LineString","coordinates":[[82.2029229,26.8026809],[82.2031406,26.8026636],[82.2033489,26.8026471]]}},{"type":"Feature","properties":{"id":"way/957747316","kind":"road","class":"residential","name":""},"geometry":{"type":"LineString","coordinates":[[82.2032377,26.8032012],[82.2032162,26.8029474],[82.2031406,26.8026636]]}},{"type":"Feature","properties":{"id":"way/957747317","kind":"road","class":"residential","name":""},"geometry":{"type":"LineString","coordinates":[[82.2045397,26.8060183],[82.2045503,26.8061053],[82.2045599,26.8062205],[82.2045713,26.8063296],[82.204605,26.8064988],[82.2046407,26.8066805],[82.2047076,26.8068312],[82.2047488,26.8069367],[82.2047985,26.8071052],[82.2048399,26.8072132],[82.2048767,26.8073197],[82.20498,26.807533],[82.2050115,26.8075726],[82.2050391,26.8075918],[82.2050793,26.8075971],[82.2051565,26.8075612],[82.2051886,26.8075686],[82.2052075,26.8076003],[82.2052595,26.8078024]]}},{"type":"Feature","properties":{"id":"way/957747318","kind":"road","class":"service","name":""},"geometry":{"type":"LineString","coordinates":[[82.2065006,26.7978605],[82.2065358,26.7974804],[82.2065076,26.7972385],[82.2064971,26.797116],[82.2065463,26.7968458],[82.206666,26.796252],[82.2067356,26.795944],[82.2067447,26.7958843],[82.2067417,26.7958165],[82.2067113,26.7957405],[82.2066384,26.7956537],[82.2065016,26.7955208],[82.2064469,26.7954557],[82.2064226,26.7954178],[82.2063801,26.7952526]]}},{"type":"Feature","properties":{"id":"way/957747319","kind":"road","class":"service","name":""},"geometry":{"type":"LineString","coordinates":[[82.2045236,26.7839796],[82.2045778,26.783639]]}},{"type":"Feature","properties":{"id":"way/957747320","kind":"road","class":"residential","name":""},"geometry":{"type":"LineString","coordinates":[[82.2022517,26.7864647],[82.2022706,26.7866971],[82.2022897,26.7867274],[82.2023148,26.7867428],[82.2024011,26.7867568],[82.2033095,26.7867527]]}},{"type":"Feature","properties":{"id":"way/957747321","kind":"road","class":"residential","name":""},"geometry":{"type":"LineString","coordinates":[[82.2006134,26.7871979],[82.2006842,26.7869689],[82.2007174,26.7868624],[82.2007311,26.7868014],[82.2007233,26.7866757],[82.2007208,26.7866233],[82.2007194,26.7865936],[82.2007115,26.7865657],[82.20069,26.7865413],[82.2006391,26.7865321],[82.1999861,26.786536]]}},{"type":"Feature","properties":{"id":"way/957747322","kind":"road","class":"residential","name":""},"geometry":{"type":"LineString","coordinates":[[82.2007208,26.7866233],[82.2009579,26.7865936],[82.2012571,26.7865605],[82.2015465,26.7865675],[82.2016208,26.786564],[82.2022517,26.7864647],[82.2023576,26.7864501],[82.2023925,26.7864345],[82.2024129,26.7864163],[82.2024231,26.7863916],[82.2024159,26.7863421],[82.202327,26.7859531]]}},{"type":"Feature","properties":{"id":"way/957747323","kind":"road","class":"residential","name":""},"geometry":{"type":"LineString","coordinates":[[82.2000094,26.7869878],[82.1999861,26.786536],[82.1999469,26.7861959],[82.1999263,26.7860169]]}},{"type":"Feature","properties":{"id":"way/957747324","kind":"road","class":"residential","name":""},"geometry":{"type":"LineString","coordinates":[[82.1999469,26.7861959],[82.2003369,26.786106],[82.2004215,26.786082],[82.2004403,26.7860666],[82.200445,26.7860358],[82.2004026,26.7856507],[82.2003775,26.7852517],[82.2003838,26.7851732],[82.2004183,26.7850892],[82.2005705,26.7849128],[82.200652,26.7848008],[82.2006928,26.78477],[82.2007352,26.7847574],[82.2008026,26.7847448],[82.2008481,26.7847224],[82.2009155,26.7846495],[82.2009704,26.7846047],[82.2010379,26.7845487],[82.2010755,26.7844997],[82.2011647,26.784335],[82.2013423,26.7840073]]}},{"type":"Feature","properties":{"id":"way/957747325","kind":"road","class":"residential","name":""},"geometry":{"type":"LineString","coordinates":[[82.2004183,26.7850892],[82.2007779,26.7850519],[82.2012344,26.7850425]]}},{"type":"Feature","properties":{"id":"way/957747326","kind":"road","class":"residential","name":""},"geometry":{"type":"LineString","coordinates":[[82.2007856,26.7855749],[82.2007837,26.7854465],[82.2007779,26.7850519]]}},{"type":"Feature","properties":{"id":"way/957747327","kind":"road","class":"residential","name":""},"geometry":{"type":"LineString","coordinates":[[82.2007837,26.7854465],[82.2011025,26.7854052],[82.2011854,26.7854008],[82.2012414,26.7854161],[82.2012951,26.7854356],[82.2013487,26.7854356],[82.2015535,26.7854226],[82.2017216,26.7854204],[82.2018265,26.7854356],[82.2019045,26.785477],[82.2019581,26.785527],[82.2019971,26.7855466],[82.2020848,26.785551],[82.2023302,26.7855373],[82.2023707,26.7855463],[82.2024298,26.785584],[82.2024585,26.7856081],[82.2024872,26.7856232],[82.2025328,26.7856352],[82.2028383,26.7856021]]}},{"type":"Feature","properties":{"id":"way/957747328","kind":"road","class":"residential","name":""},"geometry":{"type":"LineString","coordinates":[[82.2011647,26.784335],[82.2011802,26.7845843],[82.201196,26.7846335],[82.2012589,26.7847084],[82.2012852,26.7847646],[82.2012904,26.7848607],[82.2012344,26.7850425],[82.201196,26.7851674],[82.2011854,26.7854008]]}},{"type":"Feature","properties":{"id":"way/957747329","kind":"road","class":"residential","name":""},"geometry":{"type":"LineString","coordinates":[[82.2026913,26.7846608],[82.2025775,26.7842304],[82.2024536,26.7837616]]}},{"type":"Feature","properties":{"id":"way/957747330","kind":"road","class":"residential","name":""},"geometry":{"type":"LineString","coordinates":[[82.2016966,26.783998],[82.2018767,26.7843992],[82.2019206,26.7844254],[82.2019657,26.7844239],[82.2025775,26.7842304]]}},{"type":"Feature","properties":{"id":"way/957747371","kind":"road","class":"residential","name":""},"geometry":{"type":"LineString","coordinates":[[82.2148336,26.8033106],[82.2151232,26.8036865]]}},{"type":"Feature","properties":{"id":"way/957747372","kind":"road","class":"residential","name":"","bridge":"yes"},"geometry":{"type":"LineString","coordinates":[[82.2151232,26.8036865],[82.2151688,26.8037535]]}},{"type":"Feature","properties":{"id":"way/957747373","kind":"road","class":"residential","name":""},"geometry":{"type":"LineString","coordinates":[[82.2151688,26.8037535],[82.2152697,26.8038857]]}},{"type":"Feature","properties":{"id":"way/957753232","kind":"road","class":"residential","name":""},"geometry":{"type":"LineString","coordinates":[[82.1977489,26.8025296],[82.1983305,26.8023764]]}},{"type":"Feature","properties":{"id":"way/957753233","kind":"road","class":"residential","name":""},"geometry":{"type":"LineString","coordinates":[[82.1988534,26.8031471],[82.1994582,26.8029887],[82.1999179,26.8028696]]}},{"type":"Feature","properties":{"id":"way/957753234","kind":"road","class":"residential","name":""},"geometry":{"type":"LineString","coordinates":[[82.1965823,26.8024944],[82.1964674,26.8020077]]}},{"type":"Feature","properties":{"id":"way/957753235","kind":"road","class":"residential","name":""},"geometry":{"type":"LineString","coordinates":[[82.1962069,26.8017564],[82.1967787,26.8016909]]}},{"type":"Feature","properties":{"id":"way/957753236","kind":"road","class":"residential","name":""},"geometry":{"type":"LineString","coordinates":[[82.196768,26.8016446],[82.1973471,26.8015786],[82.1973775,26.8015801],[82.1973978,26.8015877],[82.1974096,26.8016072],[82.197413,26.8018061]]}},{"type":"Feature","properties":{"id":"way/957753237","kind":"road","class":"residential","name":""},"geometry":{"type":"LineString","coordinates":[[82.1974096,26.8016072],[82.197808,26.801547]]}},{"type":"Feature","properties":{"id":"way/957753238","kind":"road","class":"residential","name":""},"geometry":{"type":"LineString","coordinates":[[82.1978569,26.801663],[82.197808,26.801547],[82.1977201,26.8011104]]}},{"type":"Feature","properties":{"id":"way/957753239","kind":"road","class":"residential","name":""},"geometry":{"type":"LineString","coordinates":[[82.1988985,26.8019688],[82.198864,26.8017342],[82.1988348,26.8015355],[82.1987559,26.8009983]]}},{"type":"Feature","properties":{"id":"way/957753240","kind":"road","class":"residential","name":""},"geometry":{"type":"LineString","coordinates":[[82.198864,26.8017342],[82.1993926,26.8017218]]}},{"type":"Feature","properties":{"id":"way/957753241","kind":"road","class":"residential","name":""},"geometry":{"type":"LineString","coordinates":[[82.1988348,26.8015355],[82.1992966,26.8014875],[82.1998415,26.801432]]}},{"type":"Feature","properties":{"id":"way/957753242","kind":"road","class":"residential","name":""},"geometry":{"type":"LineString","coordinates":[[82.196524,26.8003107],[82.1969181,26.8002666]]}},{"type":"Feature","properties":{"id":"way/957753243","kind":"road","class":"residential","name":""},"geometry":{"type":"LineString","coordinates":[[82.1969475,26.8003629],[82.1969181,26.8002666],[82.1968232,26.7998287],[82.1968331,26.7997762],[82.1968592,26.7997324],[82.1969554,26.7996986],[82.1974328,26.7995702]]}},{"type":"Feature","properties":{"id":"way/957753244","kind":"road","class":"residential","name":""},"geometry":{"type":"LineString","coordinates":[[82.1967735,26.7986133],[82.1968416,26.799015],[82.1969554,26.7996986]]}},{"type":"Feature","properties":{"id":"way/957753245","kind":"road","class":"residential","name":""},"geometry":{"type":"LineString","coordinates":[[82.1959533,26.7980486],[82.1961501,26.7980132],[82.1961896,26.7980132],[82.1962348,26.7980308],[82.1962602,26.7980661],[82.196505,26.7986497]]}},{"type":"Feature","properties":{"id":"way/957753246","kind":"road","class":"residential","name":""},"geometry":{"type":"LineString","coordinates":[[82.196919,26.7966685],[82.1973131,26.7965969],[82.1973856,26.7965888],[82.1974739,26.796607],[82.1975487,26.7966333],[82.1976121,26.7966535],[82.1979986,26.7966496]]}},{"type":"Feature","properties":{"id":"way/957753247","kind":"road","class":"residential","name":""},"geometry":{"type":"LineString","coordinates":[[82.1978139,26.7953108],[82.1980723,26.795162],[82.1982325,26.7950657],[82.198311,26.7950014],[82.19836,26.7949401],[82.1984189,26.7948234],[82.1984483,26.7947358],[82.1984843,26.7946862],[82.1985628,26.7946511],[82.1991286,26.79433],[82.1991872,26.7942832],[82.1993483,26.7941642]]}},{"type":"Feature","properties":{"id":"way/957753248","kind":"road","class":"residential","name":""},"geometry":{"type":"LineString","coordinates":[[82.1999303,26.7944937],[82.199748,26.7940721]]}},{"type":"Feature","properties":{"id":"way/957753250","kind":"road","class":"residential","name":""},"geometry":{"type":"LineString","coordinates":[[82.1968542,26.7912904],[82.1970331,26.7912661],[82.1971169,26.7912803],[82.1973004,26.791343],[82.1974114,26.7913794],[82.1974952,26.7913834],[82.1975858,26.7913733],[82.1977511,26.7913329],[82.1980705,26.7911586]]}},{"type":"Feature","properties":{"id":"way/957755566","kind":"road","class":"residential","name":""},"geometry":{"type":"LineString","coordinates":[[82.1972916,26.7906838],[82.1972399,26.7905468],[82.197147,26.7903406],[82.1971085,26.790195],[82.1970519,26.7900616],[82.196907,26.7898048],[82.1967028,26.7894487]]}},{"type":"Feature","properties":{"id":"way/957755567","kind":"road","class":"residential","name":""},"geometry":{"type":"LineString","coordinates":[[82.1975705,26.7883409],[82.1977936,26.7886898],[82.1979188,26.7888766],[82.1979618,26.7890005],[82.1979829,26.7890723],[82.1980272,26.7892184],[82.1980507,26.7892576],[82.1980836,26.7892702],[82.1981338,26.7892716],[82.1982813,26.7892394]]}},{"type":"Feature","properties":{"id":"way/957755568","kind":"road","class":"residential","name":""},"geometry":{"type":"LineString","coordinates":[[82.1973774,26.789407],[82.1975671,26.7897509],[82.1976688,26.7899376],[82.1976963,26.789971],[82.1977318,26.7899921],[82.1977655,26.7899936],[82.1978516,26.7899891],[82.1979276,26.7899876],[82.1979867,26.7899801],[82.1980424,26.7899665],[82.198061,26.7899499],[82.1980981,26.7898866],[82.1981352,26.789852],[82.1981589,26.7898414],[82.1981994,26.7898294],[82.1983733,26.7898188],[82.1984813,26.7897887],[82.1986349,26.7897465],[82.1988392,26.7897329],[82.1988881,26.7897465],[82.1989033,26.7897661],[82.1990895,26.7900944]]}},{"type":"Feature","properties":{"id":"way/957755569","kind":"road","class":"residential","name":""},"geometry":{"type":"LineString","coordinates":[[82.1960077,26.7886268],[82.1962111,26.7885739],[82.1967295,26.7883982],[82.1970171,26.7882937],[82.1973389,26.7881507]]}},{"type":"Feature","properties":{"id":"way/957755570","kind":"road","class":"residential","name":""},"geometry":{"type":"LineString","coordinates":[[82.1960594,26.7878907],[82.1961573,26.788055],[82.1962237,26.7882086],[82.1962316,26.7883099],[82.196212,26.7883692],[82.1961807,26.7884163],[82.1961788,26.7884565],[82.1962111,26.7885739]]}},{"type":"Feature","properties":{"id":"way/957755571","kind":"road","class":"residential","name":""},"geometry":{"type":"LineString","coordinates":[[82.1989033,26.7897661],[82.1989712,26.7897365],[82.1990024,26.7897208],[82.199022,26.7896964],[82.199022,26.7896527],[82.1989751,26.7895148]]}},{"type":"Feature","properties":{"id":"way/957755572","kind":"road","class":"residential","name":""},"geometry":{"type":"LineString","coordinates":[[82.1985781,26.783707],[82.1984504,26.7838362],[82.1982557,26.7840525],[82.1981198,26.78419],[82.1979952,26.7842749],[82.1978797,26.7843477],[82.1978435,26.7843882],[82.1978344,26.7844225],[82.1978525,26.7845054],[82.1980088,26.7847703],[82.1980496,26.7848775],[82.1980699,26.7850109],[82.1980881,26.7850695],[82.1981628,26.7851646],[82.1982942,26.7852657],[82.1984867,26.7853748],[82.1986112,26.7854193],[82.1987788,26.7854436],[82.1989328,26.7854496],[82.1992024,26.7854193]]}},{"type":"Feature","properties":{"id":"way/957755573","kind":"road","class":"residential","name":""},"geometry":{"type":"LineString","coordinates":[[82.1987883,26.7867103],[82.1987621,26.7866734],[82.1987403,26.7866284],[82.1987041,26.78622],[82.1986497,26.7856013],[82.1986112,26.7854193]]}},{"type":"Feature","properties":{"id":"way/957755574","kind":"road","class":"residential","name":""},"geometry":{"type":"LineString","coordinates":[[82.1963351,26.78518],[82.1965622,26.7850713],[82.1966367,26.7850519],[82.1967312,26.7850665],[82.1969783,26.7851168],[82.1971,26.7851184],[82.19716,26.7851038],[82.197209,26.7850746],[82.1973689,26.7849027],[82.1976959,26.7845507],[82.1977304,26.7844956],[82.1977432,26.7844404],[82.1976541,26.7840917],[82.1976378,26.7839247],[82.1976033,26.7838306],[82.1975033,26.7837025],[82.1974179,26.7835792],[82.1973889,26.7835143],[82.1973561,26.7833857]]}},{"type":"Feature","properties":{"id":"way/957755575","kind":"road","class":"residential","name":""},"geometry":{"type":"LineString","coordinates":[[82.1954069,26.7856936],[82.1957062,26.7857951],[82.1961153,26.7858492],[82.1963236,26.785883],[82.196407,26.7858762],[82.1964979,26.7858289],[82.1966759,26.7855922],[82.19716,26.7851038]]}},{"type":"Feature","properties":{"id":"way/957755576","kind":"road","class":"residential","name":""},"geometry":{"type":"LineString","coordinates":[[82.1965772,26.7909153],[82.1967409,26.7909354],[82.1968228,26.7909329],[82.1970317,26.790885],[82.1971685,26.7907877]]}},{"type":"Feature","properties":{"id":"way/957755577","kind":"road","class":"service","name":""},"geometry":{"type":"LineString","coordinates":[[82.1957406,26.79064],[82.195899,26.7906212],[82.1961067,26.7905646],[82.1963693,26.7904446]]}},{"type":"Feature","properties":{"id":"way/957755578","kind":"road","class":"residential","name":""},"geometry":{"type":"LineString","coordinates":[[82.1996542,26.7903299],[82.1997647,26.7902667],[82.1998005,26.7902592],[82.1998341,26.790263],[82.1998573,26.7902949],[82.2001687,26.7910125]]}},{"type":"Feature","properties":{"id":"way/957755579","kind":"road","class":"residential","name":""},"geometry":{"type":"LineString","coordinates":[[82.1988757,26.7915792],[82.1989377,26.7915354],[82.199058,26.7914503],[82.1991192,26.7913897],[82.1991712,26.7913331],[82.1991921,26.7912806],[82.1991879,26.7912487],[82.1991584,26.791213],[82.1990069,26.7911322]]}},{"type":"Feature","properties":{"id":"way/957757800","kind":"road","class":"residential","name":""},"geometry":{"type":"LineString","coordinates":[[82.2026159,26.8014136],[82.2031924,26.8014167]]}},{"type":"Feature","properties":{"id":"way/957757801","kind":"road","class":"residential","name":""},"geometry":{"type":"LineString","coordinates":[[82.2000222,26.8024889],[82.2004348,26.8023901]]}},{"type":"Feature","properties":{"id":"way/957757802","kind":"road","class":"residential","name":""},"geometry":{"type":"LineString","coordinates":[[82.2016445,26.802732],[82.2017267,26.8029536],[82.2017516,26.802978],[82.201784,26.8029914],[82.2020238,26.8029747]]}},{"type":"Feature","properties":{"id":"way/957760251","kind":"road","class":"residential","name":""},"geometry":{"type":"LineString","coordinates":[[82.21418,26.806032],[82.214589,26.8059008],[82.2146114,26.8058826],[82.2146195,26.8058591],[82.2146154,26.8058264],[82.214587,26.8057484],[82.2144589,26.805527],[82.2141502,26.8051123]]}},{"type":"Feature","properties":{"id":"way/957766028","kind":"road","class":"service","name":""},"geometry":{"type":"LineString","coordinates":[[82.2028589,26.800358],[82.203719,26.8001067]]}},{"type":"Feature","properties":{"id":"way/957766029","kind":"road","class":"residential","name":""},"geometry":{"type":"LineString","coordinates":[[82.2026124,26.7944681],[82.2022575,26.7935286],[82.2019699,26.7928302],[82.2019605,26.7928021],[82.2017725,26.7922391],[82.2017526,26.7921796],[82.2016188,26.7918184]]}},{"type":"Feature","properties":{"id":"way/957766030","kind":"road","class":"residential","name":""},"geometry":{"type":"LineString","coordinates":[[82.2017725,26.7922391],[82.2021578,26.7921267],[82.202364,26.7920666]]}},{"type":"Feature","properties":{"id":"way/957766031","kind":"road","class":"residential","name":""},"geometry":{"type":"LineString","coordinates":[[82.2019605,26.7928021],[82.2022489,26.7927294],[82.2023069,26.792708],[82.2023329,26.7926848],[82.2023389,26.7926474],[82.2021578,26.7921267],[82.2020158,26.7917656],[82.2019256,26.7915361]]}},{"type":"Feature","properties":{"id":"way/957766032","kind":"road","class":"residential","name":""},"geometry":{"type":"LineString","coordinates":[[82.2020158,26.7917656],[82.2025403,26.7916413],[82.202782,26.7915823]]}},{"type":"Feature","properties":{"id":"way/957766033","kind":"road","class":"residential","name":""},"geometry":{"type":"LineString","coordinates":[[82.2023238,26.7908514],[82.2023995,26.7911829]]}},{"type":"Feature","properties":{"id":"way/957766034","kind":"road","class":"residential","name":""},"geometry":{"type":"LineString","coordinates":[[82.2031122,26.7912691],[82.2033028,26.7913104],[82.2033923,26.7913052],[82.2036396,26.7912395]]}},{"type":"Feature","properties":{"id":"way/957772541","kind":"road","class":"service","name":""},"geometry":{"type":"LineString","coordinates":[[82.2017781,26.7880325],[82.2020697,26.7880903],[82.2026399,26.7882986],[82.2028083,26.7883564],[82.2029962,26.7883882],[82.203499,26.7883979]]}},{"type":"Feature","properties":{"id":"way/957787286","kind":"road","class":"track","name":"","surface":"unpaved"},"geometry":{"type":"LineString","coordinates":[[82.2115051,26.7888846],[82.2117313,26.7889154],[82.2125262,26.7889972],[82.2131042,26.7890267],[82.2132186,26.7890241],[82.2133119,26.7890079],[82.21336,26.788973],[82.2133962,26.7889139],[82.2134323,26.7887768]]}},{"type":"Feature","properties":{"id":"way/957797548","kind":"road","class":"residential","name":""},"geometry":{"type":"LineString","coordinates":[[82.2033489,26.8026471],[82.2039086,26.8026435],[82.2039644,26.8026443],[82.2039947,26.8026569],[82.2040133,26.8026934],[82.2040263,26.8027666],[82.2040778,26.8029508],[82.2041521,26.8033782],[82.2042189,26.8036881],[82.2043121,26.8041612],[82.204355,26.8044186],[82.2043328,26.8046166],[82.2043226,26.8048545],[82.2043371,26.8051336],[82.2043673,26.8052161],[82.2044852,26.8056752],[82.2045397,26.8060183]]}},{"type":"Feature","properties":{"id":"way/957797549","kind":"road","class":"primary","name":""},"geometry":{"type":"LineString","coordinates":[[82.2171246,26.7967666],[82.2165098,26.7964377],[82.2164271,26.7964059],[82.216071,26.7963034],[82.2157386,26.7962609],[82.215432,26.7962254],[82.2149649,26.7961025],[82.2148853,26.7960843],[82.2148553,26.7960775],[82.2146096,26.7960704],[82.2141124,26.7960561],[82.2132196,26.7960258],[82.2129554,26.7959563]]}},{"type":"Feature","properties":{"id":"way/957815709","kind":"road","class":"residential","name":""},"geometry":{"type":"LineString","coordinates":[[82.2036267,26.8014281],[82.2034644,26.8008825]]}},{"type":"Feature","properties":{"id":"way/960015384","kind":"road","class":"trunk","name":"","oneway":"yes"},"geometry":{"type":"LineString","coordinates":[[82.2114642,26.8064354],[82.2113444,26.8065115],[82.2095135,26.8077281],[82.2093952,26.8078075]]}},{"type":"Feature","properties":{"id":"way/960015386","kind":"road","class":"trunk","name":"","oneway":"yes"},"geometry":{"type":"LineString","coordinates":[[82.2159291,26.8035141],[82.2168946,26.8029418],[82.218,26.8022189]]}},{"type":"Feature","properties":{"id":"way/1017332220","kind":"road","class":"primary","name":"","oneway":"yes"},"geometry":{"type":"LineString","coordinates":[[82.2084331,26.8059981],[82.2083334,26.8058069],[82.20815,26.8054515],[82.2080951,26.8053452],[82.2078697,26.8049175],[82.2076983,26.8045921],[82.2072513,26.8037905],[82.2067167,26.8028845],[82.2062363,26.8020121],[82.2059146,26.8011841],[82.2054928,26.8005171],[82.2048532,26.7996206],[82.2044398,26.7989856],[82.2044117,26.7989424]]}},{"type":"Feature","properties":{"id":"way/1017332224","kind":"road","class":"primary","name":"","oneway":"yes"},"geometry":{"type":"LineString","coordinates":[[82.2028921,26.7957886],[82.2025229,26.7947416],[82.2023764,26.7945549],[82.2022096,26.7943874],[82.2014452,26.7935858],[82.2005346,26.7927916],[82.1998337,26.7921568],[82.1989377,26.7915354],[82.198091,26.7911174],[82.1972167,26.790747],[82.1962741,26.7903275],[82.1956034,26.790103],[82.1951921,26.7898758],[82.194812,26.7896297],[82.1942439,26.7891561],[82.1937935,26.7888001],[82.192817,26.7880492],[82.1924905,26.7877958]]}},{"type":"Feature","properties":{"id":"way/1017332579","kind":"road","class":"primary","name":"","oneway":"yes","bridge":"yes"},"geometry":{"type":"LineString","coordinates":[[82.1919887,26.7871862],[82.1917544,26.7862849],[82.1914239,26.7850192],[82.1910864,26.7839471],[82.1909496,26.7834311],[82.1906573,26.7820969],[82.1906669,26.782]]}},{"type":"Feature","properties":{"id":"way/1017338457","kind":"road","class":"tertiary","name":""},"geometry":{"type":"LineString","coordinates":[[82.1959611,26.8045485],[82.195981,26.8046023],[82.1959901,26.8046908],[82.1959919,26.8047684],[82.1959591,26.8050252],[82.1959551,26.8051213],[82.1959628,26.8051963],[82.1960167,26.8052761],[82.1960611,26.8053527],[82.1961841,26.8056674],[82.1962097,26.8057255],[82.1962402,26.805751],[82.1962843,26.8057678],[82.1963642,26.8057579],[82.1964846,26.8057282],[82.1966748,26.8056676],[82.1974504,26.8054111],[82.197569,26.8053659],[82.1978315,26.8052829],[82.1979895,26.8052283],[82.1981568,26.8051683],[82.198316,26.8050556],[82.1984752,26.8048968]]}},{"type":"Feature","properties":{"id":"way/1017338458","kind":"road","class":"primary","name":""},"geometry":{"type":"LineString","coordinates":[[82.1978555,26.8044323],[82.1982925,26.8047598],[82.1984752,26.8048968]]}},{"type":"Feature","properties":{"id":"way/1017338459","kind":"road","class":"tertiary","name":""},"geometry":{"type":"LineString","coordinates":[[82.1985073,26.8048661],[82.1988277,26.8045598]]}},{"type":"Feature","properties":{"id":"way/1017338460","kind":"road","class":"primary","name":""},"geometry":{"type":"LineString","coordinates":[[82.1984752,26.8048968],[82.1985073,26.8048661]]}},{"type":"Feature","properties":{"id":"way/1017338461","kind":"road","class":"primary","name":""},"geometry":{"type":"LineString","coordinates":[[82.1994752,26.8057699],[82.1996847,26.8056122]]}},{"type":"Feature","properties":{"id":"way/1017338462","kind":"road","class":"primary","name":""},"geometry":{"type":"LineString","coordinates":[[82.1966475,26.8011243],[82.196768,26.8016446],[82.1967787,26.8016909],[82.1968357,26.8019372],[82.196889,26.8021674],[82.1968915,26.8021782],[82.1969805,26.8024018],[82.1972847,26.8027262],[82.1979113,26.8034655],[82.1980092,26.803581],[82.1981888,26.8037958],[82.1988277,26.8045598],[82.1989237,26.8046622],[82.1995851,26.8054621],[82.1996847,26.8056122]]}},{"type":"Feature","properties":{"id":"way/1017338463","kind":"road","class":"tertiary","name":""},"geometry":{"type":"LineString","coordinates":[[82.2099546,26.7996258],[82.209998,26.7996194],[82.2100181,26.7996131],[82.2100288,26.7995999],[82.2099789,26.7990912],[82.2099245,26.7989371],[82.2095427,26.7965719],[82.2094787,26.7962542],[82.2093085,26.7954236],[82.2092758,26.795288],[82.2092445,26.7952415]]}},{"type":"Feature","properties":{"id":"way/1017338464","kind":"road","class":"residential","name":""},"geometry":{"type":"LineString","coordinates":[[82.2044398,26.7989856],[82.2046991,26.7989031],[82.2048452,26.7988684],[82.2049825,26.798846],[82.2052266,26.7988928],[82.2054662,26.7989548],[82.2056459,26.799053],[82.2056889,26.7990985],[82.2057587,26.7991921],[82.2057961,26.799266],[82.2057799,26.7997959]]}},{"type":"Feature","properties":{"id":"way/1017338468","kind":"road","class":"tertiary","name":""},"geometry":{"type":"LineString","coordinates":[[82.2068183,26.8112412],[82.2073995,26.8111158],[82.2077322,26.8110058],[82.2082948,26.8108069],[82.2083376,26.8107886],[82.2085129,26.8107137],[82.2087327,26.8106198],[82.2088639,26.8105639]]}},{"type":"Feature","properties":{"id":"way/1023358726","kind":"road","class":"trunk","name":""},"geometry":{"type":"LineString","coordinates":[[82.2091306,26.8080247],[82.2090969,26.8080586],[82.2090748,26.808131],[82.2088913,26.8082424],[82.2088332,26.8082411],[82.2087907,26.8082395],[82.2087479,26.808259],[82.2086777,26.8083091]]}},{"type":"Feature","properties":{"id":"way/1023358728","kind":"road","class":"trunk","name":"","oneway":"yes"},"geometry":{"type":"LineString","coordinates":[[82.2093952,26.8078075],[82.2092981,26.8078675],[82.209246,26.8079055],[82.2091306,26.8080247]]}},{"type":"Feature","properties":{"id":"way/1023358729","kind":"road","class":"trunk","name":"","oneway":"yes"},"geometry":{"type":"LineString","coordinates":[[82.2091306,26.8080247],[82.2093131,26.807978],[82.2093751,26.8079368],[82.2094917,26.8078578]]}},{"type":"Feature","properties":{"id":"way/1023358731","kind":"road","class":"primary","name":"","oneway":"yes"},"geometry":{"type":"LineString","coordinates":[[82.2089932,26.8072944],[82.2089938,26.8072701],[82.2090149,26.8072195],[82.208981,26.8070396],[82.2088679,26.8068216],[82.2087758,26.8066445]]}},{"type":"Feature","properties":{"id":"way/1023358732","kind":"road","class":"primary","name":"","oneway":"yes"},"geometry":{"type":"LineString","coordinates":[[82.2087758,26.8066445],[82.2087604,26.8066148],[82.2087278,26.8065521]]}},{"type":"Feature","properties":{"id":"way/1023358738","kind":"road","class":"trunk","name":"","oneway":"yes"},"geometry":{"type":"LineString","coordinates":[[82.2094917,26.8078578],[82.2095862,26.8077997],[82.2099262,26.8075873],[82.2112486,26.8066872],[82.2123322,26.8059786],[82.2134802,26.8052053],[82.2142304,26.8046709]]}},{"type":"Feature","properties":{"id":"way/1023358740","kind":"road","class":"trunk","name":"","oneway":"yes"},"geometry":{"type":"LineString","coordinates":[[82.2142304,26.8046709],[82.2143212,26.804598],[82.2145668,26.8044245]]}},{"type":"Feature","properties":{"id":"way/1023358741","kind":"road","class":"trunk","name":"","oneway":"yes"},"geometry":{"type":"LineString","coordinates":[[82.2145443,26.8043618],[82.2143391,26.8045182],[82.2141961,26.8046406],[82.2139323,26.8048215],[82.2135374,26.8050755],[82.2129757,26.8054359],[82.2124184,26.805819],[82.2116487,26.8063113]]}},{"type":"Feature","properties":{"id":"way/1023358742","kind":"road","class":"trunk","name":"","oneway":"yes"},"geometry":{"type":"LineString","coordinates":[[82.2145668,26.8044245],[82.2146535,26.8043586],[82.2150722,26.8040687],[82.2155029,26.8037934],[82.215786,26.8036072],[82.2159291,26.8035141]]}},{"type":"Feature","properties":{"id":"way/1023358743","kind":"road","class":"trunk","name":"","oneway":"yes"},"geometry":{"type":"LineString","coordinates":[[82.2147473,26.8042197],[82.2146654,26.8042709],[82.2145443,26.8043618]]}},{"type":"Feature","properties":{"id":"way/1023358747","kind":"road","class":"primary","name":""},"geometry":{"type":"LineString","coordinates":[[82.2145443,26.8043618],[82.2145668,26.8044245]]}},{"type":"Feature","properties":{"id":"way/1023604175","kind":"road","class":"primary","name":"","oneway":"yes"},"geometry":{"type":"LineString","coordinates":[[82.2087278,26.8065521],[82.2085805,26.8062751],[82.2084331,26.8059981]]}},{"type":"Feature","properties":{"id":"way/1023604176","kind":"road","class":"primary","name":"Chowk Ayodhya Road","oneway":"yes","display_name":"Ram Path (Chowk Ayodhya Road)"},"geometry":{"type":"LineString","coordinates":[[82.2083757,26.8060073],[82.2086834,26.806654],[82.2089457,26.8070824],[82.2089633,26.8071661],[82.2089721,26.8072288],[82.2089938,26.8072701]]}},{"type":"Feature","properties":{"id":"way/1023604178","kind":"road","class":"primary","name":""},"geometry":{"type":"LineString","coordinates":[[82.2085857,26.8057077],[82.2085284,26.805743],[82.2084203,26.8057847],[82.2083334,26.8058069],[82.2082938,26.8058216]]}},{"type":"Feature","properties":{"id":"way/1023604179","kind":"road","class":"primary","name":"Chowk Ayodhya Road","oneway":"yes","display_name":"Ram Path (Chowk Ayodhya Road)"},"geometry":{"type":"LineString","coordinates":[[82.2043663,26.7989575],[82.2045642,26.799266],[82.2047652,26.799604],[82.2056759,26.800905],[82.2058452,26.8012002],[82.2059125,26.8013583],[82.2062016,26.8020731],[82.2076225,26.8046553],[82.2077871,26.8049471],[82.2080911,26.8054735],[82.2082938,26.8058216],[82.2083757,26.8060073]]}},{"type":"Feature","properties":{"id":"way/1023604182","kind":"road","class":"tertiary","name":""},"geometry":{"type":"LineString","coordinates":[[82.2044072,26.798803],[82.2044125,26.7988497],[82.2044207,26.7989038],[82.2044117,26.7989424],[82.2043663,26.7989575]]}},{"type":"Feature","properties":{"id":"way/1023608079","kind":"road","class":"unclassified","name":"","access":"no","oneway":"no"},"geometry":{"type":"LineString","coordinates":[[82.1983468,26.7912864],[82.1981843,26.7914123],[82.1978124,26.791699],[82.1974337,26.791991]]}},{"type":"Feature","properties":{"id":"way/1023608084","kind":"road","class":"primary","name":"","oneway":"yes"},"geometry":{"type":"LineString","coordinates":[[82.1919502,26.7871889],[82.1919662,26.7872424],[82.1919772,26.7872794],[82.1919907,26.7874374],[82.1919898,26.7874679],[82.1919873,26.7875552],[82.1920054,26.7876074]]}},{"type":"Feature","properties":{"id":"way/1023608085","kind":"road","class":"primary","name":"","oneway":"yes"},"geometry":{"type":"LineString","coordinates":[[82.1920054,26.7876074],[82.1920259,26.7875815],[82.1920359,26.787498],[82.1920363,26.787472],[82.1920217,26.7873168],[82.1920063,26.7872399],[82.1919887,26.7871862]]}},{"type":"Feature","properties":{"id":"way/1023608087","kind":"road","class":"primary","name":"","oneway":"yes"},"geometry":{"type":"LineString","coordinates":[[82.1924905,26.7877958],[82.1920359,26.787498],[82.1920033,26.7874767],[82.1919898,26.7874679],[82.1918256,26.7873603],[82.1915951,26.7872093]]}},{"type":"Feature","properties":{"id":"way/1023608088","kind":"road","class":"tertiary","name":""},"geometry":{"type":"LineString","coordinates":[[82.192002,26.7879259],[82.1920054,26.7876074]]}},{"type":"Feature","properties":{"id":"way/1024620132","kind":"road","class":"track","name":""},"geometry":{"type":"LineString","coordinates":[[82.1853157,26.7877857],[82.1847305,26.7886693]]}},{"type":"Feature","properties":{"id":"way/1024620133","kind":"road","class":"track","name":""},"geometry":{"type":"LineString","coordinates":[[82.189217,26.7922359],[82.1891468,26.7922625],[82.1888705,26.7922714],[82.1887173,26.7921882],[82.1885375,26.7920812],[82.188381,26.7920752],[82.1874753,26.7926519],[82.1867061,26.793062],[82.1861807,26.7933269],[82.1860437,26.7933686],[82.1859854,26.7934024],[82.1856444,26.7937432],[82.1854287,26.7939514],[82.1852829,26.7940789],[82.1853354,26.7941934],[82.185761,26.7945524],[82.1860583,26.7949817],[82.1859358,26.795065],[82.1855244,26.7952454],[82.1850678,26.7956575],[82.1843778,26.7959987],[82.184,26.7960967]]}},{"type":"Feature","properties":{"id":"way/1024620134","kind":"road","class":"track","name":""},"geometry":{"type":"LineString","coordinates":[[82.1897649,26.7919899],[82.189613,26.7920544],[82.1894881,26.7921323]]}},{"type":"Feature","properties":{"id":"way/1024620135","kind":"road","class":"track","name":"","bridge":"yes"},"geometry":{"type":"LineString","coordinates":[[82.1894881,26.7921323],[82.189217,26.7922359]]}},{"type":"Feature","properties":{"id":"way/1024620136","kind":"road","class":"track","name":""},"geometry":{"type":"LineString","coordinates":[[82.184,26.7977411],[82.1844225,26.7978463],[82.185182,26.7982361],[82.1854202,26.7982672],[82.1857677,26.7984887],[82.1862541,26.798759],[82.1866611,26.7986881],[82.1870582,26.7985729],[82.187366,26.7987457],[82.1877482,26.7988564],[82.1881751,26.7989495],[82.1887161,26.7988609],[82.1889742,26.79879],[82.1892969,26.7988786],[82.1895897,26.7989052],[82.1899968,26.7988077]]}},{"type":"Feature","properties":{"id":"way/1024620137","kind":"road","class":"track","name":""},"geometry":{"type":"LineString","coordinates":[[82.1877529,26.8022664],[82.1877905,26.8022067],[82.1879463,26.8021332],[82.1879343,26.8018804],[82.1877667,26.8008246],[82.18779,26.800456],[82.1883028,26.7999953],[82.1885858,26.7997695],[82.1892251,26.7995614],[82.1895281,26.7994158],[82.1897479,26.7992553],[82.1899177,26.7990324],[82.1899968,26.7988077],[82.1901208,26.7984142],[82.1901874,26.7980962],[82.190264,26.7979921],[82.1903611,26.7979676]]}},{"type":"Feature","properties":{"id":"way/1024620138","kind":"road","class":"track","name":""},"geometry":{"type":"LineString","coordinates":[[82.1907155,26.7979716],[82.1907868,26.7979743],[82.191223,26.7979892],[82.1916758,26.7979594],[82.191943,26.7979353]]}},{"type":"Feature","properties":{"id":"way/1024620139","kind":"road","class":"track","name":"","bridge":"yes"},"geometry":{"type":"LineString","coordinates":[[82.1903611,26.7979676],[82.1907155,26.7979716]]}},{"type":"Feature","properties":{"id":"way/1234354758","kind":"road","class":"service","name":""},"geometry":{"type":"LineString","coordinates":[[82.2006791,26.7887738],[82.2012353,26.7889962],[82.2022042,26.7893837],[82.202399,26.7894616]]}},{"type":"Feature","properties":{"id":"way/1241253882","kind":"road","class":"residential","name":""},"geometry":{"type":"LineString","coordinates":[[82.2011315,26.7944696],[82.2006855,26.7940138],[82.2004167,26.7937399]]}},{"type":"Feature","properties":{"id":"way/1241253883","kind":"road","class":"service","name":"Sri Ram Janmabhoomi Path","oneway":"yes"},"geometry":{"type":"LineString","coordinates":[[82.2008153,26.7931367],[82.2007727,26.7931648],[82.2006281,26.7932658],[82.2004257,26.7934589],[82.2002737,26.7936745],[82.2000096,26.7938667],[82.199747,26.7939632],[82.1995632,26.7940087],[82.1984001,26.7943198],[82.1977939,26.7944852],[82.1974434,26.7946207]]}},{"type":"Feature","properties":{"id":"way/1241253884","kind":"road","class":"service","name":"Sri Ram Janmabhoomi Path","oneway":"yes"},"geometry":{"type":"LineString","coordinates":[[82.197527,26.7947099],[82.1978109,26.7946118],[82.1993483,26.7941642],[82.1994952,26.7941325],[82.199748,26.7940721],[82.199889,26.7940385],[82.2000824,26.7939562],[82.2003948,26.7937689],[82.2004167,26.7937399],[82.2005502,26.7935635],[82.2007058,26.7933985],[82.2008834,26.7932636],[82.2009209,26.7932348]]}},{"type":"Feature","properties":{"id":"way/1241253885","kind":"road","class":"residential","name":""},"geometry":{"type":"LineString","coordinates":[[82.197527,26.7947099],[82.1976791,26.7950908],[82.1978139,26.7953108],[82.1980008,26.795626]]}},{"type":"Feature","properties":{"id":"way/1241253886","kind":"road","class":"residential","name":"","access":"no","oneway":"no"},"geometry":{"type":"LineString","coordinates":[[82.1980008,26.795626],[82.1983982,26.7958877],[82.1985289,26.7959511],[82.1989917,26.7961754],[82.1997305,26.7961261],[82.2000891,26.7963786]]}},{"type":"Feature","properties":{"id":"way/1289675797","kind":"road","class":"residential","name":""},"geometry":{"type":"LineString","coordinates":[[82.1918987,26.7907491],[82.1918871,26.7906294],[82.1918307,26.7903606],[82.1918137,26.7903209],[82.1917553,26.7903135],[82.1917046,26.7903082],[82.1916633,26.7902885],[82.1916546,26.7902053],[82.1915884,26.7898359],[82.1916246,26.789814],[82.1917022,26.7897362],[82.1917263,26.7895791],[82.191691,26.7894073]]}},{"type":"Feature","properties":{"id":"way/1289787883","kind":"road","class":"tertiary","name":"","oneway":"yes"},"geometry":{"type":"LineString","coordinates":[[82.1905419,26.782],[82.1905339,26.7821704],[82.1906385,26.7826876],[82.1907929,26.7834398],[82.190916,26.783925],[82.1909453,26.7840214],[82.1912138,26.7848019],[82.1912353,26.7848617],[82.1912916,26.7850557],[82.1913761,26.7853298],[82.1914202,26.7854307],[82.191688,26.7863447],[82.1918859,26.7871261],[82.1919226,26.787208],[82.1919662,26.7872424]]}},{"type":"Feature","properties":{"id":"way/1289787884","kind":"road","class":"tertiary","name":"","oneway":"yes"},"geometry":{"type":"LineString","coordinates":[[82.1920063,26.7872399],[82.1920296,26.7871754],[82.1918704,26.7865482],[82.1918153,26.7863487],[82.1916766,26.7858539],[82.1915627,26.7854117],[82.1915369,26.7853118],[82.1914358,26.7849194],[82.1912093,26.7841467],[82.191139,26.7839464],[82.1909943,26.7834153],[82.1907722,26.7824599],[82.1907048,26.7821403],[82.190705,26.7820296],[82.1907089,26.782]]}},{"type":"Feature","properties":{"id":"way/1289787885","kind":"road","class":"tertiary","name":""},"geometry":{"type":"LineString","coordinates":[[82.1920063,26.7872399],[82.1919662,26.7872424]]}},{"type":"Feature","properties":{"id":"way/1289787886","kind":"road","class":"primary_link","name":"","oneway":"yes"},"geometry":{"type":"LineString","coordinates":[[82.1919662,26.7872424],[82.1919321,26.7872817],[82.1919002,26.7873171],[82.1918594,26.7873428],[82.1918256,26.7873603]]}},{"type":"Feature","properties":{"id":"way/1290012162","kind":"road","class":"unclassified","name":""},"geometry":{"type":"LineString","coordinates":[[82.2157727,26.8064317],[82.2159552,26.8057702],[82.2163203,26.8047105],[82.2165612,26.8039654],[82.2168212,26.8031976],[82.2168862,26.8030646],[82.2169473,26.8029908],[82.2172632,26.8027819],[82.2178258,26.8024095],[82.218,26.8022901]]}},{"type":"Feature","properties":{"id":"way/1290012166","kind":"road","class":"primary","name":"Chowk Ayodhya Road","display_name":"Ram Path (Chowk Ayodhya Road)"},"geometry":{"type":"LineString","coordinates":[[82.2089932,26.8072944],[82.2089781,26.8074224],[82.2089602,26.8078298],[82.2089706,26.8079468],[82.20886,26.8080617],[82.2088051,26.8081455],[82.2087907,26.8082395]]}},{"type":"Feature","properties":{"id":"way/1290012167","kind":"road","class":"primary","name":""},"geometry":{"type":"LineString","coordinates":[[82.2090969,26.8080586],[82.2090803,26.8080253],[82.2090457,26.8079831],[82.2090141,26.8079601],[82.2089706,26.8079468]]}},{"type":"Feature","properties":{"id":"way/1290012168","kind":"road","class":"residential","name":""},"geometry":{"type":"LineString","coordinates":[[82.2095862,26.8077997],[82.2095135,26.8077281],[82.2092997,26.8075464],[82.2091422,26.8074127],[82.2089932,26.8072944]]}},{"type":"Feature","properties":{"id":"way/1290015903","kind":"road","class":"footway","name":""},"geometry":{"type":"LineString","coordinates":[[82.2081423,26.8105134],[82.2082948,26.8108069]]}},{"type":"Feature","properties":{"id":"way/1290015904","kind":"road","class":"tertiary","name":"","oneway":"yes"},"geometry":{"type":"LineString","coordinates":[[82.2087479,26.808259],[82.2087817,26.808528],[82.2087814,26.8091174],[82.2088217,26.8097111],[82.2088565,26.8099993],[82.2088783,26.8102775],[82.2088476,26.8103852]]}},{"type":"Feature","properties":{"id":"way/1290015905","kind":"road","class":"tertiary","name":"","oneway":"yes"},"geometry":{"type":"LineString","coordinates":[[82.2088476,26.8103852],[82.2088042,26.8102769],[82.2087763,26.8100183],[82.2087679,26.8098665],[82.2087498,26.8096095],[82.2087213,26.8091949],[82.2087168,26.8085712],[82.20869,26.8083914],[82.2086777,26.8083091]]}},{"type":"Feature","properties":{"id":"way/1290015906","kind":"road","class":"tertiary","name":""},"geometry":{"type":"LineString","coordinates":[[82.2088639,26.8105639],[82.2088476,26.8103852]]}},{"type":"Feature","properties":{"id":"way/1290015907","kind":"road","class":"residential","name":"","oneway":"yes"},"geometry":{"type":"LineString","coordinates":[[82.2061119,26.8106288],[82.206133,26.811202]]}},{"type":"Feature","properties":{"id":"way/1290015908","kind":"road","class":"residential","name":"","oneway":"yes"},"geometry":{"type":"LineString","coordinates":[[82.2061119,26.8106288],[82.2061023,26.8105882],[82.2060773,26.8105575]]}},{"type":"Feature","properties":{"id":"way/1290015909","kind":"road","class":"residential","name":""},"geometry":{"type":"LineString","coordinates":[[82.2072373,26.8108034],[82.2073995,26.8111158]]}},{"type":"Feature","properties":{"id":"way/1290023474","kind":"road","class":"footway","name":""},"geometry":{"type":"LineString","coordinates":[[82.2040479,26.8101496],[82.2041225,26.8102893],[82.2041549,26.8103247]]}},{"type":"Feature","properties":{"id":"way/1290023475","kind":"road","class":"residential","name":""},"geometry":{"type":"LineString","coordinates":[[82.2041549,26.8103247],[82.2040729,26.8105425]]}},{"type":"Feature","properties":{"id":"way/1290023476","kind":"road","class":"residential","name":""},"geometry":{"type":"LineString","coordinates":[[82.2050841,26.8105924],[82.2049999,26.8108368]]}},{"type":"Feature","properties":{"id":"way/1290029402","kind":"road","class":"residential","name":""},"geometry":{"type":"LineString","coordinates":[[82.197527,26.7947099],[82.1974434,26.7946207]]}},{"type":"Feature","properties":{"id":"way/1293056567","kind":"road","class":"primary_link","name":""},"geometry":{"type":"LineString","coordinates":[[82.1877165,26.7848234],[82.1877725,26.7847634]]}},{"type":"Feature","properties":{"id":"way/1359836571","kind":"road","class":"residential","name":""},"geometry":{"type":"LineString","coordinates":[[82.1920063,26.7872399],[82.192119,26.7871865],[82.1923777,26.7870981],[82.1927024,26.7870077]]}},{"type":"Feature","properties":{"id":"way/1362533640","kind":"road","class":"tertiary","name":"","oneway":"yes"},"geometry":{"type":"LineString","coordinates":[[82.1961045,26.7866014],[82.1961468,26.7866433],[82.1961955,26.7866598],[82.1963115,26.786703],[82.1964642,26.7867498],[82.1969018,26.7868815],[82.1973067,26.7870053],[82.1975009,26.7871031],[82.1977632,26.7872581],[82.1979919,26.7873493],[82.1982047,26.7874175],[82.198353,26.7874604],[82.1985034,26.7875046],[82.1986063,26.7875488],[82.1987054,26.7876039],[82.1987329,26.7876908],[82.1987896,26.7878278],[82.1988368,26.7879761],[82.1989027,26.7880519],[82.1989429,26.7880693]]}},{"type":"Feature","properties":{"id":"way/1362533641","kind":"road","class":"tertiary","name":"","oneway":"yes"},"geometry":{"type":"LineString","coordinates":[[82.1989429,26.7880693],[82.1989919,26.7879831],[82.1990238,26.7878752],[82.1990079,26.7877887],[82.1989509,26.7876668],[82.1988646,26.7875905],[82.1986958,26.7875157],[82.1984346,26.7874223],[82.1981839,26.7873304],[82.1979757,26.787254],[82.1978064,26.7871645],[82.1976802,26.7870885],[82.1975241,26.7870018],[82.1973866,26.7869371],[82.1971366,26.7868661],[82.1968317,26.7867804],[82.1964886,26.7866809],[82.1962815,26.7866218],[82.1962006,26.7865934],[82.1961499,26.7865837],[82.1961045,26.7866014]]}},{"type":"Feature","properties":{"id":"way/1362533642","kind":"road","class":"tertiary","name":""},"geometry":{"type":"LineString","coordinates":[[82.1961045,26.7866014],[82.1956039,26.7864569]]}},{"type":"Feature","properties":{"id":"way/1362533643","kind":"road","class":"tertiary","name":""},"geometry":{"type":"LineString","coordinates":[[82.2006791,26.7887738],[82.2002204,26.78859],[82.1995327,26.7883337],[82.1990569,26.7881185],[82.1989429,26.7880693]]}},{"type":"Feature","properties":{"id":"way/1362533644","kind":"road","class":"tertiary","name":"","oneway":"yes"},"geometry":{"type":"LineString","coordinates":[[82.1956039,26.7864569],[82.1955775,26.7864315],[82.195556,26.7864139],[82.1955073,26.7863893],[82.1953147,26.7863305],[82.1949397,26.7861948],[82.1945605,26.7860589],[82.194133,26.7859359],[82.1935385,26.7857732],[82.192961,26.785607],[82.1923956,26.7854442],[82.1918802,26.7853273],[82.1917755,26.7853121],[82.1916582,26.7853034],[82.1915369,26.7853118],[82.1913761,26.7853298]]}},{"type":"Feature","properties":{"id":"way/1362533645","kind":"rail","class":"rail","name":""},"geometry":{"type":"LineString","coordinates":[[82.1966033,26.7865935],[82.1975223,26.7868096]]}},{"type":"Feature","properties":{"id":"way/1362533646","kind":"road","class":"tertiary","name":"","oneway":"yes"},"geometry":{"type":"LineString","coordinates":[[82.1914202,26.7854307],[82.1915627,26.7854117],[82.1916879,26.7854186],[82.1917939,26.7854312],[82.1919417,26.7854661],[82.192301,26.7855728],[82.1927302,26.7856971],[82.1931992,26.7858316],[82.1936808,26.785972],[82.1939921,26.7860644],[82.194467,26.7862058],[82.1949012,26.7863229],[82.1952533,26.7864211],[82.1954325,26.7864596],[82.1955437,26.7864659],[82.1956039,26.7864569]]}},{"type":"Feature","properties":{"id":"way/1362533647","kind":"road","class":"residential","name":"","access":"private"},"geometry":{"type":"LineString","coordinates":[[82.202399,26.7894616],[82.2031268,26.7897553],[82.2032654,26.7894835]]}},{"type":"Feature","properties":{"id":"way/1362533648","kind":"road","class":"service","name":""},"geometry":{"type":"LineString","coordinates":[[82.2012353,26.7889962],[82.2012933,26.7889489],[82.20134,26.7889038],[82.2013668,26.7888622],[82.2013923,26.7888152]]}},{"type":"Feature","properties":{"id":"way/1363038429","kind":"road","class":"service","name":"","access":"private"},"geometry":{"type":"LineString","coordinates":[[82.2022042,26.7893837],[82.2021952,26.7894363],[82.202201,26.7895186],[82.202219,26.7895945],[82.2022535,26.7896464]]}},{"type":"Feature","properties":{"id":"way/1465115964","kind":"road","class":"tertiary","name":""},"geometry":{"type":"LineString","coordinates":[[82.20563,26.8110392],[82.2058263,26.8111101],[82.206133,26.811202],[82.2061759,26.8112148],[82.2063037,26.811253],[82.2064689,26.8112714],[82.206786,26.8112482],[82.2068183,26.8112412]]}},{"type":"Feature","properties":{"id":"way/1493547833","kind":"road","class":"secondary","name":"","bicycle":"no"},"geometry":{"type":"LineString","coordinates":[[82.2028921,26.7957886],[82.2028389,26.7958057]]}},{"type":"Feature","properties":{"id":"way/1493547834","kind":"road","class":"primary","name":"","oneway":"yes"},"geometry":{"type":"LineString","coordinates":[[82.2044117,26.7989424],[82.2039807,26.7981346],[82.2038981,26.7979835],[82.2038471,26.7978902],[82.2036465,26.7975231],[82.203597,26.7974111],[82.2031503,26.7963999],[82.2028921,26.7957886]]}},{"type":"Feature","properties":{"id":"way/1512947631","kind":"road","class":"residential","name":""},"geometry":{"type":"LineString","coordinates":[[82.1929104,26.7899149],[82.1930762,26.7899038],[82.1933333,26.7898755],[82.1934256,26.789868],[82.1935219,26.7898467],[82.1935592,26.7898027],[82.1935602,26.789715],[82.1935551,26.7895825]]}},{"type":"Feature","properties":{"id":"way/1536243533","kind":"road","class":"tertiary_link","name":""},"geometry":{"type":"LineString","coordinates":[[82.1909453,26.7840214],[82.191139,26.7839464]]}},{"type":"Feature","properties":{"id":"way/1548442664","kind":"road","class":"service","name":"Sri Ram Janmabhoomi Path","oneway":"yes"},"geometry":{"type":"LineString","coordinates":[[82.1974434,26.7946207],[82.1968544,26.7948171],[82.1963119,26.7950458],[82.1961922,26.7950984],[82.1956746,26.7953018]]}},{"type":"Feature","properties":{"id":"way/1548442665","kind":"road","class":"service","name":"Sri Ram Janmabhoomi Path","oneway":"yes"},"geometry":{"type":"LineString","coordinates":[[82.1957334,26.7954023],[82.1958052,26.7953667],[82.1962574,26.7951894],[82.1963771,26.7951298],[82.1969095,26.7949012],[82.197527,26.7947099]]}},{"type":"Feature","properties":{"id":"way/1548442666","kind":"road","class":"unclassified","name":"Temple path","oneway":"no"},"geometry":{"type":"LineString","coordinates":[[82.1956746,26.7953018],[82.1956242,26.7943016]]}},{"type":"Feature","properties":{"id":"way/1548442667","kind":"road","class":"unclassified","name":"Temple path"},"geometry":{"type":"LineString","coordinates":[[82.1965099,26.7926995],[82.1955956,26.7927267],[82.1955954,26.79279],[82.1956032,26.7931046],[82.1956031,26.7932094]]}},{"type":"Feature","properties":{"id":"way/1548442668","kind":"road","class":"unclassified","name":"Temple path","access":"no","oneway":"no"},"geometry":{"type":"LineString","coordinates":[[82.1974337,26.791991],[82.1971644,26.7921975],[82.1970419,26.7922865],[82.1965099,26.7926995]]}},{"type":"Feature","properties":{"id":"way/1548442669","kind":"road","class":"unclassified","name":""},"geometry":{"type":"LineString","coordinates":[[82.196009,26.7920141],[82.1959759,26.7910495],[82.1963038,26.7906066],[82.1964225,26.7904677]]}},{"type":"Feature","properties":{"id":"way/1548447643","kind":"road","class":"pedestrian","name":""},"geometry":{"type":"LineString","coordinates":[[82.1942907,26.7963506],[82.1944086,26.7963441],[82.1944068,26.796314],[82.1943976,26.7961581],[82.1947939,26.7961556],[82.1947967,26.7960326],[82.1950534,26.7960231],[82.1950698,26.7963136],[82.1951681,26.7963135],[82.195169,26.7963309],[82.1952154,26.7963279],[82.1952132,26.7961845],[82.1953352,26.7961837],[82.1953403,26.7963276],[82.1954407,26.7963262],[82.1954322,26.7961542],[82.1954087,26.7957214],[82.1954617,26.7957186],[82.1954605,26.7956383],[82.1954598,26.7955926],[82.1954586,26.7955035],[82.1954871,26.7955035],[82.1954861,26.7954747],[82.1954089,26.7954757],[82.1953898,26.795041],[82.1954359,26.7950383],[82.1954314,26.794979],[82.1954297,26.7949506],[82.195397,26.7949516],[82.195395,26.7949102],[82.1950573,26.7949212],[82.1950631,26.7951017],[82.1947852,26.795112],[82.194789,26.7952458],[82.1949897,26.7952376],[82.1950016,26.7954691],[82.1950873,26.7954681],[82.1950883,26.7955455],[82.1951692,26.7955447],[82.1951698,26.7955988],[82.1951704,26.7956393],[82.195171,26.7956877],[82.1950938,26.7956885],[82.1950951,26.7957888],[82.194999,26.7957898],[82.1949543,26.7957902],[82.1949547,26.7958254],[82.194785,26.7958271],[82.1947858,26.7958941],[82.1946759,26.7958952],[82.1946768,26.7959675],[82.1945403,26.7959688],[82.1945409,26.7960176],[82.1942766,26.7960201],[82.1941864,26.796021],[82.1941855,26.7959452],[82.1941315,26.7959457],[82.1941302,26.7958331],[82.1940912,26.7958191],[82.1940365,26.7957852],[82.1939936,26.795739],[82.1939744,26.7956788],[82.1938793,26.7956789],[82.1938826,26.795736],[82.1939173,26.7958039],[82.1939769,26.7958667],[82.194037,26.795911],[82.1940725,26.7959628],[82.1940783,26.7961655],[82.1942823,26.7961654],[82.1942909,26.7963174],[82.1942907,26.7963506]]}},{"type":"Feature","properties":{"id":"way/1548447644","kind":"road","class":"pedestrian","name":""},"geometry":{"type":"LineString","coordinates":[[82.1942774,26.7949407],[82.1943732,26.7949378],[82.1943831,26.7951201],[82.1947852,26.795112],[82.194789,26.7952458],[82.1949897,26.7952376],[82.1950016,26.7954691],[82.1949354,26.7954696],[82.1949351,26.7954437],[82.1947779,26.7954453],[82.1947771,26.7953912],[82.1946476,26.7953927],[82.1946467,26.7953242],[82.1945097,26.7953257],[82.1945092,26.7952872],[82.1942734,26.7952898],[82.1942053,26.7952906],[82.1942064,26.7953665],[82.1941639,26.795367],[82.1941653,26.7954639],[82.1940736,26.7954918],[82.194017,26.7955414],[82.1939839,26.7956015],[82.1938847,26.7956025],[82.1938907,26.7955463],[82.1939223,26.7954773],[82.1939789,26.7954124],[82.194037,26.7953658],[82.1940701,26.7953128],[82.1940644,26.7951316],[82.1942824,26.7951243],[82.1942774,26.7949407]]}},{"type":"Feature","properties":{"id":"way/1548629391","kind":"road","class":"footway","name":"Temple path","foot":"yes","surface":"paved","bicycle":"no"},"geometry":{"type":"LineString","coordinates":[[82.1956421,26.7956352],[82.1954605,26.7956383],[82.1951704,26.7956393],[82.1951099,26.7956396]]}},{"type":"Feature","properties":{"id":"way/1548629392","kind":"road","class":"footway","name":"Temple path","access":"yes","foot":"yes","surface":"paved","bicycle":"no"},"geometry":{"type":"LineString","coordinates":[[82.1956383,26.7955882],[82.1954598,26.7955926],[82.1951698,26.7955988],[82.1951106,26.7956013]]}},{"type":"Feature","properties":{"id":"way/1548629407","kind":"road","class":"unclassified","name":"Temple path"},"geometry":{"type":"LineString","coordinates":[[82.1938522,26.7943561],[82.1938518,26.7943415],[82.193837,26.7938233],[82.1941789,26.7938145],[82.1949429,26.7938048],[82.1955682,26.7937789],[82.1956148,26.7937777]]}},{"type":"Feature","properties":{"id":"way/1548629408","kind":"road","class":"unclassified","name":""},"geometry":{"type":"LineString","coordinates":[[82.1941937,26.7943431],[82.1941933,26.7943272],[82.1941876,26.7941266],[82.1941853,26.7940432],[82.1941789,26.7938145]]}},{"type":"Feature","properties":{"id":"way/1548629409","kind":"road","class":"unclassified","name":""},"geometry":{"type":"LineString","coordinates":[[82.1949481,26.7943212],[82.1949446,26.7940968],[82.1949443,26.7940227],[82.194945,26.7939623],[82.1949429,26.7938048]]}},{"type":"Feature","properties":{"id":"way/1548629410","kind":"road","class":"pedestrian","name":""},"geometry":{"type":"LineString","coordinates":[[82.1944038,26.7942384],[82.1945424,26.794235],[82.1945452,26.7943163],[82.1945457,26.7943321],[82.1946238,26.7943284],[82.1946221,26.7943106],[82.1946211,26.794228],[82.1947449,26.7942257],[82.1947447,26.7941665],[82.1947446,26.7941079],[82.1949203,26.7940978],[82.1949446,26.7940968],[82.1949443,26.7940227],[82.1949018,26.794021],[82.1947371,26.7940244],[82.1947359,26.7939724],[82.1947354,26.7939489],[82.1946481,26.7939518],[82.1946404,26.7938148],[82.1945894,26.7938157],[82.1945952,26.7939547],[82.1945413,26.7939547],[82.1945377,26.7938166],[82.1944844,26.7938178],[82.1944868,26.7939439],[82.194397,26.7939442],[82.1943966,26.7939714],[82.1943956,26.794038],[82.1941932,26.7940429],[82.1941853,26.7940432],[82.1941876,26.7941266],[82.1942005,26.7941265],[82.1942242,26.7941264],[82.1943963,26.7941254],[82.1944038,26.7942384]]}},{"type":"Feature","properties":{"id":"way/1548629425","kind":"road","class":"footway","name":""},"geometry":{"type":"LineString","coordinates":[[82.1928585,26.7932136],[82.1929256,26.7932442],[82.1930183,26.7932657],[82.1930939,26.7932687],[82.1931591,26.7932381],[82.1932381,26.7931952],[82.1933411,26.7932136],[82.1935814,26.7932473],[82.1936205,26.7932473],[82.1937291,26.7932473],[82.1944158,26.7932197],[82.1947729,26.7931707],[82.1948115,26.7932002],[82.1948552,26.7932415],[82.1949098,26.7932559],[82.1949572,26.7932286],[82.1949918,26.7931866],[82.1950727,26.7931187],[82.1953171,26.7931143],[82.1954362,26.793108],[82.1956032,26.7931046]]}},{"type":"Feature","properties":{"id":"way/1548629427","kind":"road","class":"pedestrian","name":"","surface":"paved"},"geometry":{"type":"LineString","coordinates":[[82.1956261,26.7933734],[82.1956076,26.7933743],[82.1955588,26.7933766],[82.1955569,26.7933032],[82.19544,26.7933039],[82.1954354,26.7931355],[82.1954362,26.793108],[82.1954372,26.7930714],[82.1954687,26.7930708],[82.1954662,26.7929897],[82.1954917,26.7929843],[82.195488,26.7927919],[82.1955832,26.7927902],[82.1955954,26.79279],[82.1956115,26.7927897],[82.1956218,26.7931764],[82.1956224,26.7931975],[82.1956261,26.7933734]]}},{"type":"Feature","properties":{"id":"way/1548629432","kind":"road","class":"footway","name":""},"geometry":{"type":"LineString","coordinates":[[82.1947729,26.7931707],[82.1948262,26.7931406],[82.1948963,26.7930875],[82.1949536,26.7930098],[82.1949472,26.7928545],[82.1949284,26.7923183],[82.1949194,26.7920605]]}},{"type":"Feature","properties":{"id":"way/1548629433","kind":"road","class":"footway","name":""},"geometry":{"type":"LineString","coordinates":[[82.1936205,26.7932473],[82.1936069,26.792595],[82.1936027,26.7923599],[82.1935969,26.792095]]}},{"type":"Feature","properties":{"id":"way/1548629434","kind":"road","class":"footway","name":""},"geometry":{"type":"LineString","coordinates":[[82.1928468,26.7925967],[82.1936069,26.792595]]}},{"type":"Feature","properties":{"id":"way/1548629435","kind":"road","class":"footway","name":""},"geometry":{"type":"LineString","coordinates":[[82.1936027,26.7923599],[82.1943031,26.7923379],[82.1949284,26.7923183]]}},{"type":"Feature","properties":{"id":"way/1548629436","kind":"water","class":"pond","name":""},"geometry":{"type":"Polygon","coordinates":[[[82.1940918,26.7929208],[82.194442,26.7929018],[82.1944717,26.7928753],[82.1944653,26.7927313],[82.1944377,26.7927086],[82.1940705,26.7927256],[82.1940408,26.7927503],[82.1940535,26.7928924],[82.1940918,26.7929208]]]}},{"type":"Feature","properties":{"id":"way/1548665449","kind":"road","class":"unclassified","name":"Temple path","access":"no"},"geometry":{"type":"LineString","coordinates":[[82.1974337,26.791991],[82.196009,26.7920141],[82.1955711,26.7920377]]}},{"type":"Feature","properties":{"id":"way/1548665450","kind":"road","class":"unclassified","name":"Temple path"},"geometry":{"type":"LineString","coordinates":[[82.1955956,26.7927267],[82.1955711,26.7920377]]}},{"type":"Feature","properties":{"id":"way/1548665451","kind":"road","class":"pedestrian","name":""},"geometry":{"type":"LineString","coordinates":[[82.1955679,26.7938012],[82.1955682,26.7937789],[82.1955686,26.7937525],[82.1951353,26.7937646],[82.1951275,26.79369],[82.1946034,26.7937059],[82.194603,26.7936676],[82.1946352,26.7936372],[82.1946302,26.7936023],[82.1945981,26.7935741],[82.1945744,26.7935749],[82.194557,26.7935755],[82.1945186,26.7936062],[82.1945149,26.7936408],[82.1945353,26.7936709],[82.1945353,26.7937089],[82.1942997,26.7937091],[82.1942997,26.7937819],[82.1938073,26.7937965],[82.1938262,26.7943428],[82.1938518,26.7943415],[82.1938719,26.7943404],[82.1938578,26.79383],[82.1941624,26.7938238],[82.1941652,26.7940462],[82.1941425,26.7940462],[82.194144,26.7941276],[82.1941711,26.7941269],[82.1941755,26.7943277],[82.1941933,26.7943272],[82.1942061,26.7943269],[82.1942005,26.7941265],[82.1941876,26.7941266],[82.1941853,26.7940432],[82.1941932,26.7940429],[82.1941901,26.7938989],[82.1941887,26.7938227],[82.1944844,26.7938178],[82.1945377,26.7938166],[82.1945894,26.7938157],[82.1946186,26.7938152],[82.1946404,26.7938148],[82.1948353,26.7938113],[82.1948375,26.7939672],[82.1949019,26.7939649],[82.194945,26.7939623],[82.1949429,26.7938048],[82.1955679,26.7938012]]}},{"type":"Feature","properties":{"id":"way/1548665452","kind":"road","class":"footway","name":"","surface":"paved"},"geometry":{"type":"LineString","coordinates":[[82.1945744,26.7935749],[82.194564,26.7935215],[82.1945406,26.7934901],[82.1944952,26.7934613],[82.1944615,26.7934483],[82.1944278,26.7934483],[82.1944,26.793464],[82.1943736,26.7934901],[82.1943458,26.7935306],[82.1943077,26.7935555],[82.1942623,26.7935803],[82.1942081,26.7935777],[82.194151,26.7935594],[82.194088,26.7935424],[82.1939884,26.7935332],[82.1938903,26.7935411],[82.1938068,26.7935555],[82.1937351,26.7935712],[82.1936735,26.7935855],[82.1936194,26.7935725],[82.1935535,26.7935672],[82.1934861,26.7935659],[82.1934202,26.7935816],[82.1933997,26.7936248],[82.1933704,26.7936679],[82.1933235,26.7937097],[82.1932649,26.7937176],[82.1932166,26.7937058],[82.1931741,26.7936797],[82.1931566,26.7936378],[82.1931492,26.7935751],[82.1931727,26.7935359],[82.1932137,26.7935058],[82.1932605,26.7934927],[82.1933103,26.7935006],[82.1933601,26.7935228],[82.1933953,26.7935463],[82.1934202,26.7935816]]}},{"type":"Feature","properties":{"id":"way/1548665453","kind":"road","class":"footway","name":"","surface":"paved"},"geometry":{"type":"LineString","coordinates":[[82.1936735,26.7935855],[82.1937351,26.7936078],[82.19382,26.79363],[82.1938815,26.7936287],[82.1939445,26.7936182],[82.1940031,26.7936065],[82.1940558,26.7935934],[82.1941041,26.7935764],[82.194151,26.7935594]]}},{"type":"Feature","properties":{"id":"way/1548665460","kind":"road","class":"steps","name":""},"geometry":{"type":"LineString","coordinates":[[82.1951099,26.7956396],[82.1950134,26.795642]]}},{"type":"Feature","properties":{"id":"way/1548665461","kind":"road","class":"steps","name":""},"geometry":{"type":"LineString","coordinates":[[82.1951106,26.7956013],[82.1950122,26.7956021]]}},{"type":"Feature","properties":{"id":"way/1548665462","kind":"road","class":"footway","name":""},"geometry":{"type":"LineString","coordinates":[[82.1950134,26.795642],[82.1948597,26.7956452]]}},{"type":"Feature","properties":{"id":"way/1548665463","kind":"road","class":"footway","name":""},"geometry":{"type":"LineString","coordinates":[[82.1950122,26.7956021],[82.1948597,26.7956071]]}},{"type":"Feature","properties":{"id":"way/1548673560","kind":"road","class":"service","name":"","access":"no","oneway":"no"},"geometry":{"type":"LineString","coordinates":[[82.1959826,26.7960426],[82.1965777,26.7959665],[82.1973472,26.7957677],[82.1977649,26.7956598],[82.1978491,26.7956381],[82.1980008,26.795626]]}},{"type":"Feature","properties":{"id":"way/1548673561","kind":"road","class":"unclassified","name":"Temple path","access":"no"},"geometry":{"type":"LineString","coordinates":[[82.1934315,26.794369],[82.1935073,26.7965433],[82.1935743,26.796605],[82.1944435,26.7965699],[82.1955939,26.7965235],[82.1956762,26.7964554],[82.1956551,26.7960549]]}},{"type":"Feature","properties":{"id":"way/1548673562","kind":"road","class":"unclassified","name":"Temple path","access":"no","oneway":"no"},"geometry":{"type":"LineString","coordinates":[[82.1956242,26.7943016],[82.1949481,26.7943212],[82.1946238,26.7943284],[82.1945457,26.7943321],[82.1941937,26.7943431],[82.1938522,26.7943561],[82.1934315,26.794369]]}},{"type":"Feature","properties":{"id":"way/1548861215","kind":"road","class":"unclassified","name":""},"geometry":{"type":"LineString","coordinates":[[82.1970419,26.7922865],[82.1970387,26.7923713],[82.1970646,26.7924284],[82.1971148,26.7924882],[82.1971757,26.7925018],[82.1972336,26.792495],[82.1972732,26.792461],[82.1972915,26.7924148],[82.197296,26.7923414],[82.1972869,26.7923129],[82.1972808,26.7922938],[82.1972564,26.7922463],[82.1972108,26.7922204],[82.1971644,26.7921975]]}},{"type":"Feature","properties":{"id":"way/1548861216","kind":"road","class":"unclassified","name":"Temple Path"},"geometry":{"type":"LineString","coordinates":[[82.1972869,26.7923129],[82.1980071,26.7923061],[82.1980056,26.7923591],[82.1980013,26.792523],[82.1979998,26.792645],[82.1980189,26.7927355],[82.1980334,26.7927693],[82.1980571,26.7928248],[82.1981077,26.7929102],[82.1981672,26.7930362],[82.1982113,26.793258],[82.1982202,26.7934902],[82.1982202,26.7935417],[82.198217,26.7935721],[82.1982335,26.7936803],[82.1982776,26.7939165],[82.1984001,26.7943198]]}},{"type":"Feature","properties":{"id":"way/1548861217","kind":"road","class":"unclassified","name":"Temple path"},"geometry":{"type":"LineString","coordinates":[[82.198217,26.7935721],[82.1981948,26.7935726],[82.1975113,26.7935873],[82.1974757,26.793588],[82.1971119,26.7935929]]}},{"type":"Feature","properties":{"id":"way/1548861218","kind":"road","class":"unclassified","name":"","oneway":"yes"},"geometry":{"type":"LineString","coordinates":[[82.1974757,26.793588],[82.197491,26.794542],[82.1974733,26.7945761],[82.1974434,26.7946207]]}},{"type":"Feature","properties":{"id":"way/1548861219","kind":"road","class":"pedestrian","name":""},"geometry":{"type":"LineString","coordinates":[[82.1977285,26.793547],[82.1982202,26.7935417],[82.1982202,26.7934902],[82.1982113,26.793258],[82.1981672,26.7930362],[82.1981077,26.7929102],[82.1980334,26.7927693],[82.1980189,26.7927355],[82.1979998,26.792645],[82.1980056,26.7923591],[82.197995,26.7923596],[82.1977289,26.7923634],[82.1977285,26.793547]]}},{"type":"Feature","properties":{"id":"way/1548861222","kind":"road","class":"service","name":""},"geometry":{"type":"LineString","coordinates":[[82.1975279,26.7939968],[82.1982077,26.7939821]]}},{"type":"Feature","properties":{"id":"way/1548861223","kind":"road","class":"service","name":""},"geometry":{"type":"LineString","coordinates":[[82.1975279,26.7939415],[82.1982087,26.7939301]]}},{"type":"Feature","properties":{"id":"way/1548861224","kind":"road","class":"service","name":""},"geometry":{"type":"LineString","coordinates":[[82.1975227,26.7938816],[82.1982062,26.7938645]]}},{"type":"Feature","properties":{"id":"way/1548861225","kind":"road","class":"service","name":""},"geometry":{"type":"LineString","coordinates":[[82.1975207,26.7938281],[82.1982041,26.7938114]]}},{"type":"Feature","properties":{"id":"way/1548861226","kind":"road","class":"service","name":""},"geometry":{"type":"LineString","coordinates":[[82.1975227,26.7937709],[82.1982022,26.7937618]]}},{"type":"Feature","properties":{"id":"way/1548861227","kind":"road","class":"service","name":""},"geometry":{"type":"LineString","coordinates":[[82.1975165,26.7937119],[82.1981997,26.7936981]]}},{"type":"Feature","properties":{"id":"way/1548861228","kind":"road","class":"service","name":""},"geometry":{"type":"LineString","coordinates":[[82.1975145,26.793651],[82.1981975,26.7936428]]}},{"type":"Feature","properties":{"id":"way/1548861229","kind":"road","class":"service","name":""},"geometry":{"type":"LineString","coordinates":[[82.1975279,26.7939968],[82.1975279,26.7939415],[82.1975227,26.7938816],[82.1975207,26.7938281],[82.1975227,26.7937709],[82.1975165,26.7937119],[82.1975145,26.793651],[82.1975113,26.7935873]]}},{"type":"Feature","properties":{"id":"way/1548861230","kind":"road","class":"service","name":""},"geometry":{"type":"LineString","coordinates":[[82.1982077,26.7939821],[82.1982087,26.7939301],[82.1982062,26.7938645],[82.1982041,26.7938114],[82.1982022,26.7937618],[82.1981997,26.7936981],[82.1981975,26.7936428],[82.1981948,26.7935726]]}},{"type":"Feature","properties":{"id":"way/1548861234","kind":"road","class":"unclassified","name":""},"geometry":{"type":"LineString","coordinates":[[82.1978124,26.791699],[82.1979267,26.7918125],[82.1979289,26.7922548]]}},{"type":"Feature","properties":{"id":"way/1549025840","kind":"road","class":"footway","name":""},"geometry":{"type":"LineString","coordinates":[[82.1943031,26.7923379],[82.1942896,26.7920782]]}},{"type":"Feature","properties":{"id":"way/1561372053","kind":"road","class":"unclassified","name":"Sri Ram Janmabhoomi Path","oneway":"yes"},"geometry":{"type":"LineString","coordinates":[[82.1956746,26.7953018],[82.1956217,26.7953583],[82.1956383,26.7955882],[82.1956421,26.7956352],[82.1956551,26.7960549]]}},{"type":"Feature","properties":{"id":"way/1561372054","kind":"road","class":"unclassified","name":"Sri Ram Janmabhoomi Path","oneway":"yes"},"geometry":{"type":"LineString","coordinates":[[82.1957582,26.7960504],[82.1957334,26.7954023]]}},{"type":"Feature","properties":{"id":"way/1561372055","kind":"road","class":"unclassified","name":"","access":"no","oneway":"no"},"geometry":{"type":"LineString","coordinates":[[82.1956551,26.7960549],[82.1957582,26.7960504],[82.1959826,26.7960426]]}},{"type":"Feature","properties":{"id":"way/1561372057","kind":"road","class":"unclassified","name":"Temple path"},"geometry":{"type":"LineString","coordinates":[[82.1944575,26.7973514],[82.1944435,26.7965699]]}},{"type":"Feature","properties":{"id":"way/1561372058","kind":"road","class":"service","name":""},"geometry":{"type":"LineString","coordinates":[[82.1944577,26.7973973],[82.1944575,26.7973514]]}},{"type":"Feature","properties":{"id":"relation/8921902","kind":"water","class":"river","name":"Sarayu (Ghaghara)"},"geometry":{"type":"Polygon","coordinates":[[[82.218,26.813],[82.218,26.8089789],[82.2174311,26.8092678],[82.2146887,26.8104613],[82.2145153,26.8105052],[82.2142193,26.8105251],[82.2127057,26.810608],[82.2116429,26.8106865],[82.2104285,26.810836],[82.2093415,26.8110345],[82.2075981,26.8113338],[82.206482,26.8112937],[82.2061574,26.8112488],[82.2051261,26.8109514],[82.2024174,26.8101038],[82.2020634,26.8099902],[82.2016907,26.8098959],[82.2012415,26.8097651],[82.201108,26.8097246],[82.2000503,26.8089997],[82.1993369,26.8084108],[82.1981835,26.8075107],[82.1970946,26.8067925],[82.1963167,26.8064047],[82.1955308,26.8061174],[82.1951553,26.8060001],[82.1948737,26.8059666],[82.194517,26.8059594],[82.1942782,26.8058589],[82.1940046,26.8056003],[82.1934736,26.8050497],[82.1926689,26.8043985],[82.1921003,26.8039101],[82.1919823,26.8037234],[82.1918938,26.8036205],[82.1918267,26.8034361],[82.1917275,26.803186],[82.1915652,26.8030615],[82.1913592,26.8029443],[82.1906841,26.8026269],[82.1902227,26.8024977],[82.1897185,26.8024354],[82.1892303,26.8023971],[82.1885759,26.8024354],[82.1879321,26.8024594],[82.1872723,26.8027323],[82.1866554,26.803235],[82.1857273,26.8038766],[82.1846867,26.804049],[82.184,26.804112],[82.184,26.813],[82.218,26.813]],[[82.184,26.8045394],[82.1851694,26.8044608],[82.1858078,26.8042597],[82.1864355,26.8039628],[82.187562,26.8030148],[82.1881843,26.8027467],[82.1888709,26.8027658],[82.1896648,26.802852],[82.1906304,26.8030244],[82.1913278,26.803551],[82.1918133,26.8043339],[82.1920493,26.8047289],[82.1924409,26.8051814],[82.1929076,26.8055548],[82.1929774,26.8056482],[82.192972,26.8057248],[82.192921,26.8057511],[82.1922183,26.8058014],[82.1912634,26.8057296],[82.1902335,26.8057535],[82.189858,26.805744],[82.1897399,26.8058301],[82.1897399,26.8059881],[82.1899223,26.8060695],[82.1904051,26.8060695],[82.1912098,26.8061461],[82.191714,26.8062228],[82.1923095,26.8063281],[82.1923953,26.8064334],[82.1923953,26.8065483],[82.1916389,26.807142],[82.1906733,26.8075921],[82.1901798,26.807774],[82.1892786,26.8078794],[82.1883988,26.8078123],[82.1873045,26.8079655],[82.1857166,26.8082432],[82.184,26.8089372],[82.184,26.8045394]]]}}]}